ISO-10303-21;
HEADER;
/* Generated by software containing ST-Developer
 * from STEP Tools, Inc. (www.steptools.com) 
 */

FILE_DESCRIPTION(
/* description */ (''),
/* implementation_level */ '2;1');

FILE_NAME(
/* name */ 'wolf bishop.stp',
/* time_stamp */ '2024-12-05T11:29:32-08:00',
/* author */ ('623269'),
/* organization */ (''),
/* preprocessor_version */ 'ST-DEVELOPER v19.2',
/* originating_system */ 'Autodesk Inventor 2024',
/* authorisation */ '');

FILE_SCHEMA (('AUTOMOTIVE_DESIGN { 1 0 10303 214 3 1 1 }'));
ENDSEC;

DATA;
#10=MECHANICAL_DESIGN_GEOMETRIC_PRESENTATION_REPRESENTATION('',(#13),#3760);
#11=SHAPE_REPRESENTATION_RELATIONSHIP('SRR','None',#3771,#12);
#12=ADVANCED_BREP_SHAPE_REPRESENTATION('',(#14),#3759);
#13=STYLED_ITEM('',(#3780),#14);
#14=MANIFOLD_SOLID_BREP('Solid1',#2291);
#15=FACE_BOUND('',#338,.T.);
#16=FACE_BOUND('',#355,.T.);
#17=FACE_BOUND('',#360,.T.);
#18=FACE_BOUND('',#362,.T.);
#19=CIRCLE('',#2321,0.3125);
#20=CIRCLE('',#2322,0.3125);
#21=CIRCLE('',#2327,0.502755173490256);
#22=CIRCLE('',#2328,0.502755173490256);
#23=CIRCLE('',#2331,0.125);
#24=CIRCLE('',#2345,0.125);
#25=PLANE('',#2315);
#26=PLANE('',#2316);
#27=PLANE('',#2326);
#28=PLANE('',#2340);
#29=PLANE('',#2341);
#30=PLANE('',#2352);
#31=PLANE('',#2353);
#32=PLANE('',#2354);
#33=PLANE('',#2355);
#34=PLANE('',#2356);
#35=PLANE('',#2357);
#36=PLANE('',#2358);
#37=PLANE('',#2359);
#38=PLANE('',#2360);
#39=PLANE('',#2361);
#40=PLANE('',#2362);
#41=PLANE('',#2363);
#42=PLANE('',#2364);
#43=PLANE('',#2365);
#44=PLANE('',#2366);
#45=PLANE('',#2367);
#46=PLANE('',#2368);
#47=PLANE('',#2371);
#48=PLANE('',#2372);
#49=PLANE('',#2373);
#50=PLANE('',#2374);
#51=PLANE('',#2375);
#52=PLANE('',#2376);
#53=PLANE('',#2377);
#54=PLANE('',#2378);
#55=PLANE('',#2379);
#56=PLANE('',#2380);
#57=PLANE('',#2381);
#58=PLANE('',#2382);
#59=PLANE('',#2383);
#60=PLANE('',#2384);
#61=PLANE('',#2385);
#62=PLANE('',#2386);
#63=PLANE('',#2387);
#64=PLANE('',#2388);
#65=PLANE('',#2389);
#66=PLANE('',#2390);
#67=PLANE('',#2391);
#68=PLANE('',#2392);
#69=PLANE('',#2393);
#70=PLANE('',#2394);
#71=PLANE('',#2395);
#72=PLANE('',#2396);
#73=PLANE('',#2397);
#74=PLANE('',#2398);
#75=PLANE('',#2399);
#76=PLANE('',#2400);
#77=PLANE('',#2401);
#78=PLANE('',#2402);
#79=PLANE('',#2403);
#80=PLANE('',#2404);
#81=PLANE('',#2405);
#82=PLANE('',#2406);
#83=PLANE('',#2407);
#84=PLANE('',#2408);
#85=PLANE('',#2409);
#86=PLANE('',#2410);
#87=PLANE('',#2411);
#88=PLANE('',#2412);
#89=PLANE('',#2413);
#90=PLANE('',#2414);
#91=PLANE('',#2415);
#92=PLANE('',#2416);
#93=PLANE('',#2417);
#94=PLANE('',#2418);
#95=PLANE('',#2419);
#96=PLANE('',#2420);
#97=PLANE('',#2421);
#98=PLANE('',#2422);
#99=PLANE('',#2423);
#100=PLANE('',#2424);
#101=PLANE('',#2425);
#102=PLANE('',#2426);
#103=PLANE('',#2427);
#104=PLANE('',#2428);
#105=PLANE('',#2429);
#106=PLANE('',#2430);
#107=PLANE('',#2431);
#108=PLANE('',#2432);
#109=PLANE('',#2433);
#110=PLANE('',#2434);
#111=PLANE('',#2435);
#112=PLANE('',#2436);
#113=PLANE('',#2437);
#114=PLANE('',#2438);
#115=PLANE('',#2439);
#116=PLANE('',#2440);
#117=PLANE('',#2441);
#118=PLANE('',#2442);
#119=PLANE('',#2443);
#120=PLANE('',#2444);
#121=PLANE('',#2445);
#122=PLANE('',#2446);
#123=PLANE('',#2447);
#124=PLANE('',#2448);
#125=PLANE('',#2449);
#126=PLANE('',#2450);
#127=PLANE('',#2451);
#128=PLANE('',#2452);
#129=FACE_OUTER_BOUND('',#246,.T.);
#130=FACE_OUTER_BOUND('',#247,.T.);
#131=FACE_OUTER_BOUND('',#248,.T.);
#132=FACE_OUTER_BOUND('',#249,.T.);
#133=FACE_OUTER_BOUND('',#250,.T.);
#134=FACE_OUTER_BOUND('',#251,.T.);
#135=FACE_OUTER_BOUND('',#252,.T.);
#136=FACE_OUTER_BOUND('',#253,.T.);
#137=FACE_OUTER_BOUND('',#254,.T.);
#138=FACE_OUTER_BOUND('',#255,.T.);
#139=FACE_OUTER_BOUND('',#256,.T.);
#140=FACE_OUTER_BOUND('',#257,.T.);
#141=FACE_OUTER_BOUND('',#258,.T.);
#142=FACE_OUTER_BOUND('',#259,.T.);
#143=FACE_OUTER_BOUND('',#260,.T.);
#144=FACE_OUTER_BOUND('',#261,.T.);
#145=FACE_OUTER_BOUND('',#262,.T.);
#146=FACE_OUTER_BOUND('',#263,.T.);
#147=FACE_OUTER_BOUND('',#264,.T.);
#148=FACE_OUTER_BOUND('',#265,.T.);
#149=FACE_OUTER_BOUND('',#266,.T.);
#150=FACE_OUTER_BOUND('',#267,.T.);
#151=FACE_OUTER_BOUND('',#268,.T.);
#152=FACE_OUTER_BOUND('',#269,.T.);
#153=FACE_OUTER_BOUND('',#270,.T.);
#154=FACE_OUTER_BOUND('',#271,.T.);
#155=FACE_OUTER_BOUND('',#272,.T.);
#156=FACE_OUTER_BOUND('',#273,.T.);
#157=FACE_OUTER_BOUND('',#274,.T.);
#158=FACE_OUTER_BOUND('',#275,.T.);
#159=FACE_OUTER_BOUND('',#276,.T.);
#160=FACE_OUTER_BOUND('',#277,.T.);
#161=FACE_OUTER_BOUND('',#278,.T.);
#162=FACE_OUTER_BOUND('',#279,.T.);
#163=FACE_OUTER_BOUND('',#280,.T.);
#164=FACE_OUTER_BOUND('',#281,.T.);
#165=FACE_OUTER_BOUND('',#282,.T.);
#166=FACE_OUTER_BOUND('',#283,.T.);
#167=FACE_OUTER_BOUND('',#284,.T.);
#168=FACE_OUTER_BOUND('',#285,.T.);
#169=FACE_OUTER_BOUND('',#286,.T.);
#170=FACE_OUTER_BOUND('',#287,.T.);
#171=FACE_OUTER_BOUND('',#288,.T.);
#172=FACE_OUTER_BOUND('',#289,.T.);
#173=FACE_OUTER_BOUND('',#290,.T.);
#174=FACE_OUTER_BOUND('',#291,.T.);
#175=FACE_OUTER_BOUND('',#292,.T.);
#176=FACE_OUTER_BOUND('',#293,.T.);
#177=FACE_OUTER_BOUND('',#294,.T.);
#178=FACE_OUTER_BOUND('',#295,.T.);
#179=FACE_OUTER_BOUND('',#296,.T.);
#180=FACE_OUTER_BOUND('',#297,.T.);
#181=FACE_OUTER_BOUND('',#298,.T.);
#182=FACE_OUTER_BOUND('',#299,.T.);
#183=FACE_OUTER_BOUND('',#300,.T.);
#184=FACE_OUTER_BOUND('',#301,.T.);
#185=FACE_OUTER_BOUND('',#302,.T.);
#186=FACE_OUTER_BOUND('',#303,.T.);
#187=FACE_OUTER_BOUND('',#304,.T.);
#188=FACE_OUTER_BOUND('',#305,.T.);
#189=FACE_OUTER_BOUND('',#306,.T.);
#190=FACE_OUTER_BOUND('',#307,.T.);
#191=FACE_OUTER_BOUND('',#308,.T.);
#192=FACE_OUTER_BOUND('',#309,.T.);
#193=FACE_OUTER_BOUND('',#310,.T.);
#194=FACE_OUTER_BOUND('',#311,.T.);
#195=FACE_OUTER_BOUND('',#312,.T.);
#196=FACE_OUTER_BOUND('',#313,.T.);
#197=FACE_OUTER_BOUND('',#314,.T.);
#198=FACE_OUTER_BOUND('',#315,.T.);
#199=FACE_OUTER_BOUND('',#316,.T.);
#200=FACE_OUTER_BOUND('',#317,.T.);
#201=FACE_OUTER_BOUND('',#318,.T.);
#202=FACE_OUTER_BOUND('',#319,.T.);
#203=FACE_OUTER_BOUND('',#320,.T.);
#204=FACE_OUTER_BOUND('',#321,.T.);
#205=FACE_OUTER_BOUND('',#322,.T.);
#206=FACE_OUTER_BOUND('',#323,.T.);
#207=FACE_OUTER_BOUND('',#324,.T.);
#208=FACE_OUTER_BOUND('',#325,.T.);
#209=FACE_OUTER_BOUND('',#326,.T.);
#210=FACE_OUTER_BOUND('',#327,.T.);
#211=FACE_OUTER_BOUND('',#328,.T.);
#212=FACE_OUTER_BOUND('',#329,.T.);
#213=FACE_OUTER_BOUND('',#330,.T.);
#214=FACE_OUTER_BOUND('',#331,.T.);
#215=FACE_OUTER_BOUND('',#332,.T.);
#216=FACE_OUTER_BOUND('',#333,.T.);
#217=FACE_OUTER_BOUND('',#334,.T.);
#218=FACE_OUTER_BOUND('',#335,.T.);
#219=FACE_OUTER_BOUND('',#336,.T.);
#220=FACE_OUTER_BOUND('',#337,.T.);
#221=FACE_OUTER_BOUND('',#339,.T.);
#222=FACE_OUTER_BOUND('',#340,.T.);
#223=FACE_OUTER_BOUND('',#341,.T.);
#224=FACE_OUTER_BOUND('',#342,.T.);
#225=FACE_OUTER_BOUND('',#343,.T.);
#226=FACE_OUTER_BOUND('',#344,.T.);
#227=FACE_OUTER_BOUND('',#345,.T.);
#228=FACE_OUTER_BOUND('',#346,.T.);
#229=FACE_OUTER_BOUND('',#347,.T.);
#230=FACE_OUTER_BOUND('',#348,.T.);
#231=FACE_OUTER_BOUND('',#349,.T.);
#232=FACE_OUTER_BOUND('',#350,.T.);
#233=FACE_OUTER_BOUND('',#351,.T.);
#234=FACE_OUTER_BOUND('',#352,.T.);
#235=FACE_OUTER_BOUND('',#353,.T.);
#236=FACE_OUTER_BOUND('',#354,.T.);
#237=FACE_OUTER_BOUND('',#356,.T.);
#238=FACE_OUTER_BOUND('',#357,.T.);
#239=FACE_OUTER_BOUND('',#358,.T.);
#240=FACE_OUTER_BOUND('',#359,.T.);
#241=FACE_OUTER_BOUND('',#361,.T.);
#242=FACE_OUTER_BOUND('',#363,.T.);
#243=FACE_OUTER_BOUND('',#364,.T.);
#244=FACE_OUTER_BOUND('',#365,.T.);
#245=FACE_OUTER_BOUND('',#366,.T.);
#246=EDGE_LOOP('',(#1513,#1514,#1515));
#247=EDGE_LOOP('',(#1516,#1517,#1518,#1519,#1520,#1521));
#248=EDGE_LOOP('',(#1522,#1523,#1524,#1525,#1526,#1527,#1528));
#249=EDGE_LOOP('',(#1529,#1530,#1531));
#250=EDGE_LOOP('',(#1532,#1533,#1534,#1535));
#251=EDGE_LOOP('',(#1536,#1537,#1538,#1539));
#252=EDGE_LOOP('',(#1540,#1541,#1542,#1543));
#253=EDGE_LOOP('',(#1544,#1545,#1546,#1547,#1548,#1549,#1550));
#254=EDGE_LOOP('',(#1551,#1552,#1553,#1554,#1555,#1556,#1557,#1558,#1559,
#1560));
#255=EDGE_LOOP('',(#1561,#1562,#1563,#1564));
#256=EDGE_LOOP('',(#1565,#1566,#1567,#1568));
#257=EDGE_LOOP('',(#1569,#1570,#1571,#1572,#1573));
#258=EDGE_LOOP('',(#1574,#1575,#1576,#1577,#1578,#1579,#1580,#1581,#1582,
#1583,#1584,#1585,#1586,#1587,#1588));
#259=EDGE_LOOP('',(#1589,#1590,#1591,#1592,#1593,#1594,#1595,#1596,#1597,
#1598));
#260=EDGE_LOOP('',(#1599,#1600,#1601,#1602));
#261=EDGE_LOOP('',(#1603,#1604,#1605,#1606));
#262=EDGE_LOOP('',(#1607,#1608,#1609));
#263=EDGE_LOOP('',(#1610,#1611,#1612,#1613,#1614,#1615,#1616));
#264=EDGE_LOOP('',(#1617,#1618,#1619,#1620));
#265=EDGE_LOOP('',(#1621,#1622,#1623,#1624));
#266=EDGE_LOOP('',(#1625,#1626,#1627,#1628));
#267=EDGE_LOOP('',(#1629,#1630,#1631,#1632));
#268=EDGE_LOOP('',(#1633,#1634,#1635,#1636));
#269=EDGE_LOOP('',(#1637,#1638,#1639,#1640));
#270=EDGE_LOOP('',(#1641,#1642,#1643,#1644));
#271=EDGE_LOOP('',(#1645,#1646,#1647,#1648));
#272=EDGE_LOOP('',(#1649,#1650,#1651,#1652,#1653));
#273=EDGE_LOOP('',(#1654,#1655,#1656,#1657,#1658,#1659));
#274=EDGE_LOOP('',(#1660,#1661,#1662,#1663,#1664));
#275=EDGE_LOOP('',(#1665,#1666,#1667,#1668));
#276=EDGE_LOOP('',(#1669,#1670,#1671,#1672,#1673,#1674,#1675,#1676,#1677,
#1678,#1679,#1680));
#277=EDGE_LOOP('',(#1681,#1682,#1683,#1684,#1685,#1686,#1687,#1688,#1689));
#278=EDGE_LOOP('',(#1690,#1691,#1692));
#279=EDGE_LOOP('',(#1693,#1694,#1695,#1696));
#280=EDGE_LOOP('',(#1697,#1698,#1699,#1700));
#281=EDGE_LOOP('',(#1701,#1702,#1703,#1704,#1705,#1706));
#282=EDGE_LOOP('',(#1707,#1708,#1709,#1710,#1711));
#283=EDGE_LOOP('',(#1712,#1713,#1714,#1715,#1716));
#284=EDGE_LOOP('',(#1717,#1718,#1719,#1720,#1721));
#285=EDGE_LOOP('',(#1722,#1723,#1724,#1725,#1726,#1727));
#286=EDGE_LOOP('',(#1728,#1729,#1730,#1731));
#287=EDGE_LOOP('',(#1732,#1733,#1734,#1735));
#288=EDGE_LOOP('',(#1736,#1737,#1738,#1739,#1740,#1741,#1742,#1743,#1744,
#1745,#1746));
#289=EDGE_LOOP('',(#1747,#1748,#1749,#1750));
#290=EDGE_LOOP('',(#1751,#1752,#1753,#1754));
#291=EDGE_LOOP('',(#1755,#1756,#1757,#1758));
#292=EDGE_LOOP('',(#1759,#1760,#1761,#1762));
#293=EDGE_LOOP('',(#1763,#1764,#1765,#1766));
#294=EDGE_LOOP('',(#1767,#1768,#1769,#1770));
#295=EDGE_LOOP('',(#1771,#1772,#1773,#1774));
#296=EDGE_LOOP('',(#1775,#1776,#1777,#1778,#1779));
#297=EDGE_LOOP('',(#1780,#1781,#1782,#1783,#1784,#1785));
#298=EDGE_LOOP('',(#1786,#1787,#1788,#1789,#1790,#1791,#1792,#1793));
#299=EDGE_LOOP('',(#1794,#1795,#1796,#1797));
#300=EDGE_LOOP('',(#1798,#1799,#1800,#1801));
#301=EDGE_LOOP('',(#1802,#1803,#1804,#1805,#1806,#1807));
#302=EDGE_LOOP('',(#1808,#1809,#1810,#1811,#1812,#1813));
#303=EDGE_LOOP('',(#1814,#1815,#1816,#1817));
#304=EDGE_LOOP('',(#1818,#1819,#1820,#1821));
#305=EDGE_LOOP('',(#1822,#1823,#1824,#1825));
#306=EDGE_LOOP('',(#1826,#1827,#1828,#1829));
#307=EDGE_LOOP('',(#1830,#1831,#1832,#1833));
#308=EDGE_LOOP('',(#1834,#1835,#1836,#1837));
#309=EDGE_LOOP('',(#1838,#1839,#1840,#1841));
#310=EDGE_LOOP('',(#1842,#1843,#1844,#1845));
#311=EDGE_LOOP('',(#1846,#1847,#1848,#1849));
#312=EDGE_LOOP('',(#1850,#1851,#1852,#1853));
#313=EDGE_LOOP('',(#1854,#1855,#1856,#1857));
#314=EDGE_LOOP('',(#1858,#1859,#1860,#1861));
#315=EDGE_LOOP('',(#1862,#1863,#1864,#1865,#1866,#1867,#1868,#1869,#1870,
#1871,#1872,#1873));
#316=EDGE_LOOP('',(#1874,#1875,#1876,#1877,#1878));
#317=EDGE_LOOP('',(#1879,#1880,#1881,#1882,#1883));
#318=EDGE_LOOP('',(#1884,#1885,#1886,#1887,#1888));
#319=EDGE_LOOP('',(#1889,#1890,#1891,#1892,#1893));
#320=EDGE_LOOP('',(#1894,#1895,#1896,#1897,#1898));
#321=EDGE_LOOP('',(#1899,#1900,#1901,#1902,#1903));
#322=EDGE_LOOP('',(#1904,#1905,#1906,#1907,#1908,#1909,#1910,#1911,#1912,
#1913,#1914,#1915));
#323=EDGE_LOOP('',(#1916,#1917,#1918,#1919,#1920,#1921));
#324=EDGE_LOOP('',(#1922,#1923,#1924,#1925,#1926));
#325=EDGE_LOOP('',(#1927,#1928,#1929,#1930,#1931,#1932));
#326=EDGE_LOOP('',(#1933,#1934,#1935,#1936,#1937,#1938));
#327=EDGE_LOOP('',(#1939,#1940,#1941,#1942));
#328=EDGE_LOOP('',(#1943,#1944,#1945,#1946));
#329=EDGE_LOOP('',(#1947,#1948,#1949,#1950));
#330=EDGE_LOOP('',(#1951,#1952,#1953,#1954));
#331=EDGE_LOOP('',(#1955,#1956,#1957,#1958));
#332=EDGE_LOOP('',(#1959,#1960,#1961,#1962,#1963,#1964));
#333=EDGE_LOOP('',(#1965,#1966,#1967,#1968));
#334=EDGE_LOOP('',(#1969,#1970,#1971,#1972,#1973,#1974,#1975,#1976));
#335=EDGE_LOOP('',(#1977,#1978,#1979,#1980));
#336=EDGE_LOOP('',(#1981,#1982,#1983,#1984,#1985,#1986,#1987,#1988));
#337=EDGE_LOOP('',(#1989,#1990,#1991,#1992));
#338=EDGE_LOOP('',(#1993,#1994,#1995,#1996));
#339=EDGE_LOOP('',(#1997,#1998,#1999,#2000,#2001,#2002,#2003,#2004));
#340=EDGE_LOOP('',(#2005,#2006,#2007,#2008));
#341=EDGE_LOOP('',(#2009,#2010,#2011,#2012));
#342=EDGE_LOOP('',(#2013,#2014,#2015,#2016));
#343=EDGE_LOOP('',(#2017,#2018,#2019,#2020,#2021,#2022,#2023,#2024,#2025));
#344=EDGE_LOOP('',(#2026,#2027,#2028,#2029,#2030,#2031,#2032,#2033,#2034));
#345=EDGE_LOOP('',(#2035,#2036,#2037,#2038));
#346=EDGE_LOOP('',(#2039,#2040,#2041,#2042));
#347=EDGE_LOOP('',(#2043,#2044,#2045,#2046));
#348=EDGE_LOOP('',(#2047,#2048,#2049,#2050));
#349=EDGE_LOOP('',(#2051,#2052,#2053,#2054));
#350=EDGE_LOOP('',(#2055,#2056,#2057,#2058));
#351=EDGE_LOOP('',(#2059,#2060,#2061,#2062));
#352=EDGE_LOOP('',(#2063,#2064,#2065,#2066));
#353=EDGE_LOOP('',(#2067,#2068,#2069,#2070,#2071,#2072,#2073,#2074));
#354=EDGE_LOOP('',(#2075,#2076,#2077,#2078,#2079,#2080,#2081,#2082,#2083));
#355=EDGE_LOOP('',(#2084,#2085,#2086));
#356=EDGE_LOOP('',(#2087,#2088,#2089,#2090,#2091,#2092,#2093,#2094,#2095,
#2096));
#357=EDGE_LOOP('',(#2097,#2098,#2099,#2100));
#358=EDGE_LOOP('',(#2101,#2102,#2103,#2104));
#359=EDGE_LOOP('',(#2105,#2106,#2107,#2108));
#360=EDGE_LOOP('',(#2109,#2110,#2111,#2112));
#361=EDGE_LOOP('',(#2113,#2114,#2115,#2116,#2117,#2118,#2119,#2120,#2121));
#362=EDGE_LOOP('',(#2122,#2123,#2124));
#363=EDGE_LOOP('',(#2125,#2126,#2127,#2128,#2129,#2130,#2131,#2132,#2133,
#2134,#2135));
#364=EDGE_LOOP('',(#2136,#2137,#2138,#2139,#2140,#2141,#2142));
#365=EDGE_LOOP('',(#2143,#2144,#2145,#2146,#2147,#2148,#2149,#2150,#2151,
#2152));
#366=EDGE_LOOP('',(#2153,#2154,#2155,#2156,#2157,#2158,#2159,#2160));
#367=B_SPLINE_CURVE_WITH_KNOTS('',3,(#3037,#3038,#3039,#3040,#3041,#3042,
#3043,#3044,#3045,#3046,#3047,#3048),.UNSPECIFIED.,.F.,.F.,(4,2,2,2,2,4),
(0.623855905380256,0.633642332992347,0.779880968592914,0.905742602529816,
0.968673419498268,1.03160423646672),.UNSPECIFIED.);
#368=B_SPLINE_CURVE_WITH_KNOTS('',3,(#3079,#3080,#3081,#3082,#3083,#3084,
#3085,#3086,#3087,#3088,#3089,#3090),.UNSPECIFIED.,.F.,.F.,(4,2,2,2,2,4),
(1.03160423646672,1.09453505343517,1.15746587040362,1.28332750434052,1.42956613994109,
1.43935256755318),.UNSPECIFIED.);
#369=B_SPLINE_CURVE_WITH_KNOTS('',3,(#3102,#3103,#3104,#3105,#3106,#3107,
#3108,#3109,#3110,#3111),.UNSPECIFIED.,.F.,.F.,(4,2,2,2,4),(0.603753294442999,
0.604534755098512,0.726903635047645,0.848268217170288,0.969632799292932),
 .UNSPECIFIED.);
#370=B_SPLINE_CURVE_WITH_KNOTS('',3,(#3117,#3118,#3119,#3120,#3121,#3122,
#3123,#3124,#3125,#3126),.UNSPECIFIED.,.F.,.F.,(4,2,2,2,4),(0.969632799292933,
1.09099738141558,1.21236196353822,1.33473084348735,1.33551230414287),
 .UNSPECIFIED.);
#371=B_SPLINE_CURVE_WITH_KNOTS('',3,(#3149,#3150,#3151,#3152,#3153,#3154,
#3155,#3156,#3157,#3158,#3159,#3160,#3161,#3162,#3163,#3164,#3165,#3166,
#3167,#3168),.UNSPECIFIED.,.F.,.F.,(4,2,2,2,2,2,2,2,2,4),(0.540474803963362,
0.617141016373957,0.773368511331692,0.968645263089833,1.16392201484797,
1.22915626858663,1.29439052232529,1.32367777147352,1.33832139604763,1.35296502062174),
 .UNSPECIFIED.);
#372=B_SPLINE_CURVE_WITH_KNOTS('',3,(#3223,#3224,#3225,#3226,#3227,#3228,
#3229,#3230,#3231,#3232,#3233,#3234,#3235,#3236,#3237,#3238,#3239,#3240),
 .UNSPECIFIED.,.F.,.F.,(4,2,2,2,2,2,2,2,4),(1.45991946700653,1.47540246572564,
1.49088546444475,1.53639429136059,1.63278086431789,1.72916743727519,1.97086494610376,
2.21256245493232,2.27684491058836),.UNSPECIFIED.);
#373=LINE('',#3036,#668);
#374=LINE('',#3052,#669);
#375=LINE('',#3054,#670);
#376=LINE('',#3056,#671);
#377=LINE('',#3058,#672);
#378=LINE('',#3060,#673);
#379=LINE('',#3061,#674);
#380=LINE('',#3064,#675);
#381=LINE('',#3066,#676);
#382=LINE('',#3068,#677);
#383=LINE('',#3070,#678);
#384=LINE('',#3072,#679);
#385=LINE('',#3074,#680);
#386=LINE('',#3092,#681);
#387=LINE('',#3099,#682);
#388=LINE('',#3113,#683);
#389=LINE('',#3116,#684);
#390=LINE('',#3132,#685);
#391=LINE('',#3138,#686);
#392=LINE('',#3142,#687);
#393=LINE('',#3148,#688);
#394=LINE('',#3174,#689);
#395=LINE('',#3180,#690);
#396=LINE('',#3182,#691);
#397=LINE('',#3183,#692);
#398=LINE('',#3186,#693);
#399=LINE('',#3188,#694);
#400=LINE('',#3190,#695);
#401=LINE('',#3192,#696);
#402=LINE('',#3194,#697);
#403=LINE('',#3196,#698);
#404=LINE('',#3198,#699);
#405=LINE('',#3200,#700);
#406=LINE('',#3202,#701);
#407=LINE('',#3204,#702);
#408=LINE('',#3206,#703);
#409=LINE('',#3208,#704);
#410=LINE('',#3216,#705);
#411=LINE('',#3222,#706);
#412=LINE('',#3245,#707);
#413=LINE('',#3248,#708);
#414=LINE('',#3249,#709);
#415=LINE('',#3251,#710);
#416=LINE('',#3253,#711);
#417=LINE('',#3254,#712);
#418=LINE('',#3257,#713);
#419=LINE('',#3259,#714);
#420=LINE('',#3260,#715);
#421=LINE('',#3263,#716);
#422=LINE('',#3264,#717);
#423=LINE('',#3267,#718);
#424=LINE('',#3268,#719);
#425=LINE('',#3271,#720);
#426=LINE('',#3272,#721);
#427=LINE('',#3275,#722);
#428=LINE('',#3276,#723);
#429=LINE('',#3279,#724);
#430=LINE('',#3280,#725);
#431=LINE('',#3283,#726);
#432=LINE('',#3284,#727);
#433=LINE('',#3287,#728);
#434=LINE('',#3288,#729);
#435=LINE('',#3291,#730);
#436=LINE('',#3292,#731);
#437=LINE('',#3295,#732);
#438=LINE('',#3296,#733);
#439=LINE('',#3299,#734);
#440=LINE('',#3300,#735);
#441=LINE('',#3302,#736);
#442=LINE('',#3306,#737);
#443=LINE('',#3308,#738);
#444=LINE('',#3310,#739);
#445=LINE('',#3312,#740);
#446=LINE('',#3314,#741);
#447=LINE('',#3315,#742);
#448=LINE('',#3317,#743);
#449=LINE('',#3319,#744);
#450=LINE('',#3321,#745);
#451=LINE('',#3324,#746);
#452=LINE('',#3326,#747);
#453=LINE('',#3328,#748);
#454=LINE('',#3329,#749);
#455=LINE('',#3332,#750);
#456=LINE('',#3334,#751);
#457=LINE('',#3335,#752);
#458=LINE('',#3338,#753);
#459=LINE('',#3339,#754);
#460=LINE('',#3341,#755);
#461=LINE('',#3344,#756);
#462=LINE('',#3345,#757);
#463=LINE('',#3347,#758);
#464=LINE('',#3349,#759);
#465=LINE('',#3350,#760);
#466=LINE('',#3353,#761);
#467=LINE('',#3354,#762);
#468=LINE('',#3357,#763);
#469=LINE('',#3359,#764);
#470=LINE('',#3361,#765);
#471=LINE('',#3363,#766);
#472=LINE('',#3365,#767);
#473=LINE('',#3367,#768);
#474=LINE('',#3368,#769);
#475=LINE('',#3370,#770);
#476=LINE('',#3372,#771);
#477=LINE('',#3373,#772);
#478=LINE('',#3375,#773);
#479=LINE('',#3379,#774);
#480=LINE('',#3381,#775);
#481=LINE('',#3383,#776);
#482=LINE('',#3384,#777);
#483=LINE('',#3387,#778);
#484=LINE('',#3389,#779);
#485=LINE('',#3390,#780);
#486=LINE('',#3394,#781);
#487=LINE('',#3396,#782);
#488=LINE('',#3398,#783);
#489=LINE('',#3399,#784);
#490=LINE('',#3403,#785);
#491=LINE('',#3404,#786);
#492=LINE('',#3405,#787);
#493=LINE('',#3409,#788);
#494=LINE('',#3411,#789);
#495=LINE('',#3413,#790);
#496=LINE('',#3414,#791);
#497=LINE('',#3418,#792);
#498=LINE('',#3420,#793);
#499=LINE('',#3422,#794);
#500=LINE('',#3424,#795);
#501=LINE('',#3425,#796);
#502=LINE('',#3427,#797);
#503=LINE('',#3429,#798);
#504=LINE('',#3431,#799);
#505=LINE('',#3432,#800);
#506=LINE('',#3435,#801);
#507=LINE('',#3436,#802);
#508=LINE('',#3437,#803);
#509=LINE('',#3439,#804);
#510=LINE('',#3443,#805);
#511=LINE('',#3445,#806);
#512=LINE('',#3447,#807);
#513=LINE('',#3448,#808);
#514=LINE('',#3451,#809);
#515=LINE('',#3452,#810);
#516=LINE('',#3453,#811);
#517=LINE('',#3456,#812);
#518=LINE('',#3457,#813);
#519=LINE('',#3458,#814);
#520=LINE('',#3463,#815);
#521=LINE('',#3465,#816);
#522=LINE('',#3467,#817);
#523=LINE('',#3468,#818);
#524=LINE('',#3471,#819);
#525=LINE('',#3473,#820);
#526=LINE('',#3474,#821);
#527=LINE('',#3477,#822);
#528=LINE('',#3478,#823);
#529=LINE('',#3481,#824);
#530=LINE('',#3483,#825);
#531=LINE('',#3484,#826);
#532=LINE('',#3487,#827);
#533=LINE('',#3489,#828);
#534=LINE('',#3490,#829);
#535=LINE('',#3494,#830);
#536=LINE('',#3496,#831);
#537=LINE('',#3498,#832);
#538=LINE('',#3499,#833);
#539=LINE('',#3502,#834);
#540=LINE('',#3504,#835);
#541=LINE('',#3505,#836);
#542=LINE('',#3508,#837);
#543=LINE('',#3509,#838);
#544=LINE('',#3511,#839);
#545=LINE('',#3512,#840);
#546=LINE('',#3515,#841);
#547=LINE('',#3516,#842);
#548=LINE('',#3519,#843);
#549=LINE('',#3521,#844);
#550=LINE('',#3522,#845);
#551=LINE('',#3525,#846);
#552=LINE('',#3526,#847);
#553=LINE('',#3528,#848);
#554=LINE('',#3529,#849);
#555=LINE('',#3531,#850);
#556=LINE('',#3532,#851);
#557=LINE('',#3535,#852);
#558=LINE('',#3536,#853);
#559=LINE('',#3538,#854);
#560=LINE('',#3541,#855);
#561=LINE('',#3542,#856);
#562=LINE('',#3545,#857);
#563=LINE('',#3546,#858);
#564=LINE('',#3548,#859);
#565=LINE('',#3550,#860);
#566=LINE('',#3552,#861);
#567=LINE('',#3553,#862);
#568=LINE('',#3556,#863);
#569=LINE('',#3561,#864);
#570=LINE('',#3563,#865);
#571=LINE('',#3565,#866);
#572=LINE('',#3567,#867);
#573=LINE('',#3569,#868);
#574=LINE('',#3570,#869);
#575=LINE('',#3573,#870);
#576=LINE('',#3575,#871);
#577=LINE('',#3576,#872);
#578=LINE('',#3579,#873);
#579=LINE('',#3580,#874);
#580=LINE('',#3583,#875);
#581=LINE('',#3585,#876);
#582=LINE('',#3586,#877);
#583=LINE('',#3589,#878);
#584=LINE('',#3590,#879);
#585=LINE('',#3592,#880);
#586=LINE('',#3594,#881);
#587=LINE('',#3598,#882);
#588=LINE('',#3600,#883);
#589=LINE('',#3602,#884);
#590=LINE('',#3603,#885);
#591=LINE('',#3606,#886);
#592=LINE('',#3608,#887);
#593=LINE('',#3610,#888);
#594=LINE('',#3612,#889);
#595=LINE('',#3614,#890);
#596=LINE('',#3616,#891);
#597=LINE('',#3617,#892);
#598=LINE('',#3620,#893);
#599=LINE('',#3621,#894);
#600=LINE('',#3624,#895);
#601=LINE('',#3626,#896);
#602=LINE('',#3627,#897);
#603=LINE('',#3629,#898);
#604=LINE('',#3630,#899);
#605=LINE('',#3632,#900);
#606=LINE('',#3634,#901);
#607=LINE('',#3635,#902);
#608=LINE('',#3639,#903);
#609=LINE('',#3641,#904);
#610=LINE('',#3643,#905);
#611=LINE('',#3645,#906);
#612=LINE('',#3647,#907);
#613=LINE('',#3649,#908);
#614=LINE('',#3651,#909);
#615=LINE('',#3652,#910);
#616=LINE('',#3656,#911);
#617=LINE('',#3658,#912);
#618=LINE('',#3660,#913);
#619=LINE('',#3661,#914);
#620=LINE('',#3665,#915);
#621=LINE('',#3667,#916);
#622=LINE('',#3669,#917);
#623=LINE('',#3670,#918);
#624=LINE('',#3673,#919);
#625=LINE('',#3675,#920);
#626=LINE('',#3676,#921);
#627=LINE('',#3680,#922);
#628=LINE('',#3682,#923);
#629=LINE('',#3683,#924);
#630=LINE('',#3684,#925);
#631=LINE('',#3686,#926);
#632=LINE('',#3687,#927);
#633=LINE('',#3691,#928);
#634=LINE('',#3693,#929);
#635=LINE('',#3694,#930);
#636=LINE('',#3695,#931);
#637=LINE('',#3697,#932);
#638=LINE('',#3699,#933);
#639=LINE('',#3700,#934);
#640=LINE('',#3702,#935);
#641=LINE('',#3703,#936);
#642=LINE('',#3706,#937);
#643=LINE('',#3708,#938);
#644=LINE('',#3709,#939);
#645=LINE('',#3712,#940);
#646=LINE('',#3714,#941);
#647=LINE('',#3715,#942);
#648=LINE('',#3717,#943);
#649=LINE('',#3720,#944);
#650=LINE('',#3721,#945);
#651=LINE('',#3724,#946);
#652=LINE('',#3725,#947);
#653=LINE('',#3728,#948);
#654=LINE('',#3729,#949);
#655=LINE('',#3732,#950);
#656=LINE('',#3733,#951);
#657=LINE('',#3736,#952);
#658=LINE('',#3737,#953);
#659=LINE('',#3738,#954);
#660=LINE('',#3740,#955);
#661=LINE('',#3742,#956);
#662=LINE('',#3745,#957);
#663=LINE('',#3746,#958);
#664=LINE('',#3748,#959);
#665=LINE('',#3751,#960);
#666=LINE('',#3753,#961);
#667=LINE('',#3754,#962);
#668=VECTOR('',#2459,0.393700787401575);
#669=VECTOR('',#2462,0.393700787401575);
#670=VECTOR('',#2463,0.393700787401575);
#671=VECTOR('',#2464,0.393700787401575);
#672=VECTOR('',#2465,0.393700787401575);
#673=VECTOR('',#2466,0.393700787401575);
#674=VECTOR('',#2467,0.393700787401575);
#675=VECTOR('',#2470,0.393700787401575);
#676=VECTOR('',#2471,0.393700787401575);
#677=VECTOR('',#2472,0.393700787401575);
#678=VECTOR('',#2473,0.393700787401575);
#679=VECTOR('',#2474,0.393700787401575);
#680=VECTOR('',#2475,0.393700787401575);
#681=VECTOR('',#2480,0.393700787401575);
#682=VECTOR('',#2489,0.3125);
#683=VECTOR('',#2492,0.3125);
#684=VECTOR('',#2497,0.3125);
#685=VECTOR('',#2504,0.393700787401575);
#686=VECTOR('',#2509,0.393700787401575);
#687=VECTOR('',#2512,0.393700787401575);
#688=VECTOR('',#2517,0.393700787401575);
#689=VECTOR('',#2524,0.393700787401575);
#690=VECTOR('',#2533,0.393700787401575);
#691=VECTOR('',#2534,0.393700787401575);
#692=VECTOR('',#2535,0.393700787401575);
#693=VECTOR('',#2538,0.393700787401575);
#694=VECTOR('',#2539,0.393700787401575);
#695=VECTOR('',#2540,0.393700787401575);
#696=VECTOR('',#2541,0.393700787401575);
#697=VECTOR('',#2542,0.393700787401575);
#698=VECTOR('',#2543,0.393700787401575);
#699=VECTOR('',#2544,0.393700787401575);
#700=VECTOR('',#2545,0.393700787401575);
#701=VECTOR('',#2546,0.393700787401575);
#702=VECTOR('',#2547,0.393700787401575);
#703=VECTOR('',#2548,0.393700787401575);
#704=VECTOR('',#2549,0.393700787401575);
#705=VECTOR('',#2558,0.393700787401575);
#706=VECTOR('',#2563,0.393700787401575);
#707=VECTOR('',#2572,0.393700787401575);
#708=VECTOR('',#2575,0.393700787401575);
#709=VECTOR('',#2576,0.393700787401575);
#710=VECTOR('',#2579,0.393700787401575);
#711=VECTOR('',#2580,0.393700787401575);
#712=VECTOR('',#2581,0.393700787401575);
#713=VECTOR('',#2584,0.393700787401575);
#714=VECTOR('',#2585,0.393700787401575);
#715=VECTOR('',#2586,0.393700787401575);
#716=VECTOR('',#2589,0.393700787401575);
#717=VECTOR('',#2590,0.393700787401575);
#718=VECTOR('',#2593,0.393700787401575);
#719=VECTOR('',#2594,0.393700787401575);
#720=VECTOR('',#2597,0.393700787401575);
#721=VECTOR('',#2598,0.393700787401575);
#722=VECTOR('',#2601,0.393700787401575);
#723=VECTOR('',#2602,0.393700787401575);
#724=VECTOR('',#2605,0.393700787401575);
#725=VECTOR('',#2606,0.393700787401575);
#726=VECTOR('',#2609,0.393700787401575);
#727=VECTOR('',#2610,0.393700787401575);
#728=VECTOR('',#2613,0.393700787401575);
#729=VECTOR('',#2614,0.393700787401575);
#730=VECTOR('',#2617,0.393700787401575);
#731=VECTOR('',#2618,0.393700787401575);
#732=VECTOR('',#2621,0.393700787401575);
#733=VECTOR('',#2622,0.393700787401575);
#734=VECTOR('',#2625,0.393700787401575);
#735=VECTOR('',#2626,0.393700787401575);
#736=VECTOR('',#2629,0.393700787401575);
#737=VECTOR('',#2634,0.393700787401575);
#738=VECTOR('',#2635,0.393700787401575);
#739=VECTOR('',#2636,0.393700787401575);
#740=VECTOR('',#2637,0.393700787401575);
#741=VECTOR('',#2638,0.393700787401575);
#742=VECTOR('',#2639,0.393700787401575);
#743=VECTOR('',#2642,0.393700787401575);
#744=VECTOR('',#2645,0.393700787401575);
#745=VECTOR('',#2648,0.393700787401575);
#746=VECTOR('',#2651,0.393700787401575);
#747=VECTOR('',#2652,0.393700787401575);
#748=VECTOR('',#2653,0.393700787401575);
#749=VECTOR('',#2654,0.393700787401575);
#750=VECTOR('',#2657,0.393700787401575);
#751=VECTOR('',#2658,0.393700787401575);
#752=VECTOR('',#2659,0.393700787401575);
#753=VECTOR('',#2662,0.393700787401575);
#754=VECTOR('',#2663,0.393700787401575);
#755=VECTOR('',#2666,0.393700787401575);
#756=VECTOR('',#2669,0.393700787401575);
#757=VECTOR('',#2670,0.393700787401575);
#758=VECTOR('',#2673,0.393700787401575);
#759=VECTOR('',#2674,0.393700787401575);
#760=VECTOR('',#2675,0.393700787401575);
#761=VECTOR('',#2678,0.393700787401575);
#762=VECTOR('',#2679,0.393700787401575);
#763=VECTOR('',#2682,0.393700787401575);
#764=VECTOR('',#2683,0.393700787401575);
#765=VECTOR('',#2684,0.393700787401575);
#766=VECTOR('',#2685,0.393700787401575);
#767=VECTOR('',#2686,0.393700787401575);
#768=VECTOR('',#2687,0.393700787401575);
#769=VECTOR('',#2688,0.393700787401575);
#770=VECTOR('',#2691,0.393700787401575);
#771=VECTOR('',#2692,0.393700787401575);
#772=VECTOR('',#2693,0.393700787401575);
#773=VECTOR('',#2696,0.393700787401575);
#774=VECTOR('',#2699,0.393700787401575);
#775=VECTOR('',#2700,0.393700787401575);
#776=VECTOR('',#2701,0.393700787401575);
#777=VECTOR('',#2702,0.393700787401575);
#778=VECTOR('',#2705,0.393700787401575);
#779=VECTOR('',#2706,0.393700787401575);
#780=VECTOR('',#2707,0.393700787401575);
#781=VECTOR('',#2710,0.393700787401575);
#782=VECTOR('',#2711,0.393700787401575);
#783=VECTOR('',#2712,0.393700787401575);
#784=VECTOR('',#2713,0.393700787401575);
#785=VECTOR('',#2716,0.393700787401575);
#786=VECTOR('',#2717,0.393700787401575);
#787=VECTOR('',#2718,0.393700787401575);
#788=VECTOR('',#2721,0.393700787401575);
#789=VECTOR('',#2722,0.393700787401575);
#790=VECTOR('',#2723,0.393700787401575);
#791=VECTOR('',#2724,0.393700787401575);
#792=VECTOR('',#2727,0.393700787401575);
#793=VECTOR('',#2728,0.393700787401575);
#794=VECTOR('',#2729,0.393700787401575);
#795=VECTOR('',#2730,0.393700787401575);
#796=VECTOR('',#2731,0.393700787401575);
#797=VECTOR('',#2734,0.393700787401575);
#798=VECTOR('',#2735,0.393700787401575);
#799=VECTOR('',#2736,0.393700787401575);
#800=VECTOR('',#2737,0.393700787401575);
#801=VECTOR('',#2740,0.393700787401575);
#802=VECTOR('',#2741,0.393700787401575);
#803=VECTOR('',#2742,0.393700787401575);
#804=VECTOR('',#2745,0.393700787401575);
#805=VECTOR('',#2748,0.393700787401575);
#806=VECTOR('',#2749,0.393700787401575);
#807=VECTOR('',#2750,0.393700787401575);
#808=VECTOR('',#2751,0.393700787401575);
#809=VECTOR('',#2754,0.393700787401575);
#810=VECTOR('',#2755,0.393700787401575);
#811=VECTOR('',#2756,0.393700787401575);
#812=VECTOR('',#2759,0.393700787401575);
#813=VECTOR('',#2760,0.393700787401575);
#814=VECTOR('',#2761,0.393700787401575);
#815=VECTOR('',#2766,0.393700787401575);
#816=VECTOR('',#2767,0.393700787401575);
#817=VECTOR('',#2768,0.393700787401575);
#818=VECTOR('',#2769,0.393700787401575);
#819=VECTOR('',#2772,0.393700787401575);
#820=VECTOR('',#2773,0.393700787401575);
#821=VECTOR('',#2774,0.393700787401575);
#822=VECTOR('',#2777,0.393700787401575);
#823=VECTOR('',#2778,0.393700787401575);
#824=VECTOR('',#2781,0.393700787401575);
#825=VECTOR('',#2782,0.393700787401575);
#826=VECTOR('',#2783,0.393700787401575);
#827=VECTOR('',#2786,0.393700787401575);
#828=VECTOR('',#2787,0.393700787401575);
#829=VECTOR('',#2788,0.393700787401575);
#830=VECTOR('',#2791,0.393700787401575);
#831=VECTOR('',#2792,0.393700787401575);
#832=VECTOR('',#2793,0.393700787401575);
#833=VECTOR('',#2794,0.393700787401575);
#834=VECTOR('',#2797,0.393700787401575);
#835=VECTOR('',#2798,0.393700787401575);
#836=VECTOR('',#2799,0.393700787401575);
#837=VECTOR('',#2802,0.393700787401575);
#838=VECTOR('',#2803,0.393700787401575);
#839=VECTOR('',#2806,0.393700787401575);
#840=VECTOR('',#2807,0.393700787401575);
#841=VECTOR('',#2810,0.393700787401575);
#842=VECTOR('',#2811,0.393700787401575);
#843=VECTOR('',#2814,0.393700787401575);
#844=VECTOR('',#2815,0.393700787401575);
#845=VECTOR('',#2816,0.393700787401575);
#846=VECTOR('',#2819,0.393700787401575);
#847=VECTOR('',#2820,0.393700787401575);
#848=VECTOR('',#2821,0.393700787401575);
#849=VECTOR('',#2822,0.393700787401575);
#850=VECTOR('',#2825,0.393700787401575);
#851=VECTOR('',#2826,0.393700787401575);
#852=VECTOR('',#2829,0.393700787401575);
#853=VECTOR('',#2830,0.393700787401575);
#854=VECTOR('',#2833,0.393700787401575);
#855=VECTOR('',#2836,0.393700787401575);
#856=VECTOR('',#2837,0.393700787401575);
#857=VECTOR('',#2840,0.393700787401575);
#858=VECTOR('',#2841,0.393700787401575);
#859=VECTOR('',#2844,0.393700787401575);
#860=VECTOR('',#2847,0.393700787401575);
#861=VECTOR('',#2848,0.393700787401575);
#862=VECTOR('',#2849,0.393700787401575);
#863=VECTOR('',#2854,0.393700787401575);
#864=VECTOR('',#2859,0.393700787401575);
#865=VECTOR('',#2860,0.393700787401575);
#866=VECTOR('',#2861,0.393700787401575);
#867=VECTOR('',#2862,0.393700787401575);
#868=VECTOR('',#2863,0.393700787401575);
#869=VECTOR('',#2864,0.393700787401575);
#870=VECTOR('',#2867,0.393700787401575);
#871=VECTOR('',#2868,0.393700787401575);
#872=VECTOR('',#2869,0.393700787401575);
#873=VECTOR('',#2872,0.393700787401575);
#874=VECTOR('',#2873,0.393700787401575);
#875=VECTOR('',#2876,0.393700787401575);
#876=VECTOR('',#2877,0.393700787401575);
#877=VECTOR('',#2878,0.393700787401575);
#878=VECTOR('',#2881,0.393700787401575);
#879=VECTOR('',#2882,0.393700787401575);
#880=VECTOR('',#2885,0.393700787401575);
#881=VECTOR('',#2888,0.393700787401575);
#882=VECTOR('',#2891,0.393700787401575);
#883=VECTOR('',#2892,0.393700787401575);
#884=VECTOR('',#2893,0.393700787401575);
#885=VECTOR('',#2894,0.393700787401575);
#886=VECTOR('',#2897,0.393700787401575);
#887=VECTOR('',#2898,0.393700787401575);
#888=VECTOR('',#2899,0.393700787401575);
#889=VECTOR('',#2900,0.393700787401575);
#890=VECTOR('',#2901,0.393700787401575);
#891=VECTOR('',#2902,0.393700787401575);
#892=VECTOR('',#2903,0.393700787401575);
#893=VECTOR('',#2906,0.393700787401575);
#894=VECTOR('',#2907,0.393700787401575);
#895=VECTOR('',#2910,0.393700787401575);
#896=VECTOR('',#2911,0.393700787401575);
#897=VECTOR('',#2912,0.393700787401575);
#898=VECTOR('',#2913,0.393700787401575);
#899=VECTOR('',#2914,0.393700787401575);
#900=VECTOR('',#2917,0.393700787401575);
#901=VECTOR('',#2918,0.393700787401575);
#902=VECTOR('',#2919,0.393700787401575);
#903=VECTOR('',#2922,0.393700787401575);
#904=VECTOR('',#2923,0.393700787401575);
#905=VECTOR('',#2924,0.393700787401575);
#906=VECTOR('',#2925,0.393700787401575);
#907=VECTOR('',#2926,0.393700787401575);
#908=VECTOR('',#2927,0.393700787401575);
#909=VECTOR('',#2928,0.393700787401575);
#910=VECTOR('',#2929,0.393700787401575);
#911=VECTOR('',#2932,0.393700787401575);
#912=VECTOR('',#2933,0.393700787401575);
#913=VECTOR('',#2934,0.393700787401575);
#914=VECTOR('',#2935,0.393700787401575);
#915=VECTOR('',#2938,0.393700787401575);
#916=VECTOR('',#2939,0.393700787401575);
#917=VECTOR('',#2940,0.393700787401575);
#918=VECTOR('',#2941,0.393700787401575);
#919=VECTOR('',#2944,0.393700787401575);
#920=VECTOR('',#2945,0.393700787401575);
#921=VECTOR('',#2946,0.393700787401575);
#922=VECTOR('',#2949,0.393700787401575);
#923=VECTOR('',#2950,0.393700787401575);
#924=VECTOR('',#2951,0.393700787401575);
#925=VECTOR('',#2952,0.393700787401575);
#926=VECTOR('',#2953,0.393700787401575);
#927=VECTOR('',#2954,0.393700787401575);
#928=VECTOR('',#2957,0.393700787401575);
#929=VECTOR('',#2958,0.393700787401575);
#930=VECTOR('',#2959,0.393700787401575);
#931=VECTOR('',#2960,0.393700787401575);
#932=VECTOR('',#2961,0.393700787401575);
#933=VECTOR('',#2962,0.393700787401575);
#934=VECTOR('',#2963,0.393700787401575);
#935=VECTOR('',#2966,0.393700787401575);
#936=VECTOR('',#2967,0.393700787401575);
#937=VECTOR('',#2970,0.393700787401575);
#938=VECTOR('',#2971,0.393700787401575);
#939=VECTOR('',#2972,0.393700787401575);
#940=VECTOR('',#2975,0.393700787401575);
#941=VECTOR('',#2976,0.393700787401575);
#942=VECTOR('',#2977,0.393700787401575);
#943=VECTOR('',#2980,0.393700787401575);
#944=VECTOR('',#2983,0.393700787401575);
#945=VECTOR('',#2984,0.393700787401575);
#946=VECTOR('',#2987,0.393700787401575);
#947=VECTOR('',#2988,0.393700787401575);
#948=VECTOR('',#2991,0.393700787401575);
#949=VECTOR('',#2992,0.393700787401575);
#950=VECTOR('',#2997,0.393700787401575);
#951=VECTOR('',#2998,0.393700787401575);
#952=VECTOR('',#3001,0.393700787401575);
#953=VECTOR('',#3002,0.393700787401575);
#954=VECTOR('',#3003,0.393700787401575);
#955=VECTOR('',#3006,0.393700787401575);
#956=VECTOR('',#3009,0.393700787401575);
#957=VECTOR('',#3012,0.393700787401575);
#958=VECTOR('',#3013,0.393700787401575);
#959=VECTOR('',#3016,0.393700787401575);
#960=VECTOR('',#3021,0.393700787401575);
#961=VECTOR('',#3024,0.393700787401575);
#962=VECTOR('',#3025,0.393700787401575);
#963=ELLIPSE('',#2314,0.338489618980903,0.3125);
#964=ELLIPSE('',#2317,0.338489618980903,0.3125);
#965=ELLIPSE('',#2319,0.338489618980903,0.3125);
#966=ELLIPSE('',#2324,0.338489618980903,0.3125);
#967=ELLIPSE('',#2330,0.375448810819096,0.125);
#968=ELLIPSE('',#2332,0.134114204561419,0.125);
#969=ELLIPSE('',#2333,0.344968781341166,0.125);
#970=ELLIPSE('',#2334,0.143587541854895,0.125);
#971=ELLIPSE('',#2336,0.344968781341165,0.125);
#972=ELLIPSE('',#2337,0.143587541854895,0.125);
#973=ELLIPSE('',#2339,0.538267961640386,0.502755173490256);
#974=ELLIPSE('',#2342,0.538267961640386,0.502755173490256);
#975=ELLIPSE('',#2344,0.13411420456142,0.125);
#976=ELLIPSE('',#2346,0.375448810819096,0.125);
#977=ELLIPSE('',#2347,0.143587541854895,0.125);
#978=ELLIPSE('',#2348,0.344968781341165,0.125);
#979=ELLIPSE('',#2350,0.143587541854895,0.125);
#980=VERTEX_POINT('',#3032);
#981=VERTEX_POINT('',#3033);
#982=VERTEX_POINT('',#3035);
#983=VERTEX_POINT('',#3050);
#984=VERTEX_POINT('',#3051);
#985=VERTEX_POINT('',#3053);
#986=VERTEX_POINT('',#3055);
#987=VERTEX_POINT('',#3057);
#988=VERTEX_POINT('',#3059);
#989=VERTEX_POINT('',#3063);
#990=VERTEX_POINT('',#3065);
#991=VERTEX_POINT('',#3067);
#992=VERTEX_POINT('',#3069);
#993=VERTEX_POINT('',#3071);
#994=VERTEX_POINT('',#3073);
#995=VERTEX_POINT('',#3077);
#996=VERTEX_POINT('',#3078);
#997=VERTEX_POINT('',#3091);
#998=VERTEX_POINT('',#3095);
#999=VERTEX_POINT('',#3097);
#1000=VERTEX_POINT('',#3101);
#1001=VERTEX_POINT('',#3112);
#1002=VERTEX_POINT('',#3128);
#1003=VERTEX_POINT('',#3130);
#1004=VERTEX_POINT('',#3134);
#1005=VERTEX_POINT('',#3135);
#1006=VERTEX_POINT('',#3137);
#1007=VERTEX_POINT('',#3139);
#1008=VERTEX_POINT('',#3141);
#1009=VERTEX_POINT('',#3143);
#1010=VERTEX_POINT('',#3145);
#1011=VERTEX_POINT('',#3147);
#1012=VERTEX_POINT('',#3171);
#1013=VERTEX_POINT('',#3172);
#1014=VERTEX_POINT('',#3179);
#1015=VERTEX_POINT('',#3181);
#1016=VERTEX_POINT('',#3185);
#1017=VERTEX_POINT('',#3187);
#1018=VERTEX_POINT('',#3189);
#1019=VERTEX_POINT('',#3191);
#1020=VERTEX_POINT('',#3193);
#1021=VERTEX_POINT('',#3195);
#1022=VERTEX_POINT('',#3197);
#1023=VERTEX_POINT('',#3199);
#1024=VERTEX_POINT('',#3201);
#1025=VERTEX_POINT('',#3203);
#1026=VERTEX_POINT('',#3205);
#1027=VERTEX_POINT('',#3207);
#1028=VERTEX_POINT('',#3211);
#1029=VERTEX_POINT('',#3213);
#1030=VERTEX_POINT('',#3215);
#1031=VERTEX_POINT('',#3217);
#1032=VERTEX_POINT('',#3219);
#1033=VERTEX_POINT('',#3221);
#1034=VERTEX_POINT('',#3247);
#1035=VERTEX_POINT('',#3252);
#1036=VERTEX_POINT('',#3256);
#1037=VERTEX_POINT('',#3258);
#1038=VERTEX_POINT('',#3262);
#1039=VERTEX_POINT('',#3266);
#1040=VERTEX_POINT('',#3270);
#1041=VERTEX_POINT('',#3274);
#1042=VERTEX_POINT('',#3278);
#1043=VERTEX_POINT('',#3282);
#1044=VERTEX_POINT('',#3286);
#1045=VERTEX_POINT('',#3290);
#1046=VERTEX_POINT('',#3294);
#1047=VERTEX_POINT('',#3298);
#1048=VERTEX_POINT('',#3305);
#1049=VERTEX_POINT('',#3307);
#1050=VERTEX_POINT('',#3309);
#1051=VERTEX_POINT('',#3311);
#1052=VERTEX_POINT('',#3313);
#1053=VERTEX_POINT('',#3323);
#1054=VERTEX_POINT('',#3325);
#1055=VERTEX_POINT('',#3327);
#1056=VERTEX_POINT('',#3331);
#1057=VERTEX_POINT('',#3333);
#1058=VERTEX_POINT('',#3337);
#1059=VERTEX_POINT('',#3343);
#1060=VERTEX_POINT('',#3348);
#1061=VERTEX_POINT('',#3352);
#1062=VERTEX_POINT('',#3356);
#1063=VERTEX_POINT('',#3358);
#1064=VERTEX_POINT('',#3360);
#1065=VERTEX_POINT('',#3362);
#1066=VERTEX_POINT('',#3364);
#1067=VERTEX_POINT('',#3366);
#1068=VERTEX_POINT('',#3371);
#1069=VERTEX_POINT('',#3377);
#1070=VERTEX_POINT('',#3378);
#1071=VERTEX_POINT('',#3380);
#1072=VERTEX_POINT('',#3382);
#1073=VERTEX_POINT('',#3386);
#1074=VERTEX_POINT('',#3388);
#1075=VERTEX_POINT('',#3392);
#1076=VERTEX_POINT('',#3393);
#1077=VERTEX_POINT('',#3395);
#1078=VERTEX_POINT('',#3397);
#1079=VERTEX_POINT('',#3401);
#1080=VERTEX_POINT('',#3402);
#1081=VERTEX_POINT('',#3407);
#1082=VERTEX_POINT('',#3408);
#1083=VERTEX_POINT('',#3410);
#1084=VERTEX_POINT('',#3412);
#1085=VERTEX_POINT('',#3416);
#1086=VERTEX_POINT('',#3417);
#1087=VERTEX_POINT('',#3419);
#1088=VERTEX_POINT('',#3421);
#1089=VERTEX_POINT('',#3423);
#1090=VERTEX_POINT('',#3428);
#1091=VERTEX_POINT('',#3430);
#1092=VERTEX_POINT('',#3434);
#1093=VERTEX_POINT('',#3441);
#1094=VERTEX_POINT('',#3442);
#1095=VERTEX_POINT('',#3444);
#1096=VERTEX_POINT('',#3446);
#1097=VERTEX_POINT('',#3450);
#1098=VERTEX_POINT('',#3455);
#1099=VERTEX_POINT('',#3461);
#1100=VERTEX_POINT('',#3462);
#1101=VERTEX_POINT('',#3464);
#1102=VERTEX_POINT('',#3466);
#1103=VERTEX_POINT('',#3470);
#1104=VERTEX_POINT('',#3472);
#1105=VERTEX_POINT('',#3476);
#1106=VERTEX_POINT('',#3480);
#1107=VERTEX_POINT('',#3482);
#1108=VERTEX_POINT('',#3486);
#1109=VERTEX_POINT('',#3488);
#1110=VERTEX_POINT('',#3492);
#1111=VERTEX_POINT('',#3493);
#1112=VERTEX_POINT('',#3495);
#1113=VERTEX_POINT('',#3497);
#1114=VERTEX_POINT('',#3501);
#1115=VERTEX_POINT('',#3503);
#1116=VERTEX_POINT('',#3507);
#1117=VERTEX_POINT('',#3514);
#1118=VERTEX_POINT('',#3518);
#1119=VERTEX_POINT('',#3520);
#1120=VERTEX_POINT('',#3524);
#1121=VERTEX_POINT('',#3527);
#1122=VERTEX_POINT('',#3534);
#1123=VERTEX_POINT('',#3540);
#1124=VERTEX_POINT('',#3544);
#1125=VERTEX_POINT('',#3551);
#1126=VERTEX_POINT('',#3559);
#1127=VERTEX_POINT('',#3560);
#1128=VERTEX_POINT('',#3562);
#1129=VERTEX_POINT('',#3564);
#1130=VERTEX_POINT('',#3566);
#1131=VERTEX_POINT('',#3568);
#1132=VERTEX_POINT('',#3572);
#1133=VERTEX_POINT('',#3574);
#1134=VERTEX_POINT('',#3578);
#1135=VERTEX_POINT('',#3582);
#1136=VERTEX_POINT('',#3584);
#1137=VERTEX_POINT('',#3588);
#1138=VERTEX_POINT('',#3596);
#1139=VERTEX_POINT('',#3597);
#1140=VERTEX_POINT('',#3599);
#1141=VERTEX_POINT('',#3601);
#1142=VERTEX_POINT('',#3605);
#1143=VERTEX_POINT('',#3607);
#1144=VERTEX_POINT('',#3609);
#1145=VERTEX_POINT('',#3611);
#1146=VERTEX_POINT('',#3613);
#1147=VERTEX_POINT('',#3615);
#1148=VERTEX_POINT('',#3619);
#1149=VERTEX_POINT('',#3623);
#1150=VERTEX_POINT('',#3625);
#1151=VERTEX_POINT('',#3628);
#1152=VERTEX_POINT('',#3633);
#1153=VERTEX_POINT('',#3637);
#1154=VERTEX_POINT('',#3638);
#1155=VERTEX_POINT('',#3640);
#1156=VERTEX_POINT('',#3642);
#1157=VERTEX_POINT('',#3644);
#1158=VERTEX_POINT('',#3646);
#1159=VERTEX_POINT('',#3648);
#1160=VERTEX_POINT('',#3650);
#1161=VERTEX_POINT('',#3654);
#1162=VERTEX_POINT('',#3655);
#1163=VERTEX_POINT('',#3657);
#1164=VERTEX_POINT('',#3659);
#1165=VERTEX_POINT('',#3663);
#1166=VERTEX_POINT('',#3664);
#1167=VERTEX_POINT('',#3666);
#1168=VERTEX_POINT('',#3668);
#1169=VERTEX_POINT('',#3672);
#1170=VERTEX_POINT('',#3674);
#1171=VERTEX_POINT('',#3678);
#1172=VERTEX_POINT('',#3679);
#1173=VERTEX_POINT('',#3681);
#1174=VERTEX_POINT('',#3685);
#1175=VERTEX_POINT('',#3689);
#1176=VERTEX_POINT('',#3690);
#1177=VERTEX_POINT('',#3692);
#1178=VERTEX_POINT('',#3696);
#1179=VERTEX_POINT('',#3698);
#1180=VERTEX_POINT('',#3705);
#1181=VERTEX_POINT('',#3707);
#1182=VERTEX_POINT('',#3711);
#1183=VERTEX_POINT('',#3713);
#1184=VERTEX_POINT('',#3719);
#1185=VERTEX_POINT('',#3723);
#1186=VERTEX_POINT('',#3727);
#1187=VERTEX_POINT('',#3735);
#1188=VERTEX_POINT('',#3744);
#1189=EDGE_CURVE('',#980,#981,#963,.T.);
#1190=EDGE_CURVE('',#982,#980,#373,.T.);
#1191=EDGE_CURVE('',#982,#981,#367,.F.);
#1192=EDGE_CURVE('',#983,#984,#374,.T.);
#1193=EDGE_CURVE('',#985,#983,#375,.T.);
#1194=EDGE_CURVE('',#986,#985,#376,.T.);
#1195=EDGE_CURVE('',#987,#986,#377,.T.);
#1196=EDGE_CURVE('',#987,#988,#378,.T.);
#1197=EDGE_CURVE('',#984,#988,#379,.T.);
#1198=EDGE_CURVE('',#982,#989,#380,.T.);
#1199=EDGE_CURVE('',#990,#982,#381,.T.);
#1200=EDGE_CURVE('',#991,#990,#382,.T.);
#1201=EDGE_CURVE('',#992,#991,#383,.T.);
#1202=EDGE_CURVE('',#992,#993,#384,.T.);
#1203=EDGE_CURVE('',#994,#993,#385,.T.);
#1204=EDGE_CURVE('',#989,#994,#964,.T.);
#1205=EDGE_CURVE('',#995,#996,#368,.T.);
#1206=EDGE_CURVE('',#997,#995,#386,.T.);
#1207=EDGE_CURVE('',#997,#996,#965,.F.);
#1208=EDGE_CURVE('',#998,#985,#19,.T.);
#1209=EDGE_CURVE('',#983,#999,#20,.T.);
#1210=EDGE_CURVE('',#999,#998,#387,.T.);
#1211=EDGE_CURVE('',#1000,#985,#369,.T.);
#1212=EDGE_CURVE('',#998,#1001,#388,.T.);
#1213=EDGE_CURVE('',#1001,#1000,#966,.T.);
#1214=EDGE_CURVE('',#994,#999,#389,.T.);
#1215=EDGE_CURVE('',#983,#989,#370,.T.);
#1216=EDGE_CURVE('',#993,#1002,#21,.T.);
#1217=EDGE_CURVE('',#1002,#1003,#22,.T.);
#1218=EDGE_CURVE('',#1003,#1001,#390,.T.);
#1219=EDGE_CURVE('',#1004,#1005,#967,.T.);
#1220=EDGE_CURVE('',#1004,#1006,#391,.T.);
#1221=EDGE_CURVE('',#1006,#1007,#23,.T.);
#1222=EDGE_CURVE('',#1007,#1008,#392,.T.);
#1223=EDGE_CURVE('',#1008,#1009,#968,.F.);
#1224=EDGE_CURVE('',#1010,#1009,#969,.T.);
#1225=EDGE_CURVE('',#1010,#1011,#393,.T.);
#1226=EDGE_CURVE('',#1011,#992,#371,.T.);
#1227=EDGE_CURVE('',#1005,#991,#970,.T.);
#1228=EDGE_CURVE('',#1012,#1013,#971,.T.);
#1229=EDGE_CURVE('',#1013,#1007,#394,.T.);
#1230=EDGE_CURVE('',#1006,#1012,#972,.F.);
#1231=EDGE_CURVE('',#1011,#1002,#973,.T.);
#1232=EDGE_CURVE('',#1014,#1013,#395,.T.);
#1233=EDGE_CURVE('',#1015,#1014,#396,.T.);
#1234=EDGE_CURVE('',#1015,#1008,#397,.T.);
#1235=EDGE_CURVE('',#1010,#1016,#398,.T.);
#1236=EDGE_CURVE('',#1016,#1017,#399,.T.);
#1237=EDGE_CURVE('',#1017,#1018,#400,.T.);
#1238=EDGE_CURVE('',#1018,#1019,#401,.T.);
#1239=EDGE_CURVE('',#1019,#1020,#402,.T.);
#1240=EDGE_CURVE('',#1020,#1021,#403,.T.);
#1241=EDGE_CURVE('',#1021,#1022,#404,.T.);
#1242=EDGE_CURVE('',#1022,#1023,#405,.T.);
#1243=EDGE_CURVE('',#1023,#1024,#406,.T.);
#1244=EDGE_CURVE('',#1024,#1025,#407,.T.);
#1245=EDGE_CURVE('',#1025,#1026,#408,.T.);
#1246=EDGE_CURVE('',#1027,#1026,#409,.T.);
#1247=EDGE_CURVE('',#1002,#1027,#974,.T.);
#1248=EDGE_CURVE('',#1015,#1028,#975,.T.);
#1249=EDGE_CURVE('',#1014,#1029,#24,.T.);
#1250=EDGE_CURVE('',#1029,#1030,#410,.T.);
#1251=EDGE_CURVE('',#1031,#1030,#976,.T.);
#1252=EDGE_CURVE('',#1032,#1031,#977,.T.);
#1253=EDGE_CURVE('',#1032,#1033,#411,.T.);
#1254=EDGE_CURVE('',#1033,#1027,#372,.T.);
#1255=EDGE_CURVE('',#1026,#1028,#978,.F.);
#1256=EDGE_CURVE('',#1029,#1012,#979,.T.);
#1257=EDGE_CURVE('',#1033,#1003,#412,.T.);
#1258=EDGE_CURVE('',#1034,#1029,#413,.T.);
#1259=EDGE_CURVE('',#1030,#1034,#414,.T.);
#1260=EDGE_CURVE('',#995,#1000,#415,.T.);
#1261=EDGE_CURVE('',#1035,#1032,#416,.T.);
#1262=EDGE_CURVE('',#995,#1035,#417,.T.);
#1263=EDGE_CURVE('',#1017,#1036,#418,.T.);
#1264=EDGE_CURVE('',#1037,#1036,#419,.T.);
#1265=EDGE_CURVE('',#1018,#1037,#420,.T.);
#1266=EDGE_CURVE('',#1038,#1037,#421,.T.);
#1267=EDGE_CURVE('',#1019,#1038,#422,.T.);
#1268=EDGE_CURVE('',#1039,#1038,#423,.T.);
#1269=EDGE_CURVE('',#1020,#1039,#424,.T.);
#1270=EDGE_CURVE('',#1040,#1039,#425,.T.);
#1271=EDGE_CURVE('',#1021,#1040,#426,.T.);
#1272=EDGE_CURVE('',#1041,#1040,#427,.T.);
#1273=EDGE_CURVE('',#1022,#1041,#428,.T.);
#1274=EDGE_CURVE('',#1042,#1041,#429,.T.);
#1275=EDGE_CURVE('',#1023,#1042,#430,.T.);
#1276=EDGE_CURVE('',#1043,#1042,#431,.T.);
#1277=EDGE_CURVE('',#1024,#1043,#432,.T.);
#1278=EDGE_CURVE('',#1044,#1043,#433,.T.);
#1279=EDGE_CURVE('',#1025,#1044,#434,.T.);
#1280=EDGE_CURVE('',#1045,#1044,#435,.T.);
#1281=EDGE_CURVE('',#1028,#1045,#436,.F.);
#1282=EDGE_CURVE('',#1046,#1045,#437,.T.);
#1283=EDGE_CURVE('',#1009,#1046,#438,.F.);
#1284=EDGE_CURVE('',#1047,#1046,#439,.T.);
#1285=EDGE_CURVE('',#1016,#1047,#440,.T.);
#1286=EDGE_CURVE('',#1036,#1047,#441,.T.);
#1287=EDGE_CURVE('',#1006,#1048,#442,.T.);
#1288=EDGE_CURVE('',#1048,#1049,#443,.T.);
#1289=EDGE_CURVE('',#1050,#1049,#444,.T.);
#1290=EDGE_CURVE('',#1050,#1051,#445,.T.);
#1291=EDGE_CURVE('',#1052,#1051,#446,.T.);
#1292=EDGE_CURVE('',#1052,#1034,#447,.T.);
#1293=EDGE_CURVE('',#1048,#1004,#448,.T.);
#1294=EDGE_CURVE('',#981,#983,#449,.T.);
#1295=EDGE_CURVE('',#996,#985,#450,.T.);
#1296=EDGE_CURVE('',#1053,#980,#451,.T.);
#1297=EDGE_CURVE('',#1053,#1054,#452,.T.);
#1298=EDGE_CURVE('',#1055,#1054,#453,.T.);
#1299=EDGE_CURVE('',#990,#1055,#454,.T.);
#1300=EDGE_CURVE('',#1031,#1056,#455,.T.);
#1301=EDGE_CURVE('',#1057,#1056,#456,.T.);
#1302=EDGE_CURVE('',#1057,#1035,#457,.T.);
#1303=EDGE_CURVE('',#997,#1058,#458,.T.);
#1304=EDGE_CURVE('',#986,#1058,#459,.T.);
#1305=EDGE_CURVE('',#1053,#984,#460,.T.);
#1306=EDGE_CURVE('',#1052,#1059,#461,.T.);
#1307=EDGE_CURVE('',#1056,#1059,#462,.T.);
#1308=EDGE_CURVE('',#1049,#1053,#463,.T.);
#1309=EDGE_CURVE('',#1049,#1060,#464,.T.);
#1310=EDGE_CURVE('',#1054,#1060,#465,.T.);
#1311=EDGE_CURVE('',#1060,#1061,#466,.T.);
#1312=EDGE_CURVE('',#1061,#1055,#467,.T.);
#1313=EDGE_CURVE('',#988,#1062,#468,.T.);
#1314=EDGE_CURVE('',#1062,#1063,#469,.T.);
#1315=EDGE_CURVE('',#1063,#1064,#470,.T.);
#1316=EDGE_CURVE('',#1064,#1065,#471,.T.);
#1317=EDGE_CURVE('',#1066,#1065,#472,.T.);
#1318=EDGE_CURVE('',#1067,#1066,#473,.T.);
#1319=EDGE_CURVE('',#1067,#1050,#474,.T.);
#1320=EDGE_CURVE('',#1058,#1052,#475,.T.);
#1321=EDGE_CURVE('',#1058,#1068,#476,.T.);
#1322=EDGE_CURVE('',#1059,#1068,#477,.T.);
#1323=EDGE_CURVE('',#1068,#1057,#478,.T.);
#1324=EDGE_CURVE('',#1069,#1070,#479,.T.);
#1325=EDGE_CURVE('',#1069,#1071,#480,.T.);
#1326=EDGE_CURVE('',#1072,#1071,#481,.T.);
#1327=EDGE_CURVE('',#1070,#1072,#482,.T.);
#1328=EDGE_CURVE('',#1071,#1073,#483,.T.);
#1329=EDGE_CURVE('',#1073,#1074,#484,.T.);
#1330=EDGE_CURVE('',#1074,#1072,#485,.T.);
#1331=EDGE_CURVE('',#1075,#1076,#486,.T.);
#1332=EDGE_CURVE('',#1075,#1077,#487,.T.);
#1333=EDGE_CURVE('',#1078,#1077,#488,.T.);
#1334=EDGE_CURVE('',#1076,#1078,#489,.T.);
#1335=EDGE_CURVE('',#1079,#1080,#490,.T.);
#1336=EDGE_CURVE('',#1080,#1078,#491,.T.);
#1337=EDGE_CURVE('',#1077,#1079,#492,.T.);
#1338=EDGE_CURVE('',#1081,#1082,#493,.T.);
#1339=EDGE_CURVE('',#1082,#1083,#494,.T.);
#1340=EDGE_CURVE('',#1083,#1084,#495,.T.);
#1341=EDGE_CURVE('',#1081,#1084,#496,.T.);
#1342=EDGE_CURVE('',#1085,#1086,#497,.T.);
#1343=EDGE_CURVE('',#1086,#1087,#498,.T.);
#1344=EDGE_CURVE('',#1087,#1088,#499,.T.);
#1345=EDGE_CURVE('',#1088,#1089,#500,.T.);
#1346=EDGE_CURVE('',#1089,#1085,#501,.T.);
#1347=EDGE_CURVE('',#1086,#1081,#502,.T.);
#1348=EDGE_CURVE('',#1084,#1090,#503,.T.);
#1349=EDGE_CURVE('',#1091,#1090,#504,.T.);
#1350=EDGE_CURVE('',#1091,#1087,#505,.T.);
#1351=EDGE_CURVE('',#1092,#1085,#506,.T.);
#1352=EDGE_CURVE('',#1076,#1092,#507,.T.);
#1353=EDGE_CURVE('',#1080,#1082,#508,.T.);
#1354=EDGE_CURVE('',#1083,#1079,#509,.T.);
#1355=EDGE_CURVE('',#1093,#1094,#510,.T.);
#1356=EDGE_CURVE('',#1093,#1095,#511,.T.);
#1357=EDGE_CURVE('',#1096,#1095,#512,.T.);
#1358=EDGE_CURVE('',#1094,#1096,#513,.T.);
#1359=EDGE_CURVE('',#1094,#1097,#514,.T.);
#1360=EDGE_CURVE('',#1096,#1073,#515,.T.);
#1361=EDGE_CURVE('',#1097,#1069,#516,.T.);
#1362=EDGE_CURVE('',#1098,#1093,#517,.T.);
#1363=EDGE_CURVE('',#1070,#1098,#518,.T.);
#1364=EDGE_CURVE('',#1095,#1074,#519,.T.);
#1365=EDGE_CURVE('',#1099,#1100,#520,.T.);
#1366=EDGE_CURVE('',#1099,#1101,#521,.T.);
#1367=EDGE_CURVE('',#1102,#1101,#522,.T.);
#1368=EDGE_CURVE('',#1100,#1102,#523,.T.);
#1369=EDGE_CURVE('',#1100,#1103,#524,.T.);
#1370=EDGE_CURVE('',#1104,#1102,#525,.T.);
#1371=EDGE_CURVE('',#1103,#1104,#526,.T.);
#1372=EDGE_CURVE('',#1101,#1105,#527,.T.);
#1373=EDGE_CURVE('',#1104,#1105,#528,.T.);
#1374=EDGE_CURVE('',#1103,#1106,#529,.T.);
#1375=EDGE_CURVE('',#1107,#1104,#530,.T.);
#1376=EDGE_CURVE('',#1106,#1107,#531,.T.);
#1377=EDGE_CURVE('',#1108,#1104,#532,.T.);
#1378=EDGE_CURVE('',#1108,#1109,#533,.T.);
#1379=EDGE_CURVE('',#1109,#1107,#534,.T.);
#1380=EDGE_CURVE('',#1110,#1111,#535,.T.);
#1381=EDGE_CURVE('',#1110,#1112,#536,.T.);
#1382=EDGE_CURVE('',#1113,#1112,#537,.T.);
#1383=EDGE_CURVE('',#1111,#1113,#538,.T.);
#1384=EDGE_CURVE('',#1111,#1114,#539,.T.);
#1385=EDGE_CURVE('',#1115,#1113,#540,.T.);
#1386=EDGE_CURVE('',#1114,#1115,#541,.T.);
#1387=EDGE_CURVE('',#1116,#1112,#542,.T.);
#1388=EDGE_CURVE('',#1116,#1115,#543,.T.);
#1389=EDGE_CURVE('',#1067,#1110,#544,.T.);
#1390=EDGE_CURVE('',#1112,#1066,#545,.T.);
#1391=EDGE_CURVE('',#1065,#1117,#546,.T.);
#1392=EDGE_CURVE('',#1112,#1117,#547,.T.);
#1393=EDGE_CURVE('',#1118,#1064,#548,.T.);
#1394=EDGE_CURVE('',#1063,#1119,#549,.T.);
#1395=EDGE_CURVE('',#1118,#1119,#550,.T.);
#1396=EDGE_CURVE('',#1120,#1099,#551,.T.);
#1397=EDGE_CURVE('',#1051,#1106,#552,.T.);
#1398=EDGE_CURVE('',#1114,#1121,#553,.T.);
#1399=EDGE_CURVE('',#1120,#1121,#554,.T.);
#1400=EDGE_CURVE('',#1088,#1108,#555,.T.);
#1401=EDGE_CURVE('',#1091,#1109,#556,.T.);
#1402=EDGE_CURVE('',#1122,#1120,#557,.T.);
#1403=EDGE_CURVE('',#1105,#1122,#558,.T.);
#1404=EDGE_CURVE('',#1088,#1122,#559,.T.);
#1405=EDGE_CURVE('',#1123,#1116,#560,.T.);
#1406=EDGE_CURVE('',#1121,#1123,#561,.T.);
#1407=EDGE_CURVE('',#1124,#1118,#562,.T.);
#1408=EDGE_CURVE('',#1117,#1124,#563,.T.);
#1409=EDGE_CURVE('',#1123,#1124,#564,.T.);
#1410=EDGE_CURVE('',#1098,#1089,#565,.T.);
#1411=EDGE_CURVE('',#1125,#1124,#566,.T.);
#1412=EDGE_CURVE('',#1125,#1097,#567,.T.);
#1413=EDGE_CURVE('',#1061,#1005,#568,.T.);
#1414=EDGE_CURVE('',#1126,#1127,#569,.T.);
#1415=EDGE_CURVE('',#1127,#1128,#570,.T.);
#1416=EDGE_CURVE('',#1128,#1129,#571,.T.);
#1417=EDGE_CURVE('',#1130,#1129,#572,.T.);
#1418=EDGE_CURVE('',#1130,#1131,#573,.T.);
#1419=EDGE_CURVE('',#1131,#1126,#574,.T.);
#1420=EDGE_CURVE('',#1132,#1127,#575,.T.);
#1421=EDGE_CURVE('',#1133,#1132,#576,.T.);
#1422=EDGE_CURVE('',#1128,#1133,#577,.T.);
#1423=EDGE_CURVE('',#1134,#1133,#578,.T.);
#1424=EDGE_CURVE('',#1129,#1134,#579,.T.);
#1425=EDGE_CURVE('',#1135,#1130,#580,.T.);
#1426=EDGE_CURVE('',#1136,#1135,#581,.T.);
#1427=EDGE_CURVE('',#1131,#1136,#582,.T.);
#1428=EDGE_CURVE('',#1137,#1136,#583,.T.);
#1429=EDGE_CURVE('',#1126,#1137,#584,.T.);
#1430=EDGE_CURVE('',#1132,#1137,#585,.T.);
#1431=EDGE_CURVE('',#1134,#1135,#586,.T.);
#1432=EDGE_CURVE('',#1138,#1139,#587,.T.);
#1433=EDGE_CURVE('',#1138,#1140,#588,.T.);
#1434=EDGE_CURVE('',#1141,#1140,#589,.T.);
#1435=EDGE_CURVE('',#1139,#1141,#590,.T.);
#1436=EDGE_CURVE('',#1142,#1141,#591,.T.);
#1437=EDGE_CURVE('',#1143,#1142,#592,.T.);
#1438=EDGE_CURVE('',#1144,#1143,#593,.T.);
#1439=EDGE_CURVE('',#1145,#1144,#594,.T.);
#1440=EDGE_CURVE('',#1146,#1145,#595,.T.);
#1441=EDGE_CURVE('',#1147,#1146,#596,.T.);
#1442=EDGE_CURVE('',#1139,#1147,#597,.T.);
#1443=EDGE_CURVE('',#1140,#1148,#598,.T.);
#1444=EDGE_CURVE('',#1148,#1142,#599,.T.);
#1445=EDGE_CURVE('',#1149,#1143,#600,.T.);
#1446=EDGE_CURVE('',#1150,#1148,#601,.T.);
#1447=EDGE_CURVE('',#1147,#1150,#602,.T.);
#1448=EDGE_CURVE('',#1146,#1151,#603,.T.);
#1449=EDGE_CURVE('',#1151,#1149,#604,.T.);
#1450=EDGE_CURVE('',#1150,#1138,#605,.T.);
#1451=EDGE_CURVE('',#1152,#987,#606,.T.);
#1452=EDGE_CURVE('',#1062,#1152,#607,.T.);
#1453=EDGE_CURVE('',#1153,#1154,#608,.T.);
#1454=EDGE_CURVE('',#1154,#1155,#609,.T.);
#1455=EDGE_CURVE('',#1155,#1156,#610,.T.);
#1456=EDGE_CURVE('',#1156,#1157,#611,.T.);
#1457=EDGE_CURVE('',#1158,#1157,#612,.T.);
#1458=EDGE_CURVE('',#1158,#1159,#613,.T.);
#1459=EDGE_CURVE('',#1160,#1159,#614,.T.);
#1460=EDGE_CURVE('',#1160,#1153,#615,.T.);
#1461=EDGE_CURVE('',#1161,#1162,#616,.T.);
#1462=EDGE_CURVE('',#1163,#1162,#617,.T.);
#1463=EDGE_CURVE('',#1164,#1163,#618,.T.);
#1464=EDGE_CURVE('',#1161,#1164,#619,.T.);
#1465=EDGE_CURVE('',#1165,#1166,#620,.T.);
#1466=EDGE_CURVE('',#1167,#1166,#621,.T.);
#1467=EDGE_CURVE('',#1168,#1167,#622,.T.);
#1468=EDGE_CURVE('',#1165,#1168,#623,.T.);
#1469=EDGE_CURVE('',#1156,#1169,#624,.T.);
#1470=EDGE_CURVE('',#1170,#1169,#625,.T.);
#1471=EDGE_CURVE('',#1157,#1170,#626,.T.);
#1472=EDGE_CURVE('',#1171,#1172,#627,.T.);
#1473=EDGE_CURVE('',#1173,#1171,#628,.T.);
#1474=EDGE_CURVE('',#1169,#1173,#629,.T.);
#1475=EDGE_CURVE('',#1162,#1155,#630,.T.);
#1476=EDGE_CURVE('',#1174,#1161,#631,.T.);
#1477=EDGE_CURVE('',#1172,#1174,#632,.T.);
#1478=EDGE_CURVE('',#1175,#1176,#633,.T.);
#1479=EDGE_CURVE('',#1175,#1177,#634,.T.);
#1480=EDGE_CURVE('',#1166,#1177,#635,.T.);
#1481=EDGE_CURVE('',#1154,#1165,#636,.T.);
#1482=EDGE_CURVE('',#1178,#1153,#637,.T.);
#1483=EDGE_CURVE('',#1179,#1178,#638,.T.);
#1484=EDGE_CURVE('',#1176,#1179,#639,.T.);
#1485=EDGE_CURVE('',#1172,#1175,#640,.T.);
#1486=EDGE_CURVE('',#1174,#1177,#641,.T.);
#1487=EDGE_CURVE('',#1180,#1171,#642,.T.);
#1488=EDGE_CURVE('',#1181,#1180,#643,.T.);
#1489=EDGE_CURVE('',#1181,#1173,#644,.T.);
#1490=EDGE_CURVE('',#1179,#1182,#645,.T.);
#1491=EDGE_CURVE('',#1183,#1182,#646,.T.);
#1492=EDGE_CURVE('',#1176,#1183,#647,.T.);
#1493=EDGE_CURVE('',#1170,#1181,#648,.T.);
#1494=EDGE_CURVE('',#1178,#1184,#649,.T.);
#1495=EDGE_CURVE('',#1182,#1184,#650,.T.);
#1496=EDGE_CURVE('',#1177,#1185,#651,.T.);
#1497=EDGE_CURVE('',#1167,#1185,#652,.T.);
#1498=EDGE_CURVE('',#1186,#1164,#653,.T.);
#1499=EDGE_CURVE('',#1186,#1174,#654,.T.);
#1500=EDGE_CURVE('',#1149,#1183,#655,.T.);
#1501=EDGE_CURVE('',#1180,#1151,#656,.T.);
#1502=EDGE_CURVE('',#1145,#1187,#657,.T.);
#1503=EDGE_CURVE('',#1187,#1158,#658,.T.);
#1504=EDGE_CURVE('',#1163,#1186,#659,.T.);
#1505=EDGE_CURVE('',#1185,#1168,#660,.T.);
#1506=EDGE_CURVE('',#1184,#1160,#661,.T.);
#1507=EDGE_CURVE('',#1188,#1144,#662,.T.);
#1508=EDGE_CURVE('',#1187,#1188,#663,.T.);
#1509=EDGE_CURVE('',#1159,#1188,#664,.T.);
#1510=EDGE_CURVE('',#1090,#1152,#665,.T.);
#1511=EDGE_CURVE('',#1092,#1125,#666,.T.);
#1512=EDGE_CURVE('',#1119,#1075,#667,.T.);
#1513=ORIENTED_EDGE('',*,*,#1189,.F.);
#1514=ORIENTED_EDGE('',*,*,#1190,.F.);
#1515=ORIENTED_EDGE('',*,*,#1191,.T.);
#1516=ORIENTED_EDGE('',*,*,#1192,.F.);
#1517=ORIENTED_EDGE('',*,*,#1193,.F.);
#1518=ORIENTED_EDGE('',*,*,#1194,.F.);
#1519=ORIENTED_EDGE('',*,*,#1195,.F.);
#1520=ORIENTED_EDGE('',*,*,#1196,.T.);
#1521=ORIENTED_EDGE('',*,*,#1197,.F.);
#1522=ORIENTED_EDGE('',*,*,#1198,.F.);
#1523=ORIENTED_EDGE('',*,*,#1199,.F.);
#1524=ORIENTED_EDGE('',*,*,#1200,.F.);
#1525=ORIENTED_EDGE('',*,*,#1201,.F.);
#1526=ORIENTED_EDGE('',*,*,#1202,.T.);
#1527=ORIENTED_EDGE('',*,*,#1203,.F.);
#1528=ORIENTED_EDGE('',*,*,#1204,.F.);
#1529=ORIENTED_EDGE('',*,*,#1205,.F.);
#1530=ORIENTED_EDGE('',*,*,#1206,.F.);
#1531=ORIENTED_EDGE('',*,*,#1207,.T.);
#1532=ORIENTED_EDGE('',*,*,#1208,.T.);
#1533=ORIENTED_EDGE('',*,*,#1193,.T.);
#1534=ORIENTED_EDGE('',*,*,#1209,.T.);
#1535=ORIENTED_EDGE('',*,*,#1210,.T.);
#1536=ORIENTED_EDGE('',*,*,#1211,.T.);
#1537=ORIENTED_EDGE('',*,*,#1208,.F.);
#1538=ORIENTED_EDGE('',*,*,#1212,.T.);
#1539=ORIENTED_EDGE('',*,*,#1213,.T.);
#1540=ORIENTED_EDGE('',*,*,#1204,.T.);
#1541=ORIENTED_EDGE('',*,*,#1214,.T.);
#1542=ORIENTED_EDGE('',*,*,#1209,.F.);
#1543=ORIENTED_EDGE('',*,*,#1215,.T.);
#1544=ORIENTED_EDGE('',*,*,#1212,.F.);
#1545=ORIENTED_EDGE('',*,*,#1210,.F.);
#1546=ORIENTED_EDGE('',*,*,#1214,.F.);
#1547=ORIENTED_EDGE('',*,*,#1203,.T.);
#1548=ORIENTED_EDGE('',*,*,#1216,.T.);
#1549=ORIENTED_EDGE('',*,*,#1217,.T.);
#1550=ORIENTED_EDGE('',*,*,#1218,.T.);
#1551=ORIENTED_EDGE('',*,*,#1219,.F.);
#1552=ORIENTED_EDGE('',*,*,#1220,.T.);
#1553=ORIENTED_EDGE('',*,*,#1221,.T.);
#1554=ORIENTED_EDGE('',*,*,#1222,.T.);
#1555=ORIENTED_EDGE('',*,*,#1223,.T.);
#1556=ORIENTED_EDGE('',*,*,#1224,.F.);
#1557=ORIENTED_EDGE('',*,*,#1225,.T.);
#1558=ORIENTED_EDGE('',*,*,#1226,.T.);
#1559=ORIENTED_EDGE('',*,*,#1201,.T.);
#1560=ORIENTED_EDGE('',*,*,#1227,.F.);
#1561=ORIENTED_EDGE('',*,*,#1228,.T.);
#1562=ORIENTED_EDGE('',*,*,#1229,.T.);
#1563=ORIENTED_EDGE('',*,*,#1221,.F.);
#1564=ORIENTED_EDGE('',*,*,#1230,.T.);
#1565=ORIENTED_EDGE('',*,*,#1226,.F.);
#1566=ORIENTED_EDGE('',*,*,#1231,.T.);
#1567=ORIENTED_EDGE('',*,*,#1216,.F.);
#1568=ORIENTED_EDGE('',*,*,#1202,.F.);
#1569=ORIENTED_EDGE('',*,*,#1229,.F.);
#1570=ORIENTED_EDGE('',*,*,#1232,.F.);
#1571=ORIENTED_EDGE('',*,*,#1233,.F.);
#1572=ORIENTED_EDGE('',*,*,#1234,.T.);
#1573=ORIENTED_EDGE('',*,*,#1222,.F.);
#1574=ORIENTED_EDGE('',*,*,#1225,.F.);
#1575=ORIENTED_EDGE('',*,*,#1235,.T.);
#1576=ORIENTED_EDGE('',*,*,#1236,.T.);
#1577=ORIENTED_EDGE('',*,*,#1237,.T.);
#1578=ORIENTED_EDGE('',*,*,#1238,.T.);
#1579=ORIENTED_EDGE('',*,*,#1239,.T.);
#1580=ORIENTED_EDGE('',*,*,#1240,.T.);
#1581=ORIENTED_EDGE('',*,*,#1241,.T.);
#1582=ORIENTED_EDGE('',*,*,#1242,.T.);
#1583=ORIENTED_EDGE('',*,*,#1243,.T.);
#1584=ORIENTED_EDGE('',*,*,#1244,.T.);
#1585=ORIENTED_EDGE('',*,*,#1245,.T.);
#1586=ORIENTED_EDGE('',*,*,#1246,.F.);
#1587=ORIENTED_EDGE('',*,*,#1247,.F.);
#1588=ORIENTED_EDGE('',*,*,#1231,.F.);
#1589=ORIENTED_EDGE('',*,*,#1248,.F.);
#1590=ORIENTED_EDGE('',*,*,#1233,.T.);
#1591=ORIENTED_EDGE('',*,*,#1249,.T.);
#1592=ORIENTED_EDGE('',*,*,#1250,.T.);
#1593=ORIENTED_EDGE('',*,*,#1251,.F.);
#1594=ORIENTED_EDGE('',*,*,#1252,.F.);
#1595=ORIENTED_EDGE('',*,*,#1253,.T.);
#1596=ORIENTED_EDGE('',*,*,#1254,.T.);
#1597=ORIENTED_EDGE('',*,*,#1246,.T.);
#1598=ORIENTED_EDGE('',*,*,#1255,.T.);
#1599=ORIENTED_EDGE('',*,*,#1228,.F.);
#1600=ORIENTED_EDGE('',*,*,#1256,.F.);
#1601=ORIENTED_EDGE('',*,*,#1249,.F.);
#1602=ORIENTED_EDGE('',*,*,#1232,.T.);
#1603=ORIENTED_EDGE('',*,*,#1254,.F.);
#1604=ORIENTED_EDGE('',*,*,#1257,.T.);
#1605=ORIENTED_EDGE('',*,*,#1217,.F.);
#1606=ORIENTED_EDGE('',*,*,#1247,.T.);
#1607=ORIENTED_EDGE('',*,*,#1250,.F.);
#1608=ORIENTED_EDGE('',*,*,#1258,.F.);
#1609=ORIENTED_EDGE('',*,*,#1259,.F.);
#1610=ORIENTED_EDGE('',*,*,#1260,.T.);
#1611=ORIENTED_EDGE('',*,*,#1213,.F.);
#1612=ORIENTED_EDGE('',*,*,#1218,.F.);
#1613=ORIENTED_EDGE('',*,*,#1257,.F.);
#1614=ORIENTED_EDGE('',*,*,#1253,.F.);
#1615=ORIENTED_EDGE('',*,*,#1261,.F.);
#1616=ORIENTED_EDGE('',*,*,#1262,.F.);
#1617=ORIENTED_EDGE('',*,*,#1237,.F.);
#1618=ORIENTED_EDGE('',*,*,#1263,.T.);
#1619=ORIENTED_EDGE('',*,*,#1264,.F.);
#1620=ORIENTED_EDGE('',*,*,#1265,.F.);
#1621=ORIENTED_EDGE('',*,*,#1238,.F.);
#1622=ORIENTED_EDGE('',*,*,#1265,.T.);
#1623=ORIENTED_EDGE('',*,*,#1266,.F.);
#1624=ORIENTED_EDGE('',*,*,#1267,.F.);
#1625=ORIENTED_EDGE('',*,*,#1239,.F.);
#1626=ORIENTED_EDGE('',*,*,#1267,.T.);
#1627=ORIENTED_EDGE('',*,*,#1268,.F.);
#1628=ORIENTED_EDGE('',*,*,#1269,.F.);
#1629=ORIENTED_EDGE('',*,*,#1240,.F.);
#1630=ORIENTED_EDGE('',*,*,#1269,.T.);
#1631=ORIENTED_EDGE('',*,*,#1270,.F.);
#1632=ORIENTED_EDGE('',*,*,#1271,.F.);
#1633=ORIENTED_EDGE('',*,*,#1241,.F.);
#1634=ORIENTED_EDGE('',*,*,#1271,.T.);
#1635=ORIENTED_EDGE('',*,*,#1272,.F.);
#1636=ORIENTED_EDGE('',*,*,#1273,.F.);
#1637=ORIENTED_EDGE('',*,*,#1242,.F.);
#1638=ORIENTED_EDGE('',*,*,#1273,.T.);
#1639=ORIENTED_EDGE('',*,*,#1274,.F.);
#1640=ORIENTED_EDGE('',*,*,#1275,.F.);
#1641=ORIENTED_EDGE('',*,*,#1243,.F.);
#1642=ORIENTED_EDGE('',*,*,#1275,.T.);
#1643=ORIENTED_EDGE('',*,*,#1276,.F.);
#1644=ORIENTED_EDGE('',*,*,#1277,.F.);
#1645=ORIENTED_EDGE('',*,*,#1244,.F.);
#1646=ORIENTED_EDGE('',*,*,#1277,.T.);
#1647=ORIENTED_EDGE('',*,*,#1278,.F.);
#1648=ORIENTED_EDGE('',*,*,#1279,.F.);
#1649=ORIENTED_EDGE('',*,*,#1245,.F.);
#1650=ORIENTED_EDGE('',*,*,#1279,.T.);
#1651=ORIENTED_EDGE('',*,*,#1280,.F.);
#1652=ORIENTED_EDGE('',*,*,#1281,.F.);
#1653=ORIENTED_EDGE('',*,*,#1255,.F.);
#1654=ORIENTED_EDGE('',*,*,#1281,.T.);
#1655=ORIENTED_EDGE('',*,*,#1282,.F.);
#1656=ORIENTED_EDGE('',*,*,#1283,.F.);
#1657=ORIENTED_EDGE('',*,*,#1223,.F.);
#1658=ORIENTED_EDGE('',*,*,#1234,.F.);
#1659=ORIENTED_EDGE('',*,*,#1248,.T.);
#1660=ORIENTED_EDGE('',*,*,#1283,.T.);
#1661=ORIENTED_EDGE('',*,*,#1284,.F.);
#1662=ORIENTED_EDGE('',*,*,#1285,.F.);
#1663=ORIENTED_EDGE('',*,*,#1235,.F.);
#1664=ORIENTED_EDGE('',*,*,#1224,.T.);
#1665=ORIENTED_EDGE('',*,*,#1236,.F.);
#1666=ORIENTED_EDGE('',*,*,#1285,.T.);
#1667=ORIENTED_EDGE('',*,*,#1286,.F.);
#1668=ORIENTED_EDGE('',*,*,#1263,.F.);
#1669=ORIENTED_EDGE('',*,*,#1286,.T.);
#1670=ORIENTED_EDGE('',*,*,#1284,.T.);
#1671=ORIENTED_EDGE('',*,*,#1282,.T.);
#1672=ORIENTED_EDGE('',*,*,#1280,.T.);
#1673=ORIENTED_EDGE('',*,*,#1278,.T.);
#1674=ORIENTED_EDGE('',*,*,#1276,.T.);
#1675=ORIENTED_EDGE('',*,*,#1274,.T.);
#1676=ORIENTED_EDGE('',*,*,#1272,.T.);
#1677=ORIENTED_EDGE('',*,*,#1270,.T.);
#1678=ORIENTED_EDGE('',*,*,#1268,.T.);
#1679=ORIENTED_EDGE('',*,*,#1266,.T.);
#1680=ORIENTED_EDGE('',*,*,#1264,.T.);
#1681=ORIENTED_EDGE('',*,*,#1287,.T.);
#1682=ORIENTED_EDGE('',*,*,#1288,.T.);
#1683=ORIENTED_EDGE('',*,*,#1289,.F.);
#1684=ORIENTED_EDGE('',*,*,#1290,.T.);
#1685=ORIENTED_EDGE('',*,*,#1291,.F.);
#1686=ORIENTED_EDGE('',*,*,#1292,.T.);
#1687=ORIENTED_EDGE('',*,*,#1258,.T.);
#1688=ORIENTED_EDGE('',*,*,#1256,.T.);
#1689=ORIENTED_EDGE('',*,*,#1230,.F.);
#1690=ORIENTED_EDGE('',*,*,#1220,.F.);
#1691=ORIENTED_EDGE('',*,*,#1293,.F.);
#1692=ORIENTED_EDGE('',*,*,#1287,.F.);
#1693=ORIENTED_EDGE('',*,*,#1215,.F.);
#1694=ORIENTED_EDGE('',*,*,#1294,.F.);
#1695=ORIENTED_EDGE('',*,*,#1191,.F.);
#1696=ORIENTED_EDGE('',*,*,#1198,.T.);
#1697=ORIENTED_EDGE('',*,*,#1211,.F.);
#1698=ORIENTED_EDGE('',*,*,#1260,.F.);
#1699=ORIENTED_EDGE('',*,*,#1205,.T.);
#1700=ORIENTED_EDGE('',*,*,#1295,.T.);
#1701=ORIENTED_EDGE('',*,*,#1199,.T.);
#1702=ORIENTED_EDGE('',*,*,#1190,.T.);
#1703=ORIENTED_EDGE('',*,*,#1296,.F.);
#1704=ORIENTED_EDGE('',*,*,#1297,.T.);
#1705=ORIENTED_EDGE('',*,*,#1298,.F.);
#1706=ORIENTED_EDGE('',*,*,#1299,.F.);
#1707=ORIENTED_EDGE('',*,*,#1261,.T.);
#1708=ORIENTED_EDGE('',*,*,#1252,.T.);
#1709=ORIENTED_EDGE('',*,*,#1300,.T.);
#1710=ORIENTED_EDGE('',*,*,#1301,.F.);
#1711=ORIENTED_EDGE('',*,*,#1302,.T.);
#1712=ORIENTED_EDGE('',*,*,#1303,.T.);
#1713=ORIENTED_EDGE('',*,*,#1304,.F.);
#1714=ORIENTED_EDGE('',*,*,#1194,.T.);
#1715=ORIENTED_EDGE('',*,*,#1295,.F.);
#1716=ORIENTED_EDGE('',*,*,#1207,.F.);
#1717=ORIENTED_EDGE('',*,*,#1192,.T.);
#1718=ORIENTED_EDGE('',*,*,#1305,.F.);
#1719=ORIENTED_EDGE('',*,*,#1296,.T.);
#1720=ORIENTED_EDGE('',*,*,#1189,.T.);
#1721=ORIENTED_EDGE('',*,*,#1294,.T.);
#1722=ORIENTED_EDGE('',*,*,#1259,.T.);
#1723=ORIENTED_EDGE('',*,*,#1292,.F.);
#1724=ORIENTED_EDGE('',*,*,#1306,.T.);
#1725=ORIENTED_EDGE('',*,*,#1307,.F.);
#1726=ORIENTED_EDGE('',*,*,#1300,.F.);
#1727=ORIENTED_EDGE('',*,*,#1251,.T.);
#1728=ORIENTED_EDGE('',*,*,#1308,.F.);
#1729=ORIENTED_EDGE('',*,*,#1309,.T.);
#1730=ORIENTED_EDGE('',*,*,#1310,.F.);
#1731=ORIENTED_EDGE('',*,*,#1297,.F.);
#1732=ORIENTED_EDGE('',*,*,#1310,.T.);
#1733=ORIENTED_EDGE('',*,*,#1311,.T.);
#1734=ORIENTED_EDGE('',*,*,#1312,.T.);
#1735=ORIENTED_EDGE('',*,*,#1298,.T.);
#1736=ORIENTED_EDGE('',*,*,#1308,.T.);
#1737=ORIENTED_EDGE('',*,*,#1305,.T.);
#1738=ORIENTED_EDGE('',*,*,#1197,.T.);
#1739=ORIENTED_EDGE('',*,*,#1313,.T.);
#1740=ORIENTED_EDGE('',*,*,#1314,.T.);
#1741=ORIENTED_EDGE('',*,*,#1315,.T.);
#1742=ORIENTED_EDGE('',*,*,#1316,.T.);
#1743=ORIENTED_EDGE('',*,*,#1317,.F.);
#1744=ORIENTED_EDGE('',*,*,#1318,.F.);
#1745=ORIENTED_EDGE('',*,*,#1319,.T.);
#1746=ORIENTED_EDGE('',*,*,#1289,.T.);
#1747=ORIENTED_EDGE('',*,*,#1320,.F.);
#1748=ORIENTED_EDGE('',*,*,#1321,.T.);
#1749=ORIENTED_EDGE('',*,*,#1322,.F.);
#1750=ORIENTED_EDGE('',*,*,#1306,.F.);
#1751=ORIENTED_EDGE('',*,*,#1301,.T.);
#1752=ORIENTED_EDGE('',*,*,#1307,.T.);
#1753=ORIENTED_EDGE('',*,*,#1322,.T.);
#1754=ORIENTED_EDGE('',*,*,#1323,.T.);
#1755=ORIENTED_EDGE('',*,*,#1324,.F.);
#1756=ORIENTED_EDGE('',*,*,#1325,.T.);
#1757=ORIENTED_EDGE('',*,*,#1326,.F.);
#1758=ORIENTED_EDGE('',*,*,#1327,.F.);
#1759=ORIENTED_EDGE('',*,*,#1328,.T.);
#1760=ORIENTED_EDGE('',*,*,#1329,.T.);
#1761=ORIENTED_EDGE('',*,*,#1330,.T.);
#1762=ORIENTED_EDGE('',*,*,#1326,.T.);
#1763=ORIENTED_EDGE('',*,*,#1331,.F.);
#1764=ORIENTED_EDGE('',*,*,#1332,.T.);
#1765=ORIENTED_EDGE('',*,*,#1333,.F.);
#1766=ORIENTED_EDGE('',*,*,#1334,.F.);
#1767=ORIENTED_EDGE('',*,*,#1335,.T.);
#1768=ORIENTED_EDGE('',*,*,#1336,.T.);
#1769=ORIENTED_EDGE('',*,*,#1333,.T.);
#1770=ORIENTED_EDGE('',*,*,#1337,.T.);
#1771=ORIENTED_EDGE('',*,*,#1338,.T.);
#1772=ORIENTED_EDGE('',*,*,#1339,.T.);
#1773=ORIENTED_EDGE('',*,*,#1340,.T.);
#1774=ORIENTED_EDGE('',*,*,#1341,.F.);
#1775=ORIENTED_EDGE('',*,*,#1342,.T.);
#1776=ORIENTED_EDGE('',*,*,#1343,.T.);
#1777=ORIENTED_EDGE('',*,*,#1344,.T.);
#1778=ORIENTED_EDGE('',*,*,#1345,.T.);
#1779=ORIENTED_EDGE('',*,*,#1346,.T.);
#1780=ORIENTED_EDGE('',*,*,#1347,.T.);
#1781=ORIENTED_EDGE('',*,*,#1341,.T.);
#1782=ORIENTED_EDGE('',*,*,#1348,.T.);
#1783=ORIENTED_EDGE('',*,*,#1349,.F.);
#1784=ORIENTED_EDGE('',*,*,#1350,.T.);
#1785=ORIENTED_EDGE('',*,*,#1343,.F.);
#1786=ORIENTED_EDGE('',*,*,#1351,.F.);
#1787=ORIENTED_EDGE('',*,*,#1352,.F.);
#1788=ORIENTED_EDGE('',*,*,#1334,.T.);
#1789=ORIENTED_EDGE('',*,*,#1336,.F.);
#1790=ORIENTED_EDGE('',*,*,#1353,.T.);
#1791=ORIENTED_EDGE('',*,*,#1338,.F.);
#1792=ORIENTED_EDGE('',*,*,#1347,.F.);
#1793=ORIENTED_EDGE('',*,*,#1342,.F.);
#1794=ORIENTED_EDGE('',*,*,#1354,.F.);
#1795=ORIENTED_EDGE('',*,*,#1339,.F.);
#1796=ORIENTED_EDGE('',*,*,#1353,.F.);
#1797=ORIENTED_EDGE('',*,*,#1335,.F.);
#1798=ORIENTED_EDGE('',*,*,#1355,.F.);
#1799=ORIENTED_EDGE('',*,*,#1356,.T.);
#1800=ORIENTED_EDGE('',*,*,#1357,.F.);
#1801=ORIENTED_EDGE('',*,*,#1358,.F.);
#1802=ORIENTED_EDGE('',*,*,#1359,.F.);
#1803=ORIENTED_EDGE('',*,*,#1358,.T.);
#1804=ORIENTED_EDGE('',*,*,#1360,.T.);
#1805=ORIENTED_EDGE('',*,*,#1328,.F.);
#1806=ORIENTED_EDGE('',*,*,#1325,.F.);
#1807=ORIENTED_EDGE('',*,*,#1361,.F.);
#1808=ORIENTED_EDGE('',*,*,#1362,.F.);
#1809=ORIENTED_EDGE('',*,*,#1363,.F.);
#1810=ORIENTED_EDGE('',*,*,#1327,.T.);
#1811=ORIENTED_EDGE('',*,*,#1330,.F.);
#1812=ORIENTED_EDGE('',*,*,#1364,.F.);
#1813=ORIENTED_EDGE('',*,*,#1356,.F.);
#1814=ORIENTED_EDGE('',*,*,#1364,.T.);
#1815=ORIENTED_EDGE('',*,*,#1329,.F.);
#1816=ORIENTED_EDGE('',*,*,#1360,.F.);
#1817=ORIENTED_EDGE('',*,*,#1357,.T.);
#1818=ORIENTED_EDGE('',*,*,#1365,.F.);
#1819=ORIENTED_EDGE('',*,*,#1366,.T.);
#1820=ORIENTED_EDGE('',*,*,#1367,.F.);
#1821=ORIENTED_EDGE('',*,*,#1368,.F.);
#1822=ORIENTED_EDGE('',*,*,#1369,.F.);
#1823=ORIENTED_EDGE('',*,*,#1368,.T.);
#1824=ORIENTED_EDGE('',*,*,#1370,.F.);
#1825=ORIENTED_EDGE('',*,*,#1371,.F.);
#1826=ORIENTED_EDGE('',*,*,#1372,.T.);
#1827=ORIENTED_EDGE('',*,*,#1373,.F.);
#1828=ORIENTED_EDGE('',*,*,#1370,.T.);
#1829=ORIENTED_EDGE('',*,*,#1367,.T.);
#1830=ORIENTED_EDGE('',*,*,#1374,.F.);
#1831=ORIENTED_EDGE('',*,*,#1371,.T.);
#1832=ORIENTED_EDGE('',*,*,#1375,.F.);
#1833=ORIENTED_EDGE('',*,*,#1376,.F.);
#1834=ORIENTED_EDGE('',*,*,#1377,.F.);
#1835=ORIENTED_EDGE('',*,*,#1378,.T.);
#1836=ORIENTED_EDGE('',*,*,#1379,.T.);
#1837=ORIENTED_EDGE('',*,*,#1375,.T.);
#1838=ORIENTED_EDGE('',*,*,#1380,.F.);
#1839=ORIENTED_EDGE('',*,*,#1381,.T.);
#1840=ORIENTED_EDGE('',*,*,#1382,.F.);
#1841=ORIENTED_EDGE('',*,*,#1383,.F.);
#1842=ORIENTED_EDGE('',*,*,#1384,.F.);
#1843=ORIENTED_EDGE('',*,*,#1383,.T.);
#1844=ORIENTED_EDGE('',*,*,#1385,.F.);
#1845=ORIENTED_EDGE('',*,*,#1386,.F.);
#1846=ORIENTED_EDGE('',*,*,#1387,.F.);
#1847=ORIENTED_EDGE('',*,*,#1388,.T.);
#1848=ORIENTED_EDGE('',*,*,#1385,.T.);
#1849=ORIENTED_EDGE('',*,*,#1382,.T.);
#1850=ORIENTED_EDGE('',*,*,#1389,.F.);
#1851=ORIENTED_EDGE('',*,*,#1318,.T.);
#1852=ORIENTED_EDGE('',*,*,#1390,.F.);
#1853=ORIENTED_EDGE('',*,*,#1381,.F.);
#1854=ORIENTED_EDGE('',*,*,#1317,.T.);
#1855=ORIENTED_EDGE('',*,*,#1391,.T.);
#1856=ORIENTED_EDGE('',*,*,#1392,.F.);
#1857=ORIENTED_EDGE('',*,*,#1390,.T.);
#1858=ORIENTED_EDGE('',*,*,#1393,.T.);
#1859=ORIENTED_EDGE('',*,*,#1315,.F.);
#1860=ORIENTED_EDGE('',*,*,#1394,.T.);
#1861=ORIENTED_EDGE('',*,*,#1395,.F.);
#1862=ORIENTED_EDGE('',*,*,#1396,.T.);
#1863=ORIENTED_EDGE('',*,*,#1365,.T.);
#1864=ORIENTED_EDGE('',*,*,#1369,.T.);
#1865=ORIENTED_EDGE('',*,*,#1374,.T.);
#1866=ORIENTED_EDGE('',*,*,#1397,.F.);
#1867=ORIENTED_EDGE('',*,*,#1290,.F.);
#1868=ORIENTED_EDGE('',*,*,#1319,.F.);
#1869=ORIENTED_EDGE('',*,*,#1389,.T.);
#1870=ORIENTED_EDGE('',*,*,#1380,.T.);
#1871=ORIENTED_EDGE('',*,*,#1384,.T.);
#1872=ORIENTED_EDGE('',*,*,#1398,.T.);
#1873=ORIENTED_EDGE('',*,*,#1399,.F.);
#1874=ORIENTED_EDGE('',*,*,#1400,.F.);
#1875=ORIENTED_EDGE('',*,*,#1344,.F.);
#1876=ORIENTED_EDGE('',*,*,#1350,.F.);
#1877=ORIENTED_EDGE('',*,*,#1401,.T.);
#1878=ORIENTED_EDGE('',*,*,#1378,.F.);
#1879=ORIENTED_EDGE('',*,*,#1372,.F.);
#1880=ORIENTED_EDGE('',*,*,#1366,.F.);
#1881=ORIENTED_EDGE('',*,*,#1396,.F.);
#1882=ORIENTED_EDGE('',*,*,#1402,.F.);
#1883=ORIENTED_EDGE('',*,*,#1403,.F.);
#1884=ORIENTED_EDGE('',*,*,#1403,.T.);
#1885=ORIENTED_EDGE('',*,*,#1404,.F.);
#1886=ORIENTED_EDGE('',*,*,#1400,.T.);
#1887=ORIENTED_EDGE('',*,*,#1377,.T.);
#1888=ORIENTED_EDGE('',*,*,#1373,.T.);
#1889=ORIENTED_EDGE('',*,*,#1405,.F.);
#1890=ORIENTED_EDGE('',*,*,#1406,.F.);
#1891=ORIENTED_EDGE('',*,*,#1398,.F.);
#1892=ORIENTED_EDGE('',*,*,#1386,.T.);
#1893=ORIENTED_EDGE('',*,*,#1388,.F.);
#1894=ORIENTED_EDGE('',*,*,#1391,.F.);
#1895=ORIENTED_EDGE('',*,*,#1316,.F.);
#1896=ORIENTED_EDGE('',*,*,#1393,.F.);
#1897=ORIENTED_EDGE('',*,*,#1407,.F.);
#1898=ORIENTED_EDGE('',*,*,#1408,.F.);
#1899=ORIENTED_EDGE('',*,*,#1392,.T.);
#1900=ORIENTED_EDGE('',*,*,#1408,.T.);
#1901=ORIENTED_EDGE('',*,*,#1409,.F.);
#1902=ORIENTED_EDGE('',*,*,#1405,.T.);
#1903=ORIENTED_EDGE('',*,*,#1387,.T.);
#1904=ORIENTED_EDGE('',*,*,#1363,.T.);
#1905=ORIENTED_EDGE('',*,*,#1410,.T.);
#1906=ORIENTED_EDGE('',*,*,#1345,.F.);
#1907=ORIENTED_EDGE('',*,*,#1404,.T.);
#1908=ORIENTED_EDGE('',*,*,#1402,.T.);
#1909=ORIENTED_EDGE('',*,*,#1399,.T.);
#1910=ORIENTED_EDGE('',*,*,#1406,.T.);
#1911=ORIENTED_EDGE('',*,*,#1409,.T.);
#1912=ORIENTED_EDGE('',*,*,#1411,.F.);
#1913=ORIENTED_EDGE('',*,*,#1412,.T.);
#1914=ORIENTED_EDGE('',*,*,#1361,.T.);
#1915=ORIENTED_EDGE('',*,*,#1324,.T.);
#1916=ORIENTED_EDGE('',*,*,#1206,.T.);
#1917=ORIENTED_EDGE('',*,*,#1262,.T.);
#1918=ORIENTED_EDGE('',*,*,#1302,.F.);
#1919=ORIENTED_EDGE('',*,*,#1323,.F.);
#1920=ORIENTED_EDGE('',*,*,#1321,.F.);
#1921=ORIENTED_EDGE('',*,*,#1303,.F.);
#1922=ORIENTED_EDGE('',*,*,#1200,.T.);
#1923=ORIENTED_EDGE('',*,*,#1299,.T.);
#1924=ORIENTED_EDGE('',*,*,#1312,.F.);
#1925=ORIENTED_EDGE('',*,*,#1413,.T.);
#1926=ORIENTED_EDGE('',*,*,#1227,.T.);
#1927=ORIENTED_EDGE('',*,*,#1293,.T.);
#1928=ORIENTED_EDGE('',*,*,#1219,.T.);
#1929=ORIENTED_EDGE('',*,*,#1413,.F.);
#1930=ORIENTED_EDGE('',*,*,#1311,.F.);
#1931=ORIENTED_EDGE('',*,*,#1309,.F.);
#1932=ORIENTED_EDGE('',*,*,#1288,.F.);
#1933=ORIENTED_EDGE('',*,*,#1414,.T.);
#1934=ORIENTED_EDGE('',*,*,#1415,.T.);
#1935=ORIENTED_EDGE('',*,*,#1416,.T.);
#1936=ORIENTED_EDGE('',*,*,#1417,.F.);
#1937=ORIENTED_EDGE('',*,*,#1418,.T.);
#1938=ORIENTED_EDGE('',*,*,#1419,.T.);
#1939=ORIENTED_EDGE('',*,*,#1420,.F.);
#1940=ORIENTED_EDGE('',*,*,#1421,.F.);
#1941=ORIENTED_EDGE('',*,*,#1422,.F.);
#1942=ORIENTED_EDGE('',*,*,#1415,.F.);
#1943=ORIENTED_EDGE('',*,*,#1422,.T.);
#1944=ORIENTED_EDGE('',*,*,#1423,.F.);
#1945=ORIENTED_EDGE('',*,*,#1424,.F.);
#1946=ORIENTED_EDGE('',*,*,#1416,.F.);
#1947=ORIENTED_EDGE('',*,*,#1425,.F.);
#1948=ORIENTED_EDGE('',*,*,#1426,.F.);
#1949=ORIENTED_EDGE('',*,*,#1427,.F.);
#1950=ORIENTED_EDGE('',*,*,#1418,.F.);
#1951=ORIENTED_EDGE('',*,*,#1427,.T.);
#1952=ORIENTED_EDGE('',*,*,#1428,.F.);
#1953=ORIENTED_EDGE('',*,*,#1429,.F.);
#1954=ORIENTED_EDGE('',*,*,#1419,.F.);
#1955=ORIENTED_EDGE('',*,*,#1429,.T.);
#1956=ORIENTED_EDGE('',*,*,#1430,.F.);
#1957=ORIENTED_EDGE('',*,*,#1420,.T.);
#1958=ORIENTED_EDGE('',*,*,#1414,.F.);
#1959=ORIENTED_EDGE('',*,*,#1430,.T.);
#1960=ORIENTED_EDGE('',*,*,#1428,.T.);
#1961=ORIENTED_EDGE('',*,*,#1426,.T.);
#1962=ORIENTED_EDGE('',*,*,#1431,.F.);
#1963=ORIENTED_EDGE('',*,*,#1423,.T.);
#1964=ORIENTED_EDGE('',*,*,#1421,.T.);
#1965=ORIENTED_EDGE('',*,*,#1432,.F.);
#1966=ORIENTED_EDGE('',*,*,#1433,.T.);
#1967=ORIENTED_EDGE('',*,*,#1434,.F.);
#1968=ORIENTED_EDGE('',*,*,#1435,.F.);
#1969=ORIENTED_EDGE('',*,*,#1435,.T.);
#1970=ORIENTED_EDGE('',*,*,#1436,.F.);
#1971=ORIENTED_EDGE('',*,*,#1437,.F.);
#1972=ORIENTED_EDGE('',*,*,#1438,.F.);
#1973=ORIENTED_EDGE('',*,*,#1439,.F.);
#1974=ORIENTED_EDGE('',*,*,#1440,.F.);
#1975=ORIENTED_EDGE('',*,*,#1441,.F.);
#1976=ORIENTED_EDGE('',*,*,#1442,.F.);
#1977=ORIENTED_EDGE('',*,*,#1434,.T.);
#1978=ORIENTED_EDGE('',*,*,#1443,.T.);
#1979=ORIENTED_EDGE('',*,*,#1444,.T.);
#1980=ORIENTED_EDGE('',*,*,#1436,.T.);
#1981=ORIENTED_EDGE('',*,*,#1445,.T.);
#1982=ORIENTED_EDGE('',*,*,#1437,.T.);
#1983=ORIENTED_EDGE('',*,*,#1444,.F.);
#1984=ORIENTED_EDGE('',*,*,#1446,.F.);
#1985=ORIENTED_EDGE('',*,*,#1447,.F.);
#1986=ORIENTED_EDGE('',*,*,#1441,.T.);
#1987=ORIENTED_EDGE('',*,*,#1448,.T.);
#1988=ORIENTED_EDGE('',*,*,#1449,.T.);
#1989=ORIENTED_EDGE('',*,*,#1446,.T.);
#1990=ORIENTED_EDGE('',*,*,#1443,.F.);
#1991=ORIENTED_EDGE('',*,*,#1433,.F.);
#1992=ORIENTED_EDGE('',*,*,#1450,.F.);
#1993=ORIENTED_EDGE('',*,*,#1313,.F.);
#1994=ORIENTED_EDGE('',*,*,#1196,.F.);
#1995=ORIENTED_EDGE('',*,*,#1451,.F.);
#1996=ORIENTED_EDGE('',*,*,#1452,.F.);
#1997=ORIENTED_EDGE('',*,*,#1453,.T.);
#1998=ORIENTED_EDGE('',*,*,#1454,.T.);
#1999=ORIENTED_EDGE('',*,*,#1455,.T.);
#2000=ORIENTED_EDGE('',*,*,#1456,.T.);
#2001=ORIENTED_EDGE('',*,*,#1457,.F.);
#2002=ORIENTED_EDGE('',*,*,#1458,.T.);
#2003=ORIENTED_EDGE('',*,*,#1459,.F.);
#2004=ORIENTED_EDGE('',*,*,#1460,.T.);
#2005=ORIENTED_EDGE('',*,*,#1461,.T.);
#2006=ORIENTED_EDGE('',*,*,#1462,.F.);
#2007=ORIENTED_EDGE('',*,*,#1463,.F.);
#2008=ORIENTED_EDGE('',*,*,#1464,.F.);
#2009=ORIENTED_EDGE('',*,*,#1465,.T.);
#2010=ORIENTED_EDGE('',*,*,#1466,.F.);
#2011=ORIENTED_EDGE('',*,*,#1467,.F.);
#2012=ORIENTED_EDGE('',*,*,#1468,.F.);
#2013=ORIENTED_EDGE('',*,*,#1469,.T.);
#2014=ORIENTED_EDGE('',*,*,#1470,.F.);
#2015=ORIENTED_EDGE('',*,*,#1471,.F.);
#2016=ORIENTED_EDGE('',*,*,#1456,.F.);
#2017=ORIENTED_EDGE('',*,*,#1472,.F.);
#2018=ORIENTED_EDGE('',*,*,#1473,.F.);
#2019=ORIENTED_EDGE('',*,*,#1474,.F.);
#2020=ORIENTED_EDGE('',*,*,#1469,.F.);
#2021=ORIENTED_EDGE('',*,*,#1455,.F.);
#2022=ORIENTED_EDGE('',*,*,#1475,.F.);
#2023=ORIENTED_EDGE('',*,*,#1461,.F.);
#2024=ORIENTED_EDGE('',*,*,#1476,.F.);
#2025=ORIENTED_EDGE('',*,*,#1477,.F.);
#2026=ORIENTED_EDGE('',*,*,#1478,.F.);
#2027=ORIENTED_EDGE('',*,*,#1479,.T.);
#2028=ORIENTED_EDGE('',*,*,#1480,.F.);
#2029=ORIENTED_EDGE('',*,*,#1465,.F.);
#2030=ORIENTED_EDGE('',*,*,#1481,.F.);
#2031=ORIENTED_EDGE('',*,*,#1453,.F.);
#2032=ORIENTED_EDGE('',*,*,#1482,.F.);
#2033=ORIENTED_EDGE('',*,*,#1483,.F.);
#2034=ORIENTED_EDGE('',*,*,#1484,.F.);
#2035=ORIENTED_EDGE('',*,*,#1485,.F.);
#2036=ORIENTED_EDGE('',*,*,#1477,.T.);
#2037=ORIENTED_EDGE('',*,*,#1486,.T.);
#2038=ORIENTED_EDGE('',*,*,#1479,.F.);
#2039=ORIENTED_EDGE('',*,*,#1473,.T.);
#2040=ORIENTED_EDGE('',*,*,#1487,.F.);
#2041=ORIENTED_EDGE('',*,*,#1488,.F.);
#2042=ORIENTED_EDGE('',*,*,#1489,.T.);
#2043=ORIENTED_EDGE('',*,*,#1484,.T.);
#2044=ORIENTED_EDGE('',*,*,#1490,.T.);
#2045=ORIENTED_EDGE('',*,*,#1491,.F.);
#2046=ORIENTED_EDGE('',*,*,#1492,.F.);
#2047=ORIENTED_EDGE('',*,*,#1474,.T.);
#2048=ORIENTED_EDGE('',*,*,#1489,.F.);
#2049=ORIENTED_EDGE('',*,*,#1493,.F.);
#2050=ORIENTED_EDGE('',*,*,#1470,.T.);
#2051=ORIENTED_EDGE('',*,*,#1483,.T.);
#2052=ORIENTED_EDGE('',*,*,#1494,.T.);
#2053=ORIENTED_EDGE('',*,*,#1495,.F.);
#2054=ORIENTED_EDGE('',*,*,#1490,.F.);
#2055=ORIENTED_EDGE('',*,*,#1480,.T.);
#2056=ORIENTED_EDGE('',*,*,#1496,.T.);
#2057=ORIENTED_EDGE('',*,*,#1497,.F.);
#2058=ORIENTED_EDGE('',*,*,#1466,.T.);
#2059=ORIENTED_EDGE('',*,*,#1476,.T.);
#2060=ORIENTED_EDGE('',*,*,#1464,.T.);
#2061=ORIENTED_EDGE('',*,*,#1498,.F.);
#2062=ORIENTED_EDGE('',*,*,#1499,.T.);
#2063=ORIENTED_EDGE('',*,*,#1432,.T.);
#2064=ORIENTED_EDGE('',*,*,#1442,.T.);
#2065=ORIENTED_EDGE('',*,*,#1447,.T.);
#2066=ORIENTED_EDGE('',*,*,#1450,.T.);
#2067=ORIENTED_EDGE('',*,*,#1478,.T.);
#2068=ORIENTED_EDGE('',*,*,#1492,.T.);
#2069=ORIENTED_EDGE('',*,*,#1500,.F.);
#2070=ORIENTED_EDGE('',*,*,#1449,.F.);
#2071=ORIENTED_EDGE('',*,*,#1501,.F.);
#2072=ORIENTED_EDGE('',*,*,#1487,.T.);
#2073=ORIENTED_EDGE('',*,*,#1472,.T.);
#2074=ORIENTED_EDGE('',*,*,#1485,.T.);
#2075=ORIENTED_EDGE('',*,*,#1440,.T.);
#2076=ORIENTED_EDGE('',*,*,#1502,.T.);
#2077=ORIENTED_EDGE('',*,*,#1503,.T.);
#2078=ORIENTED_EDGE('',*,*,#1457,.T.);
#2079=ORIENTED_EDGE('',*,*,#1471,.T.);
#2080=ORIENTED_EDGE('',*,*,#1493,.T.);
#2081=ORIENTED_EDGE('',*,*,#1488,.T.);
#2082=ORIENTED_EDGE('',*,*,#1501,.T.);
#2083=ORIENTED_EDGE('',*,*,#1448,.F.);
#2084=ORIENTED_EDGE('',*,*,#1498,.T.);
#2085=ORIENTED_EDGE('',*,*,#1463,.T.);
#2086=ORIENTED_EDGE('',*,*,#1504,.T.);
#2087=ORIENTED_EDGE('',*,*,#1462,.T.);
#2088=ORIENTED_EDGE('',*,*,#1475,.T.);
#2089=ORIENTED_EDGE('',*,*,#1454,.F.);
#2090=ORIENTED_EDGE('',*,*,#1481,.T.);
#2091=ORIENTED_EDGE('',*,*,#1468,.T.);
#2092=ORIENTED_EDGE('',*,*,#1505,.F.);
#2093=ORIENTED_EDGE('',*,*,#1496,.F.);
#2094=ORIENTED_EDGE('',*,*,#1486,.F.);
#2095=ORIENTED_EDGE('',*,*,#1499,.F.);
#2096=ORIENTED_EDGE('',*,*,#1504,.F.);
#2097=ORIENTED_EDGE('',*,*,#1482,.T.);
#2098=ORIENTED_EDGE('',*,*,#1460,.F.);
#2099=ORIENTED_EDGE('',*,*,#1506,.F.);
#2100=ORIENTED_EDGE('',*,*,#1494,.F.);
#2101=ORIENTED_EDGE('',*,*,#1439,.T.);
#2102=ORIENTED_EDGE('',*,*,#1507,.F.);
#2103=ORIENTED_EDGE('',*,*,#1508,.F.);
#2104=ORIENTED_EDGE('',*,*,#1502,.F.);
#2105=ORIENTED_EDGE('',*,*,#1508,.T.);
#2106=ORIENTED_EDGE('',*,*,#1509,.F.);
#2107=ORIENTED_EDGE('',*,*,#1458,.F.);
#2108=ORIENTED_EDGE('',*,*,#1503,.F.);
#2109=ORIENTED_EDGE('',*,*,#1417,.T.);
#2110=ORIENTED_EDGE('',*,*,#1424,.T.);
#2111=ORIENTED_EDGE('',*,*,#1431,.T.);
#2112=ORIENTED_EDGE('',*,*,#1425,.T.);
#2113=ORIENTED_EDGE('',*,*,#1500,.T.);
#2114=ORIENTED_EDGE('',*,*,#1491,.T.);
#2115=ORIENTED_EDGE('',*,*,#1495,.T.);
#2116=ORIENTED_EDGE('',*,*,#1506,.T.);
#2117=ORIENTED_EDGE('',*,*,#1459,.T.);
#2118=ORIENTED_EDGE('',*,*,#1509,.T.);
#2119=ORIENTED_EDGE('',*,*,#1507,.T.);
#2120=ORIENTED_EDGE('',*,*,#1438,.T.);
#2121=ORIENTED_EDGE('',*,*,#1445,.F.);
#2122=ORIENTED_EDGE('',*,*,#1497,.T.);
#2123=ORIENTED_EDGE('',*,*,#1505,.T.);
#2124=ORIENTED_EDGE('',*,*,#1467,.T.);
#2125=ORIENTED_EDGE('',*,*,#1320,.T.);
#2126=ORIENTED_EDGE('',*,*,#1291,.T.);
#2127=ORIENTED_EDGE('',*,*,#1397,.T.);
#2128=ORIENTED_EDGE('',*,*,#1376,.T.);
#2129=ORIENTED_EDGE('',*,*,#1379,.F.);
#2130=ORIENTED_EDGE('',*,*,#1401,.F.);
#2131=ORIENTED_EDGE('',*,*,#1349,.T.);
#2132=ORIENTED_EDGE('',*,*,#1510,.T.);
#2133=ORIENTED_EDGE('',*,*,#1451,.T.);
#2134=ORIENTED_EDGE('',*,*,#1195,.T.);
#2135=ORIENTED_EDGE('',*,*,#1304,.T.);
#2136=ORIENTED_EDGE('',*,*,#1352,.T.);
#2137=ORIENTED_EDGE('',*,*,#1511,.T.);
#2138=ORIENTED_EDGE('',*,*,#1411,.T.);
#2139=ORIENTED_EDGE('',*,*,#1407,.T.);
#2140=ORIENTED_EDGE('',*,*,#1395,.T.);
#2141=ORIENTED_EDGE('',*,*,#1512,.T.);
#2142=ORIENTED_EDGE('',*,*,#1331,.T.);
#2143=ORIENTED_EDGE('',*,*,#1452,.T.);
#2144=ORIENTED_EDGE('',*,*,#1510,.F.);
#2145=ORIENTED_EDGE('',*,*,#1348,.F.);
#2146=ORIENTED_EDGE('',*,*,#1340,.F.);
#2147=ORIENTED_EDGE('',*,*,#1354,.T.);
#2148=ORIENTED_EDGE('',*,*,#1337,.F.);
#2149=ORIENTED_EDGE('',*,*,#1332,.F.);
#2150=ORIENTED_EDGE('',*,*,#1512,.F.);
#2151=ORIENTED_EDGE('',*,*,#1394,.F.);
#2152=ORIENTED_EDGE('',*,*,#1314,.F.);
#2153=ORIENTED_EDGE('',*,*,#1351,.T.);
#2154=ORIENTED_EDGE('',*,*,#1346,.F.);
#2155=ORIENTED_EDGE('',*,*,#1410,.F.);
#2156=ORIENTED_EDGE('',*,*,#1362,.T.);
#2157=ORIENTED_EDGE('',*,*,#1355,.T.);
#2158=ORIENTED_EDGE('',*,*,#1359,.T.);
#2159=ORIENTED_EDGE('',*,*,#1412,.F.);
#2160=ORIENTED_EDGE('',*,*,#1511,.F.);
#2161=CYLINDRICAL_SURFACE('',#2313,0.3125);
#2162=CYLINDRICAL_SURFACE('',#2318,0.3125);
#2163=CYLINDRICAL_SURFACE('',#2320,0.3125);
#2164=CYLINDRICAL_SURFACE('',#2323,0.3125);
#2165=CYLINDRICAL_SURFACE('',#2325,0.3125);
#2166=CYLINDRICAL_SURFACE('',#2329,0.125);
#2167=CYLINDRICAL_SURFACE('',#2335,0.125);
#2168=CYLINDRICAL_SURFACE('',#2338,0.502755173490256);
#2169=CYLINDRICAL_SURFACE('',#2343,0.125);
#2170=CYLINDRICAL_SURFACE('',#2349,0.125);
#2171=CYLINDRICAL_SURFACE('',#2351,0.502755173490256);
#2172=CYLINDRICAL_SURFACE('',#2369,0.125);
#2173=CYLINDRICAL_SURFACE('',#2370,0.125);
#2174=ADVANCED_FACE('',(#129),#2161,.T.);
#2175=ADVANCED_FACE('',(#130),#25,.T.);
#2176=ADVANCED_FACE('',(#131),#26,.T.);
#2177=ADVANCED_FACE('',(#132),#2162,.T.);
#2178=ADVANCED_FACE('',(#133),#2163,.T.);
#2179=ADVANCED_FACE('',(#134),#2164,.T.);
#2180=ADVANCED_FACE('',(#135),#2165,.T.);
#2181=ADVANCED_FACE('',(#136),#27,.F.);
#2182=ADVANCED_FACE('',(#137),#2166,.T.);
#2183=ADVANCED_FACE('',(#138),#2167,.T.);
#2184=ADVANCED_FACE('',(#139),#2168,.T.);
#2185=ADVANCED_FACE('',(#140),#28,.F.);
#2186=ADVANCED_FACE('',(#141),#29,.F.);
#2187=ADVANCED_FACE('',(#142),#2169,.T.);
#2188=ADVANCED_FACE('',(#143),#2170,.T.);
#2189=ADVANCED_FACE('',(#144),#2171,.T.);
#2190=ADVANCED_FACE('',(#145),#30,.T.);
#2191=ADVANCED_FACE('',(#146),#31,.T.);
#2192=ADVANCED_FACE('',(#147),#32,.T.);
#2193=ADVANCED_FACE('',(#148),#33,.T.);
#2194=ADVANCED_FACE('',(#149),#34,.T.);
#2195=ADVANCED_FACE('',(#150),#35,.T.);
#2196=ADVANCED_FACE('',(#151),#36,.T.);
#2197=ADVANCED_FACE('',(#152),#37,.T.);
#2198=ADVANCED_FACE('',(#153),#38,.T.);
#2199=ADVANCED_FACE('',(#154),#39,.T.);
#2200=ADVANCED_FACE('',(#155),#40,.T.);
#2201=ADVANCED_FACE('',(#156),#41,.T.);
#2202=ADVANCED_FACE('',(#157),#42,.T.);
#2203=ADVANCED_FACE('',(#158),#43,.T.);
#2204=ADVANCED_FACE('',(#159),#44,.T.);
#2205=ADVANCED_FACE('',(#160),#45,.T.);
#2206=ADVANCED_FACE('',(#161),#46,.T.);
#2207=ADVANCED_FACE('',(#162),#2172,.T.);
#2208=ADVANCED_FACE('',(#163),#2173,.T.);
#2209=ADVANCED_FACE('',(#164),#47,.T.);
#2210=ADVANCED_FACE('',(#165),#48,.T.);
#2211=ADVANCED_FACE('',(#166),#49,.T.);
#2212=ADVANCED_FACE('',(#167),#50,.T.);
#2213=ADVANCED_FACE('',(#168),#51,.T.);
#2214=ADVANCED_FACE('',(#169),#52,.T.);
#2215=ADVANCED_FACE('',(#170),#53,.T.);
#2216=ADVANCED_FACE('',(#171),#54,.T.);
#2217=ADVANCED_FACE('',(#172),#55,.T.);
#2218=ADVANCED_FACE('',(#173),#56,.T.);
#2219=ADVANCED_FACE('',(#174),#57,.T.);
#2220=ADVANCED_FACE('',(#175),#58,.T.);
#2221=ADVANCED_FACE('',(#176),#59,.T.);
#2222=ADVANCED_FACE('',(#177),#60,.T.);
#2223=ADVANCED_FACE('',(#178),#61,.T.);
#2224=ADVANCED_FACE('',(#179),#62,.T.);
#2225=ADVANCED_FACE('',(#180),#63,.T.);
#2226=ADVANCED_FACE('',(#181),#64,.T.);
#2227=ADVANCED_FACE('',(#182),#65,.T.);
#2228=ADVANCED_FACE('',(#183),#66,.T.);
#2229=ADVANCED_FACE('',(#184),#67,.T.);
#2230=ADVANCED_FACE('',(#185),#68,.T.);
#2231=ADVANCED_FACE('',(#186),#69,.T.);
#2232=ADVANCED_FACE('',(#187),#70,.T.);
#2233=ADVANCED_FACE('',(#188),#71,.T.);
#2234=ADVANCED_FACE('',(#189),#72,.T.);
#2235=ADVANCED_FACE('',(#190),#73,.T.);
#2236=ADVANCED_FACE('',(#191),#74,.T.);
#2237=ADVANCED_FACE('',(#192),#75,.T.);
#2238=ADVANCED_FACE('',(#193),#76,.T.);
#2239=ADVANCED_FACE('',(#194),#77,.T.);
#2240=ADVANCED_FACE('',(#195),#78,.T.);
#2241=ADVANCED_FACE('',(#196),#79,.T.);
#2242=ADVANCED_FACE('',(#197),#80,.T.);
#2243=ADVANCED_FACE('',(#198),#81,.T.);
#2244=ADVANCED_FACE('',(#199),#82,.T.);
#2245=ADVANCED_FACE('',(#200),#83,.T.);
#2246=ADVANCED_FACE('',(#201),#84,.T.);
#2247=ADVANCED_FACE('',(#202),#85,.T.);
#2248=ADVANCED_FACE('',(#203),#86,.T.);
#2249=ADVANCED_FACE('',(#204),#87,.T.);
#2250=ADVANCED_FACE('',(#205),#88,.T.);
#2251=ADVANCED_FACE('',(#206),#89,.T.);
#2252=ADVANCED_FACE('',(#207),#90,.T.);
#2253=ADVANCED_FACE('',(#208),#91,.T.);
#2254=ADVANCED_FACE('',(#209),#92,.T.);
#2255=ADVANCED_FACE('',(#210),#93,.T.);
#2256=ADVANCED_FACE('',(#211),#94,.T.);
#2257=ADVANCED_FACE('',(#212),#95,.T.);
#2258=ADVANCED_FACE('',(#213),#96,.T.);
#2259=ADVANCED_FACE('',(#214),#97,.T.);
#2260=ADVANCED_FACE('',(#215),#98,.T.);
#2261=ADVANCED_FACE('',(#216),#99,.F.);
#2262=ADVANCED_FACE('',(#217),#100,.T.);
#2263=ADVANCED_FACE('',(#218),#101,.T.);
#2264=ADVANCED_FACE('',(#219),#102,.F.);
#2265=ADVANCED_FACE('',(#220,#15),#103,.T.);
#2266=ADVANCED_FACE('',(#221),#104,.T.);
#2267=ADVANCED_FACE('',(#222),#105,.T.);
#2268=ADVANCED_FACE('',(#223),#106,.T.);
#2269=ADVANCED_FACE('',(#224),#107,.T.);
#2270=ADVANCED_FACE('',(#225),#108,.F.);
#2271=ADVANCED_FACE('',(#226),#109,.F.);
#2272=ADVANCED_FACE('',(#227),#110,.F.);
#2273=ADVANCED_FACE('',(#228),#111,.T.);
#2274=ADVANCED_FACE('',(#229),#112,.T.);
#2275=ADVANCED_FACE('',(#230),#113,.T.);
#2276=ADVANCED_FACE('',(#231),#114,.T.);
#2277=ADVANCED_FACE('',(#232),#115,.T.);
#2278=ADVANCED_FACE('',(#233),#116,.T.);
#2279=ADVANCED_FACE('',(#234),#117,.T.);
#2280=ADVANCED_FACE('',(#235),#118,.T.);
#2281=ADVANCED_FACE('',(#236,#16),#119,.T.);
#2282=ADVANCED_FACE('',(#237),#120,.T.);
#2283=ADVANCED_FACE('',(#238),#121,.T.);
#2284=ADVANCED_FACE('',(#239),#122,.T.);
#2285=ADVANCED_FACE('',(#240,#17),#123,.T.);
#2286=ADVANCED_FACE('',(#241,#18),#124,.T.);
#2287=ADVANCED_FACE('',(#242),#125,.T.);
#2288=ADVANCED_FACE('',(#243),#126,.T.);
#2289=ADVANCED_FACE('',(#244),#127,.T.);
#2290=ADVANCED_FACE('',(#245),#128,.T.);
#2291=CLOSED_SHELL('',(#2174,#2175,#2176,#2177,#2178,#2179,#2180,#2181,
#2182,#2183,#2184,#2185,#2186,#2187,#2188,#2189,#2190,#2191,#2192,#2193,
#2194,#2195,#2196,#2197,#2198,#2199,#2200,#2201,#2202,#2203,#2204,#2205,
#2206,#2207,#2208,#2209,#2210,#2211,#2212,#2213,#2214,#2215,#2216,#2217,
#2218,#2219,#2220,#2221,#2222,#2223,#2224,#2225,#2226,#2227,#2228,#2229,
#2230,#2231,#2232,#2233,#2234,#2235,#2236,#2237,#2238,#2239,#2240,#2241,
#2242,#2243,#2244,#2245,#2246,#2247,#2248,#2249,#2250,#2251,#2252,#2253,
#2254,#2255,#2256,#2257,#2258,#2259,#2260,#2261,#2262,#2263,#2264,#2265,
#2266,#2267,#2268,#2269,#2270,#2271,#2272,#2273,#2274,#2275,#2276,#2277,
#2278,#2279,#2280,#2281,#2282,#2283,#2284,#2285,#2286,#2287,#2288,#2289,
#2290));
#2292=DERIVED_UNIT_ELEMENT(#2294,1.);
#2293=DERIVED_UNIT_ELEMENT(#3765,-3.);
#2294=(
CONVERSION_BASED_UNIT('gram',#2296)
MASS_UNIT()
NAMED_UNIT(#3762)
);
#2295=(
MASS_UNIT()
NAMED_UNIT(*)
SI_UNIT(.KILO.,.GRAM.)
);
#2296=MASS_MEASURE_WITH_UNIT(MASS_MEASURE(0.001),#2295);
#2297=DERIVED_UNIT((#2292,#2293));
#2298=MEASURE_REPRESENTATION_ITEM('density measure',
POSITIVE_RATIO_MEASURE(1.),#2297);
#2299=PROPERTY_DEFINITION_REPRESENTATION(#2304,#2301);
#2300=PROPERTY_DEFINITION_REPRESENTATION(#2305,#2302);
#2301=REPRESENTATION('material name',(#2303),#3759);
#2302=REPRESENTATION('density',(#2298),#3759);
#2303=DESCRIPTIVE_REPRESENTATION_ITEM('Generic','Generic');
#2304=PROPERTY_DEFINITION('material property','material name',#3773);
#2305=PROPERTY_DEFINITION('material property','density of part',#3773);
#2306=DATE_TIME_ROLE('creation_date');
#2307=APPLIED_DATE_AND_TIME_ASSIGNMENT(#2308,#2306,(#3773));
#2308=DATE_AND_TIME(#2309,#2310);
#2309=CALENDAR_DATE(2024,21,11);
#2310=LOCAL_TIME(0,0,0.,#2311);
#2311=COORDINATED_UNIVERSAL_TIME_OFFSET(0,0,.BEHIND.);
#2312=AXIS2_PLACEMENT_3D('',#3030,#2453,#2454);
#2313=AXIS2_PLACEMENT_3D('',#3031,#2455,#2456);
#2314=AXIS2_PLACEMENT_3D('',#3034,#2457,#2458);
#2315=AXIS2_PLACEMENT_3D('',#3049,#2460,#2461);
#2316=AXIS2_PLACEMENT_3D('',#3062,#2468,#2469);
#2317=AXIS2_PLACEMENT_3D('',#3075,#2476,#2477);
#2318=AXIS2_PLACEMENT_3D('',#3076,#2478,#2479);
#2319=AXIS2_PLACEMENT_3D('',#3093,#2481,#2482);
#2320=AXIS2_PLACEMENT_3D('',#3094,#2483,#2484);
#2321=AXIS2_PLACEMENT_3D('',#3096,#2485,#2486);
#2322=AXIS2_PLACEMENT_3D('',#3098,#2487,#2488);
#2323=AXIS2_PLACEMENT_3D('',#3100,#2490,#2491);
#2324=AXIS2_PLACEMENT_3D('',#3114,#2493,#2494);
#2325=AXIS2_PLACEMENT_3D('',#3115,#2495,#2496);
#2326=AXIS2_PLACEMENT_3D('',#3127,#2498,#2499);
#2327=AXIS2_PLACEMENT_3D('',#3129,#2500,#2501);
#2328=AXIS2_PLACEMENT_3D('',#3131,#2502,#2503);
#2329=AXIS2_PLACEMENT_3D('',#3133,#2505,#2506);
#2330=AXIS2_PLACEMENT_3D('',#3136,#2507,#2508);
#2331=AXIS2_PLACEMENT_3D('',#3140,#2510,#2511);
#2332=AXIS2_PLACEMENT_3D('',#3144,#2513,#2514);
#2333=AXIS2_PLACEMENT_3D('',#3146,#2515,#2516);
#2334=AXIS2_PLACEMENT_3D('',#3169,#2518,#2519);
#2335=AXIS2_PLACEMENT_3D('',#3170,#2520,#2521);
#2336=AXIS2_PLACEMENT_3D('',#3173,#2522,#2523);
#2337=AXIS2_PLACEMENT_3D('',#3175,#2525,#2526);
#2338=AXIS2_PLACEMENT_3D('',#3176,#2527,#2528);
#2339=AXIS2_PLACEMENT_3D('',#3177,#2529,#2530);
#2340=AXIS2_PLACEMENT_3D('',#3178,#2531,#2532);
#2341=AXIS2_PLACEMENT_3D('',#3184,#2536,#2537);
#2342=AXIS2_PLACEMENT_3D('',#3209,#2550,#2551);
#2343=AXIS2_PLACEMENT_3D('',#3210,#2552,#2553);
#2344=AXIS2_PLACEMENT_3D('',#3212,#2554,#2555);
#2345=AXIS2_PLACEMENT_3D('',#3214,#2556,#2557);
#2346=AXIS2_PLACEMENT_3D('',#3218,#2559,#2560);
#2347=AXIS2_PLACEMENT_3D('',#3220,#2561,#2562);
#2348=AXIS2_PLACEMENT_3D('',#3241,#2564,#2565);
#2349=AXIS2_PLACEMENT_3D('',#3242,#2566,#2567);
#2350=AXIS2_PLACEMENT_3D('',#3243,#2568,#2569);
#2351=AXIS2_PLACEMENT_3D('',#3244,#2570,#2571);
#2352=AXIS2_PLACEMENT_3D('',#3246,#2573,#2574);
#2353=AXIS2_PLACEMENT_3D('',#3250,#2577,#2578);
#2354=AXIS2_PLACEMENT_3D('',#3255,#2582,#2583);
#2355=AXIS2_PLACEMENT_3D('',#3261,#2587,#2588);
#2356=AXIS2_PLACEMENT_3D('',#3265,#2591,#2592);
#2357=AXIS2_PLACEMENT_3D('',#3269,#2595,#2596);
#2358=AXIS2_PLACEMENT_3D('',#3273,#2599,#2600);
#2359=AXIS2_PLACEMENT_3D('',#3277,#2603,#2604);
#2360=AXIS2_PLACEMENT_3D('',#3281,#2607,#2608);
#2361=AXIS2_PLACEMENT_3D('',#3285,#2611,#2612);
#2362=AXIS2_PLACEMENT_3D('',#3289,#2615,#2616);
#2363=AXIS2_PLACEMENT_3D('',#3293,#2619,#2620);
#2364=AXIS2_PLACEMENT_3D('',#3297,#2623,#2624);
#2365=AXIS2_PLACEMENT_3D('',#3301,#2627,#2628);
#2366=AXIS2_PLACEMENT_3D('',#3303,#2630,#2631);
#2367=AXIS2_PLACEMENT_3D('',#3304,#2632,#2633);
#2368=AXIS2_PLACEMENT_3D('',#3316,#2640,#2641);
#2369=AXIS2_PLACEMENT_3D('',#3318,#2643,#2644);
#2370=AXIS2_PLACEMENT_3D('',#3320,#2646,#2647);
#2371=AXIS2_PLACEMENT_3D('',#3322,#2649,#2650);
#2372=AXIS2_PLACEMENT_3D('',#3330,#2655,#2656);
#2373=AXIS2_PLACEMENT_3D('',#3336,#2660,#2661);
#2374=AXIS2_PLACEMENT_3D('',#3340,#2664,#2665);
#2375=AXIS2_PLACEMENT_3D('',#3342,#2667,#2668);
#2376=AXIS2_PLACEMENT_3D('',#3346,#2671,#2672);
#2377=AXIS2_PLACEMENT_3D('',#3351,#2676,#2677);
#2378=AXIS2_PLACEMENT_3D('',#3355,#2680,#2681);
#2379=AXIS2_PLACEMENT_3D('',#3369,#2689,#2690);
#2380=AXIS2_PLACEMENT_3D('',#3374,#2694,#2695);
#2381=AXIS2_PLACEMENT_3D('',#3376,#2697,#2698);
#2382=AXIS2_PLACEMENT_3D('',#3385,#2703,#2704);
#2383=AXIS2_PLACEMENT_3D('',#3391,#2708,#2709);
#2384=AXIS2_PLACEMENT_3D('',#3400,#2714,#2715);
#2385=AXIS2_PLACEMENT_3D('',#3406,#2719,#2720);
#2386=AXIS2_PLACEMENT_3D('',#3415,#2725,#2726);
#2387=AXIS2_PLACEMENT_3D('',#3426,#2732,#2733);
#2388=AXIS2_PLACEMENT_3D('',#3433,#2738,#2739);
#2389=AXIS2_PLACEMENT_3D('',#3438,#2743,#2744);
#2390=AXIS2_PLACEMENT_3D('',#3440,#2746,#2747);
#2391=AXIS2_PLACEMENT_3D('',#3449,#2752,#2753);
#2392=AXIS2_PLACEMENT_3D('',#3454,#2757,#2758);
#2393=AXIS2_PLACEMENT_3D('',#3459,#2762,#2763);
#2394=AXIS2_PLACEMENT_3D('',#3460,#2764,#2765);
#2395=AXIS2_PLACEMENT_3D('',#3469,#2770,#2771);
#2396=AXIS2_PLACEMENT_3D('',#3475,#2775,#2776);
#2397=AXIS2_PLACEMENT_3D('',#3479,#2779,#2780);
#2398=AXIS2_PLACEMENT_3D('',#3485,#2784,#2785);
#2399=AXIS2_PLACEMENT_3D('',#3491,#2789,#2790);
#2400=AXIS2_PLACEMENT_3D('',#3500,#2795,#2796);
#2401=AXIS2_PLACEMENT_3D('',#3506,#2800,#2801);
#2402=AXIS2_PLACEMENT_3D('',#3510,#2804,#2805);
#2403=AXIS2_PLACEMENT_3D('',#3513,#2808,#2809);
#2404=AXIS2_PLACEMENT_3D('',#3517,#2812,#2813);
#2405=AXIS2_PLACEMENT_3D('',#3523,#2817,#2818);
#2406=AXIS2_PLACEMENT_3D('',#3530,#2823,#2824);
#2407=AXIS2_PLACEMENT_3D('',#3533,#2827,#2828);
#2408=AXIS2_PLACEMENT_3D('',#3537,#2831,#2832);
#2409=AXIS2_PLACEMENT_3D('',#3539,#2834,#2835);
#2410=AXIS2_PLACEMENT_3D('',#3543,#2838,#2839);
#2411=AXIS2_PLACEMENT_3D('',#3547,#2842,#2843);
#2412=AXIS2_PLACEMENT_3D('',#3549,#2845,#2846);
#2413=AXIS2_PLACEMENT_3D('',#3554,#2850,#2851);
#2414=AXIS2_PLACEMENT_3D('',#3555,#2852,#2853);
#2415=AXIS2_PLACEMENT_3D('',#3557,#2855,#2856);
#2416=AXIS2_PLACEMENT_3D('',#3558,#2857,#2858);
#2417=AXIS2_PLACEMENT_3D('',#3571,#2865,#2866);
#2418=AXIS2_PLACEMENT_3D('',#3577,#2870,#2871);
#2419=AXIS2_PLACEMENT_3D('',#3581,#2874,#2875);
#2420=AXIS2_PLACEMENT_3D('',#3587,#2879,#2880);
#2421=AXIS2_PLACEMENT_3D('',#3591,#2883,#2884);
#2422=AXIS2_PLACEMENT_3D('',#3593,#2886,#2887);
#2423=AXIS2_PLACEMENT_3D('',#3595,#2889,#2890);
#2424=AXIS2_PLACEMENT_3D('',#3604,#2895,#2896);
#2425=AXIS2_PLACEMENT_3D('',#3618,#2904,#2905);
#2426=AXIS2_PLACEMENT_3D('',#3622,#2908,#2909);
#2427=AXIS2_PLACEMENT_3D('',#3631,#2915,#2916);
#2428=AXIS2_PLACEMENT_3D('',#3636,#2920,#2921);
#2429=AXIS2_PLACEMENT_3D('',#3653,#2930,#2931);
#2430=AXIS2_PLACEMENT_3D('',#3662,#2936,#2937);
#2431=AXIS2_PLACEMENT_3D('',#3671,#2942,#2943);
#2432=AXIS2_PLACEMENT_3D('',#3677,#2947,#2948);
#2433=AXIS2_PLACEMENT_3D('',#3688,#2955,#2956);
#2434=AXIS2_PLACEMENT_3D('',#3701,#2964,#2965);
#2435=AXIS2_PLACEMENT_3D('',#3704,#2968,#2969);
#2436=AXIS2_PLACEMENT_3D('',#3710,#2973,#2974);
#2437=AXIS2_PLACEMENT_3D('',#3716,#2978,#2979);
#2438=AXIS2_PLACEMENT_3D('',#3718,#2981,#2982);
#2439=AXIS2_PLACEMENT_3D('',#3722,#2985,#2986);
#2440=AXIS2_PLACEMENT_3D('',#3726,#2989,#2990);
#2441=AXIS2_PLACEMENT_3D('',#3730,#2993,#2994);
#2442=AXIS2_PLACEMENT_3D('',#3731,#2995,#2996);
#2443=AXIS2_PLACEMENT_3D('',#3734,#2999,#3000);
#2444=AXIS2_PLACEMENT_3D('',#3739,#3004,#3005);
#2445=AXIS2_PLACEMENT_3D('',#3741,#3007,#3008);
#2446=AXIS2_PLACEMENT_3D('',#3743,#3010,#3011);
#2447=AXIS2_PLACEMENT_3D('',#3747,#3014,#3015);
#2448=AXIS2_PLACEMENT_3D('',#3749,#3017,#3018);
#2449=AXIS2_PLACEMENT_3D('',#3750,#3019,#3020);
#2450=AXIS2_PLACEMENT_3D('',#3752,#3022,#3023);
#2451=AXIS2_PLACEMENT_3D('',#3755,#3026,#3027);
#2452=AXIS2_PLACEMENT_3D('',#3756,#3028,#3029);
#2453=DIRECTION('axis',(0.,0.,1.));
#2454=DIRECTION('refdir',(1.,0.,0.));
#2455=DIRECTION('center_axis',(0.384274559916235,-0.923218859535042,0.));
#2456=DIRECTION('ref_axis',(-0.738575087628034,-0.307419647932988,-0.6));
#2457=DIRECTION('center_axis',(0.,-1.,-3.49676543189026E-16));
#2458=DIRECTION('ref_axis',(-1.,-2.58262383527298E-17,-1.03304953410921E-15));
#2459=DIRECTION('',(0.384274559916235,-0.923218859535042,0.));
#2460=DIRECTION('center_axis',(0.,0.,-1.));
#2461=DIRECTION('ref_axis',(0.,1.,0.));
#2462=DIRECTION('',(-1.,0.,0.));
#2463=DIRECTION('',(-1.,0.,0.));
#2464=DIRECTION('',(-1.,0.,0.));
#2465=DIRECTION('',(0.,1.,0.));
#2466=DIRECTION('',(-1.,0.,0.));
#2467=DIRECTION('',(0.,-1.,0.));
#2468=DIRECTION('center_axis',(-0.923218859535042,-0.384274559916235,0.));
#2469=DIRECTION('ref_axis',(-0.384274559916235,0.923218859535042,0.));
#2470=DIRECTION('',(0.,0.,-1.));
#2471=DIRECTION('',(0.384274559916235,-0.923218859535042,0.));
#2472=DIRECTION('',(0.,0.,-1.));
#2473=DIRECTION('',(0.362351629367813,-0.870549062858957,0.332934867278696));
#2474=DIRECTION('',(0.,0.,-1.));
#2475=DIRECTION('',(-0.384274559916235,0.923218859535042,0.));
#2476=DIRECTION('center_axis',(0.923218859535042,0.384274559916235,0.));
#2477=DIRECTION('ref_axis',(0.384274559916235,-0.923218859535042,-6.45655958818257E-17));
#2478=DIRECTION('center_axis',(0.384274559916235,0.923218859535042,0.));
#2479=DIRECTION('ref_axis',(0.738575087628034,-0.307419647932988,-0.6));
#2480=DIRECTION('',(0.384274559916235,0.923218859535042,0.));
#2481=DIRECTION('center_axis',(0.,-1.,-3.49676543189026E-16));
#2482=DIRECTION('ref_axis',(1.,2.58262383527305E-17,-3.22827979409128E-16));
#2483=DIRECTION('center_axis',(1.,0.,0.));
#2484=DIRECTION('ref_axis',(0.,-0.455960524607119,-0.89));
#2485=DIRECTION('center_axis',(-1.,-4.21795502844636E-18,-1.74838271594513E-17));
#2486=DIRECTION('ref_axis',(1.74838271594513E-17,0.,-1.));
#2487=DIRECTION('center_axis',(1.,-8.43591005689272E-18,-3.49676543189026E-17));
#2488=DIRECTION('ref_axis',(-3.49676543189026E-17,-0.455960524607119,-0.89));
#2489=DIRECTION('',(1.,0.,0.));
#2490=DIRECTION('center_axis',(1.,0.,0.));
#2491=DIRECTION('ref_axis',(0.,-0.455960524607119,-0.89));
#2492=DIRECTION('',(1.,0.,0.));
#2493=DIRECTION('center_axis',(-0.923218859535042,0.384274559916235,0.));
#2494=DIRECTION('ref_axis',(-0.384274559916235,-0.923218859535042,-6.45655958818257E-17));
#2495=DIRECTION('center_axis',(1.,0.,0.));
#2496=DIRECTION('ref_axis',(0.,-0.455960524607119,-0.89));
#2497=DIRECTION('',(1.,0.,0.));
#2498=DIRECTION('center_axis',(0.,0.,1.));
#2499=DIRECTION('ref_axis',(0.,-1.,0.));
#2500=DIRECTION('center_axis',(0.,0.,-1.));
#2501=DIRECTION('ref_axis',(-0.890770021840371,0.454454363154878,0.));
#2502=DIRECTION('center_axis',(0.,0.,-1.));
#2503=DIRECTION('ref_axis',(0.89077002184037,0.454454363154878,0.));
#2504=DIRECTION('',(-0.384274559916235,-0.923218859535042,0.));
#2505=DIRECTION('center_axis',(-0.362351629367813,0.870549062858957,-0.332934867278696));
#2506=DIRECTION('ref_axis',(-0.702831839909351,-0.0206035457486362,0.711057591698605));
#2507=DIRECTION('center_axis',(0.,0.,-1.));
#2508=DIRECTION('ref_axis',(-0.384274559916235,0.923218859535042,2.19473445513536E-17));
#2509=DIRECTION('',(0.362351629367813,-0.870549062858957,0.332934867278696));
#2510=DIRECTION('center_axis',(-0.362351629367812,0.870549062858957,-0.332934867278697));
#2511=DIRECTION('ref_axis',(-0.923218859535042,-0.384274559916235,0.));
#2512=DIRECTION('',(-0.362351629367813,0.870549062858957,-0.332934867278696));
#2513=DIRECTION('center_axis',(-8.53917990558385E-16,0.934023960775747,
-0.357210359167795));
#2514=DIRECTION('ref_axis',(-1.,1.02477244049354E-12,2.6819383928351E-12));
#2515=DIRECTION('center_axis',(1.,7.02884146810757E-16,-2.68812695476344E-16));
#2516=DIRECTION('ref_axis',(7.62831458353301E-16,-0.934023960776146,0.357210359166753));
#2517=DIRECTION('',(-0.362351629367813,0.870549062858957,-0.332934867278696));
#2518=DIRECTION('center_axis',(0.,-1.,0.));
#2519=DIRECTION('ref_axis',(-0.736364880022673,0.,-0.676584631416642));
#2520=DIRECTION('center_axis',(-0.362351629367813,0.870549062858957,-0.332934867278696));
#2521=DIRECTION('ref_axis',(-0.702831839909351,-0.0206035457486362,0.711057591698605));
#2522=DIRECTION('center_axis',(-1.,1.84711060397972E-16,-8.23406030585984E-17));
#2523=DIRECTION('ref_axis',(-2.02651125628364E-16,-0.934023960776146,0.357210359166753));
#2524=DIRECTION('',(-0.362351629367813,0.870549062858957,-0.332934867278696));
#2525=DIRECTION('center_axis',(0.,-1.,-3.49676543189026E-16));
#2526=DIRECTION('ref_axis',(-0.736364880022673,2.19145889389029E-16,-0.676584631416643));
#2527=DIRECTION('center_axis',(0.,0.,-1.));
#2528=DIRECTION('ref_axis',(-0.970284924475589,-0.24196521513515,0.));
#2529=DIRECTION('center_axis',(0.,-0.357210359166753,-0.934023960776146));
#2530=DIRECTION('ref_axis',(-8.12041046719967E-17,-0.934023960776146,0.357210359166753));
#2531=DIRECTION('center_axis',(0.,-0.357210359166753,-0.934023960776146));
#2532=DIRECTION('ref_axis',(0.,0.934023960776146,-0.357210359166753));
#2533=DIRECTION('',(-0.362351629367813,-0.870549062858957,0.332934867278696));
#2534=DIRECTION('',(-0.362351629367813,-0.870549062858957,0.332934867278696));
#2535=DIRECTION('',(-1.,-7.9757986371935E-16,3.05028352106312E-16));
#2536=DIRECTION('center_axis',(0.,-0.357210359166753,-0.934023960776146));
#2537=DIRECTION('ref_axis',(0.,0.934023960776146,-0.357210359166753));
#2538=DIRECTION('',(-7.52533314270634E-16,0.934023960776146,-0.357210359166753));
#2539=DIRECTION('',(-1.,-6.54869166372121E-16,2.50449731431549E-16));
#2540=DIRECTION('',(-7.73568717627355E-16,0.934023960776146,-0.357210359166753));
#2541=DIRECTION('',(1.,6.41459709071441E-16,-2.45321386485637E-16));
#2542=DIRECTION('',(-7.52533314270634E-16,0.934023960776146,-0.357210359166753));
#2543=DIRECTION('',(1.,7.9757986371935E-16,-3.05028352106312E-16));
#2544=DIRECTION('',(7.52533314270634E-16,-0.934023960776146,0.357210359166753));
#2545=DIRECTION('',(1.,6.41459709071441E-16,-2.45321386485637E-16));
#2546=DIRECTION('',(7.09104657825076E-16,-0.934023960776146,0.357210359166753));
#2547=DIRECTION('',(-1.,-6.54869166372121E-16,2.50449731431549E-16));
#2548=DIRECTION('',(7.52533314270634E-16,-0.934023960776146,0.357210359166753));
#2549=DIRECTION('',(-0.362351629367813,-0.870549062858957,0.332934867278696));
#2550=DIRECTION('center_axis',(0.,-0.357210359166753,-0.934023960776146));
#2551=DIRECTION('ref_axis',(-1.62408209343993E-16,0.934023960776146,-0.357210359166753));
#2552=DIRECTION('center_axis',(-0.362351629367813,-0.870549062858957,0.332934867278696));
#2553=DIRECTION('ref_axis',(0.702831839909351,-0.0206035457486383,0.711057591698605));
#2554=DIRECTION('center_axis',(-8.53917990558385E-16,0.934023960775747,
-0.357210359167795));
#2555=DIRECTION('ref_axis',(1.,1.02613720134176E-12,2.68096065371996E-12));
#2556=DIRECTION('center_axis',(0.362351629367813,0.870549062858958,-0.332934867278695));
#2557=DIRECTION('ref_axis',(0.,0.357210359166752,0.934023960776146));
#2558=DIRECTION('',(0.362351629367813,0.870549062858957,-0.332934867278696));
#2559=DIRECTION('center_axis',(0.,0.,-1.));
#2560=DIRECTION('ref_axis',(0.384274559916235,0.923218859535042,2.19473445513535E-17));
#2561=DIRECTION('center_axis',(0.,-1.,0.));
#2562=DIRECTION('ref_axis',(0.736364880022673,0.,-0.676584631416643));
#2563=DIRECTION('',(0.362351629367813,0.870549062858957,-0.332934867278696));
#2564=DIRECTION('center_axis',(-1.,-7.02884146810757E-16,2.68812695476344E-16));
#2565=DIRECTION('ref_axis',(7.62831458353304E-16,-0.934023960776146,0.357210359166753));
#2566=DIRECTION('center_axis',(-0.362351629367813,-0.870549062858957,0.332934867278696));
#2567=DIRECTION('ref_axis',(0.702831839909351,-0.0206035457486383,0.711057591698605));
#2568=DIRECTION('center_axis',(0.,-1.,-3.49676543189026E-16));
#2569=DIRECTION('ref_axis',(0.736364880022673,2.19145889389028E-16,-0.676584631416643));
#2570=DIRECTION('center_axis',(0.,0.,-1.));
#2571=DIRECTION('ref_axis',(0.373599454478521,0.927590129105173,0.));
#2572=DIRECTION('',(0.,0.,-1.));
#2573=DIRECTION('center_axis',(0.923218859535042,-0.384274559916235,0.));
#2574=DIRECTION('ref_axis',(-0.384274559916235,-0.923218859535042,0.));
#2575=DIRECTION('',(-1.45547069754041E-16,-3.49676543189026E-16,1.));
#2576=DIRECTION('',(-0.384274559916235,-0.923218859535042,0.));
#2577=DIRECTION('center_axis',(0.923218859535042,-0.384274559916235,0.));
#2578=DIRECTION('ref_axis',(-0.384274559916235,-0.923218859535042,0.));
#2579=DIRECTION('',(0.,0.,-1.));
#2580=DIRECTION('',(0.,0.,1.));
#2581=DIRECTION('',(0.384274559916235,0.923218859535042,0.));
#2582=DIRECTION('center_axis',(-1.,-7.22531717570518E-16,2.76326759464638E-16));
#2583=DIRECTION('ref_axis',(7.73568717627355E-16,-0.934023960776146,0.357210359166753));
#2584=DIRECTION('',(0.,0.357210359167795,0.934023960775747));
#2585=DIRECTION('',(7.73568717627355E-16,-0.934023960776146,0.357210359166753));
#2586=DIRECTION('',(0.,0.357210359167795,0.934023960775747));
#2587=DIRECTION('center_axis',(-6.86770078723042E-16,0.934023960775747,
-0.357210359167795));
#2588=DIRECTION('ref_axis',(-1.,-6.43056484401954E-16,2.41146181650733E-16));
#2589=DIRECTION('',(-1.,-6.43056484401954E-16,2.41146181650733E-16));
#2590=DIRECTION('',(0.,0.357210359167795,0.934023960775747));
#2591=DIRECTION('center_axis',(-1.,-7.02884146810757E-16,2.68812695476344E-16));
#2592=DIRECTION('ref_axis',(7.52533314270634E-16,-0.934023960776146,0.357210359166753));
#2593=DIRECTION('',(7.52533314270634E-16,-0.934023960776146,0.357210359166753));
#2594=DIRECTION('',(0.,0.357210359167795,0.934023960775747));
#2595=DIRECTION('center_axis',(-8.53917990558385E-16,0.934023960775747,
-0.357210359167795));
#2596=DIRECTION('ref_axis',(-1.,-7.99565266438322E-16,2.99836974914371E-16));
#2597=DIRECTION('',(-1.,-7.99565266438322E-16,2.99836974914371E-16));
#2598=DIRECTION('',(0.,0.357210359167795,0.934023960775747));
#2599=DIRECTION('center_axis',(1.,7.02884146810757E-16,-2.68812695476344E-16));
#2600=DIRECTION('ref_axis',(-7.52533314270634E-16,0.934023960776146,-0.357210359166753));
#2601=DIRECTION('',(-7.52533314270634E-16,0.934023960776146,-0.357210359166753));
#2602=DIRECTION('',(0.,0.357210359167795,0.934023960775747));
#2603=DIRECTION('center_axis',(-6.86770078723042E-16,0.934023960775747,
-0.357210359167795));
#2604=DIRECTION('ref_axis',(-1.,-6.43056484401954E-16,2.41146181650733E-16));
#2605=DIRECTION('',(-1.,-6.43056484401954E-16,2.41146181650733E-16));
#2606=DIRECTION('',(0.,0.357210359167795,0.934023960775747));
#2607=DIRECTION('center_axis',(1.,6.62320741106309E-16,-2.53299529509252E-16));
#2608=DIRECTION('ref_axis',(-7.09104657825076E-16,0.934023960776146,-0.357210359166753));
#2609=DIRECTION('',(-7.09104657825076E-16,0.934023960776146,-0.357210359166753));
#2610=DIRECTION('',(0.,0.357210359167795,0.934023960775747));
#2611=DIRECTION('center_axis',(7.01126731082942E-16,-0.934023960775747,
0.357210359167795));
#2612=DIRECTION('ref_axis',(1.,6.43056484401954E-16,-2.81337211925855E-16));
#2613=DIRECTION('',(1.,6.43056484401954E-16,-2.81337211925855E-16));
#2614=DIRECTION('',(0.,0.357210359167795,0.934023960775747));
#2615=DIRECTION('center_axis',(1.,7.02884146810757E-16,-2.68812695476344E-16));
#2616=DIRECTION('ref_axis',(-7.52533314270634E-16,0.934023960776146,-0.357210359166753));
#2617=DIRECTION('',(-7.52533314270634E-16,0.934023960776146,-0.357210359166753));
#2618=DIRECTION('',(-4.93038065763132E-32,-0.357210359167795,-0.934023960775747));
#2619=DIRECTION('center_axis',(8.53917990558385E-16,-0.934023960775747,
0.357210359167795));
#2620=DIRECTION('ref_axis',(1.,7.99565266438322E-16,-2.99836974914371E-16));
#2621=DIRECTION('',(1.,7.99565266438322E-16,-2.99836974914371E-16));
#2622=DIRECTION('',(-4.93038065763132E-32,-0.357210359167795,-0.934023960775747));
#2623=DIRECTION('center_axis',(-1.,-7.02884146810757E-16,2.68812695476344E-16));
#2624=DIRECTION('ref_axis',(7.52533314270634E-16,-0.934023960776146,0.357210359166753));
#2625=DIRECTION('',(7.52533314270634E-16,-0.934023960776146,0.357210359166753));
#2626=DIRECTION('',(0.,0.357210359167795,0.934023960775747));
#2627=DIRECTION('center_axis',(7.01126731082942E-16,-0.934023960775747,
0.357210359167795));
#2628=DIRECTION('ref_axis',(1.,6.43056484401954E-16,-2.81337211925855E-16));
#2629=DIRECTION('',(1.,6.43056484401954E-16,-2.81337211925855E-16));
#2630=DIRECTION('center_axis',(0.,0.357210359167795,0.934023960775747));
#2631=DIRECTION('ref_axis',(1.,0.,0.));
#2632=DIRECTION('center_axis',(0.,1.,3.49676543189026E-16));
#2633=DIRECTION('ref_axis',(0.,-3.49676543189026E-16,1.));
#2634=DIRECTION('',(-1.45547069754041E-16,3.49676543189026E-16,-1.));
#2635=DIRECTION('',(-1.,0.,0.));
#2636=DIRECTION('',(0.,3.49676543189026E-16,-1.));
#2637=DIRECTION('',(1.,0.,0.));
#2638=DIRECTION('',(0.,-3.49676543189026E-16,1.));
#2639=DIRECTION('',(-1.,0.,0.));
#2640=DIRECTION('center_axis',(-0.923218859535042,-0.384274559916235,0.));
#2641=DIRECTION('ref_axis',(-0.384274559916235,0.923218859535042,0.));
#2642=DIRECTION('',(-0.384274559916235,0.923218859535042,0.));
#2643=DIRECTION('center_axis',(0.,0.,-1.));
#2644=DIRECTION('ref_axis',(-0.554853782578693,-0.831947882957891,0.));
#2645=DIRECTION('',(0.,0.,-1.));
#2646=DIRECTION('center_axis',(0.,0.,-1.));
#2647=DIRECTION('ref_axis',(0.554853782578692,-0.831947882957892,0.));
#2648=DIRECTION('',(0.,0.,-1.));
#2649=DIRECTION('center_axis',(0.,0.,-1.));
#2650=DIRECTION('ref_axis',(0.,1.,0.));
#2651=DIRECTION('',(1.,0.,0.));
#2652=DIRECTION('',(-1.,0.,0.));
#2653=DIRECTION('',(0.,-1.,-3.85849978691339E-15));
#2654=DIRECTION('',(-1.,0.,0.));
#2655=DIRECTION('center_axis',(0.,1.,0.));
#2656=DIRECTION('ref_axis',(0.,0.,1.));
#2657=DIRECTION('',(1.,0.,0.));
#2658=DIRECTION('',(0.,-7.71699957382672E-15,1.));
#2659=DIRECTION('',(-1.,0.,0.));
#2660=DIRECTION('center_axis',(0.,1.,3.49676543189026E-16));
#2661=DIRECTION('ref_axis',(0.,-3.49676543189026E-16,1.));
#2662=DIRECTION('',(1.,0.,0.));
#2663=DIRECTION('',(0.,-3.49676543189026E-16,1.));
#2664=DIRECTION('center_axis',(0.,1.,3.49676543189026E-16));
#2665=DIRECTION('ref_axis',(0.,-3.49676543189026E-16,1.));
#2666=DIRECTION('',(0.,3.49676543189026E-16,-1.));
#2667=DIRECTION('center_axis',(0.,0.,1.));
#2668=DIRECTION('ref_axis',(0.,-1.,0.));
#2669=DIRECTION('',(1.,0.,0.));
#2670=DIRECTION('',(0.,-1.,0.));
#2671=DIRECTION('center_axis',(0.,-1.,0.));
#2672=DIRECTION('ref_axis',(0.,0.,1.));
#2673=DIRECTION('',(0.,0.,-1.));
#2674=DIRECTION('',(-1.,0.,0.));
#2675=DIRECTION('',(0.,0.,1.));
#2676=DIRECTION('center_axis',(-1.,0.,0.));
#2677=DIRECTION('ref_axis',(0.,0.,1.));
#2678=DIRECTION('',(0.,1.,3.85849978691339E-15));
#2679=DIRECTION('',(0.,3.85849978691339E-15,-1.));
#2680=DIRECTION('center_axis',(-1.,0.,0.));
#2681=DIRECTION('ref_axis',(0.,0.,1.));
#2682=DIRECTION('',(0.,-0.866025403784438,0.5));
#2683=DIRECTION('',(0.,-4.66235390918701E-16,1.));
#2684=DIRECTION('',(0.,1.,0.));
#2685=DIRECTION('',(0.,0.,1.));
#2686=DIRECTION('',(0.,-1.,0.));
#2687=DIRECTION('',(0.,0.,1.));
#2688=DIRECTION('',(0.,1.,0.));
#2689=DIRECTION('center_axis',(0.,-1.,-3.85849978691336E-15));
#2690=DIRECTION('ref_axis',(0.,3.85849978691336E-15,-1.));
#2691=DIRECTION('',(0.,-3.85849978691336E-15,1.));
#2692=DIRECTION('',(1.,0.,0.));
#2693=DIRECTION('',(0.,3.85849978691336E-15,-1.));
#2694=DIRECTION('center_axis',(1.,0.,0.));
#2695=DIRECTION('ref_axis',(0.,0.,-1.));
#2696=DIRECTION('',(0.,1.,3.85849978691339E-15));
#2697=DIRECTION('center_axis',(0.,0.,-1.));
#2698=DIRECTION('ref_axis',(-1.,0.,0.));
#2699=DIRECTION('',(1.,0.,0.));
#2700=DIRECTION('',(0.,1.,0.));
#2701=DIRECTION('',(-1.,0.,0.));
#2702=DIRECTION('',(0.,1.,0.));
#2703=DIRECTION('center_axis',(0.,1.,0.));
#2704=DIRECTION('ref_axis',(0.,0.,1.));
#2705=DIRECTION('',(2.41156236682087E-16,0.,1.));
#2706=DIRECTION('',(1.,0.,0.));
#2707=DIRECTION('',(-4.82312473364173E-16,0.,-1.));
#2708=DIRECTION('center_axis',(0.,0.,-1.));
#2709=DIRECTION('ref_axis',(0.,-1.,0.));
#2710=DIRECTION('',(0.,1.,0.));
#2711=DIRECTION('',(-1.,0.,0.));
#2712=DIRECTION('',(0.,-1.,0.));
#2713=DIRECTION('',(-1.,0.,0.));
#2714=DIRECTION('center_axis',(-1.,0.,0.));
#2715=DIRECTION('ref_axis',(0.,0.,1.));
#2716=DIRECTION('',(0.,1.,0.));
#2717=DIRECTION('',(0.,0.,-1.));
#2718=DIRECTION('',(0.,0.,1.));
#2719=DIRECTION('center_axis',(1.,0.,0.));
#2720=DIRECTION('ref_axis',(0.,0.,-1.));
#2721=DIRECTION('',(0.,0.,1.));
#2722=DIRECTION('',(0.,-1.,0.));
#2723=DIRECTION('',(0.,0.,-1.));
#2724=DIRECTION('',(0.,-1.,0.));
#2725=DIRECTION('center_axis',(1.,0.,0.));
#2726=DIRECTION('ref_axis',(0.,0.,-1.));
#2727=DIRECTION('',(0.,0.,-1.));
#2728=DIRECTION('',(0.,1.,1.60770824454724E-16));
#2729=DIRECTION('',(0.,0.,1.));
#2730=DIRECTION('',(0.,0.,1.));
#2731=DIRECTION('',(0.,-1.,0.));
#2732=DIRECTION('center_axis',(0.,0.,1.));
#2733=DIRECTION('ref_axis',(0.,-1.,0.));
#2734=DIRECTION('',(1.,0.,0.));
#2735=DIRECTION('',(1.,0.,0.));
#2736=DIRECTION('',(0.,-1.,0.));
#2737=DIRECTION('',(-1.,0.,0.));
#2738=DIRECTION('center_axis',(-1.60770824454724E-16,1.,0.));
#2739=DIRECTION('ref_axis',(-1.,-1.60770824454724E-16,0.));
#2740=DIRECTION('',(1.,1.60770824454724E-16,0.));
#2741=DIRECTION('',(0.,0.,1.));
#2742=DIRECTION('',(1.,0.,0.));
#2743=DIRECTION('center_axis',(0.,0.,1.));
#2744=DIRECTION('ref_axis',(1.,0.,0.));
#2745=DIRECTION('',(-1.,0.,0.));
#2746=DIRECTION('center_axis',(3.21541648909449E-16,-1.,0.));
#2747=DIRECTION('ref_axis',(1.,3.21541648909449E-16,0.));
#2748=DIRECTION('',(-1.,-3.21541648909449E-16,0.));
#2749=DIRECTION('',(0.,0.,1.));
#2750=DIRECTION('',(1.,3.21541648909449E-16,0.));
#2751=DIRECTION('',(0.,0.,1.));
#2752=DIRECTION('center_axis',(-1.,-8.03854122273622E-17,0.));
#2753=DIRECTION('ref_axis',(8.03854122273622E-17,-1.,0.));
#2754=DIRECTION('',(-8.03854122273622E-17,1.,0.));
#2755=DIRECTION('',(0.,1.,0.));
#2756=DIRECTION('',(-2.41156236682087E-16,0.,-1.));
#2757=DIRECTION('center_axis',(1.,3.21541648909449E-16,0.));
#2758=DIRECTION('ref_axis',(-3.21541648909449E-16,1.,0.));
#2759=DIRECTION('',(3.21541648909449E-16,-1.,0.));
#2760=DIRECTION('',(4.82312473364173E-16,0.,1.));
#2761=DIRECTION('',(-3.21541648909449E-16,1.,0.));
#2762=DIRECTION('center_axis',(0.,0.,1.));
#2763=DIRECTION('ref_axis',(1.,0.,0.));
#2764=DIRECTION('center_axis',(1.20578118341043E-16,1.,0.));
#2765=DIRECTION('ref_axis',(-1.,1.20578118341043E-16,0.));
#2766=DIRECTION('',(1.,-1.20578118341043E-16,0.));
#2767=DIRECTION('',(0.,0.,1.));
#2768=DIRECTION('',(-1.,1.20578118341043E-16,0.));
#2769=DIRECTION('',(0.,0.,1.));
#2770=DIRECTION('center_axis',(1.,0.,0.));
#2771=DIRECTION('ref_axis',(0.,1.,0.));
#2772=DIRECTION('',(0.,-1.,0.));
#2773=DIRECTION('',(0.,1.,0.));
#2774=DIRECTION('',(0.,0.,1.));
#2775=DIRECTION('center_axis',(0.,0.,1.));
#2776=DIRECTION('ref_axis',(1.,0.,0.));
#2777=DIRECTION('',(0.,-1.,0.));
#2778=DIRECTION('',(-1.,0.,0.));
#2779=DIRECTION('center_axis',(0.,1.,0.));
#2780=DIRECTION('ref_axis',(-1.,0.,0.));
#2781=DIRECTION('',(1.,0.,0.));
#2782=DIRECTION('',(-1.,0.,0.));
#2783=DIRECTION('',(0.,0.,1.));
#2784=DIRECTION('center_axis',(0.,0.,1.));
#2785=DIRECTION('ref_axis',(1.,0.,0.));
#2786=DIRECTION('',(0.,1.,0.));
#2787=DIRECTION('',(1.,0.,0.));
#2788=DIRECTION('',(0.,1.,0.));
#2789=DIRECTION('center_axis',(-1.,2.41156236682087E-16,0.));
#2790=DIRECTION('ref_axis',(-2.41156236682087E-16,-1.,0.));
#2791=DIRECTION('',(2.41156236682087E-16,1.,0.));
#2792=DIRECTION('',(0.,0.,1.));
#2793=DIRECTION('',(-2.41156236682087E-16,-1.,0.));
#2794=DIRECTION('',(0.,0.,1.));
#2795=DIRECTION('center_axis',(-1.20578118341043E-16,1.,0.));
#2796=DIRECTION('ref_axis',(-1.,-1.20578118341043E-16,0.));
#2797=DIRECTION('',(1.,1.20578118341043E-16,0.));
#2798=DIRECTION('',(-1.,-1.20578118341043E-16,0.));
#2799=DIRECTION('',(0.,0.,1.));
#2800=DIRECTION('center_axis',(0.,0.,1.));
#2801=DIRECTION('ref_axis',(1.,0.,0.));
#2802=DIRECTION('',(-1.,0.,0.));
#2803=DIRECTION('',(-1.20578118341043E-16,1.,0.));
#2804=DIRECTION('center_axis',(0.,1.,0.));
#2805=DIRECTION('ref_axis',(-1.,0.,0.));
#2806=DIRECTION('',(1.,0.,0.));
#2807=DIRECTION('',(-1.,0.,0.));
#2808=DIRECTION('center_axis',(0.,0.,1.));
#2809=DIRECTION('ref_axis',(1.,0.,0.));
#2810=DIRECTION('',(1.,0.,0.));
#2811=DIRECTION('',(2.41156236682087E-16,-1.,0.));
#2812=DIRECTION('center_axis',(0.,0.,1.));
#2813=DIRECTION('ref_axis',(0.,-1.,0.));
#2814=DIRECTION('',(-1.,0.,0.));
#2815=DIRECTION('',(1.,0.,0.));
#2816=DIRECTION('',(0.,-1.,-1.60770824454724E-16));
#2817=DIRECTION('center_axis',(0.,0.,1.));
#2818=DIRECTION('ref_axis',(0.,-1.,0.));
#2819=DIRECTION('',(0.,1.,0.));
#2820=DIRECTION('',(0.,-1.,0.));
#2821=DIRECTION('',(1.20578118341043E-16,-1.,0.));
#2822=DIRECTION('',(-1.,0.,0.));
#2823=DIRECTION('center_axis',(0.,-1.,0.));
#2824=DIRECTION('ref_axis',(1.,0.,0.));
#2825=DIRECTION('',(1.,0.,0.));
#2826=DIRECTION('',(0.,0.,1.));
#2827=DIRECTION('center_axis',(-1.,0.,0.));
#2828=DIRECTION('ref_axis',(0.,-1.,0.));
#2829=DIRECTION('',(0.,0.,-1.));
#2830=DIRECTION('',(0.,-1.,0.));
#2831=DIRECTION('center_axis',(0.,0.,1.));
#2832=DIRECTION('ref_axis',(1.,0.,0.));
#2833=DIRECTION('',(-1.,0.,0.));
#2834=DIRECTION('center_axis',(1.,1.20578118341043E-16,0.));
#2835=DIRECTION('ref_axis',(-1.20578118341043E-16,1.,0.));
#2836=DIRECTION('',(-1.20578118341043E-16,1.,0.));
#2837=DIRECTION('',(0.,0.,1.));
#2838=DIRECTION('center_axis',(0.,-1.,0.));
#2839=DIRECTION('ref_axis',(1.,0.,0.));
#2840=DIRECTION('',(0.,0.,-1.));
#2841=DIRECTION('',(1.,0.,0.));
#2842=DIRECTION('center_axis',(0.,0.,1.));
#2843=DIRECTION('ref_axis',(1.,0.,0.));
#2844=DIRECTION('',(-1.,0.,0.));
#2845=DIRECTION('center_axis',(0.,1.,0.));
#2846=DIRECTION('ref_axis',(0.,0.,1.));
#2847=DIRECTION('',(1.,0.,0.));
#2848=DIRECTION('',(0.,0.,-1.));
#2849=DIRECTION('',(1.,0.,0.));
#2850=DIRECTION('center_axis',(0.,0.,-1.));
#2851=DIRECTION('ref_axis',(0.,1.,0.));
#2852=DIRECTION('center_axis',(0.,1.,0.));
#2853=DIRECTION('ref_axis',(0.,0.,1.));
#2854=DIRECTION('',(1.,0.,0.));
#2855=DIRECTION('center_axis',(0.,0.,1.));
#2856=DIRECTION('ref_axis',(0.,-1.,0.));
#2857=DIRECTION('center_axis',(-1.,0.,0.));
#2858=DIRECTION('ref_axis',(0.,0.,1.));
#2859=DIRECTION('',(0.,-0.949598666568976,-0.313468295765973));
#2860=DIRECTION('',(0.,-0.313468295765971,0.949598666568976));
#2861=DIRECTION('',(0.,0.728061327391604,0.685512001030453));
#2862=DIRECTION('',(0.,-0.685512001030453,0.728061327391603));
#2863=DIRECTION('',(0.,-0.728061327391604,-0.685512001030453));
#2864=DIRECTION('',(0.,0.313468295765971,-0.949598666568976));
#2865=DIRECTION('center_axis',(0.,-0.949598666568976,-0.313468295765971));
#2866=DIRECTION('ref_axis',(0.,0.313468295765971,-0.949598666568976));
#2867=DIRECTION('',(-1.,0.,0.));
#2868=DIRECTION('',(0.,0.313468295765971,-0.949598666568976));
#2869=DIRECTION('',(1.,0.,0.));
#2870=DIRECTION('center_axis',(0.,-0.685512001030454,0.728061327391604));
#2871=DIRECTION('ref_axis',(0.,-0.728061327391604,-0.685512001030453));
#2872=DIRECTION('',(0.,-0.728061327391604,-0.685512001030453));
#2873=DIRECTION('',(1.,0.,0.));
#2874=DIRECTION('center_axis',(0.,0.685512001030454,-0.728061327391604));
#2875=DIRECTION('ref_axis',(0.,0.728061327391604,0.685512001030453));
#2876=DIRECTION('',(-1.,0.,0.));
#2877=DIRECTION('',(0.,0.728061327391604,0.685512001030453));
#2878=DIRECTION('',(1.,0.,0.));
#2879=DIRECTION('center_axis',(0.,0.949598666568976,0.313468295765971));
#2880=DIRECTION('ref_axis',(0.,-0.313468295765971,0.949598666568976));
#2881=DIRECTION('',(0.,-0.313468295765971,0.949598666568976));
#2882=DIRECTION('',(1.,0.,0.));
#2883=DIRECTION('center_axis',(0.,0.313468295765973,-0.949598666568976));
#2884=DIRECTION('ref_axis',(0.,0.949598666568976,0.313468295765973));
#2885=DIRECTION('',(0.,0.949598666568976,0.313468295765973));
#2886=DIRECTION('center_axis',(1.,0.,0.));
#2887=DIRECTION('ref_axis',(0.,0.,-1.));
#2888=DIRECTION('',(0.,0.685512001030453,-0.728061327391603));
#2889=DIRECTION('center_axis',(0.,-0.773332941766773,0.63400012711225));
#2890=DIRECTION('ref_axis',(0.,-0.63400012711225,-0.773332941766773));
#2891=DIRECTION('',(0.,-0.63400012711225,-0.773332941766773));
#2892=DIRECTION('',(1.,0.,0.));
#2893=DIRECTION('',(0.,0.63400012711225,0.773332941766773));
#2894=DIRECTION('',(1.,0.,0.));
#2895=DIRECTION('center_axis',(0.,-0.5,-0.866025403784438));
#2896=DIRECTION('ref_axis',(0.,0.866025403784438,-0.5));
#2897=DIRECTION('',(0.,0.866025403784438,-0.5));
#2898=DIRECTION('',(1.,0.,0.));
#2899=DIRECTION('',(0.,-0.866025403784438,0.5));
#2900=DIRECTION('',(1.,0.,0.));
#2901=DIRECTION('',(0.,0.866025403784438,-0.5));
#2902=DIRECTION('',(1.,0.,0.));
#2903=DIRECTION('',(0.,-0.866025403784438,0.5));
#2904=DIRECTION('center_axis',(1.,0.,0.));
#2905=DIRECTION('ref_axis',(0.,0.,-1.));
#2906=DIRECTION('',(0.,-0.866025403784438,0.5));
#2907=DIRECTION('',(0.,-0.62718695451742,-0.778868746377183));
#2908=DIRECTION('center_axis',(0.,0.778868746377183,-0.62718695451742));
#2909=DIRECTION('ref_axis',(0.,0.62718695451742,0.778868746377183));
#2910=DIRECTION('',(0.,-0.62718695451742,-0.778868746377183));
#2911=DIRECTION('',(1.,0.,0.));
#2912=DIRECTION('',(0.,0.62718695451742,0.778868746377183));
#2913=DIRECTION('',(0.,0.62718695451742,0.778868746377183));
#2914=DIRECTION('',(1.,0.,0.));
#2915=DIRECTION('center_axis',(0.,0.5,0.866025403784438));
#2916=DIRECTION('ref_axis',(0.,-0.866025403784438,0.5));
#2917=DIRECTION('',(0.,0.866025403784438,-0.5));
#2918=DIRECTION('',(0.,0.866025403784438,-0.5));
#2919=DIRECTION('',(1.,0.,0.));
#2920=DIRECTION('center_axis',(0.,-1.,-2.3311769545935E-16));
#2921=DIRECTION('ref_axis',(0.,2.3311769545935E-16,-1.));
#2922=DIRECTION('',(0.,2.3311769545935E-16,-1.));
#2923=DIRECTION('',(-1.,0.,0.));
#2924=DIRECTION('',(0.,-2.3311769545935E-16,1.));
#2925=DIRECTION('',(-1.,0.,0.));
#2926=DIRECTION('',(0.,-2.3311769545935E-16,1.));
#2927=DIRECTION('',(1.,0.,0.));
#2928=DIRECTION('',(0.,2.3311769545935E-16,-1.));
#2929=DIRECTION('',(-1.,0.,0.));
#2930=DIRECTION('center_axis',(0.,1.,3.67919266265942E-16));
#2931=DIRECTION('ref_axis',(0.,-3.67919266265942E-16,1.));
#2932=DIRECTION('',(0.,3.67919266265942E-16,-1.));
#2933=DIRECTION('',(1.,0.,0.));
#2934=DIRECTION('',(0.,3.67919266265942E-16,-1.));
#2935=DIRECTION('',(-1.,0.,0.));
#2936=DIRECTION('center_axis',(0.,1.,3.67919266265942E-16));
#2937=DIRECTION('ref_axis',(0.,-3.67919266265942E-16,1.));
#2938=DIRECTION('',(0.,-3.67919266265942E-16,1.));
#2939=DIRECTION('',(-1.,0.,0.));
#2940=DIRECTION('',(0.,-3.67919266265942E-16,1.));
#2941=DIRECTION('',(1.,0.,0.));
#2942=DIRECTION('center_axis',(0.,0.,1.));
#2943=DIRECTION('ref_axis',(0.,-1.,0.));
#2944=DIRECTION('',(0.,1.,0.));
#2945=DIRECTION('',(1.,0.,0.));
#2946=DIRECTION('',(0.,1.,0.));
#2947=DIRECTION('center_axis',(-1.,0.,0.));
#2948=DIRECTION('ref_axis',(0.,0.866025403784438,-0.500000000000001));
#2949=DIRECTION('',(0.,0.866025403784438,-0.500000000000001));
#2950=DIRECTION('',(0.,0.5,0.866025403784438));
#2951=DIRECTION('',(0.,-0.866025403784438,0.5));
#2952=DIRECTION('',(0.,-0.866025403784439,-0.5));
#2953=DIRECTION('',(0.,-0.866025403784438,0.5));
#2954=DIRECTION('',(0.,-0.5,-0.866025403784438));
#2955=DIRECTION('center_axis',(1.,5.45124290235075E-16,-3.14727655709025E-16));
#2956=DIRECTION('ref_axis',(6.29455311418049E-16,-0.866025403784438,0.500000000000001));
#2957=DIRECTION('',(6.29455311418049E-16,-0.866025403784438,0.500000000000001));
#2958=DIRECTION('',(0.,-0.5,-0.866025403784438));
#2959=DIRECTION('',(-6.29455311418049E-16,0.866025403784438,-0.5));
#2960=DIRECTION('',(0.,0.866025403784439,0.5));
#2961=DIRECTION('',(0.,-1.,0.));
#2962=DIRECTION('',(-6.29455311418049E-16,0.866025403784438,-0.5));
#2963=DIRECTION('',(-4.93038065763132E-32,-0.5,-0.866025403784438));
#2964=DIRECTION('center_axis',(0.,0.866025403784438,-0.5));
#2965=DIRECTION('ref_axis',(1.,0.,0.));
#2966=DIRECTION('',(1.,0.,0.));
#2967=DIRECTION('',(1.,0.,0.));
#2968=DIRECTION('center_axis',(0.,-0.866025403784438,0.5));
#2969=DIRECTION('ref_axis',(0.,-0.5,-0.866025403784438));
#2970=DIRECTION('',(1.,0.,0.));
#2971=DIRECTION('',(0.,0.5,0.866025403784438));
#2972=DIRECTION('',(1.,0.,0.));
#2973=DIRECTION('center_axis',(0.,-0.866025403784438,0.5));
#2974=DIRECTION('ref_axis',(0.,-0.5,-0.866025403784438));
#2975=DIRECTION('',(1.,0.,0.));
#2976=DIRECTION('',(0.,-0.5,-0.866025403784438));
#2977=DIRECTION('',(1.,0.,0.));
#2978=DIRECTION('center_axis',(0.,-0.5,-0.866025403784438));
#2979=DIRECTION('ref_axis',(0.,0.866025403784438,-0.5));
#2980=DIRECTION('',(0.,-0.866025403784438,0.5));
#2981=DIRECTION('center_axis',(0.,-0.5,-0.866025403784438));
#2982=DIRECTION('ref_axis',(0.,0.866025403784438,-0.5));
#2983=DIRECTION('',(1.,0.,0.));
#2984=DIRECTION('',(0.,0.866025403784438,-0.5));
#2985=DIRECTION('center_axis',(0.,-0.5,-0.866025403784438));
#2986=DIRECTION('ref_axis',(0.,0.866025403784438,-0.5));
#2987=DIRECTION('',(1.,0.,0.));
#2988=DIRECTION('',(0.,0.866025403784438,-0.5));
#2989=DIRECTION('center_axis',(0.,-0.5,-0.866025403784438));
#2990=DIRECTION('ref_axis',(0.,0.866025403784438,-0.5));
#2991=DIRECTION('',(0.,-0.866025403784438,0.5));
#2992=DIRECTION('',(1.,0.,0.));
#2993=DIRECTION('center_axis',(-1.,0.,0.));
#2994=DIRECTION('ref_axis',(0.,0.,1.));
#2995=DIRECTION('center_axis',(0.,0.500000000000001,0.866025403784438));
#2996=DIRECTION('ref_axis',(0.,-0.866025403784438,0.500000000000001));
#2997=DIRECTION('',(0.,-0.866025403784438,0.500000000000001));
#2998=DIRECTION('',(0.,0.866025403784438,-0.500000000000001));
#2999=DIRECTION('center_axis',(-1.,0.,0.));
#3000=DIRECTION('ref_axis',(0.,0.,1.));
#3001=DIRECTION('',(0.,-0.866025403784438,-0.5));
#3002=DIRECTION('',(0.,-0.685512001030453,0.728061327391603));
#3003=DIRECTION('',(0.,0.866025403784439,0.5));
#3004=DIRECTION('center_axis',(0.,-0.5,0.866025403784439));
#3005=DIRECTION('ref_axis',(0.,-0.866025403784438,-0.5));
#3006=DIRECTION('',(0.,-0.866025403784439,-0.5));
#3007=DIRECTION('center_axis',(0.,0.,1.));
#3008=DIRECTION('ref_axis',(0.,-1.,0.));
#3009=DIRECTION('',(0.,-1.,0.));
#3010=DIRECTION('center_axis',(0.,0.5,-0.866025403784439));
#3011=DIRECTION('ref_axis',(0.,0.866025403784438,0.5));
#3012=DIRECTION('',(0.,0.866025403784438,0.5));
#3013=DIRECTION('',(1.,0.,0.));
#3014=DIRECTION('center_axis',(0.,-0.728061327391603,-0.685512001030454));
#3015=DIRECTION('ref_axis',(0.,0.685512001030453,-0.728061327391603));
#3016=DIRECTION('',(0.,0.685512001030453,-0.728061327391603));
#3017=DIRECTION('center_axis',(1.,0.,0.));
#3018=DIRECTION('ref_axis',(0.,0.,-1.));
#3019=DIRECTION('center_axis',(1.,0.,0.));
#3020=DIRECTION('ref_axis',(0.,0.,-1.));
#3021=DIRECTION('',(0.,4.66235390918701E-16,-1.));
#3022=DIRECTION('center_axis',(-1.,0.,0.));
#3023=DIRECTION('ref_axis',(0.,0.,1.));
#3024=DIRECTION('',(0.,1.,0.));
#3025=DIRECTION('',(0.,-4.66235390918701E-16,1.));
#3026=DIRECTION('center_axis',(0.,-1.,-4.66235390918701E-16));
#3027=DIRECTION('ref_axis',(0.,4.66235390918701E-16,-1.));
#3028=DIRECTION('center_axis',(0.,0.,1.));
#3029=DIRECTION('ref_axis',(0.,-1.,0.));
#3030=CARTESIAN_POINT('',(0.,0.,0.));
#3031=CARTESIAN_POINT('Origin',(0.0936866054798083,1.58855698813602,-0.35625));
#3032=CARTESIAN_POINT('',(-0.148049087037728,1.51875,-0.54375));
#3033=CARTESIAN_POINT('',(-0.0646824191934073,1.51875,-0.616471778692255));
#3034=CARTESIAN_POINT('Origin',(0.122742608146994,1.51875,-0.35625));
#3035=CARTESIAN_POINT('',(-0.180084776635288,1.59571568001047,-0.54375));
#3036=CARTESIAN_POINT('',(-0.137118109403952,1.49248834815696,-0.54375));
#3037=CARTESIAN_POINT('Ctrl Pts',(-0.0646824191934074,1.51875,-0.616471778692255));
#3038=CARTESIAN_POINT('Ctrl Pts',(-0.0658478455167144,1.51875,-0.615756330648769));
#3039=CARTESIAN_POINT('Ctrl Pts',(-0.067011526429923,1.51876630092402,-0.615036492927626));
#3040=CARTESIAN_POINT('Ctrl Pts',(-0.0855268900159324,1.51928351858207,
-0.603498453212757));
#3041=CARTESIAN_POINT('Ctrl Pts',(-0.102321390740146,1.52347379369072,-0.591754423346796));
#3042=CARTESIAN_POINT('Ctrl Pts',(-0.129476670872059,1.53596383502983,-0.572217262480307));
#3043=CARTESIAN_POINT('Ctrl Pts',(-0.142254185964907,1.54448694368832,-0.562721637873865));
#3044=CARTESIAN_POINT('Ctrl Pts',(-0.158830018533302,1.56115089944055,-0.551974036267938));
#3045=CARTESIAN_POINT('Ctrl Pts',(-0.163948316296673,1.56734931541675,-0.548981762051809));
#3046=CARTESIAN_POINT('Ctrl Pts',(-0.172988981836198,1.58081772382029,-0.544864296246184));
#3047=CARTESIAN_POINT('Ctrl Pts',(-0.176911192383881,1.5880911502111,-0.54375));
#3048=CARTESIAN_POINT('Ctrl Pts',(-0.180084776635288,1.59571568001047,-0.54375));
#3049=CARTESIAN_POINT('Origin',(0.,0.975,-0.634375));
#3050=CARTESIAN_POINT('',(-0.0646824191934073,1.51875,-0.634375));
#3051=CARTESIAN_POINT('',(-0.271875,1.51875,-0.634375));
#3052=CARTESIAN_POINT('',(0.,1.51875,-0.634375));
#3053=CARTESIAN_POINT('',(0.0417812520954521,1.51875,-0.634375));
#3054=CARTESIAN_POINT('',(0.,1.51875,-0.634375));
#3055=CARTESIAN_POINT('',(0.271875,1.51875,-0.634375));
#3056=CARTESIAN_POINT('',(0.,1.51875,-0.634375));
#3057=CARTESIAN_POINT('',(0.271875,1.28893420887186,-0.634375));
#3058=CARTESIAN_POINT('',(0.271875,0.975,-0.634375));
#3059=CARTESIAN_POINT('',(-0.271875,1.28893420887186,-0.634375));
#3060=CARTESIAN_POINT('',(0.,1.28893420887186,-0.634375));
#3061=CARTESIAN_POINT('',(-0.271875,0.975,-0.634375));
#3062=CARTESIAN_POINT('Origin',(-0.148049087037728,1.51875,-0.54375));
#3063=CARTESIAN_POINT('',(-0.180084776635288,1.59571568001047,-0.661803791699554));
#3064=CARTESIAN_POINT('',(-0.180084776635288,1.59571568001047,-0.54375));
#3065=CARTESIAN_POINT('',(-0.223491397672387,1.7,-0.54375));
#3066=CARTESIAN_POINT('',(-0.137118109403952,1.49248834815696,-0.54375));
#3067=CARTESIAN_POINT('',(-0.223491397672386,1.7,-0.515267587324885));
#3068=CARTESIAN_POINT('',(-0.223491397672386,1.7,-0.54375));
#3069=CARTESIAN_POINT('',(-0.311437290536469,1.91128983123022,-0.596073776107572));
#3070=CARTESIAN_POINT('',(-0.117199960449785,1.44463503524048,-0.417605198980421));
#3071=CARTESIAN_POINT('',(-0.311437290536469,1.91128983123022,-0.66875));
#3072=CARTESIAN_POINT('',(-0.311437290536469,1.91128983123022,-0.54375));
#3073=CARTESIAN_POINT('',(-0.207357217269715,1.66123766393972,-0.66875));
#3074=CARTESIAN_POINT('',(-0.224929957256519,1.70345613651584,-0.66875));
#3075=CARTESIAN_POINT('Origin',(-0.207357217269715,1.66123766393972,-0.35625));
#3076=CARTESIAN_POINT('Origin',(-0.0332027982242866,1.78888922179145,-0.35625));
#3077=CARTESIAN_POINT('',(0.157183609537332,1.59571568001047,-0.54375));
#3078=CARTESIAN_POINT('',(0.0417812520954521,1.51875,-0.616471778692255));
#3079=CARTESIAN_POINT('Ctrl Pts',(0.157183609537332,1.59571568001047,-0.54375));
#3080=CARTESIAN_POINT('Ctrl Pts',(0.154010025285926,1.5880911502111,-0.54375));
#3081=CARTESIAN_POINT('Ctrl Pts',(0.150087814738243,1.5808177238203,-0.544864296246184));
#3082=CARTESIAN_POINT('Ctrl Pts',(0.141047149198718,1.56734931541675,-0.548981762051809));
#3083=CARTESIAN_POINT('Ctrl Pts',(0.135928851435347,1.56115089944055,-0.551974036267938));
#3084=CARTESIAN_POINT('Ctrl Pts',(0.119353018866952,1.54448694368832,-0.562721637873865));
#3085=CARTESIAN_POINT('Ctrl Pts',(0.106575503774104,1.53596383502983,-0.572217262480307));
#3086=CARTESIAN_POINT('Ctrl Pts',(0.079420223642191,1.52347379369072,-0.591754423346796));
#3087=CARTESIAN_POINT('Ctrl Pts',(0.0626257229179772,1.51928351858207,-0.603498453212757));
#3088=CARTESIAN_POINT('Ctrl Pts',(0.0441103593319679,1.51876630092402,-0.615036492927626));
#3089=CARTESIAN_POINT('Ctrl Pts',(0.0429466784187592,1.51875,-0.615756330648769));
#3090=CARTESIAN_POINT('Ctrl Pts',(0.0417812520954522,1.51875,-0.616471778692255));
#3091=CARTESIAN_POINT('',(0.125147919939773,1.51875,-0.54375));
#3092=CARTESIAN_POINT('',(0.197601916659474,1.69282058181239,-0.54375));
#3093=CARTESIAN_POINT('Origin',(-0.145643775244949,1.51875,-0.35625));
#3094=CARTESIAN_POINT('Origin',(0.,1.66123766393972,-0.35625));
#3095=CARTESIAN_POINT('',(0.0417812520954521,1.66123766393972,-0.66875));
#3096=CARTESIAN_POINT('Origin',(0.0417812520954521,1.66123766393972,-0.35625));
#3097=CARTESIAN_POINT('',(-0.0646824191934073,1.66123766393972,-0.66875));
#3098=CARTESIAN_POINT('Origin',(-0.0646824191934073,1.66123766393972,-0.35625));
#3099=CARTESIAN_POINT('',(0.,1.66123766393972,-0.66875));
#3100=CARTESIAN_POINT('Origin',(0.,1.66123766393972,-0.35625));
#3101=CARTESIAN_POINT('',(0.157183609537332,1.59571568001047,-0.661803791699554));
#3102=CARTESIAN_POINT('Ctrl Pts',(0.157183609537332,1.59571568001047,-0.661803791699554));
#3103=CARTESIAN_POINT('Ctrl Pts',(0.157142630933917,1.59561722899795,-0.661782680177343));
#3104=CARTESIAN_POINT('Ctrl Pts',(0.157101528305283,1.59551883511119,-0.661761531135188));
#3105=CARTESIAN_POINT('Ctrl Pts',(0.15060465795147,1.58002202953347,-0.658422781317111));
#3106=CARTESIAN_POINT('Ctrl Pts',(0.140970612218054,1.56610554301942,-0.654146437358951));
#3107=CARTESIAN_POINT('Ctrl Pts',(0.118994834829253,1.54424475174553,-0.646254897473149));
#3108=CARTESIAN_POINT('Ctrl Pts',(0.105138024898589,1.53472640373431,-0.642083475227926));
#3109=CARTESIAN_POINT('Ctrl Pts',(0.0745066604245907,1.52197451812869,-0.63609219607736));
#3110=CARTESIAN_POINT('Ctrl Pts',(0.0577083626102347,1.51875,-0.634375));
#3111=CARTESIAN_POINT('Ctrl Pts',(0.0417812520954521,1.51875,-0.634375));
#3112=CARTESIAN_POINT('',(0.184456050171759,1.66123766393972,-0.66875));
#3113=CARTESIAN_POINT('',(0.,1.66123766393972,-0.66875));
#3114=CARTESIAN_POINT('Origin',(0.184456050171759,1.66123766393972,-0.35625));
#3115=CARTESIAN_POINT('Origin',(0.,1.66123766393972,-0.35625));
#3116=CARTESIAN_POINT('',(0.,1.66123766393972,-0.66875));
#3117=CARTESIAN_POINT('Ctrl Pts',(-0.0646824191934073,1.51875,-0.634375));
#3118=CARTESIAN_POINT('Ctrl Pts',(-0.0806095297081899,1.51875,-0.634375));
#3119=CARTESIAN_POINT('Ctrl Pts',(-0.0974078275225459,1.52197451812869,
-0.63609219607736));
#3120=CARTESIAN_POINT('Ctrl Pts',(-0.128039191996544,1.53472640373431,-0.642083475227926));
#3121=CARTESIAN_POINT('Ctrl Pts',(-0.141896001927208,1.54424475174553,-0.646254897473149));
#3122=CARTESIAN_POINT('Ctrl Pts',(-0.163871779316009,1.56610554301942,-0.65414643735895));
#3123=CARTESIAN_POINT('Ctrl Pts',(-0.173505825049425,1.58002202953347,-0.65842278131711));
#3124=CARTESIAN_POINT('Ctrl Pts',(-0.180002695403238,1.59551883511119,-0.661761531135187));
#3125=CARTESIAN_POINT('Ctrl Pts',(-0.180043798031872,1.59561722899795,-0.661782680177343));
#3126=CARTESIAN_POINT('Ctrl Pts',(-0.180084776635288,1.59571568001047,-0.661803791699554));
#3127=CARTESIAN_POINT('Origin',(0.271875,2.58468862278942,-0.66875));
#3128=CARTESIAN_POINT('',(-0.0114505835489777,2.49928983123022,-0.66875));
#3129=CARTESIAN_POINT('Origin',(0.176378475003236,2.0329390949441,-0.66875));
#3130=CARTESIAN_POINT('',(0.288536123438514,1.91128983123022,-0.66875));
#3131=CARTESIAN_POINT('Origin',(-0.199279642101192,2.0329390949441,-0.66875));
#3132=CARTESIAN_POINT('',(0.283722891907934,1.89972605213095,-0.66875));
#3133=CARTESIAN_POINT('Origin',(-0.00179760300790508,1.49266935523001,-0.417605198980421));
#3134=CARTESIAN_POINT('',(-0.155858145696244,1.537511247766,-0.453125));
#3135=CARTESIAN_POINT('',(-0.208754483692196,1.7,-0.453125));
#3136=CARTESIAN_POINT('Origin',(-0.040455788254364,1.58554556775552,-0.453125));
#3137=CARTESIAN_POINT('',(-0.148049087037728,1.51875,-0.445949903498901));
#3138=CARTESIAN_POINT('',(-0.117199960449785,1.44463503524048,-0.417605198980421));
#3139=CARTESIAN_POINT('',(-0.0326467295958479,1.61143561488537,-0.329196908401883));
#3140=CARTESIAN_POINT('Origin',(-0.0326467295958479,1.56678431998953,-0.445949903498901));
#3141=CARTESIAN_POINT('',(-0.0413355173480529,1.63231041003466,-0.33718031502307));
#3142=CARTESIAN_POINT('',(-0.00179760300790508,1.53732065012585,-0.300852203883403));
#3143=CARTESIAN_POINT('',(-0.0524505835489772,1.63215679762515,-0.337581976585983));
#3144=CARTESIAN_POINT('Origin',(-0.0413355173479985,1.58765911513868,-0.453933310120039));
#3145=CARTESIAN_POINT('',(-0.0524505835489772,1.65901433429108,-0.347393027732145));
#3146=CARTESIAN_POINT('Origin',(-0.0524505835489772,1.61436303939524,-0.464146022829163));
#3147=CARTESIAN_POINT('',(-0.288139412294657,2.22525627267797,-0.563947949961741));
#3148=CARTESIAN_POINT('',(-0.00179760300790508,1.53732065012585,-0.300852203883403));
#3149=CARTESIAN_POINT('Ctrl Pts',(-0.288139412294657,2.22525627267797,-0.563947949961741));
#3150=CARTESIAN_POINT('Ctrl Pts',(-0.292002706495532,2.21592497278398,-0.560379265295606));
#3151=CARTESIAN_POINT('Ctrl Pts',(-0.295732014382171,2.20610789713289,-0.557303736861646));
#3152=CARTESIAN_POINT('Ctrl Pts',(-0.306208084264396,2.17556497672805,-0.549542741586994));
#3153=CARTESIAN_POINT('Ctrl Pts',(-0.312002175773623,2.15404000898388,-0.546541937445786));
#3154=CARTESIAN_POINT('Ctrl Pts',(-0.321252925695709,2.10896105493899,-0.543346392782233));
#3155=CARTESIAN_POINT('Ctrl Pts',(-0.324831553118974,2.08114010105672,-0.543679693610542));
#3156=CARTESIAN_POINT('Ctrl Pts',(-0.327090659047509,2.02561398613445,-0.548333442362188));
#3157=CARTESIAN_POINT('Ctrl Pts',(-0.325774012334681,1.99789501351838,-0.552486180545641));
#3158=CARTESIAN_POINT('Ctrl Pts',(-0.32181411264981,1.96484818089123,-0.56029844288944));
#3159=CARTESIAN_POINT('Ctrl Pts',(-0.320509915398594,1.95585140015042,-0.562698131490288));
#3160=CARTESIAN_POINT('Ctrl Pts',(-0.317499665921807,1.93846706752007,-0.568650829712598));
#3161=CARTESIAN_POINT('Ctrl Pts',(-0.315786512505695,1.93004768757202,-0.572106857575871));
#3162=CARTESIAN_POINT('Ctrl Pts',(-0.31354307368311,1.92002421787155,-0.579061431251601));
#3163=CARTESIAN_POINT('Ctrl Pts',(-0.31280120109184,1.91687375572996,-0.581797882610685));
#3164=CARTESIAN_POINT('Ctrl Pts',(-0.312000041649409,1.9135637290274,-0.586711204919958));
#3165=CARTESIAN_POINT('Ctrl Pts',(-0.311784992109151,1.91269141857359,-0.588491292810763));
#3166=CARTESIAN_POINT('Ctrl Pts',(-0.311503620957492,1.91155457138267,-0.592211742063543));
#3167=CARTESIAN_POINT('Ctrl Pts',(-0.311437290536469,1.91128983123022,-0.594152040599158));
#3168=CARTESIAN_POINT('Ctrl Pts',(-0.311437290536469,1.91128983123022,-0.596073776107571));
#3169=CARTESIAN_POINT('Origin',(-0.0880955500800254,1.7,-0.496897227016855));
#3170=CARTESIAN_POINT('Origin',(-0.00179760300790508,1.49266935523001,-0.417605198980421));
#3171=CARTESIAN_POINT('',(-0.0114505835489777,1.51875,-0.294858871164779));
#3172=CARTESIAN_POINT('',(-0.0114505835489777,1.5605119165167,-0.30972152731074));
#3173=CARTESIAN_POINT('Origin',(-0.0114505835489777,1.51586062162085,-0.426474522407758));
#3174=CARTESIAN_POINT('',(-0.00179760300790508,1.53732065012585,-0.300852203883403));
#3175=CARTESIAN_POINT('Origin',(-0.0126532394453671,1.51875,-0.427579543190871));
#3176=CARTESIAN_POINT('Origin',(0.176378475003236,2.0329390949441,-0.54375));
#3177=CARTESIAN_POINT('Origin',(0.176378475003236,2.0329390949441,-0.490397708193677));
#3178=CARTESIAN_POINT('Origin',(0.271875,1.51875,-0.29375));
#3179=CARTESIAN_POINT('',(0.00974556249789243,1.61143561488537,-0.329196908401882));
#3180=CARTESIAN_POINT('',(0.0887353855559244,1.80120850636798,-0.401774107246209));
#3181=CARTESIAN_POINT('',(0.0184343502500975,1.63231041003466,-0.33718031502307));
#3182=CARTESIAN_POINT('',(0.0887353855559244,1.80120850636798,-0.401774107246209));
#3183=CARTESIAN_POINT('',(0.109712208225511,1.63231041003466,-0.33718031502307));
#3184=CARTESIAN_POINT('Origin',(0.271875,1.51875,-0.29375));
#3185=CARTESIAN_POINT('',(-0.0524505835489776,2.10432579880072,-0.517699010082297));
#3186=CARTESIAN_POINT('',(-0.0524505835489774,1.81153789940036,-0.405724505041148));
#3187=CARTESIAN_POINT('',(-0.215280088037483,2.10432579880072,-0.517699010082297));
#3188=CARTESIAN_POINT('',(0.0282974559812584,2.10432579880072,-0.517699010082297));
#3189=CARTESIAN_POINT('',(-0.215280088037483,2.18348964579102,-0.54797462120573));
#3190=CARTESIAN_POINT('',(-0.215280088037483,1.85111982289551,-0.420862310602865));
#3191=CARTESIAN_POINT('',(-0.0524505835489776,2.18348964579102,-0.54797462120573));
#3192=CARTESIAN_POINT('',(0.109712208225511,2.18348964579102,-0.54797462120573));
#3193=CARTESIAN_POINT('',(-0.0524505835489778,2.33757511853035,-0.606903438207231));
#3194=CARTESIAN_POINT('',(-0.0524505835489774,1.92816255926518,-0.450326719103615));
#3195=CARTESIAN_POINT('',(0.0295494164510222,2.33757511853035,-0.606903438207231));
#3196=CARTESIAN_POINT('',(0.150712208225511,2.33757511853035,-0.606903438207231));
#3197=CARTESIAN_POINT('',(0.0295494164510222,2.18348964579102,-0.54797462120573));
#3198=CARTESIAN_POINT('',(0.0295494164510226,1.85111982289551,-0.420862310602865));
#3199=CARTESIAN_POINT('',(0.192549416451022,2.18348964579102,-0.54797462120573));
#3200=CARTESIAN_POINT('',(0.232212208225511,2.18348964579102,-0.54797462120573));
#3201=CARTESIAN_POINT('',(0.192549416451022,2.10432579880072,-0.517699010082297));
#3202=CARTESIAN_POINT('',(0.192549416451023,1.81153789940036,-0.405724505041148));
#3203=CARTESIAN_POINT('',(0.0295494164510224,2.10432579880072,-0.517699010082297));
#3204=CARTESIAN_POINT('',(0.150712208225511,2.10432579880072,-0.517699010082297));
#3205=CARTESIAN_POINT('',(0.0295494164510227,1.65901433429108,-0.347393027732146));
#3206=CARTESIAN_POINT('',(0.0295494164510228,1.57553020501733,-0.315465157511535));
#3207=CARTESIAN_POINT('',(0.265238245196702,2.22525627267797,-0.563947949961741));
#3208=CARTESIAN_POINT('',(0.0887353855559244,1.80120850636798,-0.401774107246209));
#3209=CARTESIAN_POINT('Origin',(-0.199279642101192,2.0329390949441,-0.490397708193677));
#3210=CARTESIAN_POINT('Origin',(0.0887353855559244,1.75655721147214,-0.518527102343228));
#3211=CARTESIAN_POINT('',(0.0295494164510227,1.63215679762515,-0.337581976585983));
#3212=CARTESIAN_POINT('Origin',(0.0184343502500431,1.58765911513868,-0.453933310120039));
#3213=CARTESIAN_POINT('',(0.125147919939773,1.51875,-0.445949903498901));
#3214=CARTESIAN_POINT('Origin',(0.00974556249789243,1.56678431998953,-0.445949903498901));
#3215=CARTESIAN_POINT('',(0.132956978598289,1.537511247766,-0.453125));
#3216=CARTESIAN_POINT('',(0.204137742997805,1.70852289148261,-0.518527102343228));
#3217=CARTESIAN_POINT('',(0.185853316594241,1.7,-0.453125));
#3218=CARTESIAN_POINT('Origin',(0.0175546211564085,1.58554556775552,-0.453125));
#3219=CARTESIAN_POINT('',(0.200590230574431,1.7,-0.515267587324885));
#3220=CARTESIAN_POINT('Origin',(0.06519438298207,1.7,-0.496897227016855));
#3221=CARTESIAN_POINT('',(0.288536123438514,1.91128983123022,-0.596073776107572));
#3222=CARTESIAN_POINT('',(0.204137742997805,1.70852289148261,-0.518527102343228));
#3223=CARTESIAN_POINT('Ctrl Pts',(0.288536123438513,1.91128983123022,-0.596073776107571));
#3224=CARTESIAN_POINT('Ctrl Pts',(0.288536123438513,1.91128983123022,-0.594041886511887));
#3225=CARTESIAN_POINT('Ctrl Pts',(0.288614803945298,1.91160362836284,-0.591847530015212));
#3226=CARTESIAN_POINT('Ctrl Pts',(0.288961322308937,1.91300558644242,-0.587730988026984));
#3227=CARTESIAN_POINT('Ctrl Pts',(0.289227368169817,1.91408964858104,-0.585807257132261));
#3228=CARTESIAN_POINT('Ctrl Pts',(0.290365925447484,1.91882002511785,-0.579451624349477));
#3229=CARTESIAN_POINT('Ctrl Pts',(0.291713749953553,1.92469609535635,-0.575576396240902));
#3230=CARTESIAN_POINT('Ctrl Pts',(0.29511275494652,1.94092908526213,-0.567109108376977));
#3231=CARTESIAN_POINT('Ctrl Pts',(0.297403904502653,1.95390100833323,-0.563175668068157));
#3232=CARTESIAN_POINT('Ctrl Pts',(0.300903076547656,1.9804146219641,-0.556433585901795));
#3233=CARTESIAN_POINT('Ctrl Pts',(0.302120766214853,1.9939998821582,-0.553802544819822));
#3234=CARTESIAN_POINT('Ctrl Pts',(0.304426522468498,2.03773021760813,-0.546670941723689));
#3235=CARTESIAN_POINT('Ctrl Pts',(0.303101028577057,2.07228116455809,-0.543636751318335));
#3236=CARTESIAN_POINT('Ctrl Pts',(0.293134414791462,2.14000231171692,-0.544372844791445));
#3237=CARTESIAN_POINT('Ctrl Pts',(0.284496731655405,2.17317088314626,-0.548327909608995));
#3238=CARTESIAN_POINT('Ctrl Pts',(0.271427172787062,2.2097567296005,-0.558480472222418));
#3239=CARTESIAN_POINT('Ctrl Pts',(0.268430918690304,2.21754477252205,-0.560998745384462));
#3240=CARTESIAN_POINT('Ctrl Pts',(0.265238245196702,2.22525627267797,-0.563947949961741));
#3241=CARTESIAN_POINT('Origin',(0.0295494164510227,1.61436303939524,-0.464146022829164));
#3242=CARTESIAN_POINT('Origin',(0.0887353855559244,1.75655721147214,-0.518527102343228));
#3243=CARTESIAN_POINT('Origin',(-0.0102479276525884,1.51875,-0.427579543190871));
#3244=CARTESIAN_POINT('Origin',(-0.199279642101192,2.0329390949441,-0.54375));
#3245=CARTESIAN_POINT('',(0.288536123438514,1.91128983123022,-0.54375));
#3246=CARTESIAN_POINT('Origin',(0.288536123438514,1.91128983123022,-0.54375));
#3247=CARTESIAN_POINT('',(0.125147919939773,1.51875,-0.453125));
#3248=CARTESIAN_POINT('',(0.125147919939773,1.51875,-0.5890625));
#3249=CARTESIAN_POINT('',(0.229752904495948,1.77006326561062,-0.453125));
#3250=CARTESIAN_POINT('Origin',(0.288536123438514,1.91128983123022,-0.54375));
#3251=CARTESIAN_POINT('',(0.157183609537332,1.59571568001047,-0.54375));
#3252=CARTESIAN_POINT('',(0.200590230574431,1.7,-0.54375));
#3253=CARTESIAN_POINT('',(0.200590230574431,1.7,-0.54375));
#3254=CARTESIAN_POINT('',(0.197601916659474,1.69282058181239,-0.54375));
#3255=CARTESIAN_POINT('Origin',(-0.215280088037483,2.18348964579102,-0.54797462120573));
#3256=CARTESIAN_POINT('',(-0.215280088037483,2.10436151983664,-0.517605607686219));
#3257=CARTESIAN_POINT('',(-0.215280088037483,2.10432579880072,-0.517699010082297));
#3258=CARTESIAN_POINT('',(-0.215280088037483,2.18352536682694,-0.547881218809653));
#3259=CARTESIAN_POINT('',(-0.215280088037483,2.18352536682694,-0.547881218809653));
#3260=CARTESIAN_POINT('',(-0.215280088037483,2.18348964579102,-0.54797462120573));
#3261=CARTESIAN_POINT('Origin',(-0.0524505835489776,2.18348964579102,-0.54797462120573));
#3262=CARTESIAN_POINT('',(-0.0524505835489776,2.18352536682694,-0.547881218809653));
#3263=CARTESIAN_POINT('',(0.192549416451022,2.18352536682694,-0.547881218809653));
#3264=CARTESIAN_POINT('',(-0.0524505835489776,2.18348964579102,-0.54797462120573));
#3265=CARTESIAN_POINT('Origin',(-0.0524505835489778,2.33757511853035,-0.606903438207231));
#3266=CARTESIAN_POINT('',(-0.0524505835489778,2.33761083956627,-0.606810035811154));
#3267=CARTESIAN_POINT('',(-0.0524505835489778,2.33761083956627,-0.606810035811154));
#3268=CARTESIAN_POINT('',(-0.0524505835489778,2.33757511853035,-0.606903438207231));
#3269=CARTESIAN_POINT('Origin',(0.0295494164510222,2.33757511853035,-0.606903438207231));
#3270=CARTESIAN_POINT('',(0.0295494164510222,2.33761083956627,-0.606810035811154));
#3271=CARTESIAN_POINT('',(0.0295494164510221,2.33761083956627,-0.606810035811154));
#3272=CARTESIAN_POINT('',(0.0295494164510222,2.33757511853035,-0.606903438207231));
#3273=CARTESIAN_POINT('Origin',(0.0295494164510223,2.18348964579102,-0.54797462120573));
#3274=CARTESIAN_POINT('',(0.0295494164510222,2.18352536682694,-0.547881218809653));
#3275=CARTESIAN_POINT('',(0.0295494164510227,1.63234613107057,-0.337086912626993));
#3276=CARTESIAN_POINT('',(0.0295494164510222,2.18348964579102,-0.54797462120573));
#3277=CARTESIAN_POINT('Origin',(0.192549416451022,2.18348964579102,-0.54797462120573));
#3278=CARTESIAN_POINT('',(0.192549416451022,2.18352536682694,-0.547881218809653));
#3279=CARTESIAN_POINT('',(0.192549416451022,2.18352536682694,-0.547881218809653));
#3280=CARTESIAN_POINT('',(0.192549416451022,2.18348964579102,-0.54797462120573));
#3281=CARTESIAN_POINT('Origin',(0.192549416451022,2.10432579880072,-0.517699010082297));
#3282=CARTESIAN_POINT('',(0.192549416451022,2.10436151983664,-0.517605607686219));
#3283=CARTESIAN_POINT('',(0.192549416451022,2.10436151983664,-0.51760560768622));
#3284=CARTESIAN_POINT('',(0.192549416451022,2.10432579880072,-0.517699010082297));
#3285=CARTESIAN_POINT('Origin',(0.0295494164510224,2.10432579880072,-0.517699010082297));
#3286=CARTESIAN_POINT('',(0.0295494164510224,2.10436151983664,-0.517605607686219));
#3287=CARTESIAN_POINT('',(-0.215280088037483,2.10436151983664,-0.517605607686219));
#3288=CARTESIAN_POINT('',(0.0295494164510224,2.10432579880072,-0.517699010082297));
#3289=CARTESIAN_POINT('Origin',(0.0295494164510227,1.63231041003466,-0.33718031502307));
#3290=CARTESIAN_POINT('',(0.0295494164510227,1.63234613107057,-0.337086912626993));
#3291=CARTESIAN_POINT('',(0.0295494164510227,1.63234613107057,-0.337086912626993));
#3292=CARTESIAN_POINT('',(0.0295494164510227,1.63231041003466,-0.33718031502307));
#3293=CARTESIAN_POINT('Origin',(-0.0524505835489772,1.63231041003466,-0.33718031502307));
#3294=CARTESIAN_POINT('',(-0.0524505835489772,1.63234613107057,-0.337086912626993));
#3295=CARTESIAN_POINT('',(-0.0524505835489772,1.63234613107057,-0.337086912626993));
#3296=CARTESIAN_POINT('',(-0.0524505835489772,1.63231041003476,-0.337180315022807));
#3297=CARTESIAN_POINT('Origin',(-0.0524505835489776,2.10432579880072,-0.517699010082297));
#3298=CARTESIAN_POINT('',(-0.0524505835489776,2.10436151983664,-0.517605607686219));
#3299=CARTESIAN_POINT('',(-0.0524505835489778,2.33761083956627,-0.606810035811154));
#3300=CARTESIAN_POINT('',(-0.0524505835489776,2.10432579880072,-0.517699010082297));
#3301=CARTESIAN_POINT('Origin',(-0.215280088037483,2.10432579880072,-0.517699010082297));
#3302=CARTESIAN_POINT('',(-0.215280088037483,2.10436151983664,-0.517605607686219));
#3303=CARTESIAN_POINT('Origin',(-0.0113653357932302,1.98497848531847,-0.47194847421894));
#3304=CARTESIAN_POINT('Origin',(0.,1.51875,-0.634375));
#3305=CARTESIAN_POINT('',(-0.148049087037728,1.51875,-0.453125));
#3306=CARTESIAN_POINT('',(-0.148049087037728,1.51875,-0.5890625));
#3307=CARTESIAN_POINT('',(-0.271875,1.51875,-0.453125));
#3308=CARTESIAN_POINT('',(0.,1.51875,-0.453125));
#3309=CARTESIAN_POINT('',(-0.271875,1.51875,-0.271875));
#3310=CARTESIAN_POINT('',(-0.271875,1.51875,-1.5));
#3311=CARTESIAN_POINT('',(0.271875,1.51875,-0.271875));
#3312=CARTESIAN_POINT('',(0.,1.51875,-0.271875));
#3313=CARTESIAN_POINT('',(0.271875,1.51875,-0.453125));
#3314=CARTESIAN_POINT('',(0.271875,1.51875,-1.5));
#3315=CARTESIAN_POINT('',(0.,1.51875,-0.453125));
#3316=CARTESIAN_POINT('Origin',(-0.148049087037728,1.51875,-0.54375));
#3317=CARTESIAN_POINT('',(-0.169269097240426,1.56973103195519,-0.453125));
#3318=CARTESIAN_POINT('Origin',(-0.0646824191934073,1.64375,-0.54375));
#3319=CARTESIAN_POINT('',(-0.0646824191934073,1.51875,-0.54375));
#3320=CARTESIAN_POINT('Origin',(0.0417812520954521,1.64375,-0.54375));
#3321=CARTESIAN_POINT('',(0.0417812520954521,1.51875,-0.54375));
#3322=CARTESIAN_POINT('Origin',(0.,1.51875,-0.54375));
#3323=CARTESIAN_POINT('',(-0.271875,1.51875,-0.54375));
#3324=CARTESIAN_POINT('',(0.,1.51875,-0.54375));
#3325=CARTESIAN_POINT('',(-0.271975,1.51875,-0.54375));
#3326=CARTESIAN_POINT('',(-0.271875,1.51875,-0.54375));
#3327=CARTESIAN_POINT('',(-0.271975,1.7,-0.543749999999999));
#3328=CARTESIAN_POINT('',(-0.271975,1.7,-0.543749999999999));
#3329=CARTESIAN_POINT('',(0.,1.7,-0.54375));
#3330=CARTESIAN_POINT('Origin',(0.,1.7,-0.54375));
#3331=CARTESIAN_POINT('',(0.271975,1.7,-0.453125));
#3332=CARTESIAN_POINT('',(0.,1.7,-0.453125));
#3333=CARTESIAN_POINT('',(0.271975,1.7,-0.54375));
#3334=CARTESIAN_POINT('',(0.271975,1.7,-0.54375));
#3335=CARTESIAN_POINT('',(0.,1.7,-0.54375));
#3336=CARTESIAN_POINT('Origin',(0.,1.51875,-0.634375));
#3337=CARTESIAN_POINT('',(0.271875,1.51875,-0.54375));
#3338=CARTESIAN_POINT('',(0.,1.51875,-0.54375));
#3339=CARTESIAN_POINT('',(0.271875,1.51875,-1.5));
#3340=CARTESIAN_POINT('Origin',(0.,1.51875,-0.634375));
#3341=CARTESIAN_POINT('',(-0.271875,1.51875,-1.5));
#3342=CARTESIAN_POINT('Origin',(0.,1.7,-0.453125));
#3343=CARTESIAN_POINT('',(0.271975,1.51875,-0.453125));
#3344=CARTESIAN_POINT('',(0.271875,1.51875,-0.453125));
#3345=CARTESIAN_POINT('',(0.271975,1.7,-0.453125));
#3346=CARTESIAN_POINT('Origin',(-0.271875,1.51875,-0.54375));
#3347=CARTESIAN_POINT('',(-0.271875,1.51875,-0.4984375));
#3348=CARTESIAN_POINT('',(-0.271975,1.51875,-0.453125));
#3349=CARTESIAN_POINT('',(-0.271875,1.51875,-0.453125));
#3350=CARTESIAN_POINT('',(-0.271975,1.51875,-0.54375));
#3351=CARTESIAN_POINT('Origin',(-0.271975,1.609375,-0.4984375));
#3352=CARTESIAN_POINT('',(-0.271975,1.7,-0.453124999999999));
#3353=CARTESIAN_POINT('',(-0.271975,1.51875,-0.453125));
#3354=CARTESIAN_POINT('',(-0.271975,1.7,-0.453124999999999));
#3355=CARTESIAN_POINT('Origin',(-0.271875,1.246875,-0.453125));
#3356=CARTESIAN_POINT('',(-0.271875,0.975,-0.453125));
#3357=CARTESIAN_POINT('',(-0.271875,1.29571054640106,-0.638287320296607));
#3358=CARTESIAN_POINT('',(-0.271875,0.974999999999999,-0.271875));
#3359=CARTESIAN_POINT('',(-0.271875,0.974999999999999,-3.49676543189026E-16));
#3360=CARTESIAN_POINT('',(-0.271875,1.246875,-0.271875));
#3361=CARTESIAN_POINT('',(-0.271875,1.51875,-0.271875));
#3362=CARTESIAN_POINT('',(-0.271875,1.246875,-0.271785));
#3363=CARTESIAN_POINT('',(-0.271875,1.246875,-0.271875));
#3364=CARTESIAN_POINT('',(-0.271875,1.3375,-0.271785));
#3365=CARTESIAN_POINT('',(-0.271875,1.51875,-0.271785));
#3366=CARTESIAN_POINT('',(-0.271875,1.3375,-0.271875));
#3367=CARTESIAN_POINT('',(-0.271875,1.3375,-0.271875));
#3368=CARTESIAN_POINT('',(-0.271875,1.51875,-0.271875));
#3369=CARTESIAN_POINT('Origin',(0.271875,1.51875,-0.453125));
#3370=CARTESIAN_POINT('',(0.271875,1.51875,-0.453125));
#3371=CARTESIAN_POINT('',(0.271975,1.51875,-0.543750000000001));
#3372=CARTESIAN_POINT('',(0.271875,1.51875,-0.543750000000001));
#3373=CARTESIAN_POINT('',(0.271975,1.51875,-0.453125));
#3374=CARTESIAN_POINT('Origin',(0.271975,1.609375,-0.4984375));
#3375=CARTESIAN_POINT('',(0.271975,1.51875,-0.543750000000001));
#3376=CARTESIAN_POINT('Origin',(0.0453124999999999,1.246875,-0.090525));
#3377=CARTESIAN_POINT('',(-0.0453125,1.246875,-0.090525));
#3378=CARTESIAN_POINT('',(0.0453124999999999,1.246875,-0.090525));
#3379=CARTESIAN_POINT('',(0.0226562499999999,1.246875,-0.090525));
#3380=CARTESIAN_POINT('',(-0.0453125,1.246975,-0.090525));
#3381=CARTESIAN_POINT('',(-0.0453125,1.246875,-0.090525));
#3382=CARTESIAN_POINT('',(0.0453124999999999,1.246975,-0.090525));
#3383=CARTESIAN_POINT('',(0.0453124999999999,1.246975,-0.090525));
#3384=CARTESIAN_POINT('',(0.0453124999999999,1.246875,-0.090525));
#3385=CARTESIAN_POINT('Origin',(-5.46369598732853E-17,1.246975,-0.0452125));
#3386=CARTESIAN_POINT('',(-0.0453125,1.246975,9.99999999999907E-5));
#3387=CARTESIAN_POINT('',(-0.0453125,1.246975,-0.090525));
#3388=CARTESIAN_POINT('',(0.0453124999999999,1.246975,9.99999999999907E-5));
#3389=CARTESIAN_POINT('',(-0.0453125,1.246975,9.99999999999907E-5));
#3390=CARTESIAN_POINT('',(0.0453124999999999,1.246975,9.99999999999907E-5));
#3391=CARTESIAN_POINT('Origin',(-0.1359375,1.065625,-0.271377770857398));
#3392=CARTESIAN_POINT('',(-0.1359375,0.974999999999999,-0.271377770857398));
#3393=CARTESIAN_POINT('',(-0.1359375,1.065625,-0.271377770857398));
#3394=CARTESIAN_POINT('',(-0.1359375,1.08828125,-0.271377770857398));
#3395=CARTESIAN_POINT('',(-0.1360375,0.974999999999999,-0.271377770857398));
#3396=CARTESIAN_POINT('',(-0.1359375,0.974999999999999,-0.271377770857398));
#3397=CARTESIAN_POINT('',(-0.1360375,1.065625,-0.271377770857398));
#3398=CARTESIAN_POINT('',(-0.1360375,1.065625,-0.271377770857398));
#3399=CARTESIAN_POINT('',(-0.1359375,1.065625,-0.271377770857398));
#3400=CARTESIAN_POINT('Origin',(-0.1360375,1.0203125,-0.135638885428699));
#3401=CARTESIAN_POINT('',(-0.1360375,0.974999999999999,0.0001));
#3402=CARTESIAN_POINT('',(-0.1360375,1.065625,0.0001));
#3403=CARTESIAN_POINT('',(-0.1360375,0.974999999999999,0.0001));
#3404=CARTESIAN_POINT('',(-0.1360375,1.065625,0.0001));
#3405=CARTESIAN_POINT('',(-0.1360375,0.974999999999999,-0.271377770857398));
#3406=CARTESIAN_POINT('Origin',(0.1360375,1.0203125,-0.1358875));
#3407=CARTESIAN_POINT('',(0.1360375,1.065625,-0.271875));
#3408=CARTESIAN_POINT('',(0.1360375,1.065625,9.99999999999907E-5));
#3409=CARTESIAN_POINT('',(0.1360375,1.065625,-0.271875));
#3410=CARTESIAN_POINT('',(0.1360375,0.974999999999999,9.99999999999907E-5));
#3411=CARTESIAN_POINT('',(0.1360375,1.065625,0.0001));
#3412=CARTESIAN_POINT('',(0.1360375,0.974999999999999,-0.271875));
#3413=CARTESIAN_POINT('',(0.1360375,0.974999999999999,9.99999999999907E-5));
#3414=CARTESIAN_POINT('',(0.1360375,1.26953125,-0.271875));
#3415=CARTESIAN_POINT('Origin',(0.1359375,1.1109375,-0.1359375));
#3416=CARTESIAN_POINT('',(0.1359375,1.065625,0.));
#3417=CARTESIAN_POINT('',(0.1359375,1.065625,-0.271875));
#3418=CARTESIAN_POINT('',(0.1359375,1.065625,-0.20390625));
#3419=CARTESIAN_POINT('',(0.1359375,1.246875,-0.271875));
#3420=CARTESIAN_POINT('',(0.1359375,0.974999999999999,-0.271875));
#3421=CARTESIAN_POINT('',(0.1359375,1.246875,-0.271775));
#3422=CARTESIAN_POINT('',(0.1359375,1.246875,-0.271875));
#3423=CARTESIAN_POINT('',(0.1359375,1.246875,-1.74838271594513E-16));
#3424=CARTESIAN_POINT('',(0.1359375,1.246875,-0.271875));
#3425=CARTESIAN_POINT('',(0.1359375,2.5,0.));
#3426=CARTESIAN_POINT('Origin',(0.,1.51875,-0.271875));
#3427=CARTESIAN_POINT('',(0.06796875,1.065625,-0.271875));
#3428=CARTESIAN_POINT('',(0.271875,0.974999999999999,-0.271875));
#3429=CARTESIAN_POINT('',(0.,0.974999999999999,-0.271875));
#3430=CARTESIAN_POINT('',(0.271875,1.246875,-0.271875));
#3431=CARTESIAN_POINT('',(0.271875,1.51875,-0.271875));
#3432=CARTESIAN_POINT('',(0.090625,1.246875,-0.271875));
#3433=CARTESIAN_POINT('Origin',(0.1359375,1.065625,0.));
#3434=CARTESIAN_POINT('',(-0.1359375,1.065625,0.));
#3435=CARTESIAN_POINT('',(0.0679687500000001,1.065625,0.));
#3436=CARTESIAN_POINT('',(-0.1359375,1.065625,-0.0679187500000001));
#3437=CARTESIAN_POINT('',(0.1359375,1.065625,0.0001));
#3438=CARTESIAN_POINT('Origin',(6.55643518479423E-17,1.0203125,0.0001));
#3439=CARTESIAN_POINT('',(-0.1359375,0.974999999999999,0.0001));
#3440=CARTESIAN_POINT('Origin',(-0.0453125,1.15625,0.));
#3441=CARTESIAN_POINT('',(0.0453124999999999,1.15625,0.));
#3442=CARTESIAN_POINT('',(-0.0453125,1.15625,0.));
#3443=CARTESIAN_POINT('',(-0.02265625,1.15625,0.));
#3444=CARTESIAN_POINT('',(0.0453124999999999,1.15625,0.0001));
#3445=CARTESIAN_POINT('',(0.0453124999999999,1.15625,0.));
#3446=CARTESIAN_POINT('',(-0.0453125,1.15625,0.0001));
#3447=CARTESIAN_POINT('',(-0.1359375,1.15625,0.0001));
#3448=CARTESIAN_POINT('',(-0.0453125,1.15625,0.));
#3449=CARTESIAN_POINT('Origin',(-0.0453125,1.246875,0.));
#3450=CARTESIAN_POINT('',(-0.0453125,1.246875,0.));
#3451=CARTESIAN_POINT('',(-0.0453125,1.246875,0.));
#3452=CARTESIAN_POINT('',(-0.0453125,1.246875,9.99999999999907E-5));
#3453=CARTESIAN_POINT('',(-0.0453125,1.246875,-0.1812));
#3454=CARTESIAN_POINT('Origin',(0.0453124999999999,1.15625,0.));
#3455=CARTESIAN_POINT('',(0.0453124999999999,1.246875,0.));
#3456=CARTESIAN_POINT('',(0.0453124999999999,1.2015625,0.));
#3457=CARTESIAN_POINT('',(0.0453124999999998,1.246875,-0.1358875));
#3458=CARTESIAN_POINT('',(0.0453125,0.974999999999999,0.0001));
#3459=CARTESIAN_POINT('Origin',(-3.27821759239712E-17,1.2015625,0.0001));
#3460=CARTESIAN_POINT('Origin',(0.18125,1.428125,-0.271875));
#3461=CARTESIAN_POINT('',(0.090625,1.428125,-0.271875));
#3462=CARTESIAN_POINT('',(0.18125,1.428125,-0.271875));
#3463=CARTESIAN_POINT('',(0.090625,1.428125,-0.271875));
#3464=CARTESIAN_POINT('',(0.090625,1.428125,-0.271785));
#3465=CARTESIAN_POINT('',(0.090625,1.428125,-0.271875));
#3466=CARTESIAN_POINT('',(0.18125,1.428125,-0.271785));
#3467=CARTESIAN_POINT('',(0.271875,1.428125,-0.271785));
#3468=CARTESIAN_POINT('',(0.18125,1.428125,-0.271875));
#3469=CARTESIAN_POINT('Origin',(0.18125,1.3375,-0.271875));
#3470=CARTESIAN_POINT('',(0.18125,1.3375,-0.271875));
#3471=CARTESIAN_POINT('',(0.18125,1.428125,-0.271875));
#3472=CARTESIAN_POINT('',(0.18125,1.3375,-0.271785));
#3473=CARTESIAN_POINT('',(0.18125,1.3375,-0.271785));
#3474=CARTESIAN_POINT('',(0.18125,1.3375,-0.271875));
#3475=CARTESIAN_POINT('Origin',(0.1359375,1.3828125,-0.271785));
#3476=CARTESIAN_POINT('',(0.090625,1.3375,-0.271785));
#3477=CARTESIAN_POINT('',(0.090625,1.428125,-0.271785));
#3478=CARTESIAN_POINT('',(0.15859375,1.3375,-0.271785));
#3479=CARTESIAN_POINT('Origin',(0.271875,1.3375,-0.271875));
#3480=CARTESIAN_POINT('',(0.271875,1.3375,-0.271875));
#3481=CARTESIAN_POINT('',(0.1359375,1.3375,-0.271875));
#3482=CARTESIAN_POINT('',(0.271875,1.3375,-0.271785));
#3483=CARTESIAN_POINT('',(0.271875,1.3375,-0.271785));
#3484=CARTESIAN_POINT('',(0.271875,1.3375,-0.271875));
#3485=CARTESIAN_POINT('Origin',(0.2265625,1.2921875,-0.271785));
#3486=CARTESIAN_POINT('',(0.18125,1.246875,-0.271785));
#3487=CARTESIAN_POINT('',(0.18125,1.26953125,-0.271785));
#3488=CARTESIAN_POINT('',(0.271875,1.246875,-0.271785));
#3489=CARTESIAN_POINT('',(0.090625,1.246875,-0.271785));
#3490=CARTESIAN_POINT('',(0.271875,1.246875,-0.271785));
#3491=CARTESIAN_POINT('Origin',(-0.18125,1.428125,-0.271875));
#3492=CARTESIAN_POINT('',(-0.18125,1.3375,-0.271875));
#3493=CARTESIAN_POINT('',(-0.18125,1.428125,-0.271875));
#3494=CARTESIAN_POINT('',(-0.18125,1.4734375,-0.271875));
#3495=CARTESIAN_POINT('',(-0.18125,1.3375,-0.27178));
#3496=CARTESIAN_POINT('',(-0.18125,1.3375,-0.271875));
#3497=CARTESIAN_POINT('',(-0.18125,1.428125,-0.271785));
#3498=CARTESIAN_POINT('',(-0.18125,1.428125,-0.271785));
#3499=CARTESIAN_POINT('',(-0.18125,1.428125,-0.271875));
#3500=CARTESIAN_POINT('Origin',(-0.090625,1.428125,-0.271875));
#3501=CARTESIAN_POINT('',(-0.090625,1.428125,-0.271875));
#3502=CARTESIAN_POINT('',(-0.0453125,1.428125,-0.271875));
#3503=CARTESIAN_POINT('',(-0.090625,1.428125,-0.271785));
#3504=CARTESIAN_POINT('',(-0.090625,1.428125,-0.271785));
#3505=CARTESIAN_POINT('',(-0.090625,1.428125,-0.271875));
#3506=CARTESIAN_POINT('Origin',(-0.1359375,1.3828125,-0.271785));
#3507=CARTESIAN_POINT('',(-0.090625,1.3375,-0.271785));
#3508=CARTESIAN_POINT('',(-0.11328125,1.3375,-0.271785));
#3509=CARTESIAN_POINT('',(-0.090625,1.246875,-0.271785));
#3510=CARTESIAN_POINT('Origin',(-0.18125,1.3375,-0.271875));
#3511=CARTESIAN_POINT('',(-0.090625,1.3375,-0.271875));
#3512=CARTESIAN_POINT('',(-0.18125,1.3375,-0.271785));
#3513=CARTESIAN_POINT('Origin',(-0.2265625,1.2921875,-0.271785));
#3514=CARTESIAN_POINT('',(-0.18125,1.246875,-0.271775));
#3515=CARTESIAN_POINT('',(-0.271875,1.246875,-0.271785));
#3516=CARTESIAN_POINT('',(-0.18125,1.3375,-0.271775));
#3517=CARTESIAN_POINT('Origin',(0.,1.51875,-0.271875));
#3518=CARTESIAN_POINT('',(-0.1359375,1.246875,-0.271875));
#3519=CARTESIAN_POINT('',(-0.090625,1.246875,-0.271875));
#3520=CARTESIAN_POINT('',(-0.1359375,0.974999999999999,-0.271875));
#3521=CARTESIAN_POINT('',(0.,0.974999999999999,-0.271875));
#3522=CARTESIAN_POINT('',(-0.1359375,0.974999999999999,-0.271875));
#3523=CARTESIAN_POINT('Origin',(0.,1.51875,-0.271875));
#3524=CARTESIAN_POINT('',(0.090625,1.246875,-0.271875));
#3525=CARTESIAN_POINT('',(0.090625,1.4734375,-0.271875));
#3526=CARTESIAN_POINT('',(0.271875,1.51875,-0.271875));
#3527=CARTESIAN_POINT('',(-0.090625,1.246875,-0.271875));
#3528=CARTESIAN_POINT('',(-0.090625,1.428125,-0.271875));
#3529=CARTESIAN_POINT('',(0.,1.246875,-0.271875));
#3530=CARTESIAN_POINT('Origin',(0.090625,1.246875,-0.271875));
#3531=CARTESIAN_POINT('',(-0.1359375,1.246875,-0.271775));
#3532=CARTESIAN_POINT('',(0.271875,1.246875,-0.271875));
#3533=CARTESIAN_POINT('Origin',(0.090625,1.3375,-0.271875));
#3534=CARTESIAN_POINT('',(0.090625,1.246875,-0.271775));
#3535=CARTESIAN_POINT('',(0.090625,1.246875,-0.271875));
#3536=CARTESIAN_POINT('',(0.090625,1.3375,-0.271775));
#3537=CARTESIAN_POINT('Origin',(0.1359375,1.2921875,-0.271775));
#3538=CARTESIAN_POINT('',(0.06796875,1.246875,-0.271775));
#3539=CARTESIAN_POINT('Origin',(-0.090625,1.246875,-0.271875));
#3540=CARTESIAN_POINT('',(-0.090625,1.246875,-0.271775));
#3541=CARTESIAN_POINT('',(-0.090625,1.246875,-0.271775));
#3542=CARTESIAN_POINT('',(-0.090625,1.246875,-0.271875));
#3543=CARTESIAN_POINT('Origin',(-0.18125,1.246875,-0.271875));
#3544=CARTESIAN_POINT('',(-0.1359375,1.246875,-0.271775));
#3545=CARTESIAN_POINT('',(-0.1359375,1.246875,-0.271875));
#3546=CARTESIAN_POINT('',(-0.271875,1.246875,-0.271775));
#3547=CARTESIAN_POINT('Origin',(-0.1359375,1.2921875,-0.271775));
#3548=CARTESIAN_POINT('',(-0.06796875,1.246875,-0.271775));
#3549=CARTESIAN_POINT('Origin',(0.,1.246875,-0.271875));
#3550=CARTESIAN_POINT('',(0.,1.246875,-1.74838271594513E-16));
#3551=CARTESIAN_POINT('',(-0.1359375,1.246875,-1.74838271594513E-16));
#3552=CARTESIAN_POINT('',(-0.1359375,1.246875,-0.271875));
#3553=CARTESIAN_POINT('',(0.,1.246875,-1.74838271594513E-16));
#3554=CARTESIAN_POINT('Origin',(0.,1.51875,-0.54375));
#3555=CARTESIAN_POINT('Origin',(0.,1.7,-0.54375));
#3556=CARTESIAN_POINT('',(0.,1.7,-0.453125));
#3557=CARTESIAN_POINT('Origin',(0.,1.7,-0.453125));
#3558=CARTESIAN_POINT('Origin',(-0.090625,0.109748356903467,-1.48507341717447));
#3559=CARTESIAN_POINT('',(-0.090625,0.219496713806934,-1.61959182170448));
#3560=CARTESIAN_POINT('',(-0.090625,0.0890686613408192,-1.66264691515185));
#3561=CARTESIAN_POINT('',(-0.090625,0.0890686613408192,-1.66264691515185));
#3562=CARTESIAN_POINT('',(-0.090625,-2.29475231467798E-16,-1.39282861714614));
#3563=CARTESIAN_POINT('',(-0.090625,-2.29475231467798E-16,-1.39282861714614));
#3564=CARTESIAN_POINT('',(-0.090625,0.0906250000000001,-1.30749991919709));
#3565=CARTESIAN_POINT('',(-0.090625,0.0906250000000001,-1.30749991919709));
#3566=CARTESIAN_POINT('',(-0.090625,0.17023110493223,-1.39204712820045));
#3567=CARTESIAN_POINT('',(-0.090625,0.0941187907590376,-1.31121056749184));
#3568=CARTESIAN_POINT('',(-0.090625,0.150511848241863,-1.410613953005));
#3569=CARTESIAN_POINT('',(-0.090625,0.0796061049322294,-1.4773758261495));
#3570=CARTESIAN_POINT('',(-0.090625,0.219496713806934,-1.61959182170448));
#3571=CARTESIAN_POINT('Origin',(0.,-2.29475231467798E-16,-1.39282861714614));
#3572=CARTESIAN_POINT('',(0.090625,0.0890686613408192,-1.66264691515185));
#3573=CARTESIAN_POINT('',(0.,0.0890686613408192,-1.66264691515185));
#3574=CARTESIAN_POINT('',(0.090625,-2.29475231467798E-16,-1.39282861714614));
#3575=CARTESIAN_POINT('',(0.090625,-2.29475231467798E-16,-1.39282861714614));
#3576=CARTESIAN_POINT('',(0.,-2.29475231467798E-16,-1.39282861714614));
#3577=CARTESIAN_POINT('Origin',(0.,0.0906250000000001,-1.30749991919709));
#3578=CARTESIAN_POINT('',(0.090625,0.0906250000000001,-1.30749991919709));
#3579=CARTESIAN_POINT('',(0.090625,0.0906250000000001,-1.30749991919709));
#3580=CARTESIAN_POINT('',(0.,0.0906250000000001,-1.30749991919709));
#3581=CARTESIAN_POINT('Origin',(0.,0.150511848241863,-1.410613953005));
#3582=CARTESIAN_POINT('',(0.090625,0.17023110493223,-1.39204712820045));
#3583=CARTESIAN_POINT('',(0.,0.17023110493223,-1.39204712820045));
#3584=CARTESIAN_POINT('',(0.090625,0.150511848241863,-1.410613953005));
#3585=CARTESIAN_POINT('',(0.090625,0.0796061049322294,-1.4773758261495));
#3586=CARTESIAN_POINT('',(0.,0.150511848241863,-1.410613953005));
#3587=CARTESIAN_POINT('Origin',(0.,0.219496713806934,-1.61959182170448));
#3588=CARTESIAN_POINT('',(0.090625,0.219496713806934,-1.61959182170448));
#3589=CARTESIAN_POINT('',(0.090625,0.219496713806934,-1.61959182170448));
#3590=CARTESIAN_POINT('',(0.,0.219496713806934,-1.61959182170448));
#3591=CARTESIAN_POINT('Origin',(0.,0.0890686613408192,-1.66264691515185));
#3592=CARTESIAN_POINT('',(0.090625,0.0890686613408192,-1.66264691515185));
#3593=CARTESIAN_POINT('Origin',(0.090625,0.109748356903467,-1.48507341717447));
#3594=CARTESIAN_POINT('',(0.090625,0.0941187907590376,-1.31121056749184));
#3595=CARTESIAN_POINT('Origin',(0.,1.41251484280213,-0.705724312266267));
#3596=CARTESIAN_POINT('',(-0.3625,1.41251484280213,-0.705724312266267));
#3597=CARTESIAN_POINT('',(-0.3625,0.975,-1.23939083058684));
#3598=CARTESIAN_POINT('',(-0.3625,1.28716168156641,-0.85862606227021));
#3599=CARTESIAN_POINT('',(0.3625,1.41251484280213,-0.705724312266267));
#3600=CARTESIAN_POINT('',(0.,1.41251484280213,-0.705724312266267));
#3601=CARTESIAN_POINT('',(0.3625,0.975,-1.23939083058684));
#3602=CARTESIAN_POINT('',(0.3625,1.28716168156641,-0.85862606227021));
#3603=CARTESIAN_POINT('',(0.,0.975,-1.23939083058684));
#3604=CARTESIAN_POINT('Origin',(0.,0.437525444589703,-0.929079751338134));
#3605=CARTESIAN_POINT('',(0.3625,0.437525444589703,-0.929079751338134));
#3606=CARTESIAN_POINT('',(0.3625,0.437525444589703,-0.929079751338134));
#3607=CARTESIAN_POINT('',(0.271875,0.437525444589703,-0.929079751338134));
#3608=CARTESIAN_POINT('',(0.,0.437525444589703,-0.929079751338134));
#3609=CARTESIAN_POINT('',(0.271875,0.849131661170956,-1.16672071128144));
#3610=CARTESIAN_POINT('',(0.271875,0.460962244515553,-0.942610994084267));
#3611=CARTESIAN_POINT('',(-0.271875,0.849131661170956,-1.16672071128144));
#3612=CARTESIAN_POINT('',(0.,0.849131661170956,-1.16672071128144));
#3613=CARTESIAN_POINT('',(-0.271875,0.437525444589703,-0.929079751338134));
#3614=CARTESIAN_POINT('',(-0.271875,0.460962244515553,-0.942610994084267));
#3615=CARTESIAN_POINT('',(-0.3625,0.437525444589703,-0.929079751338134));
#3616=CARTESIAN_POINT('',(0.,0.437525444589703,-0.929079751338134));
#3617=CARTESIAN_POINT('',(-0.3625,0.437525444589703,-0.929079751338134));
#3618=CARTESIAN_POINT('Origin',(0.3625,0.925020143695916,-0.8174020318022));
#3619=CARTESIAN_POINT('',(0.3625,0.869730830856485,-0.392347816857623));
#3620=CARTESIAN_POINT('',(0.3625,1.41251484280213,-0.705724312266267));
#3621=CARTESIAN_POINT('',(0.3625,0.560683826598068,-0.776136177002303));
#3622=CARTESIAN_POINT('Origin',(0.,0.437525444589703,-0.929079751338134));
#3623=CARTESIAN_POINT('',(0.271875,0.688692424288641,-0.617169388406594));
#3624=CARTESIAN_POINT('',(0.271875,0.504076278801978,-0.846433955790371));
#3625=CARTESIAN_POINT('',(-0.3625,0.869730830856485,-0.392347816857623));
#3626=CARTESIAN_POINT('',(0.,0.869730830856485,-0.392347816857623));
#3627=CARTESIAN_POINT('',(-0.3625,0.560683826598068,-0.776136177002303));
#3628=CARTESIAN_POINT('',(-0.271875,0.688692424288641,-0.617169388406594));
#3629=CARTESIAN_POINT('',(-0.271875,0.504076278801978,-0.846433955790371));
#3630=CARTESIAN_POINT('',(0.,0.688692424288641,-0.617169388406594));
#3631=CARTESIAN_POINT('Origin',(0.,1.41251484280213,-0.705724312266267));
#3632=CARTESIAN_POINT('',(-0.3625,1.41251484280213,-0.705724312266267));
#3633=CARTESIAN_POINT('',(0.271875,0.975,-0.453125));
#3634=CARTESIAN_POINT('',(0.271875,1.29571054640106,-0.638287320296607));
#3635=CARTESIAN_POINT('',(0.,0.975,-0.453125));
#3636=CARTESIAN_POINT('Origin',(0.,1.1619460133052E-16,-0.4984375));
#3637=CARTESIAN_POINT('',(0.090625,2.84112191341083E-16,-0.4984375));
#3638=CARTESIAN_POINT('',(0.090625,8.5233657402325E-16,-1.02909868669221));
#3639=CARTESIAN_POINT('',(0.090625,1.4751979165787E-16,-0.631102796673053));
#3640=CARTESIAN_POINT('',(-0.090625,8.5233657402325E-16,-1.02909868669221));
#3641=CARTESIAN_POINT('',(0.,2.40402623442455E-16,-1.02909868669221));
#3642=CARTESIAN_POINT('',(-0.090625,2.84112191341083E-16,-0.4984375));
#3643=CARTESIAN_POINT('',(-0.090625,1.4751979165787E-16,-0.631102796673053));
#3644=CARTESIAN_POINT('',(-0.271875,2.84112191341083E-16,-0.4984375));
#3645=CARTESIAN_POINT('',(0.,2.84112191341083E-16,-0.4984375));
#3646=CARTESIAN_POINT('',(-0.271875,2.82363780370255E-16,-1.21124987879563));
#3647=CARTESIAN_POINT('',(-0.271875,0.,0.));
#3648=CARTESIAN_POINT('',(0.271875,2.82363780370255E-16,-1.21124987879563));
#3649=CARTESIAN_POINT('',(0.,2.82363780370255E-16,-1.21124987879563));
#3650=CARTESIAN_POINT('',(0.271875,2.84112191341083E-16,-0.4984375));
#3651=CARTESIAN_POINT('',(0.271875,0.,0.));
#3652=CARTESIAN_POINT('',(0.,2.84112191341083E-16,-0.4984375));
#3653=CARTESIAN_POINT('Origin',(0.,0.18125,-0.924453950401593));
#3654=CARTESIAN_POINT('',(-0.090625,0.181249999999999,-0.533486840726549));
#3655=CARTESIAN_POINT('',(-0.090625,0.18125,-0.924453950401593));
#3656=CARTESIAN_POINT('',(-0.090625,0.18125,-0.844111021873849));
#3657=CARTESIAN_POINT('',(-0.271875,0.18125,-0.924453950401593));
#3658=CARTESIAN_POINT('',(0.,0.18125,-0.924453950401593));
#3659=CARTESIAN_POINT('',(-0.271875,0.18125,-0.533486840726549));
#3660=CARTESIAN_POINT('',(-0.271875,0.18125,-1.21124987879563));
#3661=CARTESIAN_POINT('',(0.,0.18125,-0.533486840726549));
#3662=CARTESIAN_POINT('Origin',(0.,0.18125,-0.924453950401593));
#3663=CARTESIAN_POINT('',(0.090625,0.18125,-0.924453950401593));
#3664=CARTESIAN_POINT('',(0.0906249999999999,0.18125,-0.533486840726549));
#3665=CARTESIAN_POINT('',(0.090625,0.18125,-0.844111021873849));
#3666=CARTESIAN_POINT('',(0.271875,0.18125,-0.533486840726549));
#3667=CARTESIAN_POINT('',(0.,0.18125,-0.533486840726549));
#3668=CARTESIAN_POINT('',(0.271875,0.18125,-0.924453950401593));
#3669=CARTESIAN_POINT('',(0.271875,0.18125,-1.21124987879563));
#3670=CARTESIAN_POINT('',(0.,0.18125,-0.924453950401593));
#3671=CARTESIAN_POINT('Origin',(0.,0.120542761089823,-0.4984375));
#3672=CARTESIAN_POINT('',(-0.090625,0.120542761089823,-0.4984375));
#3673=CARTESIAN_POINT('',(-0.090625,0.105583880544911,-0.4984375));
#3674=CARTESIAN_POINT('',(-0.271875,0.120542761089823,-0.4984375));
#3675=CARTESIAN_POINT('',(0.,0.120542761089823,-0.4984375));
#3676=CARTESIAN_POINT('',(-0.271875,0.18125,-0.4984375));
#3677=CARTESIAN_POINT('Origin',(-0.090625,0.0906250000000001,-0.271875));
#3678=CARTESIAN_POINT('',(-0.090625,0.0906250000000002,-0.271875));
#3679=CARTESIAN_POINT('',(-0.090625,0.610462449022763,-0.572003291128141));
#3680=CARTESIAN_POINT('',(-0.090625,0.395856224511382,-0.448100329636726));
#3681=CARTESIAN_POINT('',(-0.090625,1.74838271594513E-16,-0.42884210443593));
#3682=CARTESIAN_POINT('',(-0.090625,0.0906250000000001,-0.271875));
#3683=CARTESIAN_POINT('',(-0.090625,-2.73184799366426E-17,-0.42884210443593));
#3684=CARTESIAN_POINT('',(-0.090625,8.74191357972564E-16,-1.02909868669221));
#3685=CARTESIAN_POINT('',(-0.090625,0.519837449022763,-0.728970395564071));
#3686=CARTESIAN_POINT('',(-0.090625,0.0906249999999997,-0.48116447258124));
#3687=CARTESIAN_POINT('',(-0.090625,0.610462449022763,-0.572003291128141));
#3688=CARTESIAN_POINT('Origin',(0.0906249999999996,0.610462449022763,-0.572003291128142));
#3689=CARTESIAN_POINT('',(0.0906249999999996,0.610462449022763,-0.572003291128141));
#3690=CARTESIAN_POINT('',(0.090625,0.0906250000000002,-0.271875));
#3691=CARTESIAN_POINT('',(0.0906249999999996,0.655774949022763,-0.598164475200796));
#3692=CARTESIAN_POINT('',(0.0906249999999996,0.519837449022763,-0.728970395564071));
#3693=CARTESIAN_POINT('',(0.0906249999999996,0.610462449022763,-0.572003291128141));
#3694=CARTESIAN_POINT('',(0.0906249999999997,0.350543724511382,-0.63122861814531));
#3695=CARTESIAN_POINT('',(0.090625,8.74191357972564E-16,-1.02909868669221));
#3696=CARTESIAN_POINT('',(0.0906249999999999,0.120542761089823,-0.4984375));
#3697=CARTESIAN_POINT('',(0.090625,0.105583880544911,-0.4984375));
#3698=CARTESIAN_POINT('',(0.090625,1.74838271594513E-16,-0.42884210443593));
#3699=CARTESIAN_POINT('',(0.0906249999999998,0.259918724511382,-0.57890625));
#3700=CARTESIAN_POINT('',(0.090625,0.0906250000000001,-0.271875));
#3701=CARTESIAN_POINT('Origin',(-0.090625,0.610462449022763,-0.572003291128141));
#3702=CARTESIAN_POINT('',(-0.0453125,0.610462449022763,-0.572003291128141));
#3703=CARTESIAN_POINT('',(0.,0.519837449022763,-0.728970395564071));
#3704=CARTESIAN_POINT('Origin',(0.,0.0906250000000001,-0.271875));
#3705=CARTESIAN_POINT('',(-0.271875,0.0906250000000001,-0.271875));
#3706=CARTESIAN_POINT('',(0.,0.0906250000000001,-0.271875));
#3707=CARTESIAN_POINT('',(-0.271875,4.37095678986282E-17,-0.42884210443593));
#3708=CARTESIAN_POINT('',(-0.271875,0.0906250000000001,-0.271875));
#3709=CARTESIAN_POINT('',(0.,4.37095678986282E-17,-0.42884210443593));
#3710=CARTESIAN_POINT('Origin',(0.,0.0906250000000001,-0.271875));
#3711=CARTESIAN_POINT('',(0.271875,4.37095678986282E-17,-0.42884210443593));
#3712=CARTESIAN_POINT('',(0.,4.37095678986282E-17,-0.42884210443593));
#3713=CARTESIAN_POINT('',(0.271875,0.0906250000000001,-0.271875));
#3714=CARTESIAN_POINT('',(0.271875,0.0906250000000001,-0.271875));
#3715=CARTESIAN_POINT('',(0.,0.0906250000000001,-0.271875));
#3716=CARTESIAN_POINT('Origin',(0.,3.27821759239711E-17,-0.42884210443593));
#3717=CARTESIAN_POINT('',(-0.271875,0.,-0.42884210443593));
#3718=CARTESIAN_POINT('Origin',(0.,3.27821759239711E-17,-0.42884210443593));
#3719=CARTESIAN_POINT('',(0.271875,0.120542761089823,-0.4984375));
#3720=CARTESIAN_POINT('',(0.,0.120542761089823,-0.4984375));
#3721=CARTESIAN_POINT('',(0.271875,0.,-0.42884210443593));
#3722=CARTESIAN_POINT('Origin',(0.,0.18125,-0.533486840726549));
#3723=CARTESIAN_POINT('',(0.271875,0.519837449022763,-0.728970395564071));
#3724=CARTESIAN_POINT('',(0.,0.519837449022763,-0.728970395564071));
#3725=CARTESIAN_POINT('',(0.271875,0.,-0.42884210443593));
#3726=CARTESIAN_POINT('Origin',(0.,0.18125,-0.533486840726549));
#3727=CARTESIAN_POINT('',(-0.271875,0.519837449022763,-0.728970395564071));
#3728=CARTESIAN_POINT('',(-0.271875,0.,-0.42884210443593));
#3729=CARTESIAN_POINT('',(0.,0.519837449022763,-0.728970395564071));
#3730=CARTESIAN_POINT('Origin',(-0.3625,0.925020143695916,-0.8174020318022));
#3731=CARTESIAN_POINT('Origin',(0.,0.701087449022763,-0.624325659273451));
#3732=CARTESIAN_POINT('',(0.271875,0.701087449022763,-0.624325659273451));
#3733=CARTESIAN_POINT('',(-0.271875,0.701087449022763,-0.624325659273451));
#3734=CARTESIAN_POINT('Origin',(-0.271875,0.524931768148821,-0.8859375));
#3735=CARTESIAN_POINT('',(-0.271875,0.271875000000001,-1.5));
#3736=CARTESIAN_POINT('',(-0.271875,0.271875000000001,-1.5));
#3737=CARTESIAN_POINT('',(-0.271875,2.82363780370255E-16,-1.21124987879563));
#3738=CARTESIAN_POINT('',(-0.271875,0.777988536297642,-0.579926795834325));
#3739=CARTESIAN_POINT('Origin',(0.,0.519837449022763,-0.728970395564071));
#3740=CARTESIAN_POINT('',(0.271875,0.777988536297642,-0.579926795834325));
#3741=CARTESIAN_POINT('Origin',(0.,0.120542761089823,-0.4984375));
#3742=CARTESIAN_POINT('',(0.271875,0.18125,-0.4984375));
#3743=CARTESIAN_POINT('Origin',(0.,0.271875000000001,-1.5));
#3744=CARTESIAN_POINT('',(0.271875,0.271875000000001,-1.5));
#3745=CARTESIAN_POINT('',(0.271875,0.271875000000001,-1.5));
#3746=CARTESIAN_POINT('',(0.,0.271875000000001,-1.5));
#3747=CARTESIAN_POINT('Origin',(0.,2.82363780370255E-16,-1.21124987879563));
#3748=CARTESIAN_POINT('',(0.271875,2.82363780370255E-16,-1.21124987879563));
#3749=CARTESIAN_POINT('Origin',(0.271875,0.524931768148821,-0.8859375));
#3750=CARTESIAN_POINT('Origin',(0.271875,1.246875,-0.453125));
#3751=CARTESIAN_POINT('',(0.271875,0.974999999999999,-3.49676543189026E-16));
#3752=CARTESIAN_POINT('Origin',(-0.1359375,1.1109375,-0.1359375));
#3753=CARTESIAN_POINT('',(-0.1359375,2.5,0.));
#3754=CARTESIAN_POINT('',(-0.1359375,0.974999999999999,-3.49676543189026E-16));
#3755=CARTESIAN_POINT('Origin',(0.,0.974999999999999,-3.49676543189026E-16));
#3756=CARTESIAN_POINT('Origin',(0.,1.246875,0.));
#3757=UNCERTAINTY_MEASURE_WITH_UNIT(LENGTH_MEASURE(0.000393700787401575),
#3763,'DISTANCE_ACCURACY_VALUE',
'Maximum model space distance between geometric entities at asserted c
onnectivities');
#3758=UNCERTAINTY_MEASURE_WITH_UNIT(LENGTH_MEASURE(0.000393700787401575),
#3763,'DISTANCE_ACCURACY_VALUE',
'Maximum model space distance between geometric entities at asserted c
onnectivities');
#3759=(
GEOMETRIC_REPRESENTATION_CONTEXT(3)
GLOBAL_UNCERTAINTY_ASSIGNED_CONTEXT((#3757))
GLOBAL_UNIT_ASSIGNED_CONTEXT((#3763,#3767,#3768))
REPRESENTATION_CONTEXT('','3D')
);
#3760=(
GEOMETRIC_REPRESENTATION_CONTEXT(3)
GLOBAL_UNCERTAINTY_ASSIGNED_CONTEXT((#3758))
GLOBAL_UNIT_ASSIGNED_CONTEXT((#3763,#3767,#3768))
REPRESENTATION_CONTEXT('','3D')
);
#3761=DIMENSIONAL_EXPONENTS(1.,0.,0.,0.,0.,0.,0.);
#3762=DIMENSIONAL_EXPONENTS(0.,1.,0.,0.,0.,0.,0.);
#3763=(
CONVERSION_BASED_UNIT('inch',#3766)
LENGTH_UNIT()
NAMED_UNIT(#3761)
);
#3764=(
LENGTH_UNIT()
NAMED_UNIT(*)
SI_UNIT(.MILLI.,.METRE.)
);
#3765=(
LENGTH_UNIT()
NAMED_UNIT(*)
SI_UNIT(.CENTI.,.METRE.)
);
#3766=LENGTH_MEASURE_WITH_UNIT(LENGTH_MEASURE(25.4),#3764);
#3767=(
NAMED_UNIT(*)
PLANE_ANGLE_UNIT()
SI_UNIT($,.RADIAN.)
);
#3768=(
NAMED_UNIT(*)
SI_UNIT($,.STERADIAN.)
SOLID_ANGLE_UNIT()
);
#3769=SHAPE_DEFINITION_REPRESENTATION(#3770,#3771);
#3770=PRODUCT_DEFINITION_SHAPE('',$,#3773);
#3771=SHAPE_REPRESENTATION('',(#2312),#3759);
#3772=PRODUCT_DEFINITION_CONTEXT('part definition',#3777,'design');
#3773=PRODUCT_DEFINITION('wolf bishop','wolf bishop',#3774,#3772);
#3774=PRODUCT_DEFINITION_FORMATION('',$,#3779);
#3775=PRODUCT_RELATED_PRODUCT_CATEGORY('wolf bishop','wolf bishop',(#3779));
#3776=APPLICATION_PROTOCOL_DEFINITION('international standard',
'automotive_design',2009,#3777);
#3777=APPLICATION_CONTEXT(
'Core Data for Automotive Mechanical Design Process');
#3778=PRODUCT_CONTEXT('part definition',#3777,'mechanical');
#3779=PRODUCT('wolf bishop','wolf bishop',$,(#3778));
#3780=PRESENTATION_STYLE_ASSIGNMENT((#3781));
#3781=SURFACE_STYLE_USAGE(.BOTH.,#3784);
#3782=SURFACE_STYLE_RENDERING_WITH_PROPERTIES($,#3788,(#3783));
#3783=SURFACE_STYLE_TRANSPARENT(0.);
#3784=SURFACE_SIDE_STYLE('',(#3785,#3782));
#3785=SURFACE_STYLE_FILL_AREA(#3786);
#3786=FILL_AREA_STYLE('',(#3787));
#3787=FILL_AREA_STYLE_COLOUR('',#3788);
#3788=COLOUR_RGB('',0.749019607843137,0.749019607843137,0.749019607843137);
ENDSEC;
END-ISO-10303-21;
