ISO-10303-21;
HEADER;
/* Generated by software containing ST-Developer
 * from STEP Tools, Inc. (www.steptools.com) 
 */

FILE_DESCRIPTION(
/* description */ (''),
/* implementation_level */ '2;1');

FILE_NAME(
/* name */ 'knight.stp',
/* time_stamp */ '2024-12-05T11:27:14-08:00',
/* author */ ('623269'),
/* organization */ (''),
/* preprocessor_version */ 'ST-DEVELOPER v19.2',
/* originating_system */ 'Autodesk Inventor 2024',
/* authorisation */ '');

FILE_SCHEMA (('AUTOMOTIVE_DESIGN { 1 0 10303 214 3 1 1 }'));
ENDSEC;

DATA;
#10=MECHANICAL_DESIGN_GEOMETRIC_PRESENTATION_REPRESENTATION('',(#35,#36,
#37,#38,#39,#40,#41,#42,#43,#44,#45,#46),#3524);
#11=GEOMETRICALLY_BOUNDED_WIREFRAME_SHAPE_REPRESENTATION('',(#12),#3523);
#12=GEOMETRIC_CURVE_SET('Sketch4',(#16,#17,#18,#19,#20,#21,#22,#23,#24,
#25,#26,#27,#28,#29,#30,#31,#32,#33,#34,#3512,#3513,#3514,#3515,#3516,#3517,
#3518,#3519,#3520));
#13=SHAPE_REPRESENTATION_RELATIONSHIP('SRR','None',#3535,#15);
#14=SHAPE_REPRESENTATION_RELATIONSHIP('SRR','None',#3535,#11);
#15=ADVANCED_BREP_SHAPE_REPRESENTATION('',(#47),#3523);
#16=POLYLINE('',(#3474,#3475));
#17=POLYLINE('',(#3476,#3477));
#18=POLYLINE('',(#3478,#3479));
#19=POLYLINE('',(#3480,#3481));
#20=POLYLINE('',(#3482,#3483));
#21=POLYLINE('',(#3484,#3485));
#22=POLYLINE('',(#3486,#3487));
#23=POLYLINE('',(#3488,#3489));
#24=POLYLINE('',(#3490,#3491));
#25=POLYLINE('',(#3492,#3493));
#26=POLYLINE('',(#3494,#3495));
#27=POLYLINE('',(#3496,#3497));
#28=POLYLINE('',(#3498,#3499));
#29=POLYLINE('',(#3500,#3501));
#30=POLYLINE('',(#3502,#3503));
#31=POLYLINE('',(#3504,#3505));
#32=POLYLINE('',(#3506,#3507));
#33=POLYLINE('',(#3508,#3509));
#34=POLYLINE('',(#3510,#3511));
#35=STYLED_ITEM('',(#3544),#47);
#36=STYLED_ITEM('',(#3545),#16);
#37=STYLED_ITEM('',(#3546),#17);
#38=STYLED_ITEM('',(#3546),#18);
#39=STYLED_ITEM('',(#3546),#20);
#40=STYLED_ITEM('',(#3546),#21);
#41=STYLED_ITEM('',(#3545),#22);
#42=STYLED_ITEM('',(#3546),#23);
#43=STYLED_ITEM('',(#3546),#24);
#44=STYLED_ITEM('',(#3546),#26);
#45=STYLED_ITEM('',(#3546),#30);
#46=STYLED_ITEM('',(#3546),#34);
#47=MANIFOLD_SOLID_BREP('Solid1',#1900);
#48=FACE_BOUND('',#284,.T.);
#49=FACE_BOUND('',#288,.T.);
#50=CONICAL_SURFACE('',#1963,0.276263855492472,0.574759256885422);
#51=TOROIDAL_SURFACE('',#1958,0.394181735559134,0.125);
#52=TOROIDAL_SURFACE('',#1964,0.444776397836555,0.125);
#53=TOROIDAL_SURFACE('',#1970,0.628269183743317,0.125);
#54=CYLINDRICAL_SURFACE('',#1949,0.75);
#55=CYLINDRICAL_SURFACE('',#1953,0.75);
#56=CYLINDRICAL_SURFACE('',#1955,0.75);
#57=CYLINDRICAL_SURFACE('',#1966,0.125);
#58=CYLINDRICAL_SURFACE('',#1968,0.125);
#59=CIRCLE('',#1947,0.125);
#60=CIRCLE('',#1948,0.124999999999998);
#61=CIRCLE('',#1950,0.75);
#62=CIRCLE('',#1951,0.125);
#63=CIRCLE('',#1952,0.125);
#64=CIRCLE('',#1954,0.75);
#65=CIRCLE('',#1956,0.75);
#66=CIRCLE('',#1957,0.75);
#67=CIRCLE('',#1959,0.289266335236375);
#68=CIRCLE('',#1960,0.394181735559134);
#69=CIRCLE('',#1962,0.444776397836555);
#70=CIRCLE('',#1965,0.567250884975714);
#71=CIRCLE('',#1971,0.75);
#72=CIRCLE('',#1972,0.628269183743317);
#73=B_SPLINE_CURVE_WITH_KNOTS('',3,(#2708,#2709,#2710,#2711,#2712,#2713,
#2714,#2715,#2716,#2717,#2718,#2719,#2720,#2721,#2722,#2723),
 .UNSPECIFIED.,.F.,.F.,(4,2,2,2,2,2,2,4),(0.0404324949482936,0.0497166112952593,
0.106348438397574,0.19374134861195,0.251156317880958,0.277532448773531,
0.290770616535685,0.30278497146415),.UNSPECIFIED.);
#74=B_SPLINE_CURVE_WITH_KNOTS('',3,(#2725,#2726,#2727,#2728),
 .UNSPECIFIED.,.F.,.F.,(4,4),(-2.61787654082955,-2.55509033283192),
 .UNSPECIFIED.);
#75=B_SPLINE_CURVE_WITH_KNOTS('',3,(#2730,#2731,#2732,#2733,#2734,#2735,
#2736,#2737),.UNSPECIFIED.,.F.,.F.,(4,2,2,4),(0.,0.12054033373987,0.179644616393234,
0.187008041821948),.UNSPECIFIED.);
#76=B_SPLINE_CURVE_WITH_KNOTS('',3,(#2739,#2740,#2741,#2742,#2743,#2744,
#2745,#2746,#2747,#2748,#2749,#2750,#2751,#2752,#2753,#2754,#2755,#2756),
 .UNSPECIFIED.,.F.,.F.,(4,2,2,2,2,2,2,2,4),(0.219743425001165,0.243771500376012,
0.299167627299088,0.327816379012829,0.341137419291567,0.347262160849986,
0.349834343089878,0.350857258741674,0.351102722889745),.UNSPECIFIED.);
#77=B_SPLINE_CURVE_WITH_KNOTS('',3,(#2797,#2798,#2799,#2800,#2801,#2802),
 .UNSPECIFIED.,.F.,.F.,(4,1,1,4),(1.47316295430156,1.5186969737353,1.70592183159985,
1.99444326444001),.UNSPECIFIED.);
#78=B_SPLINE_CURVE_WITH_KNOTS('',3,(#2803,#2804,#2805,#2806),
 .UNSPECIFIED.,.F.,.F.,(4,4),(0.,0.076673625235944),.UNSPECIFIED.);
#79=B_SPLINE_CURVE_WITH_KNOTS('',3,(#2809,#2810,#2811,#2812,#2813,#2814,
#2815,#2816,#2817,#2818,#2819,#2820,#2821,#2822,#2823,#2824,#2825,#2826,
#2827,#2828,#2829,#2830,#2831,#2832,#2833,#2834),.UNSPECIFIED.,.F.,.F.,
(4,2,2,2,2,2,2,2,2,2,2,2,4),(-6.49653454242585E-6,0.,1.43961813064055E-5,
4.65578082779143E-5,0.000113129894113184,0.000247516740157472,0.000517440539110296,
0.00106133809578361,0.00216848352097004,0.00447274140248998,0.00950941616021828,
0.0201059763958742,0.0344748802381616),.UNSPECIFIED.);
#80=B_SPLINE_CURVE_WITH_KNOTS('',3,(#2901,#2902,#2903,#2904,#2905,#2906,
#2907,#2908,#2909,#2910,#2911,#2912),.UNSPECIFIED.,.F.,.F.,(4,2,2,2,2,4),
(0.,0.0502157321714861,0.10695466313151,0.194284426245692,0.251428225491077,
0.264537264244669),.UNSPECIFIED.);
#81=B_SPLINE_CURVE_WITH_KNOTS('',3,(#2918,#2919,#2920,#2921,#2922,#2923,
#2924,#2925,#2926,#2927,#2928,#2929,#2930,#2931,#2932,#2933,#2934,#2935),
 .UNSPECIFIED.,.F.,.F.,(4,2,2,2,2,2,2,2,4),(-8.60704373480149E-5,0.,0.00043335928102981,
0.00152375754095525,0.00412101727082728,0.00977011845242305,0.0219176690970049,
0.0454059308710394,0.0555970331019417),.UNSPECIFIED.);
#82=B_SPLINE_CURVE_WITH_KNOTS('',3,(#2937,#2938,#2939,#2940,#2941,#2942),
 .UNSPECIFIED.,.F.,.F.,(4,2,4),(0.0225280615072017,0.0366380046102273,0.0518150050857005),
 .UNSPECIFIED.);
#83=B_SPLINE_CURVE_WITH_KNOTS('',3,(#2943,#2944,#2945,#2946),
 .UNSPECIFIED.,.F.,.F.,(4,4),(-2.61104348383695,-2.54822969886252),
 .UNSPECIFIED.);
#84=B_SPLINE_CURVE_WITH_KNOTS('',3,(#2989,#2990,#2991,#2992,#2993,#2994,
#2995),.UNSPECIFIED.,.F.,.F.,(4,1,1,1,4),(0.854267277178189,1.04916018561589,
1.23626825634611,1.32982229171122,1.37516988343288),.UNSPECIFIED.);
#85=B_SPLINE_CURVE_WITH_KNOTS('',3,(#2997,#2998,#2999,#3000,#3001,#3002,
#3003,#3004,#3005,#3006,#3007,#3008,#3009,#3010,#3011,#3012,#3013,#3014,
#3015,#3016,#3017,#3018,#3019,#3020,#3021,#3022),.UNSPECIFIED.,.F.,.F.,
(4,2,2,2,2,2,2,2,2,2,2,2,4),(0.,0.0308734845828311,0.0536417315661122,0.0644635362140016,
0.069414590476947,0.0717935741425468,0.0729623355034117,0.0735423978570282,
0.073831204068931,0.0739742557997579,0.0740433174009241,0.0740741639167799,
0.0740908762556188),.UNSPECIFIED.);
#86=B_SPLINE_CURVE_WITH_KNOTS('',3,(#3024,#3025,#3026,#3027),
 .UNSPECIFIED.,.F.,.F.,(4,4),(0.,0.0766628443442256),.UNSPECIFIED.);
#87=B_SPLINE_CURVE_WITH_KNOTS('',3,(#3044,#3045,#3046,#3047,#3048,#3049,
#3050,#3051),.UNSPECIFIED.,.F.,.F.,(4,2,2,4),(-0.00208261551263761,0.,0.437170933571892,
0.610011326099909),.UNSPECIFIED.);
#88=B_SPLINE_CURVE_WITH_KNOTS('',3,(#3054,#3055,#3056,#3057,#3058,#3059,
#3060,#3061),.UNSPECIFIED.,.F.,.F.,(4,2,2,4),(-0.651322570612609,-0.649458715252321,
-0.258208681915868,-0.103523628212233),.UNSPECIFIED.);
#89=B_SPLINE_CURVE_WITH_KNOTS('',3,(#3114,#3115,#3116,#3117,#3118,#3119,
#3120,#3121,#3122,#3123),.UNSPECIFIED.,.F.,.F.,(4,1,1,1,1,1,1,4),(-2.44883584452973,
-2.1159518530507,-1.78306786157167,-1.45018387009264,-1.11729987861361,
-0.784415887134574,-0.451531895655543,-0.118647904176512),.UNSPECIFIED.);
#90=B_SPLINE_CURVE_WITH_KNOTS('',3,(#3124,#3125,#3126,#3127),
 .UNSPECIFIED.,.F.,.F.,(4,4),(0.35512227124549,0.461192366601226),
 .UNSPECIFIED.);
#91=B_SPLINE_CURVE_WITH_KNOTS('',3,(#3128,#3129,#3130,#3131,#3132,#3133),
 .UNSPECIFIED.,.F.,.F.,(4,1,1,4),(0.789434544538057,1.11729987861361,1.45018387009264,
1.77794543112489),.UNSPECIFIED.);
#92=B_SPLINE_CURVE_WITH_KNOTS('',3,(#3134,#3135,#3136,#3137),
 .UNSPECIFIED.,.F.,.F.,(4,4),(0.,0.115171967262308),.UNSPECIFIED.);
#93=B_SPLINE_CURVE_WITH_KNOTS('',3,(#3148,#3149,#3150,#3151,#3152,#3153,
#3154,#3155,#3156,#3157,#3158,#3159,#3160,#3161,#3162,#3163),
 .UNSPECIFIED.,.F.,.F.,(4,2,2,2,2,2,2,4),(1.0236118841727,1.04713718823414,
1.15142040859942,1.30798115278933,1.61695635331759,1.92593155384586,2.23490675437412,
2.36098786236159),.UNSPECIFIED.);
#94=B_SPLINE_CURVE_WITH_KNOTS('',3,(#3167,#3168,#3169,#3170,#3171,#3172,
#3173,#3174,#3175,#3176,#3177,#3178,#3179,#3180,#3181,#3182),
 .UNSPECIFIED.,.F.,.F.,(4,2,2,2,2,2,2,4),(1.49087524533013,1.61695635331759,
1.92593155384586,2.23490675437412,2.54388195490238,2.70044269909229,2.80472591945757,
2.82825122351902),.UNSPECIFIED.);
#95=B_SPLINE_CURVE_WITH_KNOTS('',3,(#3183,#3184,#3185,#3186),
 .UNSPECIFIED.,.F.,.F.,(4,4),(1.47310225752536,1.59052066194909),
 .UNSPECIFIED.);
#96=B_SPLINE_CURVE_WITH_KNOTS('',3,(#3187,#3188,#3189,#3190),
 .UNSPECIFIED.,.F.,.F.,(4,4),(0.393358832524478,0.510777236947428),
 .UNSPECIFIED.);
#97=B_SPLINE_CURVE_WITH_KNOTS('',3,(#3201,#3202,#3203,#3204,#3205,#3206,
#3207,#3208,#3209,#3210,#3211,#3212),.UNSPECIFIED.,.F.,.F.,(4,2,2,2,2,4),
(0.0688472637783488,0.115930527211995,0.182118636845494,0.248306746478992,
0.384911744095627,0.553743141326727),.UNSPECIFIED.);
#98=B_SPLINE_CURVE_WITH_KNOTS('',3,(#3247,#3248,#3249,#3250,#3251,#3252,
#3253,#3254,#3255,#3256,#3257,#3258),.UNSPECIFIED.,.F.,.F.,(4,2,2,2,2,4),
(1.84108215421187,2.00991355144297,2.1465185490596,2.2127066586931,2.2788947683266,
2.32597803176025),.UNSPECIFIED.);
#99=B_SPLINE_SURFACE_WITH_KNOTS('',3,3,((#2651,#2652,#2653,#2654,#2655,
#2656,#2657,#2658,#2659,#2660,#2661),(#2662,#2663,#2664,#2665,#2666,#2667,
#2668,#2669,#2670,#2671,#2672),(#2673,#2674,#2675,#2676,#2677,#2678,#2679,
#2680,#2681,#2682,#2683),(#2684,#2685,#2686,#2687,#2688,#2689,#2690,#2691,
#2692,#2693,#2694),(#2695,#2696,#2697,#2698,#2699,#2700,#2701,#2702,#2703,
#2704,#2705)),.UNSPECIFIED.,.F.,.F.,.F.,(4,1,4),(4,1,1,1,1,1,1,1,4),(0.,
0.571428571428571,1.),(-3.15427665843411,-3.02892805369954,-2.90357944896498,
-2.77823084423041,-2.65288223949584,-2.52753363476128,-2.40218503002671,
-2.33951072765943,-2.27683642529214),.UNSPECIFIED.);
#100=B_SPLINE_SURFACE_WITH_KNOTS('',3,3,((#2760,#2761,#2762,#2763,#2764,
#2765,#2766),(#2767,#2768,#2769,#2770,#2771,#2772,#2773),(#2774,#2775,#2776,
#2777,#2778,#2779,#2780),(#2781,#2782,#2783,#2784,#2785,#2786,#2787),(#2788,
#2789,#2790,#2791,#2792,#2793,#2794)),.UNSPECIFIED.,.F.,.F.,.F.,(4,1,4),
(4,1,1,1,4),(0.,0.571428571428571,1.),(1.42508454480303,1.47189075926917,
1.5186969737353,1.70592183159985,2.08037154732895),.UNSPECIFIED.);
#101=B_SPLINE_SURFACE_WITH_KNOTS('',3,3,((#2839,#2840,#2841,#2842,#2843,
#2844,#2845,#2846,#2847,#2848,#2849,#2850),(#2851,#2852,#2853,#2854,#2855,
#2856,#2857,#2858,#2859,#2860,#2861,#2862),(#2863,#2864,#2865,#2866,#2867,
#2868,#2869,#2870,#2871,#2872,#2873,#2874),(#2875,#2876,#2877,#2878,#2879,
#2880,#2881,#2882,#2883,#2884,#2885,#2886),(#2887,#2888,#2889,#2890,#2891,
#2892,#2893,#2894,#2895,#2896,#2897,#2898)),.UNSPECIFIED.,.F.,.F.,.F.,(4,
1,4),(4,1,1,1,1,1,1,1,1,4),(0.,0.571428571428571,1.),(-2.88874290485463,
-2.82610823319921,-2.76347356154379,-2.63820421823294,-2.5129348749221,
-2.38766553161125,-2.26239618830041,-2.13712684498956,-2.10580950916185,
-2.01185750167872),.UNSPECIFIED.);
#102=B_SPLINE_SURFACE_WITH_KNOTS('',3,3,((#2947,#2948,#2949,#2950,#2951,
#2952,#2953,#2954),(#2955,#2956,#2957,#2958,#2959,#2960,#2961,#2962),(#2963,
#2964,#2965,#2966,#2967,#2968,#2969,#2970),(#2971,#2972,#2973,#2974,#2975,
#2976,#2977,#2978),(#2979,#2980,#2981,#2982,#2983,#2984,#2985,#2986)),
 .UNSPECIFIED.,.F.,.F.,.F.,(4,1,4),(4,1,1,1,1,4),(0.,0.571428571428571,
1.),(0.768498079520557,1.04916018561589,1.23626825634611,1.32982229171122,
1.37659930939378,1.42337632707633),.UNSPECIFIED.);
#103=B_SPLINE_SURFACE_WITH_KNOTS('',3,3,((#3062,#3063,#3064,#3065,#3066,
#3067,#3068,#3069,#3070,#3071),(#3072,#3073,#3074,#3075,#3076,#3077,#3078,
#3079,#3080,#3081),(#3082,#3083,#3084,#3085,#3086,#3087,#3088,#3089,#3090,
#3091),(#3092,#3093,#3094,#3095,#3096,#3097,#3098,#3099,#3100,#3101),(#3102,
#3103,#3104,#3105,#3106,#3107,#3108,#3109,#3110,#3111)),.UNSPECIFIED.,.F.,
 .F.,.F.,(4,1,4),(4,1,1,1,1,1,1,4),(0.,0.571428571428571,1.),(0.118647904176512,
0.451531895655543,0.784415887134574,1.11729987861361,1.45018387009264,1.78306786157167,
2.1159518530507,2.44883584452973),.UNSPECIFIED.);
#104=ELLIPSE('',#1930,0.476877449734196,0.125);
#105=ELLIPSE('',#1931,0.476877449734196,0.125);
#106=FACE_OUTER_BOUND('',#200,.T.);
#107=FACE_OUTER_BOUND('',#201,.T.);
#108=FACE_OUTER_BOUND('',#202,.T.);
#109=FACE_OUTER_BOUND('',#203,.T.);
#110=FACE_OUTER_BOUND('',#204,.T.);
#111=FACE_OUTER_BOUND('',#205,.T.);
#112=FACE_OUTER_BOUND('',#206,.T.);
#113=FACE_OUTER_BOUND('',#207,.T.);
#114=FACE_OUTER_BOUND('',#208,.T.);
#115=FACE_OUTER_BOUND('',#209,.T.);
#116=FACE_OUTER_BOUND('',#210,.T.);
#117=FACE_OUTER_BOUND('',#211,.T.);
#118=FACE_OUTER_BOUND('',#212,.T.);
#119=FACE_OUTER_BOUND('',#213,.T.);
#120=FACE_OUTER_BOUND('',#214,.T.);
#121=FACE_OUTER_BOUND('',#215,.T.);
#122=FACE_OUTER_BOUND('',#216,.T.);
#123=FACE_OUTER_BOUND('',#217,.T.);
#124=FACE_OUTER_BOUND('',#218,.T.);
#125=FACE_OUTER_BOUND('',#219,.T.);
#126=FACE_OUTER_BOUND('',#220,.T.);
#127=FACE_OUTER_BOUND('',#221,.T.);
#128=FACE_OUTER_BOUND('',#222,.T.);
#129=FACE_OUTER_BOUND('',#223,.T.);
#130=FACE_OUTER_BOUND('',#224,.T.);
#131=FACE_OUTER_BOUND('',#225,.T.);
#132=FACE_OUTER_BOUND('',#226,.T.);
#133=FACE_OUTER_BOUND('',#227,.T.);
#134=FACE_OUTER_BOUND('',#228,.T.);
#135=FACE_OUTER_BOUND('',#229,.T.);
#136=FACE_OUTER_BOUND('',#230,.T.);
#137=FACE_OUTER_BOUND('',#231,.T.);
#138=FACE_OUTER_BOUND('',#232,.T.);
#139=FACE_OUTER_BOUND('',#233,.T.);
#140=FACE_OUTER_BOUND('',#234,.T.);
#141=FACE_OUTER_BOUND('',#235,.T.);
#142=FACE_OUTER_BOUND('',#236,.T.);
#143=FACE_OUTER_BOUND('',#237,.T.);
#144=FACE_OUTER_BOUND('',#238,.T.);
#145=FACE_OUTER_BOUND('',#239,.T.);
#146=FACE_OUTER_BOUND('',#240,.T.);
#147=FACE_OUTER_BOUND('',#241,.T.);
#148=FACE_OUTER_BOUND('',#242,.T.);
#149=FACE_OUTER_BOUND('',#243,.T.);
#150=FACE_OUTER_BOUND('',#244,.T.);
#151=FACE_OUTER_BOUND('',#245,.T.);
#152=FACE_OUTER_BOUND('',#246,.T.);
#153=FACE_OUTER_BOUND('',#247,.T.);
#154=FACE_OUTER_BOUND('',#248,.T.);
#155=FACE_OUTER_BOUND('',#249,.T.);
#156=FACE_OUTER_BOUND('',#250,.T.);
#157=FACE_OUTER_BOUND('',#251,.T.);
#158=FACE_OUTER_BOUND('',#252,.T.);
#159=FACE_OUTER_BOUND('',#253,.T.);
#160=FACE_OUTER_BOUND('',#254,.T.);
#161=FACE_OUTER_BOUND('',#255,.T.);
#162=FACE_OUTER_BOUND('',#256,.T.);
#163=FACE_OUTER_BOUND('',#257,.T.);
#164=FACE_OUTER_BOUND('',#258,.T.);
#165=FACE_OUTER_BOUND('',#259,.T.);
#166=FACE_OUTER_BOUND('',#260,.T.);
#167=FACE_OUTER_BOUND('',#261,.T.);
#168=FACE_OUTER_BOUND('',#262,.T.);
#169=FACE_OUTER_BOUND('',#263,.T.);
#170=FACE_OUTER_BOUND('',#264,.T.);
#171=FACE_OUTER_BOUND('',#265,.T.);
#172=FACE_OUTER_BOUND('',#266,.T.);
#173=FACE_OUTER_BOUND('',#267,.T.);
#174=FACE_OUTER_BOUND('',#268,.T.);
#175=FACE_OUTER_BOUND('',#269,.T.);
#176=FACE_OUTER_BOUND('',#270,.T.);
#177=FACE_OUTER_BOUND('',#271,.T.);
#178=FACE_OUTER_BOUND('',#272,.T.);
#179=FACE_OUTER_BOUND('',#273,.T.);
#180=FACE_OUTER_BOUND('',#274,.T.);
#181=FACE_OUTER_BOUND('',#275,.T.);
#182=FACE_OUTER_BOUND('',#276,.T.);
#183=FACE_OUTER_BOUND('',#277,.T.);
#184=FACE_OUTER_BOUND('',#278,.T.);
#185=FACE_OUTER_BOUND('',#279,.T.);
#186=FACE_OUTER_BOUND('',#280,.T.);
#187=FACE_OUTER_BOUND('',#281,.T.);
#188=FACE_OUTER_BOUND('',#282,.T.);
#189=FACE_OUTER_BOUND('',#283,.T.);
#190=FACE_OUTER_BOUND('',#285,.T.);
#191=FACE_OUTER_BOUND('',#286,.T.);
#192=FACE_OUTER_BOUND('',#287,.T.);
#193=FACE_OUTER_BOUND('',#289,.T.);
#194=FACE_OUTER_BOUND('',#290,.T.);
#195=FACE_OUTER_BOUND('',#291,.T.);
#196=FACE_OUTER_BOUND('',#292,.T.);
#197=FACE_OUTER_BOUND('',#293,.T.);
#198=FACE_OUTER_BOUND('',#294,.T.);
#199=FACE_OUTER_BOUND('',#295,.T.);
#200=EDGE_LOOP('',(#1190,#1191,#1192,#1193));
#201=EDGE_LOOP('',(#1194,#1195,#1196,#1197,#1198,#1199,#1200,#1201));
#202=EDGE_LOOP('',(#1202,#1203,#1204,#1205,#1206,#1207,#1208,#1209));
#203=EDGE_LOOP('',(#1210,#1211,#1212,#1213));
#204=EDGE_LOOP('',(#1214,#1215,#1216,#1217));
#205=EDGE_LOOP('',(#1218,#1219,#1220,#1221,#1222,#1223,#1224,#1225,#1226,
#1227));
#206=EDGE_LOOP('',(#1228,#1229,#1230,#1231,#1232,#1233,#1234,#1235,#1236,
#1237));
#207=EDGE_LOOP('',(#1238,#1239,#1240,#1241,#1242,#1243,#1244,#1245,#1246,
#1247));
#208=EDGE_LOOP('',(#1248,#1249,#1250,#1251,#1252));
#209=EDGE_LOOP('',(#1253,#1254,#1255,#1256,#1257,#1258,#1259,#1260));
#210=EDGE_LOOP('',(#1261,#1262,#1263,#1264));
#211=EDGE_LOOP('',(#1265,#1266,#1267,#1268));
#212=EDGE_LOOP('',(#1269,#1270,#1271,#1272));
#213=EDGE_LOOP('',(#1273,#1274,#1275,#1276,#1277,#1278,#1279,#1280));
#214=EDGE_LOOP('',(#1281,#1282,#1283,#1284));
#215=EDGE_LOOP('',(#1285,#1286,#1287,#1288));
#216=EDGE_LOOP('',(#1289,#1290,#1291,#1292));
#217=EDGE_LOOP('',(#1293,#1294,#1295,#1296));
#218=EDGE_LOOP('',(#1297,#1298,#1299,#1300));
#219=EDGE_LOOP('',(#1301,#1302,#1303,#1304,#1305,#1306));
#220=EDGE_LOOP('',(#1307,#1308,#1309,#1310));
#221=EDGE_LOOP('',(#1311,#1312,#1313,#1314,#1315,#1316));
#222=EDGE_LOOP('',(#1317,#1318,#1319,#1320));
#223=EDGE_LOOP('',(#1321,#1322,#1323,#1324,#1325,#1326));
#224=EDGE_LOOP('',(#1327,#1328,#1329,#1330,#1331));
#225=EDGE_LOOP('',(#1332,#1333,#1334));
#226=EDGE_LOOP('',(#1335,#1336,#1337,#1338,#1339,#1340));
#227=EDGE_LOOP('',(#1341,#1342,#1343,#1344,#1345));
#228=EDGE_LOOP('',(#1346,#1347,#1348));
#229=EDGE_LOOP('',(#1349,#1350,#1351,#1352,#1353,#1354));
#230=EDGE_LOOP('',(#1355,#1356,#1357,#1358));
#231=EDGE_LOOP('',(#1359,#1360,#1361,#1362,#1363,#1364));
#232=EDGE_LOOP('',(#1365,#1366,#1367,#1368,#1369,#1370));
#233=EDGE_LOOP('',(#1371,#1372));
#234=EDGE_LOOP('',(#1373,#1374,#1375,#1376,#1377,#1378));
#235=EDGE_LOOP('',(#1379,#1380,#1381,#1382,#1383));
#236=EDGE_LOOP('',(#1384,#1385,#1386,#1387,#1388,#1389,#1390,#1391,#1392,
#1393));
#237=EDGE_LOOP('',(#1394,#1395,#1396,#1397,#1398));
#238=EDGE_LOOP('',(#1399,#1400,#1401,#1402,#1403,#1404,#1405,#1406,#1407,
#1408,#1409,#1410,#1411,#1412,#1413,#1414,#1415,#1416,#1417,#1418,#1419,
#1420,#1421,#1422));
#239=EDGE_LOOP('',(#1423,#1424,#1425,#1426));
#240=EDGE_LOOP('',(#1427,#1428,#1429,#1430));
#241=EDGE_LOOP('',(#1431,#1432));
#242=EDGE_LOOP('',(#1433,#1434,#1435,#1436,#1437,#1438,#1439,#1440));
#243=EDGE_LOOP('',(#1441,#1442,#1443,#1444,#1445,#1446,#1447,#1448,#1449,
#1450,#1451,#1452));
#244=EDGE_LOOP('',(#1453,#1454,#1455,#1456,#1457,#1458,#1459,#1460,#1461,
#1462,#1463,#1464));
#245=EDGE_LOOP('',(#1465,#1466,#1467,#1468));
#246=EDGE_LOOP('',(#1469,#1470,#1471,#1472));
#247=EDGE_LOOP('',(#1473,#1474,#1475,#1476));
#248=EDGE_LOOP('',(#1477,#1478,#1479,#1480));
#249=EDGE_LOOP('',(#1481,#1482,#1483,#1484));
#250=EDGE_LOOP('',(#1485,#1486,#1487,#1488));
#251=EDGE_LOOP('',(#1489,#1490,#1491,#1492));
#252=EDGE_LOOP('',(#1493,#1494,#1495,#1496));
#253=EDGE_LOOP('',(#1497,#1498,#1499,#1500));
#254=EDGE_LOOP('',(#1501,#1502,#1503,#1504));
#255=EDGE_LOOP('',(#1505,#1506,#1507,#1508));
#256=EDGE_LOOP('',(#1509,#1510,#1511,#1512,#1513,#1514,#1515,#1516,#1517,
#1518,#1519));
#257=EDGE_LOOP('',(#1520,#1521,#1522,#1523));
#258=EDGE_LOOP('',(#1524,#1525,#1526,#1527));
#259=EDGE_LOOP('',(#1528,#1529,#1530,#1531));
#260=EDGE_LOOP('',(#1532,#1533,#1534,#1535));
#261=EDGE_LOOP('',(#1536,#1537,#1538,#1539));
#262=EDGE_LOOP('',(#1540,#1541,#1542,#1543));
#263=EDGE_LOOP('',(#1544,#1545,#1546,#1547));
#264=EDGE_LOOP('',(#1548,#1549,#1550,#1551));
#265=EDGE_LOOP('',(#1552,#1553,#1554,#1555));
#266=EDGE_LOOP('',(#1556,#1557,#1558,#1559));
#267=EDGE_LOOP('',(#1560,#1561,#1562,#1563,#1564,#1565,#1566,#1567));
#268=EDGE_LOOP('',(#1568,#1569,#1570,#1571,#1572,#1573));
#269=EDGE_LOOP('',(#1574,#1575,#1576,#1577));
#270=EDGE_LOOP('',(#1578,#1579,#1580,#1581,#1582));
#271=EDGE_LOOP('',(#1583,#1584,#1585,#1586,#1587,#1588,#1589,#1590,#1591,
#1592,#1593,#1594,#1595,#1596,#1597,#1598,#1599,#1600,#1601,#1602,#1603,
#1604,#1605));
#272=EDGE_LOOP('',(#1606,#1607,#1608,#1609));
#273=EDGE_LOOP('',(#1610,#1611,#1612,#1613));
#274=EDGE_LOOP('',(#1614,#1615,#1616,#1617));
#275=EDGE_LOOP('',(#1618,#1619,#1620,#1621));
#276=EDGE_LOOP('',(#1622,#1623,#1624,#1625));
#277=EDGE_LOOP('',(#1626,#1627,#1628,#1629));
#278=EDGE_LOOP('',(#1630,#1631,#1632,#1633));
#279=EDGE_LOOP('',(#1634,#1635,#1636,#1637));
#280=EDGE_LOOP('',(#1638,#1639,#1640,#1641,#1642,#1643,#1644,#1645,#1646,
#1647,#1648,#1649,#1650,#1651,#1652,#1653,#1654,#1655,#1656,#1657,#1658,
#1659));
#281=EDGE_LOOP('',(#1660,#1661,#1662,#1663));
#282=EDGE_LOOP('',(#1664,#1665,#1666,#1667));
#283=EDGE_LOOP('',(#1668,#1669,#1670,#1671));
#284=EDGE_LOOP('',(#1672,#1673,#1674,#1675,#1676,#1677));
#285=EDGE_LOOP('',(#1678,#1679,#1680,#1681));
#286=EDGE_LOOP('',(#1682,#1683,#1684,#1685));
#287=EDGE_LOOP('',(#1686,#1687,#1688,#1689));
#288=EDGE_LOOP('',(#1690,#1691,#1692,#1693));
#289=EDGE_LOOP('',(#1694,#1695,#1696,#1697,#1698));
#290=EDGE_LOOP('',(#1699,#1700,#1701,#1702));
#291=EDGE_LOOP('',(#1703,#1704,#1705,#1706,#1707));
#292=EDGE_LOOP('',(#1708,#1709,#1710,#1711));
#293=EDGE_LOOP('',(#1712,#1713,#1714,#1715,#1716,#1717));
#294=EDGE_LOOP('',(#1718,#1719,#1720,#1721));
#295=EDGE_LOOP('',(#1722,#1723,#1724,#1725));
#296=LINE('',#2469,#522);
#297=LINE('',#2471,#523);
#298=LINE('',#2473,#524);
#299=LINE('',#2474,#525);
#300=LINE('',#2477,#526);
#301=LINE('',#2479,#527);
#302=LINE('',#2481,#528);
#303=LINE('',#2483,#529);
#304=LINE('',#2485,#530);
#305=LINE('',#2487,#531);
#306=LINE('',#2488,#532);
#307=LINE('',#2491,#533);
#308=LINE('',#2493,#534);
#309=LINE('',#2495,#535);
#310=LINE('',#2497,#536);
#311=LINE('',#2499,#537);
#312=LINE('',#2501,#538);
#313=LINE('',#2502,#539);
#314=LINE('',#2504,#540);
#315=LINE('',#2505,#541);
#316=LINE('',#2509,#542);
#317=LINE('',#2511,#543);
#318=LINE('',#2513,#544);
#319=LINE('',#2515,#545);
#320=LINE('',#2517,#546);
#321=LINE('',#2519,#547);
#322=LINE('',#2521,#548);
#323=LINE('',#2523,#549);
#324=LINE('',#2524,#550);
#325=LINE('',#2527,#551);
#326=LINE('',#2529,#552);
#327=LINE('',#2531,#553);
#328=LINE('',#2533,#554);
#329=LINE('',#2535,#555);
#330=LINE('',#2537,#556);
#331=LINE('',#2539,#557);
#332=LINE('',#2541,#558);
#333=LINE('',#2542,#559);
#334=LINE('',#2545,#560);
#335=LINE('',#2547,#561);
#336=LINE('',#2551,#562);
#337=LINE('',#2555,#563);
#338=LINE('',#2556,#564);
#339=LINE('',#2558,#565);
#340=LINE('',#2560,#566);
#341=LINE('',#2561,#567);
#342=LINE('',#2565,#568);
#343=LINE('',#2566,#569);
#344=LINE('',#2567,#570);
#345=LINE('',#2568,#571);
#346=LINE('',#2570,#572);
#347=LINE('',#2571,#573);
#348=LINE('',#2573,#574);
#349=LINE('',#2577,#575);
#350=LINE('',#2579,#576);
#351=LINE('',#2581,#577);
#352=LINE('',#2582,#578);
#353=LINE('',#2586,#579);
#354=LINE('',#2588,#580);
#355=LINE('',#2590,#581);
#356=LINE('',#2591,#582);
#357=LINE('',#2593,#583);
#358=LINE('',#2595,#584);
#359=LINE('',#2597,#585);
#360=LINE('',#2598,#586);
#361=LINE('',#2602,#587);
#362=LINE('',#2604,#588);
#363=LINE('',#2606,#589);
#364=LINE('',#2607,#590);
#365=LINE('',#2610,#591);
#366=LINE('',#2612,#592);
#367=LINE('',#2613,#593);
#368=LINE('',#2617,#594);
#369=LINE('',#2619,#595);
#370=LINE('',#2621,#596);
#371=LINE('',#2622,#597);
#372=LINE('',#2625,#598);
#373=LINE('',#2627,#599);
#374=LINE('',#2628,#600);
#375=LINE('',#2631,#601);
#376=LINE('',#2633,#602);
#377=LINE('',#2634,#603);
#378=LINE('',#2637,#604);
#379=LINE('',#2639,#605);
#380=LINE('',#2640,#606);
#381=LINE('',#2643,#607);
#382=LINE('',#2645,#608);
#383=LINE('',#2646,#609);
#384=LINE('',#2648,#610);
#385=LINE('',#2649,#611);
#386=LINE('',#2808,#612);
#387=LINE('',#2838,#613);
#388=LINE('',#3023,#614);
#389=LINE('',#3030,#615);
#390=LINE('',#3034,#616);
#391=LINE('',#3037,#617);
#392=LINE('',#3140,#618);
#393=LINE('',#3143,#619);
#394=LINE('',#3192,#620);
#395=LINE('',#3193,#621);
#396=LINE('',#3195,#622);
#397=LINE('',#3196,#623);
#398=LINE('',#3198,#624);
#399=LINE('',#3213,#625);
#400=LINE('',#3215,#626);
#401=LINE('',#3217,#627);
#402=LINE('',#3219,#628);
#403=LINE('',#3221,#629);
#404=LINE('',#3223,#630);
#405=LINE('',#3225,#631);
#406=LINE('',#3227,#632);
#407=LINE('',#3229,#633);
#408=LINE('',#3231,#634);
#409=LINE('',#3233,#635);
#410=LINE('',#3235,#636);
#411=LINE('',#3237,#637);
#412=LINE('',#3239,#638);
#413=LINE('',#3241,#639);
#414=LINE('',#3242,#640);
#415=LINE('',#3243,#641);
#416=LINE('',#3261,#642);
#417=LINE('',#3266,#643);
#418=LINE('',#3268,#644);
#419=LINE('',#3270,#645);
#420=LINE('',#3272,#646);
#421=LINE('',#3274,#647);
#422=LINE('',#3275,#648);
#423=LINE('',#3279,#649);
#424=LINE('',#3281,#650);
#425=LINE('',#3283,#651);
#426=LINE('',#3285,#652);
#427=LINE('',#3286,#653);
#428=LINE('',#3288,#654);
#429=LINE('',#3290,#655);
#430=LINE('',#3292,#656);
#431=LINE('',#3294,#657);
#432=LINE('',#3296,#658);
#433=LINE('',#3297,#659);
#434=LINE('',#3299,#660);
#435=LINE('',#3301,#661);
#436=LINE('',#3303,#662);
#437=LINE('',#3305,#663);
#438=LINE('',#3307,#664);
#439=LINE('',#3309,#665);
#440=LINE('',#3310,#666);
#441=LINE('',#3312,#667);
#442=LINE('',#3314,#668);
#443=LINE('',#3316,#669);
#444=LINE('',#3318,#670);
#445=LINE('',#3323,#671);
#446=LINE('',#3324,#672);
#447=LINE('',#3326,#673);
#448=LINE('',#3328,#674);
#449=LINE('',#3330,#675);
#450=LINE('',#3332,#676);
#451=LINE('',#3334,#677);
#452=LINE('',#3336,#678);
#453=LINE('',#3338,#679);
#454=LINE('',#3339,#680);
#455=LINE('',#3342,#681);
#456=LINE('',#3344,#682);
#457=LINE('',#3345,#683);
#458=LINE('',#3348,#684);
#459=LINE('',#3349,#685);
#460=LINE('',#3352,#686);
#461=LINE('',#3353,#687);
#462=LINE('',#3356,#688);
#463=LINE('',#3357,#689);
#464=LINE('',#3360,#690);
#465=LINE('',#3361,#691);
#466=LINE('',#3364,#692);
#467=LINE('',#3365,#693);
#468=LINE('',#3368,#694);
#469=LINE('',#3369,#695);
#470=LINE('',#3372,#696);
#471=LINE('',#3373,#697);
#472=LINE('',#3376,#698);
#473=LINE('',#3377,#699);
#474=LINE('',#3379,#700);
#475=LINE('',#3382,#701);
#476=LINE('',#3384,#702);
#477=LINE('',#3386,#703);
#478=LINE('',#3387,#704);
#479=LINE('',#3390,#705);
#480=LINE('',#3391,#706);
#481=LINE('',#3393,#707);
#482=LINE('',#3398,#708);
#483=LINE('',#3400,#709);
#484=LINE('',#3401,#710);
#485=LINE('',#3404,#711);
#486=LINE('',#3406,#712);
#487=LINE('',#3407,#713);
#488=LINE('',#3410,#714);
#489=LINE('',#3411,#715);
#490=LINE('',#3414,#716);
#491=LINE('',#3415,#717);
#492=LINE('',#3418,#718);
#493=LINE('',#3419,#719);
#494=LINE('',#3422,#720);
#495=LINE('',#3423,#721);
#496=LINE('',#3425,#722);
#497=LINE('',#3427,#723);
#498=LINE('',#3430,#724);
#499=LINE('',#3432,#725);
#500=LINE('',#3433,#726);
#501=LINE('',#3435,#727);
#502=LINE('',#3437,#728);
#503=LINE('',#3438,#729);
#504=LINE('',#3441,#730);
#505=LINE('',#3443,#731);
#506=LINE('',#3444,#732);
#507=LINE('',#3447,#733);
#508=LINE('',#3449,#734);
#509=LINE('',#3450,#735);
#510=LINE('',#3452,#736);
#511=LINE('',#3454,#737);
#512=LINE('',#3455,#738);
#513=LINE('',#3457,#739);
#514=LINE('',#3460,#740);
#515=LINE('',#3462,#741);
#516=LINE('',#3463,#742);
#517=LINE('',#3466,#743);
#518=LINE('',#3467,#744);
#519=LINE('',#3469,#745);
#520=LINE('',#3470,#746);
#521=LINE('',#3472,#747);
#522=VECTOR('',#2031,0.393700787401575);
#523=VECTOR('',#2032,0.393700787401575);
#524=VECTOR('',#2033,0.393700787401575);
#525=VECTOR('',#2034,0.393700787401575);
#526=VECTOR('',#2037,0.393700787401575);
#527=VECTOR('',#2038,0.393700787401575);
#528=VECTOR('',#2039,0.393700787401575);
#529=VECTOR('',#2040,0.393700787401575);
#530=VECTOR('',#2041,0.393700787401575);
#531=VECTOR('',#2042,0.393700787401575);
#532=VECTOR('',#2043,0.393700787401575);
#533=VECTOR('',#2046,0.393700787401575);
#534=VECTOR('',#2047,0.393700787401575);
#535=VECTOR('',#2048,0.393700787401575);
#536=VECTOR('',#2049,0.393700787401575);
#537=VECTOR('',#2050,0.393700787401575);
#538=VECTOR('',#2051,0.393700787401575);
#539=VECTOR('',#2052,0.393700787401575);
#540=VECTOR('',#2055,0.393700787401575);
#541=VECTOR('',#2056,0.393700787401575);
#542=VECTOR('',#2061,0.393700787401575);
#543=VECTOR('',#2062,0.393700787401575);
#544=VECTOR('',#2063,0.393700787401575);
#545=VECTOR('',#2064,0.393700787401575);
#546=VECTOR('',#2065,0.393700787401575);
#547=VECTOR('',#2066,0.393700787401575);
#548=VECTOR('',#2067,0.393700787401575);
#549=VECTOR('',#2068,0.393700787401575);
#550=VECTOR('',#2069,0.393700787401575);
#551=VECTOR('',#2072,0.393700787401575);
#552=VECTOR('',#2073,0.393700787401575);
#553=VECTOR('',#2074,0.393700787401575);
#554=VECTOR('',#2075,0.393700787401575);
#555=VECTOR('',#2076,0.393700787401575);
#556=VECTOR('',#2077,0.393700787401575);
#557=VECTOR('',#2078,0.393700787401575);
#558=VECTOR('',#2079,0.393700787401575);
#559=VECTOR('',#2080,0.393700787401575);
#560=VECTOR('',#2083,0.393700787401575);
#561=VECTOR('',#2084,0.393700787401575);
#562=VECTOR('',#2087,0.393700787401575);
#563=VECTOR('',#2090,0.393700787401575);
#564=VECTOR('',#2091,0.393700787401575);
#565=VECTOR('',#2094,0.393700787401575);
#566=VECTOR('',#2095,0.393700787401575);
#567=VECTOR('',#2096,0.393700787401575);
#568=VECTOR('',#2099,0.393700787401575);
#569=VECTOR('',#2100,0.393700787401575);
#570=VECTOR('',#2101,0.393700787401575);
#571=VECTOR('',#2102,0.393700787401575);
#572=VECTOR('',#2103,0.393700787401575);
#573=VECTOR('',#2104,0.393700787401575);
#574=VECTOR('',#2107,0.393700787401575);
#575=VECTOR('',#2110,0.393700787401575);
#576=VECTOR('',#2111,0.393700787401575);
#577=VECTOR('',#2112,0.393700787401575);
#578=VECTOR('',#2113,0.393700787401575);
#579=VECTOR('',#2116,0.393700787401575);
#580=VECTOR('',#2117,0.393700787401575);
#581=VECTOR('',#2118,0.393700787401575);
#582=VECTOR('',#2119,0.393700787401575);
#583=VECTOR('',#2122,0.393700787401575);
#584=VECTOR('',#2123,0.393700787401575);
#585=VECTOR('',#2124,0.393700787401575);
#586=VECTOR('',#2125,0.393700787401575);
#587=VECTOR('',#2128,0.393700787401575);
#588=VECTOR('',#2129,0.393700787401575);
#589=VECTOR('',#2130,0.393700787401575);
#590=VECTOR('',#2131,0.393700787401575);
#591=VECTOR('',#2134,0.393700787401575);
#592=VECTOR('',#2135,0.393700787401575);
#593=VECTOR('',#2136,0.393700787401575);
#594=VECTOR('',#2139,0.393700787401575);
#595=VECTOR('',#2140,0.393700787401575);
#596=VECTOR('',#2141,0.393700787401575);
#597=VECTOR('',#2142,0.393700787401575);
#598=VECTOR('',#2145,0.393700787401575);
#599=VECTOR('',#2146,0.393700787401575);
#600=VECTOR('',#2147,0.393700787401575);
#601=VECTOR('',#2150,0.393700787401575);
#602=VECTOR('',#2151,0.393700787401575);
#603=VECTOR('',#2152,0.393700787401575);
#604=VECTOR('',#2155,0.393700787401575);
#605=VECTOR('',#2156,0.393700787401575);
#606=VECTOR('',#2157,0.393700787401575);
#607=VECTOR('',#2160,0.393700787401575);
#608=VECTOR('',#2161,0.393700787401575);
#609=VECTOR('',#2162,0.393700787401575);
#610=VECTOR('',#2165,0.393700787401575);
#611=VECTOR('',#2166,0.393700787401575);
#612=VECTOR('',#2173,0.393700787401575);
#613=VECTOR('',#2178,0.393700787401575);
#614=VECTOR('',#2183,0.393700787401575);
#615=VECTOR('',#2186,0.393700787401575);
#616=VECTOR('',#2191,0.393700787401575);
#617=VECTOR('',#2194,0.393700787401575);
#618=VECTOR('',#2205,0.393700787401575);
#619=VECTOR('',#2208,0.393700787401575);
#620=VECTOR('',#2217,0.393700787401575);
#621=VECTOR('',#2218,0.393700787401575);
#622=VECTOR('',#2221,0.393700787401575);
#623=VECTOR('',#2222,0.393700787401575);
#624=VECTOR('',#2225,0.393700787401575);
#625=VECTOR('',#2228,0.393700787401575);
#626=VECTOR('',#2229,0.393700787401575);
#627=VECTOR('',#2230,0.393700787401575);
#628=VECTOR('',#2231,0.393700787401575);
#629=VECTOR('',#2232,0.393700787401575);
#630=VECTOR('',#2233,0.393700787401575);
#631=VECTOR('',#2234,0.393700787401575);
#632=VECTOR('',#2235,0.393700787401575);
#633=VECTOR('',#2236,0.393700787401575);
#634=VECTOR('',#2237,0.393700787401575);
#635=VECTOR('',#2238,0.393700787401575);
#636=VECTOR('',#2239,0.393700787401575);
#637=VECTOR('',#2240,0.393700787401575);
#638=VECTOR('',#2241,0.393700787401575);
#639=VECTOR('',#2242,0.393700787401575);
#640=VECTOR('',#2243,0.393700787401575);
#641=VECTOR('',#2244,0.393700787401575);
#642=VECTOR('',#2253,0.393700787401575);
#643=VECTOR('',#2260,0.393700787401575);
#644=VECTOR('',#2261,0.393700787401575);
#645=VECTOR('',#2262,0.393700787401575);
#646=VECTOR('',#2263,0.393700787401575);
#647=VECTOR('',#2264,0.393700787401575);
#648=VECTOR('',#2265,0.393700787401575);
#649=VECTOR('',#2268,0.393700787401575);
#650=VECTOR('',#2269,0.393700787401575);
#651=VECTOR('',#2270,0.393700787401575);
#652=VECTOR('',#2271,0.393700787401575);
#653=VECTOR('',#2272,0.393700787401575);
#654=VECTOR('',#2273,0.393700787401575);
#655=VECTOR('',#2274,0.393700787401575);
#656=VECTOR('',#2275,0.393700787401575);
#657=VECTOR('',#2276,0.393700787401575);
#658=VECTOR('',#2277,0.393700787401575);
#659=VECTOR('',#2278,0.393700787401575);
#660=VECTOR('',#2281,0.393700787401575);
#661=VECTOR('',#2284,0.393700787401575);
#662=VECTOR('',#2287,0.393700787401575);
#663=VECTOR('',#2290,0.393700787401575);
#664=VECTOR('',#2293,0.393700787401575);
#665=VECTOR('',#2296,0.393700787401575);
#666=VECTOR('',#2297,0.393700787401575);
#667=VECTOR('',#2300,0.393700787401575);
#668=VECTOR('',#2303,0.393700787401575);
#669=VECTOR('',#2306,0.393700787401575);
#670=VECTOR('',#2309,0.393700787401575);
#671=VECTOR('',#2314,0.393700787401575);
#672=VECTOR('',#2315,0.393700787401575);
#673=VECTOR('',#2316,0.393700787401575);
#674=VECTOR('',#2317,0.393700787401575);
#675=VECTOR('',#2318,0.393700787401575);
#676=VECTOR('',#2319,0.393700787401575);
#677=VECTOR('',#2320,0.393700787401575);
#678=VECTOR('',#2321,0.393700787401575);
#679=VECTOR('',#2322,0.393700787401575);
#680=VECTOR('',#2323,0.393700787401575);
#681=VECTOR('',#2326,0.393700787401575);
#682=VECTOR('',#2327,0.393700787401575);
#683=VECTOR('',#2328,0.393700787401575);
#684=VECTOR('',#2331,0.393700787401575);
#685=VECTOR('',#2332,0.393700787401575);
#686=VECTOR('',#2335,0.393700787401575);
#687=VECTOR('',#2336,0.393700787401575);
#688=VECTOR('',#2339,0.393700787401575);
#689=VECTOR('',#2340,0.393700787401575);
#690=VECTOR('',#2343,0.393700787401575);
#691=VECTOR('',#2344,0.393700787401575);
#692=VECTOR('',#2347,0.393700787401575);
#693=VECTOR('',#2348,0.393700787401575);
#694=VECTOR('',#2351,0.393700787401575);
#695=VECTOR('',#2352,0.393700787401575);
#696=VECTOR('',#2355,0.393700787401575);
#697=VECTOR('',#2356,0.393700787401575);
#698=VECTOR('',#2359,0.393700787401575);
#699=VECTOR('',#2360,0.393700787401575);
#700=VECTOR('',#2363,0.393700787401575);
#701=VECTOR('',#2366,0.393700787401575);
#702=VECTOR('',#2367,0.393700787401575);
#703=VECTOR('',#2368,0.393700787401575);
#704=VECTOR('',#2369,0.393700787401575);
#705=VECTOR('',#2372,0.393700787401575);
#706=VECTOR('',#2373,0.393700787401575);
#707=VECTOR('',#2376,0.393700787401575);
#708=VECTOR('',#2383,0.393700787401575);
#709=VECTOR('',#2384,0.393700787401575);
#710=VECTOR('',#2385,0.393700787401575);
#711=VECTOR('',#2388,0.393700787401575);
#712=VECTOR('',#2389,0.393700787401575);
#713=VECTOR('',#2390,0.393700787401575);
#714=VECTOR('',#2393,0.393700787401575);
#715=VECTOR('',#2394,0.393700787401575);
#716=VECTOR('',#2397,0.393700787401575);
#717=VECTOR('',#2398,0.393700787401575);
#718=VECTOR('',#2401,0.393700787401575);
#719=VECTOR('',#2402,0.393700787401575);
#720=VECTOR('',#2405,0.393700787401575);
#721=VECTOR('',#2406,0.393700787401575);
#722=VECTOR('',#2409,0.393700787401575);
#723=VECTOR('',#2412,0.393700787401575);
#724=VECTOR('',#2415,0.393700787401575);
#725=VECTOR('',#2416,0.393700787401575);
#726=VECTOR('',#2417,0.393700787401575);
#727=VECTOR('',#2418,0.393700787401575);
#728=VECTOR('',#2419,0.393700787401575);
#729=VECTOR('',#2420,0.393700787401575);
#730=VECTOR('',#2423,0.393700787401575);
#731=VECTOR('',#2424,0.393700787401575);
#732=VECTOR('',#2425,0.393700787401575);
#733=VECTOR('',#2428,0.393700787401575);
#734=VECTOR('',#2429,0.393700787401575);
#735=VECTOR('',#2430,0.393700787401575);
#736=VECTOR('',#2433,0.393700787401575);
#737=VECTOR('',#2436,0.393700787401575);
#738=VECTOR('',#2437,0.393700787401575);
#739=VECTOR('',#2440,0.393700787401575);
#740=VECTOR('',#2445,0.393700787401575);
#741=VECTOR('',#2448,0.393700787401575);
#742=VECTOR('',#2449,0.393700787401575);
#743=VECTOR('',#2454,0.393700787401575);
#744=VECTOR('',#2455,0.393700787401575);
#745=VECTOR('',#2458,0.393700787401575);
#746=VECTOR('',#2459,0.393700787401575);
#747=VECTOR('',#2462,0.393700787401575);
#748=VERTEX_POINT('',#2467);
#749=VERTEX_POINT('',#2468);
#750=VERTEX_POINT('',#2470);
#751=VERTEX_POINT('',#2472);
#752=VERTEX_POINT('',#2476);
#753=VERTEX_POINT('',#2478);
#754=VERTEX_POINT('',#2480);
#755=VERTEX_POINT('',#2482);
#756=VERTEX_POINT('',#2484);
#757=VERTEX_POINT('',#2486);
#758=VERTEX_POINT('',#2490);
#759=VERTEX_POINT('',#2492);
#760=VERTEX_POINT('',#2494);
#761=VERTEX_POINT('',#2496);
#762=VERTEX_POINT('',#2498);
#763=VERTEX_POINT('',#2500);
#764=VERTEX_POINT('',#2508);
#765=VERTEX_POINT('',#2510);
#766=VERTEX_POINT('',#2512);
#767=VERTEX_POINT('',#2514);
#768=VERTEX_POINT('',#2516);
#769=VERTEX_POINT('',#2518);
#770=VERTEX_POINT('',#2520);
#771=VERTEX_POINT('',#2522);
#772=VERTEX_POINT('',#2526);
#773=VERTEX_POINT('',#2528);
#774=VERTEX_POINT('',#2530);
#775=VERTEX_POINT('',#2532);
#776=VERTEX_POINT('',#2534);
#777=VERTEX_POINT('',#2536);
#778=VERTEX_POINT('',#2538);
#779=VERTEX_POINT('',#2540);
#780=VERTEX_POINT('',#2544);
#781=VERTEX_POINT('',#2546);
#782=VERTEX_POINT('',#2548);
#783=VERTEX_POINT('',#2550);
#784=VERTEX_POINT('',#2552);
#785=VERTEX_POINT('',#2554);
#786=VERTEX_POINT('',#2559);
#787=VERTEX_POINT('',#2563);
#788=VERTEX_POINT('',#2564);
#789=VERTEX_POINT('',#2569);
#790=VERTEX_POINT('',#2575);
#791=VERTEX_POINT('',#2576);
#792=VERTEX_POINT('',#2578);
#793=VERTEX_POINT('',#2580);
#794=VERTEX_POINT('',#2584);
#795=VERTEX_POINT('',#2585);
#796=VERTEX_POINT('',#2587);
#797=VERTEX_POINT('',#2589);
#798=VERTEX_POINT('',#2594);
#799=VERTEX_POINT('',#2596);
#800=VERTEX_POINT('',#2600);
#801=VERTEX_POINT('',#2601);
#802=VERTEX_POINT('',#2603);
#803=VERTEX_POINT('',#2605);
#804=VERTEX_POINT('',#2609);
#805=VERTEX_POINT('',#2611);
#806=VERTEX_POINT('',#2615);
#807=VERTEX_POINT('',#2616);
#808=VERTEX_POINT('',#2618);
#809=VERTEX_POINT('',#2620);
#810=VERTEX_POINT('',#2624);
#811=VERTEX_POINT('',#2626);
#812=VERTEX_POINT('',#2630);
#813=VERTEX_POINT('',#2632);
#814=VERTEX_POINT('',#2636);
#815=VERTEX_POINT('',#2638);
#816=VERTEX_POINT('',#2642);
#817=VERTEX_POINT('',#2644);
#818=VERTEX_POINT('',#2706);
#819=VERTEX_POINT('',#2707);
#820=VERTEX_POINT('',#2724);
#821=VERTEX_POINT('',#2729);
#822=VERTEX_POINT('',#2738);
#823=VERTEX_POINT('',#2757);
#824=VERTEX_POINT('',#2795);
#825=VERTEX_POINT('',#2796);
#826=VERTEX_POINT('',#2807);
#827=VERTEX_POINT('',#2836);
#828=VERTEX_POINT('',#2899);
#829=VERTEX_POINT('',#2900);
#830=VERTEX_POINT('',#2913);
#831=VERTEX_POINT('',#2915);
#832=VERTEX_POINT('',#2917);
#833=VERTEX_POINT('',#2936);
#834=VERTEX_POINT('',#2987);
#835=VERTEX_POINT('',#2988);
#836=VERTEX_POINT('',#2996);
#837=VERTEX_POINT('',#3029);
#838=VERTEX_POINT('',#3033);
#839=VERTEX_POINT('',#3035);
#840=VERTEX_POINT('',#3040);
#841=VERTEX_POINT('',#3041);
#842=VERTEX_POINT('',#3043);
#843=VERTEX_POINT('',#3052);
#844=VERTEX_POINT('',#3112);
#845=VERTEX_POINT('',#3113);
#846=VERTEX_POINT('',#3139);
#847=VERTEX_POINT('',#3141);
#848=VERTEX_POINT('',#3146);
#849=VERTEX_POINT('',#3147);
#850=VERTEX_POINT('',#3164);
#851=VERTEX_POINT('',#3166);
#852=VERTEX_POINT('',#3200);
#853=VERTEX_POINT('',#3214);
#854=VERTEX_POINT('',#3216);
#855=VERTEX_POINT('',#3218);
#856=VERTEX_POINT('',#3220);
#857=VERTEX_POINT('',#3222);
#858=VERTEX_POINT('',#3224);
#859=VERTEX_POINT('',#3226);
#860=VERTEX_POINT('',#3228);
#861=VERTEX_POINT('',#3230);
#862=VERTEX_POINT('',#3232);
#863=VERTEX_POINT('',#3234);
#864=VERTEX_POINT('',#3236);
#865=VERTEX_POINT('',#3238);
#866=VERTEX_POINT('',#3240);
#867=VERTEX_POINT('',#3246);
#868=VERTEX_POINT('',#3265);
#869=VERTEX_POINT('',#3267);
#870=VERTEX_POINT('',#3269);
#871=VERTEX_POINT('',#3271);
#872=VERTEX_POINT('',#3273);
#873=VERTEX_POINT('',#3277);
#874=VERTEX_POINT('',#3278);
#875=VERTEX_POINT('',#3280);
#876=VERTEX_POINT('',#3282);
#877=VERTEX_POINT('',#3284);
#878=VERTEX_POINT('',#3287);
#879=VERTEX_POINT('',#3289);
#880=VERTEX_POINT('',#3291);
#881=VERTEX_POINT('',#3293);
#882=VERTEX_POINT('',#3295);
#883=VERTEX_POINT('',#3321);
#884=VERTEX_POINT('',#3322);
#885=VERTEX_POINT('',#3325);
#886=VERTEX_POINT('',#3327);
#887=VERTEX_POINT('',#3329);
#888=VERTEX_POINT('',#3331);
#889=VERTEX_POINT('',#3333);
#890=VERTEX_POINT('',#3335);
#891=VERTEX_POINT('',#3337);
#892=VERTEX_POINT('',#3341);
#893=VERTEX_POINT('',#3343);
#894=VERTEX_POINT('',#3347);
#895=VERTEX_POINT('',#3351);
#896=VERTEX_POINT('',#3355);
#897=VERTEX_POINT('',#3359);
#898=VERTEX_POINT('',#3363);
#899=VERTEX_POINT('',#3367);
#900=VERTEX_POINT('',#3371);
#901=VERTEX_POINT('',#3375);
#902=VERTEX_POINT('',#3381);
#903=VERTEX_POINT('',#3383);
#904=VERTEX_POINT('',#3385);
#905=VERTEX_POINT('',#3389);
#906=VERTEX_POINT('',#3397);
#907=VERTEX_POINT('',#3399);
#908=VERTEX_POINT('',#3403);
#909=VERTEX_POINT('',#3405);
#910=VERTEX_POINT('',#3409);
#911=VERTEX_POINT('',#3413);
#912=VERTEX_POINT('',#3417);
#913=VERTEX_POINT('',#3421);
#914=VERTEX_POINT('',#3429);
#915=VERTEX_POINT('',#3431);
#916=VERTEX_POINT('',#3434);
#917=VERTEX_POINT('',#3436);
#918=VERTEX_POINT('',#3440);
#919=VERTEX_POINT('',#3442);
#920=VERTEX_POINT('',#3446);
#921=VERTEX_POINT('',#3448);
#922=EDGE_CURVE('',#748,#749,#296,.T.);
#923=EDGE_CURVE('',#750,#748,#297,.T.);
#924=EDGE_CURVE('',#751,#750,#298,.T.);
#925=EDGE_CURVE('',#749,#751,#299,.T.);
#926=EDGE_CURVE('',#752,#749,#300,.T.);
#927=EDGE_CURVE('',#753,#752,#301,.T.);
#928=EDGE_CURVE('',#754,#753,#302,.T.);
#929=EDGE_CURVE('',#754,#755,#303,.T.);
#930=EDGE_CURVE('',#756,#755,#304,.T.);
#931=EDGE_CURVE('',#756,#757,#305,.T.);
#932=EDGE_CURVE('',#748,#757,#306,.T.);
#933=EDGE_CURVE('',#758,#750,#307,.T.);
#934=EDGE_CURVE('',#759,#758,#308,.T.);
#935=EDGE_CURVE('',#760,#759,#309,.T.);
#936=EDGE_CURVE('',#761,#760,#310,.T.);
#937=EDGE_CURVE('',#762,#761,#311,.T.);
#938=EDGE_CURVE('',#763,#762,#312,.T.);
#939=EDGE_CURVE('',#751,#763,#313,.T.);
#940=EDGE_CURVE('',#759,#756,#314,.T.);
#941=EDGE_CURVE('',#757,#758,#315,.T.);
#942=EDGE_CURVE('',#761,#764,#316,.T.);
#943=EDGE_CURVE('',#764,#765,#317,.T.);
#944=EDGE_CURVE('',#766,#765,#318,.T.);
#945=EDGE_CURVE('',#767,#766,#319,.T.);
#946=EDGE_CURVE('',#768,#767,#320,.T.);
#947=EDGE_CURVE('',#769,#768,#321,.T.);
#948=EDGE_CURVE('',#770,#769,#322,.T.);
#949=EDGE_CURVE('',#771,#770,#323,.T.);
#950=EDGE_CURVE('',#771,#762,#324,.T.);
#951=EDGE_CURVE('',#753,#772,#325,.T.);
#952=EDGE_CURVE('',#773,#772,#326,.T.);
#953=EDGE_CURVE('',#774,#773,#327,.T.);
#954=EDGE_CURVE('',#775,#774,#328,.T.);
#955=EDGE_CURVE('',#776,#775,#329,.T.);
#956=EDGE_CURVE('',#777,#776,#330,.T.);
#957=EDGE_CURVE('',#778,#777,#331,.T.);
#958=EDGE_CURVE('',#778,#779,#332,.T.);
#959=EDGE_CURVE('',#779,#754,#333,.T.);
#960=EDGE_CURVE('',#763,#780,#334,.T.);
#961=EDGE_CURVE('',#781,#780,#335,.T.);
#962=EDGE_CURVE('',#782,#781,#104,.T.);
#963=EDGE_CURVE('',#783,#782,#336,.T.);
#964=EDGE_CURVE('',#784,#783,#105,.T.);
#965=EDGE_CURVE('',#785,#784,#337,.T.);
#966=EDGE_CURVE('',#785,#752,#338,.T.);
#967=EDGE_CURVE('',#771,#762,#339,.T.);
#968=EDGE_CURVE('',#771,#786,#340,.T.);
#969=EDGE_CURVE('',#780,#786,#341,.T.);
#970=EDGE_CURVE('',#787,#788,#342,.T.);
#971=EDGE_CURVE('',#786,#788,#343,.T.);
#972=EDGE_CURVE('',#762,#753,#344,.T.);
#973=EDGE_CURVE('',#753,#772,#345,.T.);
#974=EDGE_CURVE('',#789,#772,#346,.T.);
#975=EDGE_CURVE('',#787,#789,#347,.T.);
#976=EDGE_CURVE('',#755,#760,#348,.T.);
#977=EDGE_CURVE('',#790,#791,#349,.T.);
#978=EDGE_CURVE('',#791,#792,#350,.T.);
#979=EDGE_CURVE('',#792,#793,#351,.T.);
#980=EDGE_CURVE('',#790,#793,#352,.T.);
#981=EDGE_CURVE('',#794,#795,#353,.T.);
#982=EDGE_CURVE('',#795,#796,#354,.T.);
#983=EDGE_CURVE('',#797,#796,#355,.T.);
#984=EDGE_CURVE('',#794,#797,#356,.T.);
#985=EDGE_CURVE('',#794,#793,#357,.T.);
#986=EDGE_CURVE('',#798,#796,#358,.T.);
#987=EDGE_CURVE('',#798,#799,#359,.T.);
#988=EDGE_CURVE('',#791,#799,#360,.T.);
#989=EDGE_CURVE('',#800,#801,#361,.T.);
#990=EDGE_CURVE('',#802,#800,#362,.T.);
#991=EDGE_CURVE('',#802,#803,#363,.T.);
#992=EDGE_CURVE('',#801,#803,#364,.T.);
#993=EDGE_CURVE('',#803,#804,#365,.T.);
#994=EDGE_CURVE('',#805,#804,#366,.T.);
#995=EDGE_CURVE('',#801,#805,#367,.T.);
#996=EDGE_CURVE('',#806,#807,#368,.T.);
#997=EDGE_CURVE('',#806,#808,#369,.T.);
#998=EDGE_CURVE('',#809,#808,#370,.T.);
#999=EDGE_CURVE('',#807,#809,#371,.T.);
#1000=EDGE_CURVE('',#808,#810,#372,.T.);
#1001=EDGE_CURVE('',#811,#810,#373,.T.);
#1002=EDGE_CURVE('',#811,#809,#374,.T.);
#1003=EDGE_CURVE('',#810,#812,#375,.T.);
#1004=EDGE_CURVE('',#813,#812,#376,.T.);
#1005=EDGE_CURVE('',#811,#813,#377,.T.);
#1006=EDGE_CURVE('',#807,#814,#378,.T.);
#1007=EDGE_CURVE('',#815,#813,#379,.T.);
#1008=EDGE_CURVE('',#814,#815,#380,.T.);
#1009=EDGE_CURVE('',#814,#816,#381,.T.);
#1010=EDGE_CURVE('',#817,#815,#382,.T.);
#1011=EDGE_CURVE('',#816,#817,#383,.T.);
#1012=EDGE_CURVE('',#816,#806,#384,.T.);
#1013=EDGE_CURVE('',#812,#817,#385,.T.);
#1014=EDGE_CURVE('',#818,#819,#73,.T.);
#1015=EDGE_CURVE('',#819,#820,#74,.T.);
#1016=EDGE_CURVE('',#820,#821,#75,.T.);
#1017=EDGE_CURVE('',#822,#821,#76,.F.);
#1018=EDGE_CURVE('',#823,#822,#59,.T.);
#1019=EDGE_CURVE('',#823,#818,#60,.T.);
#1020=EDGE_CURVE('',#824,#825,#77,.T.);
#1021=EDGE_CURVE('',#825,#818,#78,.T.);
#1022=EDGE_CURVE('',#823,#826,#386,.T.);
#1023=EDGE_CURVE('',#826,#824,#79,.T.);
#1024=EDGE_CURVE('',#819,#827,#61,.T.);
#1025=EDGE_CURVE('',#820,#827,#387,.T.);
#1026=EDGE_CURVE('',#828,#829,#80,.F.);
#1027=EDGE_CURVE('',#828,#830,#62,.T.);
#1028=EDGE_CURVE('',#831,#830,#63,.T.);
#1029=EDGE_CURVE('',#831,#832,#81,.T.);
#1030=EDGE_CURVE('',#833,#832,#82,.F.);
#1031=EDGE_CURVE('',#833,#829,#83,.T.);
#1032=EDGE_CURVE('',#834,#835,#84,.T.);
#1033=EDGE_CURVE('',#836,#835,#85,.F.);
#1034=EDGE_CURVE('',#836,#830,#388,.T.);
#1035=EDGE_CURVE('',#834,#828,#86,.F.);
#1036=EDGE_CURVE('',#837,#833,#389,.T.);
#1037=EDGE_CURVE('',#837,#829,#64,.T.);
#1038=EDGE_CURVE('',#824,#838,#390,.T.);
#1039=EDGE_CURVE('',#839,#838,#65,.T.);
#1040=EDGE_CURVE('',#839,#835,#391,.T.);
#1041=EDGE_CURVE('',#834,#825,#66,.T.);
#1042=EDGE_CURVE('',#840,#841,#67,.T.);
#1043=EDGE_CURVE('',#841,#842,#87,.T.);
#1044=EDGE_CURVE('',#842,#843,#68,.T.);
#1045=EDGE_CURVE('',#840,#843,#88,.T.);
#1046=EDGE_CURVE('',#844,#845,#89,.T.);
#1047=EDGE_CURVE('',#842,#845,#90,.T.);
#1048=EDGE_CURVE('',#841,#840,#91,.T.);
#1049=EDGE_CURVE('',#844,#843,#92,.T.);
#1050=EDGE_CURVE('',#846,#845,#392,.T.);
#1051=EDGE_CURVE('',#847,#846,#69,.T.);
#1052=EDGE_CURVE('',#844,#847,#393,.T.);
#1053=EDGE_CURVE('',#848,#849,#93,.T.);
#1054=EDGE_CURVE('',#848,#850,#70,.T.);
#1055=EDGE_CURVE('',#850,#851,#94,.F.);
#1056=EDGE_CURVE('',#851,#847,#95,.F.);
#1057=EDGE_CURVE('',#849,#846,#96,.T.);
#1058=EDGE_CURVE('',#832,#781,#394,.T.);
#1059=EDGE_CURVE('',#830,#782,#395,.T.);
#1060=EDGE_CURVE('',#838,#839,#396,.T.);
#1061=EDGE_CURVE('',#783,#823,#397,.T.);
#1062=EDGE_CURVE('',#821,#784,#398,.F.);
#1063=EDGE_CURVE('',#827,#852,#97,.T.);
#1064=EDGE_CURVE('',#852,#848,#399,.T.);
#1065=EDGE_CURVE('',#849,#853,#400,.T.);
#1066=EDGE_CURVE('',#853,#854,#401,.T.);
#1067=EDGE_CURVE('',#854,#855,#402,.T.);
#1068=EDGE_CURVE('',#855,#856,#403,.T.);
#1069=EDGE_CURVE('',#856,#857,#404,.T.);
#1070=EDGE_CURVE('',#857,#858,#405,.T.);
#1071=EDGE_CURVE('',#858,#859,#406,.T.);
#1072=EDGE_CURVE('',#859,#860,#407,.T.);
#1073=EDGE_CURVE('',#860,#861,#408,.T.);
#1074=EDGE_CURVE('',#861,#862,#409,.T.);
#1075=EDGE_CURVE('',#862,#863,#410,.T.);
#1076=EDGE_CURVE('',#863,#864,#411,.T.);
#1077=EDGE_CURVE('',#864,#865,#412,.T.);
#1078=EDGE_CURVE('',#865,#866,#413,.T.);
#1079=EDGE_CURVE('',#866,#787,#414,.T.);
#1080=EDGE_CURVE('',#789,#785,#415,.T.);
#1081=EDGE_CURVE('',#827,#837,#71,.T.);
#1082=EDGE_CURVE('',#837,#867,#98,.F.);
#1083=EDGE_CURVE('',#867,#852,#72,.T.);
#1084=EDGE_CURVE('',#850,#867,#416,.T.);
#1085=EDGE_CURVE('',#868,#851,#417,.T.);
#1086=EDGE_CURVE('',#868,#869,#418,.T.);
#1087=EDGE_CURVE('',#869,#870,#419,.T.);
#1088=EDGE_CURVE('',#870,#871,#420,.T.);
#1089=EDGE_CURVE('',#871,#872,#421,.T.);
#1090=EDGE_CURVE('',#872,#853,#422,.T.);
#1091=EDGE_CURVE('',#873,#874,#423,.T.);
#1092=EDGE_CURVE('',#875,#873,#424,.T.);
#1093=EDGE_CURVE('',#876,#875,#425,.T.);
#1094=EDGE_CURVE('',#877,#876,#426,.T.);
#1095=EDGE_CURVE('',#872,#877,#427,.T.);
#1096=EDGE_CURVE('',#878,#871,#428,.T.);
#1097=EDGE_CURVE('',#879,#878,#429,.T.);
#1098=EDGE_CURVE('',#880,#879,#430,.T.);
#1099=EDGE_CURVE('',#881,#880,#431,.T.);
#1100=EDGE_CURVE('',#882,#881,#432,.T.);
#1101=EDGE_CURVE('',#874,#882,#433,.T.);
#1102=EDGE_CURVE('',#877,#854,#434,.T.);
#1103=EDGE_CURVE('',#876,#855,#435,.T.);
#1104=EDGE_CURVE('',#875,#856,#436,.T.);
#1105=EDGE_CURVE('',#873,#857,#437,.T.);
#1106=EDGE_CURVE('',#874,#858,#438,.T.);
#1107=EDGE_CURVE('',#871,#864,#439,.T.);
#1108=EDGE_CURVE('',#878,#863,#440,.T.);
#1109=EDGE_CURVE('',#879,#862,#441,.T.);
#1110=EDGE_CURVE('',#880,#861,#442,.T.);
#1111=EDGE_CURVE('',#881,#860,#443,.T.);
#1112=EDGE_CURVE('',#882,#859,#444,.T.);
#1113=EDGE_CURVE('',#883,#884,#445,.T.);
#1114=EDGE_CURVE('',#870,#883,#446,.T.);
#1115=EDGE_CURVE('',#885,#869,#447,.T.);
#1116=EDGE_CURVE('',#886,#885,#448,.T.);
#1117=EDGE_CURVE('',#887,#886,#449,.T.);
#1118=EDGE_CURVE('',#888,#887,#450,.T.);
#1119=EDGE_CURVE('',#889,#888,#451,.T.);
#1120=EDGE_CURVE('',#890,#889,#452,.T.);
#1121=EDGE_CURVE('',#891,#890,#453,.T.);
#1122=EDGE_CURVE('',#884,#891,#454,.T.);
#1123=EDGE_CURVE('',#883,#892,#455,.T.);
#1124=EDGE_CURVE('',#893,#892,#456,.T.);
#1125=EDGE_CURVE('',#893,#870,#457,.T.);
#1126=EDGE_CURVE('',#884,#894,#458,.T.);
#1127=EDGE_CURVE('',#892,#894,#459,.T.);
#1128=EDGE_CURVE('',#891,#895,#460,.T.);
#1129=EDGE_CURVE('',#894,#895,#461,.T.);
#1130=EDGE_CURVE('',#890,#896,#462,.T.);
#1131=EDGE_CURVE('',#895,#896,#463,.T.);
#1132=EDGE_CURVE('',#889,#897,#464,.T.);
#1133=EDGE_CURVE('',#896,#897,#465,.T.);
#1134=EDGE_CURVE('',#888,#898,#466,.T.);
#1135=EDGE_CURVE('',#897,#898,#467,.T.);
#1136=EDGE_CURVE('',#887,#899,#468,.T.);
#1137=EDGE_CURVE('',#898,#899,#469,.T.);
#1138=EDGE_CURVE('',#886,#900,#470,.T.);
#1139=EDGE_CURVE('',#899,#900,#471,.T.);
#1140=EDGE_CURVE('',#901,#885,#472,.T.);
#1141=EDGE_CURVE('',#900,#901,#473,.T.);
#1142=EDGE_CURVE('',#901,#868,#474,.T.);
#1143=EDGE_CURVE('',#902,#893,#475,.T.);
#1144=EDGE_CURVE('',#903,#902,#476,.T.);
#1145=EDGE_CURVE('',#904,#903,#477,.T.);
#1146=EDGE_CURVE('',#865,#904,#478,.T.);
#1147=EDGE_CURVE('',#905,#902,#479,.T.);
#1148=EDGE_CURVE('',#866,#905,#480,.T.);
#1149=EDGE_CURVE('',#788,#905,#481,.T.);
#1150=EDGE_CURVE('',#906,#778,#482,.T.);
#1151=EDGE_CURVE('',#907,#906,#483,.T.);
#1152=EDGE_CURVE('',#779,#907,#484,.T.);
#1153=EDGE_CURVE('',#765,#908,#485,.T.);
#1154=EDGE_CURVE('',#909,#764,#486,.T.);
#1155=EDGE_CURVE('',#908,#909,#487,.T.);
#1156=EDGE_CURVE('',#910,#777,#488,.T.);
#1157=EDGE_CURVE('',#910,#906,#489,.T.);
#1158=EDGE_CURVE('',#908,#911,#490,.T.);
#1159=EDGE_CURVE('',#766,#911,#491,.T.);
#1160=EDGE_CURVE('',#912,#910,#492,.T.);
#1161=EDGE_CURVE('',#907,#912,#493,.T.);
#1162=EDGE_CURVE('',#913,#909,#494,.T.);
#1163=EDGE_CURVE('',#911,#913,#495,.T.);
#1164=EDGE_CURVE('',#912,#776,#496,.T.);
#1165=EDGE_CURVE('',#767,#913,#497,.T.);
#1166=EDGE_CURVE('',#914,#792,#498,.T.);
#1167=EDGE_CURVE('',#914,#915,#499,.T.);
#1168=EDGE_CURVE('',#768,#915,#500,.T.);
#1169=EDGE_CURVE('',#916,#775,#501,.T.);
#1170=EDGE_CURVE('',#916,#917,#502,.T.);
#1171=EDGE_CURVE('',#917,#795,#503,.T.);
#1172=EDGE_CURVE('',#918,#914,#504,.T.);
#1173=EDGE_CURVE('',#918,#919,#505,.T.);
#1174=EDGE_CURVE('',#915,#919,#506,.T.);
#1175=EDGE_CURVE('',#920,#773,#507,.T.);
#1176=EDGE_CURVE('',#921,#920,#508,.T.);
#1177=EDGE_CURVE('',#774,#921,#509,.T.);
#1178=EDGE_CURVE('',#921,#916,#510,.T.);
#1179=EDGE_CURVE('',#770,#918,#511,.T.);
#1180=EDGE_CURVE('',#919,#769,#512,.T.);
#1181=EDGE_CURVE('',#917,#920,#513,.T.);
#1182=EDGE_CURVE('',#920,#798,#514,.T.);
#1183=EDGE_CURVE('',#920,#918,#515,.T.);
#1184=EDGE_CURVE('',#799,#918,#516,.T.);
#1185=EDGE_CURVE('',#772,#904,#517,.T.);
#1186=EDGE_CURVE('',#904,#920,#518,.T.);
#1187=EDGE_CURVE('',#903,#771,#519,.T.);
#1188=EDGE_CURVE('',#904,#903,#520,.T.);
#1189=EDGE_CURVE('',#918,#903,#521,.T.);
#1190=ORIENTED_EDGE('',*,*,#922,.F.);
#1191=ORIENTED_EDGE('',*,*,#923,.F.);
#1192=ORIENTED_EDGE('',*,*,#924,.F.);
#1193=ORIENTED_EDGE('',*,*,#925,.F.);
#1194=ORIENTED_EDGE('',*,*,#926,.F.);
#1195=ORIENTED_EDGE('',*,*,#927,.F.);
#1196=ORIENTED_EDGE('',*,*,#928,.F.);
#1197=ORIENTED_EDGE('',*,*,#929,.T.);
#1198=ORIENTED_EDGE('',*,*,#930,.F.);
#1199=ORIENTED_EDGE('',*,*,#931,.T.);
#1200=ORIENTED_EDGE('',*,*,#932,.F.);
#1201=ORIENTED_EDGE('',*,*,#922,.T.);
#1202=ORIENTED_EDGE('',*,*,#924,.T.);
#1203=ORIENTED_EDGE('',*,*,#933,.F.);
#1204=ORIENTED_EDGE('',*,*,#934,.F.);
#1205=ORIENTED_EDGE('',*,*,#935,.F.);
#1206=ORIENTED_EDGE('',*,*,#936,.F.);
#1207=ORIENTED_EDGE('',*,*,#937,.F.);
#1208=ORIENTED_EDGE('',*,*,#938,.F.);
#1209=ORIENTED_EDGE('',*,*,#939,.F.);
#1210=ORIENTED_EDGE('',*,*,#940,.F.);
#1211=ORIENTED_EDGE('',*,*,#934,.T.);
#1212=ORIENTED_EDGE('',*,*,#941,.F.);
#1213=ORIENTED_EDGE('',*,*,#931,.F.);
#1214=ORIENTED_EDGE('',*,*,#923,.T.);
#1215=ORIENTED_EDGE('',*,*,#932,.T.);
#1216=ORIENTED_EDGE('',*,*,#941,.T.);
#1217=ORIENTED_EDGE('',*,*,#933,.T.);
#1218=ORIENTED_EDGE('',*,*,#937,.T.);
#1219=ORIENTED_EDGE('',*,*,#942,.T.);
#1220=ORIENTED_EDGE('',*,*,#943,.T.);
#1221=ORIENTED_EDGE('',*,*,#944,.F.);
#1222=ORIENTED_EDGE('',*,*,#945,.F.);
#1223=ORIENTED_EDGE('',*,*,#946,.F.);
#1224=ORIENTED_EDGE('',*,*,#947,.F.);
#1225=ORIENTED_EDGE('',*,*,#948,.F.);
#1226=ORIENTED_EDGE('',*,*,#949,.F.);
#1227=ORIENTED_EDGE('',*,*,#950,.T.);
#1228=ORIENTED_EDGE('',*,*,#928,.T.);
#1229=ORIENTED_EDGE('',*,*,#951,.T.);
#1230=ORIENTED_EDGE('',*,*,#952,.F.);
#1231=ORIENTED_EDGE('',*,*,#953,.F.);
#1232=ORIENTED_EDGE('',*,*,#954,.F.);
#1233=ORIENTED_EDGE('',*,*,#955,.F.);
#1234=ORIENTED_EDGE('',*,*,#956,.F.);
#1235=ORIENTED_EDGE('',*,*,#957,.F.);
#1236=ORIENTED_EDGE('',*,*,#958,.T.);
#1237=ORIENTED_EDGE('',*,*,#959,.T.);
#1238=ORIENTED_EDGE('',*,*,#926,.T.);
#1239=ORIENTED_EDGE('',*,*,#925,.T.);
#1240=ORIENTED_EDGE('',*,*,#939,.T.);
#1241=ORIENTED_EDGE('',*,*,#960,.T.);
#1242=ORIENTED_EDGE('',*,*,#961,.F.);
#1243=ORIENTED_EDGE('',*,*,#962,.F.);
#1244=ORIENTED_EDGE('',*,*,#963,.F.);
#1245=ORIENTED_EDGE('',*,*,#964,.F.);
#1246=ORIENTED_EDGE('',*,*,#965,.F.);
#1247=ORIENTED_EDGE('',*,*,#966,.T.);
#1248=ORIENTED_EDGE('',*,*,#938,.T.);
#1249=ORIENTED_EDGE('',*,*,#967,.F.);
#1250=ORIENTED_EDGE('',*,*,#968,.T.);
#1251=ORIENTED_EDGE('',*,*,#969,.F.);
#1252=ORIENTED_EDGE('',*,*,#960,.F.);
#1253=ORIENTED_EDGE('',*,*,#970,.T.);
#1254=ORIENTED_EDGE('',*,*,#971,.F.);
#1255=ORIENTED_EDGE('',*,*,#968,.F.);
#1256=ORIENTED_EDGE('',*,*,#967,.T.);
#1257=ORIENTED_EDGE('',*,*,#972,.T.);
#1258=ORIENTED_EDGE('',*,*,#973,.T.);
#1259=ORIENTED_EDGE('',*,*,#974,.F.);
#1260=ORIENTED_EDGE('',*,*,#975,.F.);
#1261=ORIENTED_EDGE('',*,*,#930,.T.);
#1262=ORIENTED_EDGE('',*,*,#976,.T.);
#1263=ORIENTED_EDGE('',*,*,#935,.T.);
#1264=ORIENTED_EDGE('',*,*,#940,.T.);
#1265=ORIENTED_EDGE('',*,*,#977,.T.);
#1266=ORIENTED_EDGE('',*,*,#978,.T.);
#1267=ORIENTED_EDGE('',*,*,#979,.T.);
#1268=ORIENTED_EDGE('',*,*,#980,.F.);
#1269=ORIENTED_EDGE('',*,*,#981,.T.);
#1270=ORIENTED_EDGE('',*,*,#982,.T.);
#1271=ORIENTED_EDGE('',*,*,#983,.F.);
#1272=ORIENTED_EDGE('',*,*,#984,.F.);
#1273=ORIENTED_EDGE('',*,*,#977,.F.);
#1274=ORIENTED_EDGE('',*,*,#980,.T.);
#1275=ORIENTED_EDGE('',*,*,#985,.F.);
#1276=ORIENTED_EDGE('',*,*,#984,.T.);
#1277=ORIENTED_EDGE('',*,*,#983,.T.);
#1278=ORIENTED_EDGE('',*,*,#986,.F.);
#1279=ORIENTED_EDGE('',*,*,#987,.T.);
#1280=ORIENTED_EDGE('',*,*,#988,.F.);
#1281=ORIENTED_EDGE('',*,*,#989,.F.);
#1282=ORIENTED_EDGE('',*,*,#990,.F.);
#1283=ORIENTED_EDGE('',*,*,#991,.T.);
#1284=ORIENTED_EDGE('',*,*,#992,.F.);
#1285=ORIENTED_EDGE('',*,*,#992,.T.);
#1286=ORIENTED_EDGE('',*,*,#993,.T.);
#1287=ORIENTED_EDGE('',*,*,#994,.F.);
#1288=ORIENTED_EDGE('',*,*,#995,.F.);
#1289=ORIENTED_EDGE('',*,*,#996,.F.);
#1290=ORIENTED_EDGE('',*,*,#997,.T.);
#1291=ORIENTED_EDGE('',*,*,#998,.F.);
#1292=ORIENTED_EDGE('',*,*,#999,.F.);
#1293=ORIENTED_EDGE('',*,*,#1000,.T.);
#1294=ORIENTED_EDGE('',*,*,#1001,.F.);
#1295=ORIENTED_EDGE('',*,*,#1002,.T.);
#1296=ORIENTED_EDGE('',*,*,#998,.T.);
#1297=ORIENTED_EDGE('',*,*,#1001,.T.);
#1298=ORIENTED_EDGE('',*,*,#1003,.T.);
#1299=ORIENTED_EDGE('',*,*,#1004,.F.);
#1300=ORIENTED_EDGE('',*,*,#1005,.F.);
#1301=ORIENTED_EDGE('',*,*,#1006,.F.);
#1302=ORIENTED_EDGE('',*,*,#999,.T.);
#1303=ORIENTED_EDGE('',*,*,#1002,.F.);
#1304=ORIENTED_EDGE('',*,*,#1005,.T.);
#1305=ORIENTED_EDGE('',*,*,#1007,.F.);
#1306=ORIENTED_EDGE('',*,*,#1008,.F.);
#1307=ORIENTED_EDGE('',*,*,#1009,.F.);
#1308=ORIENTED_EDGE('',*,*,#1008,.T.);
#1309=ORIENTED_EDGE('',*,*,#1010,.F.);
#1310=ORIENTED_EDGE('',*,*,#1011,.F.);
#1311=ORIENTED_EDGE('',*,*,#1012,.F.);
#1312=ORIENTED_EDGE('',*,*,#1011,.T.);
#1313=ORIENTED_EDGE('',*,*,#1013,.F.);
#1314=ORIENTED_EDGE('',*,*,#1003,.F.);
#1315=ORIENTED_EDGE('',*,*,#1000,.F.);
#1316=ORIENTED_EDGE('',*,*,#997,.F.);
#1317=ORIENTED_EDGE('',*,*,#1004,.T.);
#1318=ORIENTED_EDGE('',*,*,#1013,.T.);
#1319=ORIENTED_EDGE('',*,*,#1010,.T.);
#1320=ORIENTED_EDGE('',*,*,#1007,.T.);
#1321=ORIENTED_EDGE('',*,*,#1014,.T.);
#1322=ORIENTED_EDGE('',*,*,#1015,.T.);
#1323=ORIENTED_EDGE('',*,*,#1016,.T.);
#1324=ORIENTED_EDGE('',*,*,#1017,.F.);
#1325=ORIENTED_EDGE('',*,*,#1018,.F.);
#1326=ORIENTED_EDGE('',*,*,#1019,.T.);
#1327=ORIENTED_EDGE('',*,*,#1020,.T.);
#1328=ORIENTED_EDGE('',*,*,#1021,.T.);
#1329=ORIENTED_EDGE('',*,*,#1019,.F.);
#1330=ORIENTED_EDGE('',*,*,#1022,.T.);
#1331=ORIENTED_EDGE('',*,*,#1023,.T.);
#1332=ORIENTED_EDGE('',*,*,#1015,.F.);
#1333=ORIENTED_EDGE('',*,*,#1024,.T.);
#1334=ORIENTED_EDGE('',*,*,#1025,.F.);
#1335=ORIENTED_EDGE('',*,*,#1026,.F.);
#1336=ORIENTED_EDGE('',*,*,#1027,.T.);
#1337=ORIENTED_EDGE('',*,*,#1028,.F.);
#1338=ORIENTED_EDGE('',*,*,#1029,.T.);
#1339=ORIENTED_EDGE('',*,*,#1030,.F.);
#1340=ORIENTED_EDGE('',*,*,#1031,.T.);
#1341=ORIENTED_EDGE('',*,*,#1032,.T.);
#1342=ORIENTED_EDGE('',*,*,#1033,.F.);
#1343=ORIENTED_EDGE('',*,*,#1034,.T.);
#1344=ORIENTED_EDGE('',*,*,#1027,.F.);
#1345=ORIENTED_EDGE('',*,*,#1035,.F.);
#1346=ORIENTED_EDGE('',*,*,#1031,.F.);
#1347=ORIENTED_EDGE('',*,*,#1036,.F.);
#1348=ORIENTED_EDGE('',*,*,#1037,.T.);
#1349=ORIENTED_EDGE('',*,*,#1038,.T.);
#1350=ORIENTED_EDGE('',*,*,#1039,.F.);
#1351=ORIENTED_EDGE('',*,*,#1040,.T.);
#1352=ORIENTED_EDGE('',*,*,#1032,.F.);
#1353=ORIENTED_EDGE('',*,*,#1041,.T.);
#1354=ORIENTED_EDGE('',*,*,#1020,.F.);
#1355=ORIENTED_EDGE('',*,*,#1042,.T.);
#1356=ORIENTED_EDGE('',*,*,#1043,.T.);
#1357=ORIENTED_EDGE('',*,*,#1044,.T.);
#1358=ORIENTED_EDGE('',*,*,#1045,.F.);
#1359=ORIENTED_EDGE('',*,*,#1046,.T.);
#1360=ORIENTED_EDGE('',*,*,#1047,.F.);
#1361=ORIENTED_EDGE('',*,*,#1043,.F.);
#1362=ORIENTED_EDGE('',*,*,#1048,.T.);
#1363=ORIENTED_EDGE('',*,*,#1045,.T.);
#1364=ORIENTED_EDGE('',*,*,#1049,.F.);
#1365=ORIENTED_EDGE('',*,*,#1049,.T.);
#1366=ORIENTED_EDGE('',*,*,#1044,.F.);
#1367=ORIENTED_EDGE('',*,*,#1047,.T.);
#1368=ORIENTED_EDGE('',*,*,#1050,.F.);
#1369=ORIENTED_EDGE('',*,*,#1051,.F.);
#1370=ORIENTED_EDGE('',*,*,#1052,.F.);
#1371=ORIENTED_EDGE('',*,*,#1042,.F.);
#1372=ORIENTED_EDGE('',*,*,#1048,.F.);
#1373=ORIENTED_EDGE('',*,*,#1053,.F.);
#1374=ORIENTED_EDGE('',*,*,#1054,.T.);
#1375=ORIENTED_EDGE('',*,*,#1055,.T.);
#1376=ORIENTED_EDGE('',*,*,#1056,.T.);
#1377=ORIENTED_EDGE('',*,*,#1051,.T.);
#1378=ORIENTED_EDGE('',*,*,#1057,.F.);
#1379=ORIENTED_EDGE('',*,*,#962,.T.);
#1380=ORIENTED_EDGE('',*,*,#1058,.F.);
#1381=ORIENTED_EDGE('',*,*,#1029,.F.);
#1382=ORIENTED_EDGE('',*,*,#1028,.T.);
#1383=ORIENTED_EDGE('',*,*,#1059,.T.);
#1384=ORIENTED_EDGE('',*,*,#1059,.F.);
#1385=ORIENTED_EDGE('',*,*,#1034,.F.);
#1386=ORIENTED_EDGE('',*,*,#1033,.T.);
#1387=ORIENTED_EDGE('',*,*,#1040,.F.);
#1388=ORIENTED_EDGE('',*,*,#1060,.F.);
#1389=ORIENTED_EDGE('',*,*,#1038,.F.);
#1390=ORIENTED_EDGE('',*,*,#1023,.F.);
#1391=ORIENTED_EDGE('',*,*,#1022,.F.);
#1392=ORIENTED_EDGE('',*,*,#1061,.F.);
#1393=ORIENTED_EDGE('',*,*,#963,.T.);
#1394=ORIENTED_EDGE('',*,*,#1018,.T.);
#1395=ORIENTED_EDGE('',*,*,#1017,.T.);
#1396=ORIENTED_EDGE('',*,*,#1062,.T.);
#1397=ORIENTED_EDGE('',*,*,#964,.T.);
#1398=ORIENTED_EDGE('',*,*,#1061,.T.);
#1399=ORIENTED_EDGE('',*,*,#1062,.F.);
#1400=ORIENTED_EDGE('',*,*,#1016,.F.);
#1401=ORIENTED_EDGE('',*,*,#1025,.T.);
#1402=ORIENTED_EDGE('',*,*,#1063,.T.);
#1403=ORIENTED_EDGE('',*,*,#1064,.T.);
#1404=ORIENTED_EDGE('',*,*,#1053,.T.);
#1405=ORIENTED_EDGE('',*,*,#1065,.T.);
#1406=ORIENTED_EDGE('',*,*,#1066,.T.);
#1407=ORIENTED_EDGE('',*,*,#1067,.T.);
#1408=ORIENTED_EDGE('',*,*,#1068,.T.);
#1409=ORIENTED_EDGE('',*,*,#1069,.T.);
#1410=ORIENTED_EDGE('',*,*,#1070,.T.);
#1411=ORIENTED_EDGE('',*,*,#1071,.T.);
#1412=ORIENTED_EDGE('',*,*,#1072,.T.);
#1413=ORIENTED_EDGE('',*,*,#1073,.T.);
#1414=ORIENTED_EDGE('',*,*,#1074,.T.);
#1415=ORIENTED_EDGE('',*,*,#1075,.T.);
#1416=ORIENTED_EDGE('',*,*,#1076,.T.);
#1417=ORIENTED_EDGE('',*,*,#1077,.T.);
#1418=ORIENTED_EDGE('',*,*,#1078,.T.);
#1419=ORIENTED_EDGE('',*,*,#1079,.T.);
#1420=ORIENTED_EDGE('',*,*,#975,.T.);
#1421=ORIENTED_EDGE('',*,*,#1080,.T.);
#1422=ORIENTED_EDGE('',*,*,#965,.T.);
#1423=ORIENTED_EDGE('',*,*,#1063,.F.);
#1424=ORIENTED_EDGE('',*,*,#1081,.T.);
#1425=ORIENTED_EDGE('',*,*,#1082,.T.);
#1426=ORIENTED_EDGE('',*,*,#1083,.T.);
#1427=ORIENTED_EDGE('',*,*,#1083,.F.);
#1428=ORIENTED_EDGE('',*,*,#1084,.F.);
#1429=ORIENTED_EDGE('',*,*,#1054,.F.);
#1430=ORIENTED_EDGE('',*,*,#1064,.F.);
#1431=ORIENTED_EDGE('',*,*,#1060,.T.);
#1432=ORIENTED_EDGE('',*,*,#1039,.T.);
#1433=ORIENTED_EDGE('',*,*,#1081,.F.);
#1434=ORIENTED_EDGE('',*,*,#1024,.F.);
#1435=ORIENTED_EDGE('',*,*,#1014,.F.);
#1436=ORIENTED_EDGE('',*,*,#1021,.F.);
#1437=ORIENTED_EDGE('',*,*,#1041,.F.);
#1438=ORIENTED_EDGE('',*,*,#1035,.T.);
#1439=ORIENTED_EDGE('',*,*,#1026,.T.);
#1440=ORIENTED_EDGE('',*,*,#1037,.F.);
#1441=ORIENTED_EDGE('',*,*,#1046,.F.);
#1442=ORIENTED_EDGE('',*,*,#1052,.T.);
#1443=ORIENTED_EDGE('',*,*,#1056,.F.);
#1444=ORIENTED_EDGE('',*,*,#1085,.F.);
#1445=ORIENTED_EDGE('',*,*,#1086,.T.);
#1446=ORIENTED_EDGE('',*,*,#1087,.T.);
#1447=ORIENTED_EDGE('',*,*,#1088,.T.);
#1448=ORIENTED_EDGE('',*,*,#1089,.T.);
#1449=ORIENTED_EDGE('',*,*,#1090,.T.);
#1450=ORIENTED_EDGE('',*,*,#1065,.F.);
#1451=ORIENTED_EDGE('',*,*,#1057,.T.);
#1452=ORIENTED_EDGE('',*,*,#1050,.T.);
#1453=ORIENTED_EDGE('',*,*,#1091,.F.);
#1454=ORIENTED_EDGE('',*,*,#1092,.F.);
#1455=ORIENTED_EDGE('',*,*,#1093,.F.);
#1456=ORIENTED_EDGE('',*,*,#1094,.F.);
#1457=ORIENTED_EDGE('',*,*,#1095,.F.);
#1458=ORIENTED_EDGE('',*,*,#1089,.F.);
#1459=ORIENTED_EDGE('',*,*,#1096,.F.);
#1460=ORIENTED_EDGE('',*,*,#1097,.F.);
#1461=ORIENTED_EDGE('',*,*,#1098,.F.);
#1462=ORIENTED_EDGE('',*,*,#1099,.F.);
#1463=ORIENTED_EDGE('',*,*,#1100,.F.);
#1464=ORIENTED_EDGE('',*,*,#1101,.F.);
#1465=ORIENTED_EDGE('',*,*,#1095,.T.);
#1466=ORIENTED_EDGE('',*,*,#1102,.T.);
#1467=ORIENTED_EDGE('',*,*,#1066,.F.);
#1468=ORIENTED_EDGE('',*,*,#1090,.F.);
#1469=ORIENTED_EDGE('',*,*,#1094,.T.);
#1470=ORIENTED_EDGE('',*,*,#1103,.T.);
#1471=ORIENTED_EDGE('',*,*,#1067,.F.);
#1472=ORIENTED_EDGE('',*,*,#1102,.F.);
#1473=ORIENTED_EDGE('',*,*,#1093,.T.);
#1474=ORIENTED_EDGE('',*,*,#1104,.T.);
#1475=ORIENTED_EDGE('',*,*,#1068,.F.);
#1476=ORIENTED_EDGE('',*,*,#1103,.F.);
#1477=ORIENTED_EDGE('',*,*,#1092,.T.);
#1478=ORIENTED_EDGE('',*,*,#1105,.T.);
#1479=ORIENTED_EDGE('',*,*,#1069,.F.);
#1480=ORIENTED_EDGE('',*,*,#1104,.F.);
#1481=ORIENTED_EDGE('',*,*,#1091,.T.);
#1482=ORIENTED_EDGE('',*,*,#1106,.T.);
#1483=ORIENTED_EDGE('',*,*,#1070,.F.);
#1484=ORIENTED_EDGE('',*,*,#1105,.F.);
#1485=ORIENTED_EDGE('',*,*,#1096,.T.);
#1486=ORIENTED_EDGE('',*,*,#1107,.T.);
#1487=ORIENTED_EDGE('',*,*,#1076,.F.);
#1488=ORIENTED_EDGE('',*,*,#1108,.F.);
#1489=ORIENTED_EDGE('',*,*,#1097,.T.);
#1490=ORIENTED_EDGE('',*,*,#1108,.T.);
#1491=ORIENTED_EDGE('',*,*,#1075,.F.);
#1492=ORIENTED_EDGE('',*,*,#1109,.F.);
#1493=ORIENTED_EDGE('',*,*,#1098,.T.);
#1494=ORIENTED_EDGE('',*,*,#1109,.T.);
#1495=ORIENTED_EDGE('',*,*,#1074,.F.);
#1496=ORIENTED_EDGE('',*,*,#1110,.F.);
#1497=ORIENTED_EDGE('',*,*,#1099,.T.);
#1498=ORIENTED_EDGE('',*,*,#1110,.T.);
#1499=ORIENTED_EDGE('',*,*,#1073,.F.);
#1500=ORIENTED_EDGE('',*,*,#1111,.F.);
#1501=ORIENTED_EDGE('',*,*,#1100,.T.);
#1502=ORIENTED_EDGE('',*,*,#1111,.T.);
#1503=ORIENTED_EDGE('',*,*,#1072,.F.);
#1504=ORIENTED_EDGE('',*,*,#1112,.F.);
#1505=ORIENTED_EDGE('',*,*,#1101,.T.);
#1506=ORIENTED_EDGE('',*,*,#1112,.T.);
#1507=ORIENTED_EDGE('',*,*,#1071,.F.);
#1508=ORIENTED_EDGE('',*,*,#1106,.F.);
#1509=ORIENTED_EDGE('',*,*,#1113,.F.);
#1510=ORIENTED_EDGE('',*,*,#1114,.F.);
#1511=ORIENTED_EDGE('',*,*,#1087,.F.);
#1512=ORIENTED_EDGE('',*,*,#1115,.F.);
#1513=ORIENTED_EDGE('',*,*,#1116,.F.);
#1514=ORIENTED_EDGE('',*,*,#1117,.F.);
#1515=ORIENTED_EDGE('',*,*,#1118,.F.);
#1516=ORIENTED_EDGE('',*,*,#1119,.F.);
#1517=ORIENTED_EDGE('',*,*,#1120,.F.);
#1518=ORIENTED_EDGE('',*,*,#1121,.F.);
#1519=ORIENTED_EDGE('',*,*,#1122,.F.);
#1520=ORIENTED_EDGE('',*,*,#1114,.T.);
#1521=ORIENTED_EDGE('',*,*,#1123,.T.);
#1522=ORIENTED_EDGE('',*,*,#1124,.F.);
#1523=ORIENTED_EDGE('',*,*,#1125,.T.);
#1524=ORIENTED_EDGE('',*,*,#1113,.T.);
#1525=ORIENTED_EDGE('',*,*,#1126,.T.);
#1526=ORIENTED_EDGE('',*,*,#1127,.F.);
#1527=ORIENTED_EDGE('',*,*,#1123,.F.);
#1528=ORIENTED_EDGE('',*,*,#1122,.T.);
#1529=ORIENTED_EDGE('',*,*,#1128,.T.);
#1530=ORIENTED_EDGE('',*,*,#1129,.F.);
#1531=ORIENTED_EDGE('',*,*,#1126,.F.);
#1532=ORIENTED_EDGE('',*,*,#1121,.T.);
#1533=ORIENTED_EDGE('',*,*,#1130,.T.);
#1534=ORIENTED_EDGE('',*,*,#1131,.F.);
#1535=ORIENTED_EDGE('',*,*,#1128,.F.);
#1536=ORIENTED_EDGE('',*,*,#1120,.T.);
#1537=ORIENTED_EDGE('',*,*,#1132,.T.);
#1538=ORIENTED_EDGE('',*,*,#1133,.F.);
#1539=ORIENTED_EDGE('',*,*,#1130,.F.);
#1540=ORIENTED_EDGE('',*,*,#1119,.T.);
#1541=ORIENTED_EDGE('',*,*,#1134,.T.);
#1542=ORIENTED_EDGE('',*,*,#1135,.F.);
#1543=ORIENTED_EDGE('',*,*,#1132,.F.);
#1544=ORIENTED_EDGE('',*,*,#1118,.T.);
#1545=ORIENTED_EDGE('',*,*,#1136,.T.);
#1546=ORIENTED_EDGE('',*,*,#1137,.F.);
#1547=ORIENTED_EDGE('',*,*,#1134,.F.);
#1548=ORIENTED_EDGE('',*,*,#1117,.T.);
#1549=ORIENTED_EDGE('',*,*,#1138,.T.);
#1550=ORIENTED_EDGE('',*,*,#1139,.F.);
#1551=ORIENTED_EDGE('',*,*,#1136,.F.);
#1552=ORIENTED_EDGE('',*,*,#1116,.T.);
#1553=ORIENTED_EDGE('',*,*,#1140,.F.);
#1554=ORIENTED_EDGE('',*,*,#1141,.F.);
#1555=ORIENTED_EDGE('',*,*,#1138,.F.);
#1556=ORIENTED_EDGE('',*,*,#1115,.T.);
#1557=ORIENTED_EDGE('',*,*,#1086,.F.);
#1558=ORIENTED_EDGE('',*,*,#1142,.F.);
#1559=ORIENTED_EDGE('',*,*,#1140,.T.);
#1560=ORIENTED_EDGE('',*,*,#1125,.F.);
#1561=ORIENTED_EDGE('',*,*,#1143,.F.);
#1562=ORIENTED_EDGE('',*,*,#1144,.F.);
#1563=ORIENTED_EDGE('',*,*,#1145,.F.);
#1564=ORIENTED_EDGE('',*,*,#1146,.F.);
#1565=ORIENTED_EDGE('',*,*,#1077,.F.);
#1566=ORIENTED_EDGE('',*,*,#1107,.F.);
#1567=ORIENTED_EDGE('',*,*,#1088,.F.);
#1568=ORIENTED_EDGE('',*,*,#1146,.T.);
#1569=ORIENTED_EDGE('',*,*,#1145,.T.);
#1570=ORIENTED_EDGE('',*,*,#1144,.T.);
#1571=ORIENTED_EDGE('',*,*,#1147,.F.);
#1572=ORIENTED_EDGE('',*,*,#1148,.F.);
#1573=ORIENTED_EDGE('',*,*,#1078,.F.);
#1574=ORIENTED_EDGE('',*,*,#1148,.T.);
#1575=ORIENTED_EDGE('',*,*,#1149,.F.);
#1576=ORIENTED_EDGE('',*,*,#970,.F.);
#1577=ORIENTED_EDGE('',*,*,#1079,.F.);
#1578=ORIENTED_EDGE('',*,*,#927,.T.);
#1579=ORIENTED_EDGE('',*,*,#966,.F.);
#1580=ORIENTED_EDGE('',*,*,#1080,.F.);
#1581=ORIENTED_EDGE('',*,*,#974,.T.);
#1582=ORIENTED_EDGE('',*,*,#973,.F.);
#1583=ORIENTED_EDGE('',*,*,#1058,.T.);
#1584=ORIENTED_EDGE('',*,*,#961,.T.);
#1585=ORIENTED_EDGE('',*,*,#969,.T.);
#1586=ORIENTED_EDGE('',*,*,#971,.T.);
#1587=ORIENTED_EDGE('',*,*,#1149,.T.);
#1588=ORIENTED_EDGE('',*,*,#1147,.T.);
#1589=ORIENTED_EDGE('',*,*,#1143,.T.);
#1590=ORIENTED_EDGE('',*,*,#1124,.T.);
#1591=ORIENTED_EDGE('',*,*,#1127,.T.);
#1592=ORIENTED_EDGE('',*,*,#1129,.T.);
#1593=ORIENTED_EDGE('',*,*,#1131,.T.);
#1594=ORIENTED_EDGE('',*,*,#1133,.T.);
#1595=ORIENTED_EDGE('',*,*,#1135,.T.);
#1596=ORIENTED_EDGE('',*,*,#1137,.T.);
#1597=ORIENTED_EDGE('',*,*,#1139,.T.);
#1598=ORIENTED_EDGE('',*,*,#1141,.T.);
#1599=ORIENTED_EDGE('',*,*,#1142,.T.);
#1600=ORIENTED_EDGE('',*,*,#1085,.T.);
#1601=ORIENTED_EDGE('',*,*,#1055,.F.);
#1602=ORIENTED_EDGE('',*,*,#1084,.T.);
#1603=ORIENTED_EDGE('',*,*,#1082,.F.);
#1604=ORIENTED_EDGE('',*,*,#1036,.T.);
#1605=ORIENTED_EDGE('',*,*,#1030,.T.);
#1606=ORIENTED_EDGE('',*,*,#1150,.F.);
#1607=ORIENTED_EDGE('',*,*,#1151,.F.);
#1608=ORIENTED_EDGE('',*,*,#1152,.F.);
#1609=ORIENTED_EDGE('',*,*,#958,.F.);
#1610=ORIENTED_EDGE('',*,*,#1153,.F.);
#1611=ORIENTED_EDGE('',*,*,#943,.F.);
#1612=ORIENTED_EDGE('',*,*,#1154,.F.);
#1613=ORIENTED_EDGE('',*,*,#1155,.F.);
#1614=ORIENTED_EDGE('',*,*,#1150,.T.);
#1615=ORIENTED_EDGE('',*,*,#957,.T.);
#1616=ORIENTED_EDGE('',*,*,#1156,.F.);
#1617=ORIENTED_EDGE('',*,*,#1157,.T.);
#1618=ORIENTED_EDGE('',*,*,#1153,.T.);
#1619=ORIENTED_EDGE('',*,*,#1158,.T.);
#1620=ORIENTED_EDGE('',*,*,#1159,.F.);
#1621=ORIENTED_EDGE('',*,*,#944,.T.);
#1622=ORIENTED_EDGE('',*,*,#1151,.T.);
#1623=ORIENTED_EDGE('',*,*,#1157,.F.);
#1624=ORIENTED_EDGE('',*,*,#1160,.F.);
#1625=ORIENTED_EDGE('',*,*,#1161,.F.);
#1626=ORIENTED_EDGE('',*,*,#1155,.T.);
#1627=ORIENTED_EDGE('',*,*,#1162,.F.);
#1628=ORIENTED_EDGE('',*,*,#1163,.F.);
#1629=ORIENTED_EDGE('',*,*,#1158,.F.);
#1630=ORIENTED_EDGE('',*,*,#1156,.T.);
#1631=ORIENTED_EDGE('',*,*,#956,.T.);
#1632=ORIENTED_EDGE('',*,*,#1164,.F.);
#1633=ORIENTED_EDGE('',*,*,#1160,.T.);
#1634=ORIENTED_EDGE('',*,*,#1159,.T.);
#1635=ORIENTED_EDGE('',*,*,#1163,.T.);
#1636=ORIENTED_EDGE('',*,*,#1165,.F.);
#1637=ORIENTED_EDGE('',*,*,#945,.T.);
#1638=ORIENTED_EDGE('',*,*,#985,.T.);
#1639=ORIENTED_EDGE('',*,*,#979,.F.);
#1640=ORIENTED_EDGE('',*,*,#1166,.F.);
#1641=ORIENTED_EDGE('',*,*,#1167,.T.);
#1642=ORIENTED_EDGE('',*,*,#1168,.F.);
#1643=ORIENTED_EDGE('',*,*,#946,.T.);
#1644=ORIENTED_EDGE('',*,*,#1165,.T.);
#1645=ORIENTED_EDGE('',*,*,#1162,.T.);
#1646=ORIENTED_EDGE('',*,*,#1154,.T.);
#1647=ORIENTED_EDGE('',*,*,#942,.F.);
#1648=ORIENTED_EDGE('',*,*,#936,.T.);
#1649=ORIENTED_EDGE('',*,*,#976,.F.);
#1650=ORIENTED_EDGE('',*,*,#929,.F.);
#1651=ORIENTED_EDGE('',*,*,#959,.F.);
#1652=ORIENTED_EDGE('',*,*,#1152,.T.);
#1653=ORIENTED_EDGE('',*,*,#1161,.T.);
#1654=ORIENTED_EDGE('',*,*,#1164,.T.);
#1655=ORIENTED_EDGE('',*,*,#955,.T.);
#1656=ORIENTED_EDGE('',*,*,#1169,.F.);
#1657=ORIENTED_EDGE('',*,*,#1170,.T.);
#1658=ORIENTED_EDGE('',*,*,#1171,.T.);
#1659=ORIENTED_EDGE('',*,*,#981,.F.);
#1660=ORIENTED_EDGE('',*,*,#1172,.F.);
#1661=ORIENTED_EDGE('',*,*,#1173,.T.);
#1662=ORIENTED_EDGE('',*,*,#1174,.F.);
#1663=ORIENTED_EDGE('',*,*,#1167,.F.);
#1664=ORIENTED_EDGE('',*,*,#1175,.F.);
#1665=ORIENTED_EDGE('',*,*,#1176,.F.);
#1666=ORIENTED_EDGE('',*,*,#1177,.F.);
#1667=ORIENTED_EDGE('',*,*,#953,.T.);
#1668=ORIENTED_EDGE('',*,*,#1169,.T.);
#1669=ORIENTED_EDGE('',*,*,#954,.T.);
#1670=ORIENTED_EDGE('',*,*,#1177,.T.);
#1671=ORIENTED_EDGE('',*,*,#1178,.T.);
#1672=ORIENTED_EDGE('',*,*,#989,.T.);
#1673=ORIENTED_EDGE('',*,*,#995,.T.);
#1674=ORIENTED_EDGE('',*,*,#994,.T.);
#1675=ORIENTED_EDGE('',*,*,#993,.F.);
#1676=ORIENTED_EDGE('',*,*,#991,.F.);
#1677=ORIENTED_EDGE('',*,*,#990,.T.);
#1678=ORIENTED_EDGE('',*,*,#1179,.F.);
#1679=ORIENTED_EDGE('',*,*,#948,.T.);
#1680=ORIENTED_EDGE('',*,*,#1180,.F.);
#1681=ORIENTED_EDGE('',*,*,#1173,.F.);
#1682=ORIENTED_EDGE('',*,*,#1181,.F.);
#1683=ORIENTED_EDGE('',*,*,#1170,.F.);
#1684=ORIENTED_EDGE('',*,*,#1178,.F.);
#1685=ORIENTED_EDGE('',*,*,#1176,.T.);
#1686=ORIENTED_EDGE('',*,*,#1168,.T.);
#1687=ORIENTED_EDGE('',*,*,#1174,.T.);
#1688=ORIENTED_EDGE('',*,*,#1180,.T.);
#1689=ORIENTED_EDGE('',*,*,#947,.T.);
#1690=ORIENTED_EDGE('',*,*,#1006,.T.);
#1691=ORIENTED_EDGE('',*,*,#1009,.T.);
#1692=ORIENTED_EDGE('',*,*,#1012,.T.);
#1693=ORIENTED_EDGE('',*,*,#996,.T.);
#1694=ORIENTED_EDGE('',*,*,#982,.F.);
#1695=ORIENTED_EDGE('',*,*,#1171,.F.);
#1696=ORIENTED_EDGE('',*,*,#1181,.T.);
#1697=ORIENTED_EDGE('',*,*,#1182,.T.);
#1698=ORIENTED_EDGE('',*,*,#986,.T.);
#1699=ORIENTED_EDGE('',*,*,#1183,.T.);
#1700=ORIENTED_EDGE('',*,*,#1184,.F.);
#1701=ORIENTED_EDGE('',*,*,#987,.F.);
#1702=ORIENTED_EDGE('',*,*,#1182,.F.);
#1703=ORIENTED_EDGE('',*,*,#988,.T.);
#1704=ORIENTED_EDGE('',*,*,#1184,.T.);
#1705=ORIENTED_EDGE('',*,*,#1172,.T.);
#1706=ORIENTED_EDGE('',*,*,#1166,.T.);
#1707=ORIENTED_EDGE('',*,*,#978,.F.);
#1708=ORIENTED_EDGE('',*,*,#952,.T.);
#1709=ORIENTED_EDGE('',*,*,#1185,.T.);
#1710=ORIENTED_EDGE('',*,*,#1186,.T.);
#1711=ORIENTED_EDGE('',*,*,#1175,.T.);
#1712=ORIENTED_EDGE('',*,*,#950,.F.);
#1713=ORIENTED_EDGE('',*,*,#1187,.F.);
#1714=ORIENTED_EDGE('',*,*,#1188,.F.);
#1715=ORIENTED_EDGE('',*,*,#1185,.F.);
#1716=ORIENTED_EDGE('',*,*,#951,.F.);
#1717=ORIENTED_EDGE('',*,*,#972,.F.);
#1718=ORIENTED_EDGE('',*,*,#1188,.T.);
#1719=ORIENTED_EDGE('',*,*,#1189,.F.);
#1720=ORIENTED_EDGE('',*,*,#1183,.F.);
#1721=ORIENTED_EDGE('',*,*,#1186,.F.);
#1722=ORIENTED_EDGE('',*,*,#949,.T.);
#1723=ORIENTED_EDGE('',*,*,#1179,.T.);
#1724=ORIENTED_EDGE('',*,*,#1189,.T.);
#1725=ORIENTED_EDGE('',*,*,#1187,.T.);
#1726=PLANE('',#1922);
#1727=PLANE('',#1923);
#1728=PLANE('',#1924);
#1729=PLANE('',#1925);
#1730=PLANE('',#1926);
#1731=PLANE('',#1927);
#1732=PLANE('',#1928);
#1733=PLANE('',#1929);
#1734=PLANE('',#1932);
#1735=PLANE('',#1933);
#1736=PLANE('',#1934);
#1737=PLANE('',#1935);
#1738=PLANE('',#1936);
#1739=PLANE('',#1937);
#1740=PLANE('',#1938);
#1741=PLANE('',#1939);
#1742=PLANE('',#1940);
#1743=PLANE('',#1941);
#1744=PLANE('',#1942);
#1745=PLANE('',#1943);
#1746=PLANE('',#1944);
#1747=PLANE('',#1945);
#1748=PLANE('',#1946);
#1749=PLANE('',#1961);
#1750=PLANE('',#1967);
#1751=PLANE('',#1969);
#1752=PLANE('',#1973);
#1753=PLANE('',#1974);
#1754=PLANE('',#1975);
#1755=PLANE('',#1976);
#1756=PLANE('',#1977);
#1757=PLANE('',#1978);
#1758=PLANE('',#1979);
#1759=PLANE('',#1980);
#1760=PLANE('',#1981);
#1761=PLANE('',#1982);
#1762=PLANE('',#1983);
#1763=PLANE('',#1984);
#1764=PLANE('',#1985);
#1765=PLANE('',#1986);
#1766=PLANE('',#1987);
#1767=PLANE('',#1988);
#1768=PLANE('',#1989);
#1769=PLANE('',#1990);
#1770=PLANE('',#1991);
#1771=PLANE('',#1992);
#1772=PLANE('',#1993);
#1773=PLANE('',#1994);
#1774=PLANE('',#1995);
#1775=PLANE('',#1996);
#1776=PLANE('',#1997);
#1777=PLANE('',#1998);
#1778=PLANE('',#1999);
#1779=PLANE('',#2000);
#1780=PLANE('',#2001);
#1781=PLANE('',#2002);
#1782=PLANE('',#2003);
#1783=PLANE('',#2004);
#1784=PLANE('',#2005);
#1785=PLANE('',#2006);
#1786=PLANE('',#2007);
#1787=PLANE('',#2008);
#1788=PLANE('',#2009);
#1789=PLANE('',#2010);
#1790=PLANE('',#2011);
#1791=PLANE('',#2012);
#1792=PLANE('',#2013);
#1793=PLANE('',#2014);
#1794=PLANE('',#2015);
#1795=PLANE('',#2016);
#1796=PLANE('',#2017);
#1797=PLANE('',#2018);
#1798=PLANE('',#2019);
#1799=PLANE('',#2020);
#1800=PLANE('',#2021);
#1801=PLANE('',#2022);
#1802=PLANE('',#2023);
#1803=PLANE('',#2024);
#1804=PLANE('',#2025);
#1805=PLANE('',#2026);
#1806=ADVANCED_FACE('',(#106),#1726,.F.);
#1807=ADVANCED_FACE('',(#107),#1727,.T.);
#1808=ADVANCED_FACE('',(#108),#1728,.T.);
#1809=ADVANCED_FACE('',(#109),#1729,.T.);
#1810=ADVANCED_FACE('',(#110),#1730,.T.);
#1811=ADVANCED_FACE('',(#111),#1731,.T.);
#1812=ADVANCED_FACE('',(#112),#1732,.T.);
#1813=ADVANCED_FACE('',(#113),#1733,.T.);
#1814=ADVANCED_FACE('',(#114),#1734,.T.);
#1815=ADVANCED_FACE('',(#115),#1735,.T.);
#1816=ADVANCED_FACE('',(#116),#1736,.T.);
#1817=ADVANCED_FACE('',(#117),#1737,.T.);
#1818=ADVANCED_FACE('',(#118),#1738,.T.);
#1819=ADVANCED_FACE('',(#119),#1739,.T.);
#1820=ADVANCED_FACE('',(#120),#1740,.T.);
#1821=ADVANCED_FACE('',(#121),#1741,.T.);
#1822=ADVANCED_FACE('',(#122),#1742,.T.);
#1823=ADVANCED_FACE('',(#123),#1743,.T.);
#1824=ADVANCED_FACE('',(#124),#1744,.T.);
#1825=ADVANCED_FACE('',(#125),#1745,.T.);
#1826=ADVANCED_FACE('',(#126),#1746,.T.);
#1827=ADVANCED_FACE('',(#127),#1747,.T.);
#1828=ADVANCED_FACE('',(#128),#1748,.T.);
#1829=ADVANCED_FACE('',(#129),#99,.T.);
#1830=ADVANCED_FACE('',(#130),#100,.T.);
#1831=ADVANCED_FACE('',(#131),#54,.T.);
#1832=ADVANCED_FACE('',(#132),#101,.T.);
#1833=ADVANCED_FACE('',(#133),#102,.T.);
#1834=ADVANCED_FACE('',(#134),#55,.T.);
#1835=ADVANCED_FACE('',(#135),#56,.T.);
#1836=ADVANCED_FACE('',(#136),#51,.F.);
#1837=ADVANCED_FACE('',(#137),#103,.T.);
#1838=ADVANCED_FACE('',(#138),#1749,.T.);
#1839=ADVANCED_FACE('',(#139),#50,.T.);
#1840=ADVANCED_FACE('',(#140),#52,.T.);
#1841=ADVANCED_FACE('',(#141),#57,.T.);
#1842=ADVANCED_FACE('',(#142),#1750,.T.);
#1843=ADVANCED_FACE('',(#143),#58,.T.);
#1844=ADVANCED_FACE('',(#144),#1751,.T.);
#1845=ADVANCED_FACE('',(#145),#53,.T.);
#1846=ADVANCED_FACE('',(#146),#1752,.T.);
#1847=ADVANCED_FACE('',(#147),#1753,.T.);
#1848=ADVANCED_FACE('',(#148),#1754,.T.);
#1849=ADVANCED_FACE('',(#149),#1755,.T.);
#1850=ADVANCED_FACE('',(#150),#1756,.F.);
#1851=ADVANCED_FACE('',(#151),#1757,.T.);
#1852=ADVANCED_FACE('',(#152),#1758,.T.);
#1853=ADVANCED_FACE('',(#153),#1759,.T.);
#1854=ADVANCED_FACE('',(#154),#1760,.T.);
#1855=ADVANCED_FACE('',(#155),#1761,.T.);
#1856=ADVANCED_FACE('',(#156),#1762,.T.);
#1857=ADVANCED_FACE('',(#157),#1763,.T.);
#1858=ADVANCED_FACE('',(#158),#1764,.T.);
#1859=ADVANCED_FACE('',(#159),#1765,.T.);
#1860=ADVANCED_FACE('',(#160),#1766,.T.);
#1861=ADVANCED_FACE('',(#161),#1767,.T.);
#1862=ADVANCED_FACE('',(#162),#1768,.F.);
#1863=ADVANCED_FACE('',(#163),#1769,.T.);
#1864=ADVANCED_FACE('',(#164),#1770,.T.);
#1865=ADVANCED_FACE('',(#165),#1771,.T.);
#1866=ADVANCED_FACE('',(#166),#1772,.T.);
#1867=ADVANCED_FACE('',(#167),#1773,.T.);
#1868=ADVANCED_FACE('',(#168),#1774,.T.);
#1869=ADVANCED_FACE('',(#169),#1775,.T.);
#1870=ADVANCED_FACE('',(#170),#1776,.T.);
#1871=ADVANCED_FACE('',(#171),#1777,.T.);
#1872=ADVANCED_FACE('',(#172),#1778,.T.);
#1873=ADVANCED_FACE('',(#173),#1779,.T.);
#1874=ADVANCED_FACE('',(#174),#1780,.T.);
#1875=ADVANCED_FACE('',(#175),#1781,.T.);
#1876=ADVANCED_FACE('',(#176),#1782,.T.);
#1877=ADVANCED_FACE('',(#177),#1783,.T.);
#1878=ADVANCED_FACE('',(#178),#1784,.F.);
#1879=ADVANCED_FACE('',(#179),#1785,.F.);
#1880=ADVANCED_FACE('',(#180),#1786,.T.);
#1881=ADVANCED_FACE('',(#181),#1787,.T.);
#1882=ADVANCED_FACE('',(#182),#1788,.T.);
#1883=ADVANCED_FACE('',(#183),#1789,.T.);
#1884=ADVANCED_FACE('',(#184),#1790,.T.);
#1885=ADVANCED_FACE('',(#185),#1791,.T.);
#1886=ADVANCED_FACE('',(#186),#1792,.T.);
#1887=ADVANCED_FACE('',(#187),#1793,.T.);
#1888=ADVANCED_FACE('',(#188),#1794,.T.);
#1889=ADVANCED_FACE('',(#189,#48),#1795,.T.);
#1890=ADVANCED_FACE('',(#190),#1796,.T.);
#1891=ADVANCED_FACE('',(#191),#1797,.T.);
#1892=ADVANCED_FACE('',(#192,#49),#1798,.T.);
#1893=ADVANCED_FACE('',(#193),#1799,.T.);
#1894=ADVANCED_FACE('',(#194),#1800,.T.);
#1895=ADVANCED_FACE('',(#195),#1801,.T.);
#1896=ADVANCED_FACE('',(#196),#1802,.T.);
#1897=ADVANCED_FACE('',(#197),#1803,.T.);
#1898=ADVANCED_FACE('',(#198),#1804,.T.);
#1899=ADVANCED_FACE('',(#199),#1805,.T.);
#1900=CLOSED_SHELL('',(#1806,#1807,#1808,#1809,#1810,#1811,#1812,#1813,
#1814,#1815,#1816,#1817,#1818,#1819,#1820,#1821,#1822,#1823,#1824,#1825,
#1826,#1827,#1828,#1829,#1830,#1831,#1832,#1833,#1834,#1835,#1836,#1837,
#1838,#1839,#1840,#1841,#1842,#1843,#1844,#1845,#1846,#1847,#1848,#1849,
#1850,#1851,#1852,#1853,#1854,#1855,#1856,#1857,#1858,#1859,#1860,#1861,
#1862,#1863,#1864,#1865,#1866,#1867,#1868,#1869,#1870,#1871,#1872,#1873,
#1874,#1875,#1876,#1877,#1878,#1879,#1880,#1881,#1882,#1883,#1884,#1885,
#1886,#1887,#1888,#1889,#1890,#1891,#1892,#1893,#1894,#1895,#1896,#1897,
#1898,#1899));
#1901=DERIVED_UNIT_ELEMENT(#1903,1.);
#1902=DERIVED_UNIT_ELEMENT(#3529,-3.);
#1903=(
CONVERSION_BASED_UNIT('gram',#1905)
MASS_UNIT()
NAMED_UNIT(#3526)
);
#1904=(
MASS_UNIT()
NAMED_UNIT(*)
SI_UNIT(.KILO.,.GRAM.)
);
#1905=MASS_MEASURE_WITH_UNIT(MASS_MEASURE(0.001),#1904);
#1906=DERIVED_UNIT((#1901,#1902));
#1907=MEASURE_REPRESENTATION_ITEM('density measure',
POSITIVE_RATIO_MEASURE(1.),#1906);
#1908=PROPERTY_DEFINITION_REPRESENTATION(#1913,#1910);
#1909=PROPERTY_DEFINITION_REPRESENTATION(#1914,#1911);
#1910=REPRESENTATION('material name',(#1912),#3523);
#1911=REPRESENTATION('density',(#1907),#3523);
#1912=DESCRIPTIVE_REPRESENTATION_ITEM('Generic','Generic');
#1913=PROPERTY_DEFINITION('material property','material name',#3537);
#1914=PROPERTY_DEFINITION('material property','density of part',#3537);
#1915=DATE_TIME_ROLE('creation_date');
#1916=APPLIED_DATE_AND_TIME_ASSIGNMENT(#1917,#1915,(#3537));
#1917=DATE_AND_TIME(#1918,#1919);
#1918=CALENDAR_DATE(2024,2,12);
#1919=LOCAL_TIME(0,0,0.,#1920);
#1920=COORDINATED_UNIVERSAL_TIME_OFFSET(0,0,.BEHIND.);
#1921=AXIS2_PLACEMENT_3D('',#2465,#2027,#2028);
#1922=AXIS2_PLACEMENT_3D('',#2466,#2029,#2030);
#1923=AXIS2_PLACEMENT_3D('',#2475,#2035,#2036);
#1924=AXIS2_PLACEMENT_3D('',#2489,#2044,#2045);
#1925=AXIS2_PLACEMENT_3D('',#2503,#2053,#2054);
#1926=AXIS2_PLACEMENT_3D('',#2506,#2057,#2058);
#1927=AXIS2_PLACEMENT_3D('',#2507,#2059,#2060);
#1928=AXIS2_PLACEMENT_3D('',#2525,#2070,#2071);
#1929=AXIS2_PLACEMENT_3D('',#2543,#2081,#2082);
#1930=AXIS2_PLACEMENT_3D('',#2549,#2085,#2086);
#1931=AXIS2_PLACEMENT_3D('',#2553,#2088,#2089);
#1932=AXIS2_PLACEMENT_3D('',#2557,#2092,#2093);
#1933=AXIS2_PLACEMENT_3D('',#2562,#2097,#2098);
#1934=AXIS2_PLACEMENT_3D('',#2572,#2105,#2106);
#1935=AXIS2_PLACEMENT_3D('',#2574,#2108,#2109);
#1936=AXIS2_PLACEMENT_3D('',#2583,#2114,#2115);
#1937=AXIS2_PLACEMENT_3D('',#2592,#2120,#2121);
#1938=AXIS2_PLACEMENT_3D('',#2599,#2126,#2127);
#1939=AXIS2_PLACEMENT_3D('',#2608,#2132,#2133);
#1940=AXIS2_PLACEMENT_3D('',#2614,#2137,#2138);
#1941=AXIS2_PLACEMENT_3D('',#2623,#2143,#2144);
#1942=AXIS2_PLACEMENT_3D('',#2629,#2148,#2149);
#1943=AXIS2_PLACEMENT_3D('',#2635,#2153,#2154);
#1944=AXIS2_PLACEMENT_3D('',#2641,#2158,#2159);
#1945=AXIS2_PLACEMENT_3D('',#2647,#2163,#2164);
#1946=AXIS2_PLACEMENT_3D('',#2650,#2167,#2168);
#1947=AXIS2_PLACEMENT_3D('',#2758,#2169,#2170);
#1948=AXIS2_PLACEMENT_3D('',#2759,#2171,#2172);
#1949=AXIS2_PLACEMENT_3D('',#2835,#2174,#2175);
#1950=AXIS2_PLACEMENT_3D('',#2837,#2176,#2177);
#1951=AXIS2_PLACEMENT_3D('',#2914,#2179,#2180);
#1952=AXIS2_PLACEMENT_3D('',#2916,#2181,#2182);
#1953=AXIS2_PLACEMENT_3D('',#3028,#2184,#2185);
#1954=AXIS2_PLACEMENT_3D('',#3031,#2187,#2188);
#1955=AXIS2_PLACEMENT_3D('',#3032,#2189,#2190);
#1956=AXIS2_PLACEMENT_3D('',#3036,#2192,#2193);
#1957=AXIS2_PLACEMENT_3D('',#3038,#2195,#2196);
#1958=AXIS2_PLACEMENT_3D('',#3039,#2197,#2198);
#1959=AXIS2_PLACEMENT_3D('',#3042,#2199,#2200);
#1960=AXIS2_PLACEMENT_3D('',#3053,#2201,#2202);
#1961=AXIS2_PLACEMENT_3D('',#3138,#2203,#2204);
#1962=AXIS2_PLACEMENT_3D('',#3142,#2206,#2207);
#1963=AXIS2_PLACEMENT_3D('',#3144,#2209,#2210);
#1964=AXIS2_PLACEMENT_3D('',#3145,#2211,#2212);
#1965=AXIS2_PLACEMENT_3D('',#3165,#2213,#2214);
#1966=AXIS2_PLACEMENT_3D('',#3191,#2215,#2216);
#1967=AXIS2_PLACEMENT_3D('',#3194,#2219,#2220);
#1968=AXIS2_PLACEMENT_3D('',#3197,#2223,#2224);
#1969=AXIS2_PLACEMENT_3D('',#3199,#2226,#2227);
#1970=AXIS2_PLACEMENT_3D('',#3244,#2245,#2246);
#1971=AXIS2_PLACEMENT_3D('',#3245,#2247,#2248);
#1972=AXIS2_PLACEMENT_3D('',#3259,#2249,#2250);
#1973=AXIS2_PLACEMENT_3D('',#3260,#2251,#2252);
#1974=AXIS2_PLACEMENT_3D('',#3262,#2254,#2255);
#1975=AXIS2_PLACEMENT_3D('',#3263,#2256,#2257);
#1976=AXIS2_PLACEMENT_3D('',#3264,#2258,#2259);
#1977=AXIS2_PLACEMENT_3D('',#3276,#2266,#2267);
#1978=AXIS2_PLACEMENT_3D('',#3298,#2279,#2280);
#1979=AXIS2_PLACEMENT_3D('',#3300,#2282,#2283);
#1980=AXIS2_PLACEMENT_3D('',#3302,#2285,#2286);
#1981=AXIS2_PLACEMENT_3D('',#3304,#2288,#2289);
#1982=AXIS2_PLACEMENT_3D('',#3306,#2291,#2292);
#1983=AXIS2_PLACEMENT_3D('',#3308,#2294,#2295);
#1984=AXIS2_PLACEMENT_3D('',#3311,#2298,#2299);
#1985=AXIS2_PLACEMENT_3D('',#3313,#2301,#2302);
#1986=AXIS2_PLACEMENT_3D('',#3315,#2304,#2305);
#1987=AXIS2_PLACEMENT_3D('',#3317,#2307,#2308);
#1988=AXIS2_PLACEMENT_3D('',#3319,#2310,#2311);
#1989=AXIS2_PLACEMENT_3D('',#3320,#2312,#2313);
#1990=AXIS2_PLACEMENT_3D('',#3340,#2324,#2325);
#1991=AXIS2_PLACEMENT_3D('',#3346,#2329,#2330);
#1992=AXIS2_PLACEMENT_3D('',#3350,#2333,#2334);
#1993=AXIS2_PLACEMENT_3D('',#3354,#2337,#2338);
#1994=AXIS2_PLACEMENT_3D('',#3358,#2341,#2342);
#1995=AXIS2_PLACEMENT_3D('',#3362,#2345,#2346);
#1996=AXIS2_PLACEMENT_3D('',#3366,#2349,#2350);
#1997=AXIS2_PLACEMENT_3D('',#3370,#2353,#2354);
#1998=AXIS2_PLACEMENT_3D('',#3374,#2357,#2358);
#1999=AXIS2_PLACEMENT_3D('',#3378,#2361,#2362);
#2000=AXIS2_PLACEMENT_3D('',#3380,#2364,#2365);
#2001=AXIS2_PLACEMENT_3D('',#3388,#2370,#2371);
#2002=AXIS2_PLACEMENT_3D('',#3392,#2374,#2375);
#2003=AXIS2_PLACEMENT_3D('',#3394,#2377,#2378);
#2004=AXIS2_PLACEMENT_3D('',#3395,#2379,#2380);
#2005=AXIS2_PLACEMENT_3D('',#3396,#2381,#2382);
#2006=AXIS2_PLACEMENT_3D('',#3402,#2386,#2387);
#2007=AXIS2_PLACEMENT_3D('',#3408,#2391,#2392);
#2008=AXIS2_PLACEMENT_3D('',#3412,#2395,#2396);
#2009=AXIS2_PLACEMENT_3D('',#3416,#2399,#2400);
#2010=AXIS2_PLACEMENT_3D('',#3420,#2403,#2404);
#2011=AXIS2_PLACEMENT_3D('',#3424,#2407,#2408);
#2012=AXIS2_PLACEMENT_3D('',#3426,#2410,#2411);
#2013=AXIS2_PLACEMENT_3D('',#3428,#2413,#2414);
#2014=AXIS2_PLACEMENT_3D('',#3439,#2421,#2422);
#2015=AXIS2_PLACEMENT_3D('',#3445,#2426,#2427);
#2016=AXIS2_PLACEMENT_3D('',#3451,#2431,#2432);
#2017=AXIS2_PLACEMENT_3D('',#3453,#2434,#2435);
#2018=AXIS2_PLACEMENT_3D('',#3456,#2438,#2439);
#2019=AXIS2_PLACEMENT_3D('',#3458,#2441,#2442);
#2020=AXIS2_PLACEMENT_3D('',#3459,#2443,#2444);
#2021=AXIS2_PLACEMENT_3D('',#3461,#2446,#2447);
#2022=AXIS2_PLACEMENT_3D('',#3464,#2450,#2451);
#2023=AXIS2_PLACEMENT_3D('',#3465,#2452,#2453);
#2024=AXIS2_PLACEMENT_3D('',#3468,#2456,#2457);
#2025=AXIS2_PLACEMENT_3D('',#3471,#2460,#2461);
#2026=AXIS2_PLACEMENT_3D('',#3473,#2463,#2464);
#2027=DIRECTION('axis',(0.,0.,1.));
#2028=DIRECTION('refdir',(1.,0.,0.));
#2029=DIRECTION('center_axis',(3.25653148809983E-16,0.497592890959435,0.867410695614616));
#2030=DIRECTION('ref_axis',(2.47534674815794E-16,0.867410695614616,-0.497592890959435));
#2031=DIRECTION('',(7.07241928045125E-17,-0.867410695614616,0.497592890959435));
#2032=DIRECTION('',(-1.,4.44117899159808E-16,1.20661688827877E-16));
#2033=DIRECTION('',(2.47534674815794E-16,0.867410695614616,-0.497592890959435));
#2034=DIRECTION('',(1.,1.2083271622247E-16,-4.44747397453122E-16));
#2035=DIRECTION('center_axis',(-1.,-9.65886582141825E-17,-2.62420196163905E-17));
#2036=DIRECTION('ref_axis',(-1.0009002192608E-16,0.965017854482203,0.262184172921565));
#2037=DIRECTION('',(0.,-0.96503478436551,-0.26212185136805));
#2038=DIRECTION('',(0.,0.262121851368049,-0.96503478436551));
#2039=DIRECTION('',(0.,-0.965017854482203,-0.262184172921565));
#2040=DIRECTION('',(0.,0.262184172921564,-0.965017854482204));
#2041=DIRECTION('',(-1.0009002192608E-16,0.965017854482203,0.262184172921565));
#2042=DIRECTION('',(0.,0.262184172921565,-0.965017854482203));
#2043=DIRECTION('',(0.,0.965017854482203,0.262184172921565));
#2044=DIRECTION('center_axis',(1.,-3.38060303749639E-16,-9.18470686573667E-17));
#2045=DIRECTION('ref_axis',(-3.5031507674128E-16,-0.965017854482203,-0.262184172921565));
#2046=DIRECTION('',(-3.5031507674128E-16,-0.965017854482203,-0.262184172921565));
#2047=DIRECTION('',(0.,0.262184172921565,-0.965017854482203));
#2048=DIRECTION('',(-3.5031507674128E-16,-0.965017854482203,-0.262184172921565));
#2049=DIRECTION('',(0.,0.262184172921564,-0.965017854482204));
#2050=DIRECTION('',(3.5031507674128E-16,0.965017854482203,0.262184172921565));
#2051=DIRECTION('',(2.26234034663779E-20,-0.262121851368049,0.96503478436551));
#2052=DIRECTION('',(3.50315076010769E-16,0.96503478436551,0.26212185136805));
#2053=DIRECTION('center_axis',(2.41156236682086E-16,0.965017854482203,0.262184172921565));
#2054=DIRECTION('ref_axis',(1.,-2.3272007411795E-16,-6.322734845937E-17));
#2055=DIRECTION('',(-1.,2.3272007411795E-16,6.322734845937E-17));
#2056=DIRECTION('',(1.,-2.3272007411795E-16,-6.322734845937E-17));
#2057=DIRECTION('center_axis',(0.,0.262184172921565,-0.965017854482203));
#2058=DIRECTION('ref_axis',(-1.,0.,0.));
#2059=DIRECTION('center_axis',(0.,0.262184172921565,-0.965017854482203));
#2060=DIRECTION('ref_axis',(0.,0.965017854482203,0.262184172921565));
#2061=DIRECTION('',(-1.,0.,0.));
#2062=DIRECTION('',(0.,0.965017854482203,0.262184172921565));
#2063=DIRECTION('',(-1.,0.,0.));
#2064=DIRECTION('',(0.,0.965017854482203,0.262184172921565));
#2065=DIRECTION('',(-1.,0.,0.));
#2066=DIRECTION('',(0.,0.965017854482203,0.262184172921565));
#2067=DIRECTION('',(1.,0.,0.));
#2068=DIRECTION('',(0.,0.965017854482203,0.262184172921565));
#2069=DIRECTION('',(-1.,0.,0.));
#2070=DIRECTION('center_axis',(0.,0.262184172921565,-0.965017854482203));
#2071=DIRECTION('ref_axis',(0.,0.965017854482203,0.262184172921565));
#2072=DIRECTION('',(-1.,0.,0.));
#2073=DIRECTION('',(0.,-0.965017854482203,-0.262184172921565));
#2074=DIRECTION('',(1.,0.,0.));
#2075=DIRECTION('',(0.,-0.965017854482203,-0.262184172921565));
#2076=DIRECTION('',(-1.,0.,0.));
#2077=DIRECTION('',(0.,-0.965017854482203,-0.262184172921565));
#2078=DIRECTION('',(-1.,0.,0.));
#2079=DIRECTION('',(0.,-0.965017854482203,-0.262184172921565));
#2080=DIRECTION('',(-1.,0.,0.));
#2081=DIRECTION('center_axis',(0.,0.26212185136805,-0.96503478436551));
#2082=DIRECTION('ref_axis',(0.,0.96503478436551,0.26212185136805));
#2083=DIRECTION('',(1.,0.,0.));
#2084=DIRECTION('',(0.,0.96503478436551,0.26212185136805));
#2085=DIRECTION('center_axis',(0.,-0.26212185136805,0.96503478436551));
#2086=DIRECTION('ref_axis',(0.,-0.96503478436551,-0.26212185136805));
#2087=DIRECTION('',(1.,0.,0.));
#2088=DIRECTION('center_axis',(0.,-0.26212185136805,0.96503478436551));
#2089=DIRECTION('ref_axis',(0.,-0.96503478436551,-0.26212185136805));
#2090=DIRECTION('',(0.,-0.96503478436551,-0.26212185136805));
#2091=DIRECTION('',(1.,0.,0.));
#2092=DIRECTION('center_axis',(0.,0.96503478436551,0.262121851368049));
#2093=DIRECTION('ref_axis',(0.,-0.262121851368049,0.96503478436551));
#2094=DIRECTION('',(-1.,0.,0.));
#2095=DIRECTION('',(1.,0.,0.));
#2096=DIRECTION('',(0.,-0.262121851368049,0.96503478436551));
#2097=DIRECTION('center_axis',(0.,-0.262184172921565,0.965017854482203));
#2098=DIRECTION('ref_axis',(0.,-0.965017854482203,-0.262184172921565));
#2099=DIRECTION('',(1.,0.,0.));
#2100=DIRECTION('',(0.,-0.965017854482203,-0.262184172921565));
#2101=DIRECTION('',(-1.,0.,0.));
#2102=DIRECTION('',(-1.,0.,0.));
#2103=DIRECTION('',(1.,0.,0.));
#2104=DIRECTION('',(0.,0.965017854482203,0.262184172921565));
#2105=DIRECTION('center_axis',(0.,0.262184172921564,-0.965017854482204));
#2106=DIRECTION('ref_axis',(-1.,0.,0.));
#2107=DIRECTION('',(1.,0.,0.));
#2108=DIRECTION('center_axis',(0.,-0.262184172920003,0.965017854482628));
#2109=DIRECTION('ref_axis',(1.,0.,0.));
#2110=DIRECTION('',(1.,0.,0.));
#2111=DIRECTION('',(-4.82312473364173E-16,0.965017854482203,0.262184172921566));
#2112=DIRECTION('',(-1.,0.,0.));
#2113=DIRECTION('',(0.,0.965017854482203,0.262184172921566));
#2114=DIRECTION('center_axis',(0.,-0.262184172920003,0.965017854482628));
#2115=DIRECTION('ref_axis',(1.,0.,0.));
#2116=DIRECTION('',(-1.,0.,0.));
#2117=DIRECTION('',(0.,-0.965017854482203,-0.262184172921566));
#2118=DIRECTION('',(-1.,4.654401482359E-16,1.26454696918741E-16));
#2119=DIRECTION('',(0.,-0.965017854482203,-0.262184172921566));
#2120=DIRECTION('center_axis',(0.,-0.262184172921566,0.965017854482203));
#2121=DIRECTION('ref_axis',(0.,-0.965017854482203,-0.262184172921566));
#2122=DIRECTION('',(1.,0.,0.));
#2123=DIRECTION('',(0.,0.965017854482203,0.262184172921566));
#2124=DIRECTION('',(1.,0.,0.));
#2125=DIRECTION('',(0.,-0.965017854482203,-0.262184172921566));
#2126=DIRECTION('center_axis',(-1.,0.,0.));
#2127=DIRECTION('ref_axis',(0.,0.,1.));
#2128=DIRECTION('',(0.,-0.262184172921567,0.965017854482203));
#2129=DIRECTION('',(0.,0.965017854482204,0.262184172921563));
#2130=DIRECTION('',(0.,-0.262184172921563,0.965017854482204));
#2131=DIRECTION('',(0.,-0.965017854482203,-0.262184172921565));
#2132=DIRECTION('center_axis',(-1.,0.,0.));
#2133=DIRECTION('ref_axis',(0.,0.,1.));
#2134=DIRECTION('',(0.,-0.262184172921567,0.965017854482203));
#2135=DIRECTION('',(0.,-0.965017854482203,-0.262184172921564));
#2136=DIRECTION('',(0.,-0.262184172921567,0.965017854482203));
#2137=DIRECTION('center_axis',(0.,0.262184172921563,-0.965017854482204));
#2138=DIRECTION('ref_axis',(0.,0.965017854482204,0.262184172921563));
#2139=DIRECTION('',(0.,-0.965017854482204,-0.262184172921563));
#2140=DIRECTION('',(1.,0.,0.));
#2141=DIRECTION('',(0.,0.965017854482204,0.262184172921563));
#2142=DIRECTION('',(1.,0.,0.));
#2143=DIRECTION('center_axis',(1.,0.,0.));
#2144=DIRECTION('ref_axis',(0.,0.,-1.));
#2145=DIRECTION('',(0.,-0.262184172921628,0.965017854482186));
#2146=DIRECTION('',(0.,0.965017854482203,0.262184172921565));
#2147=DIRECTION('',(0.,0.262184172921563,-0.965017854482204));
#2148=DIRECTION('center_axis',(0.,0.262184172921565,-0.965017854482203));
#2149=DIRECTION('ref_axis',(0.,0.965017854482203,0.262184172921565));
#2150=DIRECTION('',(1.,0.,0.));
#2151=DIRECTION('',(0.,0.965017854482203,0.262184172921565));
#2152=DIRECTION('',(1.,0.,0.));
#2153=DIRECTION('center_axis',(0.,-0.965017854482203,-0.262184172921567));
#2154=DIRECTION('ref_axis',(0.,0.262184172921567,-0.965017854482203));
#2155=DIRECTION('',(0.,-0.262184172921567,0.965017854482203));
#2156=DIRECTION('',(0.,0.262184172921567,-0.965017854482203));
#2157=DIRECTION('',(1.,0.,0.));
#2158=DIRECTION('center_axis',(0.,-0.262184172921564,0.965017854482204));
#2159=DIRECTION('ref_axis',(0.,-0.965017854482203,-0.262184172921564));
#2160=DIRECTION('',(0.,0.965017854482204,0.262184172921564));
#2161=DIRECTION('',(0.,-0.965017854482204,-0.262184172921564));
#2162=DIRECTION('',(1.,0.,0.));
#2163=DIRECTION('center_axis',(0.,0.965017854482203,0.262184172921567));
#2164=DIRECTION('ref_axis',(0.,-0.262184172921567,0.965017854482203));
#2165=DIRECTION('',(0.,0.262184172921567,-0.965017854482203));
#2166=DIRECTION('',(0.,-0.262184172921567,0.965017854482203));
#2167=DIRECTION('center_axis',(1.,0.,0.));
#2168=DIRECTION('ref_axis',(0.,0.,-1.));
#2169=DIRECTION('center_axis',(0.,1.,2.54972479408665E-16));
#2170=DIRECTION('ref_axis',(-0.707106781186547,2.96710385892996E-15,-0.707106781186548));
#2171=DIRECTION('center_axis',(0.90120225010001,0.234381518141199,-0.364554259841395));
#2172=DIRECTION('ref_axis',(3.49676543189032E-16,0.841152017060798,0.540798746480195));
#2173=DIRECTION('',(1.,0.,0.));
#2174=DIRECTION('center_axis',(0.,1.,0.));
#2175=DIRECTION('ref_axis',(0.,0.,1.));
#2176=DIRECTION('center_axis',(0.,1.,0.));
#2177=DIRECTION('ref_axis',(1.,0.,0.));
#2178=DIRECTION('',(0.,-1.,0.));
#2179=DIRECTION('center_axis',(-0.90120225010001,0.234381518141199,-0.364554259841395));
#2180=DIRECTION('ref_axis',(-0.375,1.0927391974657E-17,0.927024810886958));
#2181=DIRECTION('center_axis',(0.,1.,2.54972479408665E-16));
#2182=DIRECTION('ref_axis',(0.707106781186547,2.96710385892996E-15,-0.707106781186548));
#2183=DIRECTION('',(1.,0.,0.));
#2184=DIRECTION('center_axis',(0.,1.,0.));
#2185=DIRECTION('ref_axis',(0.,0.,1.));
#2186=DIRECTION('',(0.,1.,0.));
#2187=DIRECTION('center_axis',(0.,1.,0.));
#2188=DIRECTION('ref_axis',(1.,0.,0.));
#2189=DIRECTION('center_axis',(0.,1.,0.));
#2190=DIRECTION('ref_axis',(-2.85017679528569E-11,0.,-1.));
#2191=DIRECTION('',(0.,1.,0.));
#2192=DIRECTION('center_axis',(0.,1.,0.));
#2193=DIRECTION('ref_axis',(1.,0.,0.));
#2194=DIRECTION('',(0.,-1.,0.));
#2195=DIRECTION('center_axis',(0.,1.,0.));
#2196=DIRECTION('ref_axis',(1.,0.,0.));
#2197=DIRECTION('center_axis',(0.,1.,0.));
#2198=DIRECTION('ref_axis',(0.,0.,1.));
#2199=DIRECTION('center_axis',(0.,-1.,0.));
#2200=DIRECTION('ref_axis',(9.18485099360515E-17,0.,1.));
#2201=DIRECTION('center_axis',(0.,1.,0.));
#2202=DIRECTION('ref_axis',(6.12323399573676E-17,0.,1.));
#2203=DIRECTION('center_axis',(0.,1.,0.));
#2204=DIRECTION('ref_axis',(0.,0.,1.));
#2205=DIRECTION('',(1.,0.,0.));
#2206=DIRECTION('center_axis',(0.,-1.,0.));
#2207=DIRECTION('ref_axis',(-2.83276944882399E-16,0.,-1.));
#2208=DIRECTION('',(1.,0.,0.));
#2209=DIRECTION('center_axis',(0.,-1.,0.));
#2210=DIRECTION('ref_axis',(0.,0.,1.));
#2211=DIRECTION('center_axis',(0.,1.,0.));
#2212=DIRECTION('ref_axis',(4.05741624797134E-16,0.,1.));
#2213=DIRECTION('center_axis',(0.,1.,0.));
#2214=DIRECTION('ref_axis',(1.,0.,0.));
#2215=DIRECTION('center_axis',(0.,1.,3.69432241662115E-15));
#2216=DIRECTION('ref_axis',(0.707106781186547,2.96710385892996E-15,-0.707106781186548));
#2217=DIRECTION('',(0.,1.,3.69432241662115E-15));
#2218=DIRECTION('',(0.,1.,3.69432241662115E-15));
#2219=DIRECTION('center_axis',(0.,3.69432241662115E-15,-1.));
#2220=DIRECTION('ref_axis',(0.,1.,3.69432241662115E-15));
#2221=DIRECTION('',(1.,0.,0.));
#2222=DIRECTION('',(0.,-1.,-3.69432241662115E-15));
#2223=DIRECTION('center_axis',(0.,-1.,-3.69432241662115E-15));
#2224=DIRECTION('ref_axis',(-0.707106781186547,2.96710385892996E-15,-0.707106781186548));
#2225=DIRECTION('',(0.,-1.,-3.69432241662115E-15));
#2226=DIRECTION('center_axis',(-1.,0.,0.));
#2227=DIRECTION('ref_axis',(0.,0.,1.));
#2228=DIRECTION('',(0.,-2.54972479408665E-16,1.));
#2229=DIRECTION('',(0.,0.96503478436551,0.262121851368049));
#2230=DIRECTION('',(0.,-0.83327064360744,0.552865295078325));
#2231=DIRECTION('',(0.,0.552865295078325,0.83327064360744));
#2232=DIRECTION('',(0.,0.83327064360744,-0.552865295078325));
#2233=DIRECTION('',(0.,0.552865295078325,0.83327064360744));
#2234=DIRECTION('',(0.,-0.833270643607441,0.552865295078323));
#2235=DIRECTION('',(0.,0.552865295078324,0.83327064360744));
#2236=DIRECTION('',(0.,0.833270643607441,-0.552865295078323));
#2237=DIRECTION('',(0.,-0.552865295078325,-0.833270643607439));
#2238=DIRECTION('',(0.,-0.833270643607441,0.552865295078323));
#2239=DIRECTION('',(0.,-0.552865295078325,-0.83327064360744));
#2240=DIRECTION('',(0.,0.83327064360744,-0.552865295078325));
#2241=DIRECTION('',(0.,0.262121851368049,-0.96503478436551));
#2242=DIRECTION('',(0.,-0.965017854482203,-0.262184172921566));
#2243=DIRECTION('',(0.,0.262184172921566,-0.965017854482203));
#2244=DIRECTION('',(0.,0.262121851368049,-0.96503478436551));
#2245=DIRECTION('center_axis',(0.,1.,0.));
#2246=DIRECTION('ref_axis',(4.05741624797134E-16,0.,1.));
#2247=DIRECTION('center_axis',(0.,1.,0.));
#2248=DIRECTION('ref_axis',(1.,0.,0.));
#2249=DIRECTION('center_axis',(0.,-1.,0.));
#2250=DIRECTION('ref_axis',(-2.83276944882399E-16,0.,-1.));
#2251=DIRECTION('center_axis',(0.,1.,0.));
#2252=DIRECTION('ref_axis',(0.,0.,1.));
#2253=DIRECTION('',(0.,2.54972479408665E-16,-1.));
#2254=DIRECTION('center_axis',(0.,1.,0.));
#2255=DIRECTION('ref_axis',(0.,0.,1.));
#2256=DIRECTION('center_axis',(0.,-1.,0.));
#2257=DIRECTION('ref_axis',(0.,0.,-1.));
#2258=DIRECTION('center_axis',(0.,-0.262121851368049,0.96503478436551));
#2259=DIRECTION('ref_axis',(0.,-0.96503478436551,-0.262121851368049));
#2260=DIRECTION('',(0.,-0.96503478436551,-0.262121851368049));
#2261=DIRECTION('',(-1.,0.,0.));
#2262=DIRECTION('',(0.,0.96503478436551,0.262121851368049));
#2263=DIRECTION('',(-1.,0.,0.));
#2264=DIRECTION('',(0.,-0.96503478436551,-0.262121851368049));
#2265=DIRECTION('',(-1.,0.,0.));
#2266=DIRECTION('center_axis',(-1.,0.,0.));
#2267=DIRECTION('ref_axis',(0.,0.,1.));
#2268=DIRECTION('',(0.,-0.833270643607441,0.552865295078323));
#2269=DIRECTION('',(0.,0.552865295078325,0.83327064360744));
#2270=DIRECTION('',(0.,0.83327064360744,-0.552865295078325));
#2271=DIRECTION('',(0.,0.552865295078325,0.83327064360744));
#2272=DIRECTION('',(0.,-0.83327064360744,0.552865295078325));
#2273=DIRECTION('',(0.,0.83327064360744,-0.552865295078325));
#2274=DIRECTION('',(0.,-0.552865295078325,-0.83327064360744));
#2275=DIRECTION('',(0.,-0.833270643607441,0.552865295078323));
#2276=DIRECTION('',(0.,-0.552865295078326,-0.833270643607439));
#2277=DIRECTION('',(0.,0.833270643607441,-0.552865295078323));
#2278=DIRECTION('',(0.,0.552865295078324,0.83327064360744));
#2279=DIRECTION('center_axis',(0.,-0.552865295078325,-0.83327064360744));
#2280=DIRECTION('ref_axis',(0.,-0.83327064360744,0.552865295078325));
#2281=DIRECTION('',(-1.,0.,0.));
#2282=DIRECTION('center_axis',(0.,-0.83327064360744,0.552865295078325));
#2283=DIRECTION('ref_axis',(0.,0.552865295078325,0.83327064360744));
#2284=DIRECTION('',(-1.,0.,0.));
#2285=DIRECTION('center_axis',(0.,0.552865295078325,0.83327064360744));
#2286=DIRECTION('ref_axis',(0.,0.83327064360744,-0.552865295078325));
#2287=DIRECTION('',(-1.,0.,0.));
#2288=DIRECTION('center_axis',(0.,-0.83327064360744,0.552865295078325));
#2289=DIRECTION('ref_axis',(0.,0.552865295078325,0.83327064360744));
#2290=DIRECTION('',(-1.,0.,0.));
#2291=DIRECTION('center_axis',(0.,-0.552865295078324,-0.833270643607441));
#2292=DIRECTION('ref_axis',(0.,-0.833270643607441,0.552865295078323));
#2293=DIRECTION('',(-1.,0.,0.));
#2294=DIRECTION('center_axis',(0.,0.552865295078325,0.83327064360744));
#2295=DIRECTION('ref_axis',(0.,0.83327064360744,-0.552865295078325));
#2296=DIRECTION('',(-1.,0.,0.));
#2297=DIRECTION('',(-1.,0.,0.));
#2298=DIRECTION('center_axis',(0.,0.83327064360744,-0.552865295078325));
#2299=DIRECTION('ref_axis',(0.,-0.552865295078325,-0.83327064360744));
#2300=DIRECTION('',(-1.,0.,0.));
#2301=DIRECTION('center_axis',(0.,-0.552865295078324,-0.833270643607441));
#2302=DIRECTION('ref_axis',(0.,-0.833270643607441,0.552865295078323));
#2303=DIRECTION('',(-1.,0.,0.));
#2304=DIRECTION('center_axis',(0.,0.833270643607439,-0.552865295078326));
#2305=DIRECTION('ref_axis',(0.,-0.552865295078326,-0.833270643607439));
#2306=DIRECTION('',(-1.,0.,0.));
#2307=DIRECTION('center_axis',(0.,0.552865295078323,0.833270643607441));
#2308=DIRECTION('ref_axis',(0.,0.833270643607441,-0.552865295078323));
#2309=DIRECTION('',(-1.,0.,0.));
#2310=DIRECTION('center_axis',(0.,-0.83327064360744,0.552865295078324));
#2311=DIRECTION('ref_axis',(0.,0.552865295078324,0.83327064360744));
#2312=DIRECTION('center_axis',(1.,0.,0.));
#2313=DIRECTION('ref_axis',(0.,0.,-1.));
#2314=DIRECTION('',(0.,-1.,-1.37803563818335E-16));
#2315=DIRECTION('',(0.,0.,1.));
#2316=DIRECTION('',(0.,0.83327064360744,-0.552865295078325));
#2317=DIRECTION('',(0.,-0.552865295078325,-0.83327064360744));
#2318=DIRECTION('',(0.,1.,2.75607127636671E-16));
#2319=DIRECTION('',(0.,-4.82312473364173E-16,1.));
#2320=DIRECTION('',(0.,1.,-9.64624946728347E-16));
#2321=DIRECTION('',(0.,4.82312473364173E-16,-1.));
#2322=DIRECTION('',(0.,-1.,0.));
#2323=DIRECTION('',(0.,-4.82312473364173E-16,1.));
#2324=DIRECTION('center_axis',(0.,1.,0.));
#2325=DIRECTION('ref_axis',(0.,0.,1.));
#2326=DIRECTION('',(1.,0.,0.));
#2327=DIRECTION('',(0.,0.,1.));
#2328=DIRECTION('',(-1.,0.,0.));
#2329=DIRECTION('center_axis',(0.,-1.37803563818335E-16,1.));
#2330=DIRECTION('ref_axis',(0.,-1.,-1.37803563818335E-16));
#2331=DIRECTION('',(1.,0.,0.));
#2332=DIRECTION('',(0.,-1.,-1.37803563818335E-16));
#2333=DIRECTION('center_axis',(0.,1.,4.82312473364173E-16));
#2334=DIRECTION('ref_axis',(0.,-4.82312473364173E-16,1.));
#2335=DIRECTION('',(1.,0.,0.));
#2336=DIRECTION('',(0.,-4.82312473364173E-16,1.));
#2337=DIRECTION('center_axis',(0.,0.,1.));
#2338=DIRECTION('ref_axis',(0.,-1.,0.));
#2339=DIRECTION('',(1.,0.,0.));
#2340=DIRECTION('',(0.,-1.,0.));
#2341=DIRECTION('center_axis',(0.,-1.,-4.82312473364173E-16));
#2342=DIRECTION('ref_axis',(0.,4.82312473364173E-16,-1.));
#2343=DIRECTION('',(1.,0.,0.));
#2344=DIRECTION('',(0.,4.82312473364173E-16,-1.));
#2345=DIRECTION('center_axis',(0.,-9.64624946728347E-16,-1.));
#2346=DIRECTION('ref_axis',(0.,1.,-9.64624946728347E-16));
#2347=DIRECTION('',(1.,0.,0.));
#2348=DIRECTION('',(0.,1.,-9.64624946728347E-16));
#2349=DIRECTION('center_axis',(0.,1.,4.82312473364173E-16));
#2350=DIRECTION('ref_axis',(0.,-4.82312473364173E-16,1.));
#2351=DIRECTION('',(1.,0.,0.));
#2352=DIRECTION('',(0.,-4.82312473364173E-16,1.));
#2353=DIRECTION('center_axis',(0.,2.75607127636671E-16,-1.));
#2354=DIRECTION('ref_axis',(0.,1.,2.75607127636671E-16));
#2355=DIRECTION('',(1.,0.,0.));
#2356=DIRECTION('',(0.,1.,2.75607127636671E-16));
#2357=DIRECTION('center_axis',(0.,-0.83327064360744,0.552865295078325));
#2358=DIRECTION('ref_axis',(0.,-0.552865295078325,-0.83327064360744));
#2359=DIRECTION('',(-1.,0.,0.));
#2360=DIRECTION('',(0.,-0.552865295078325,-0.83327064360744));
#2361=DIRECTION('center_axis',(0.,-0.552865295078325,-0.83327064360744));
#2362=DIRECTION('ref_axis',(0.,0.83327064360744,-0.552865295078325));
#2363=DIRECTION('',(0.,0.83327064360744,-0.552865295078325));
#2364=DIRECTION('center_axis',(0.,0.96503478436551,0.262121851368049));
#2365=DIRECTION('ref_axis',(0.,-0.262121851368049,0.96503478436551));
#2366=DIRECTION('',(0.,-0.262121851368049,0.96503478436551));
#2367=DIRECTION('',(1.,0.,0.));
#2368=DIRECTION('',(1.,0.,0.));
#2369=DIRECTION('',(1.,0.,0.));
#2370=DIRECTION('center_axis',(0.,0.262184172921566,-0.965017854482203));
#2371=DIRECTION('ref_axis',(0.,0.965017854482203,0.262184172921566));
#2372=DIRECTION('',(0.,0.965017854482203,0.262184172921566));
#2373=DIRECTION('',(1.,0.,0.));
#2374=DIRECTION('center_axis',(0.,0.965017854482203,0.262184172921566));
#2375=DIRECTION('ref_axis',(0.,-0.262184172921566,0.965017854482203));
#2376=DIRECTION('',(0.,-0.262184172921566,0.965017854482203));
#2377=DIRECTION('center_axis',(0.,0.96503478436551,0.262121851368049));
#2378=DIRECTION('ref_axis',(0.,-0.262121851368049,0.96503478436551));
#2379=DIRECTION('center_axis',(1.,0.,0.));
#2380=DIRECTION('ref_axis',(0.,0.,-1.));
#2381=DIRECTION('center_axis',(-1.,0.,0.));
#2382=DIRECTION('ref_axis',(0.,0.,1.));
#2383=DIRECTION('',(0.,0.262184172921565,-0.965017854482203));
#2384=DIRECTION('',(0.,0.965017854482203,0.262184172921565));
#2385=DIRECTION('',(0.,-0.262184172921565,0.965017854482203));
#2386=DIRECTION('center_axis',(1.,0.,0.));
#2387=DIRECTION('ref_axis',(0.,0.,-1.));
#2388=DIRECTION('',(0.,-0.262184172921565,0.965017854482203));
#2389=DIRECTION('',(0.,0.262184172921565,-0.965017854482203));
#2390=DIRECTION('',(0.,-0.965017854482203,-0.262184172921565));
#2391=DIRECTION('center_axis',(0.,0.965017854482203,0.262184172921565));
#2392=DIRECTION('ref_axis',(0.,-0.262184172921565,0.965017854482203));
#2393=DIRECTION('',(0.,0.262184172921565,-0.965017854482203));
#2394=DIRECTION('',(1.,0.,0.));
#2395=DIRECTION('center_axis',(0.,0.965017854482203,0.262184172921565));
#2396=DIRECTION('ref_axis',(0.,-0.262184172921565,0.965017854482203));
#2397=DIRECTION('',(1.,0.,0.));
#2398=DIRECTION('',(0.,-0.262184172921565,0.965017854482203));
#2399=DIRECTION('center_axis',(0.,-0.262184172921565,0.965017854482203));
#2400=DIRECTION('ref_axis',(0.,-0.965017854482203,-0.262184172921565));
#2401=DIRECTION('',(0.,0.965017854482203,0.262184172921565));
#2402=DIRECTION('',(-1.,0.,0.));
#2403=DIRECTION('center_axis',(0.,-0.262184172921565,0.965017854482203));
#2404=DIRECTION('ref_axis',(0.,-0.965017854482203,-0.262184172921565));
#2405=DIRECTION('',(-1.,0.,0.));
#2406=DIRECTION('',(0.,-0.965017854482203,-0.262184172921565));
#2407=DIRECTION('center_axis',(-1.,0.,0.));
#2408=DIRECTION('ref_axis',(0.,0.,1.));
#2409=DIRECTION('',(0.,0.262184172921566,-0.965017854482203));
#2410=DIRECTION('center_axis',(1.,0.,0.));
#2411=DIRECTION('ref_axis',(0.,0.,-1.));
#2412=DIRECTION('',(0.,-0.262184172921566,0.965017854482203));
#2413=DIRECTION('center_axis',(0.,0.965017854482203,0.262184172921566));
#2414=DIRECTION('ref_axis',(0.,-0.262184172921566,0.965017854482203));
#2415=DIRECTION('',(0.,-0.262184172921566,0.965017854482203));
#2416=DIRECTION('',(1.,0.,0.));
#2417=DIRECTION('',(0.,-0.262184172921565,0.965017854482203));
#2418=DIRECTION('',(0.,0.262184172921565,-0.965017854482203));
#2419=DIRECTION('',(1.,0.,0.));
#2420=DIRECTION('',(0.,-0.262184172920003,0.965017854482628));
#2421=DIRECTION('center_axis',(0.,-0.262184172921566,0.965017854482203));
#2422=DIRECTION('ref_axis',(0.,-0.965017854482203,-0.262184172921566));
#2423=DIRECTION('',(0.,0.965017854482203,0.262184172921566));
#2424=DIRECTION('',(1.,0.,0.));
#2425=DIRECTION('',(0.,-0.965017854482203,-0.262184172921566));
#2426=DIRECTION('center_axis',(0.,-0.965017854482203,-0.262184172921566));
#2427=DIRECTION('ref_axis',(0.,0.262184172921566,-0.965017854482203));
#2428=DIRECTION('',(0.,0.262184172921566,-0.965017854482203));
#2429=DIRECTION('',(1.,0.,0.));
#2430=DIRECTION('',(0.,-0.262184172921566,0.965017854482203));
#2431=DIRECTION('center_axis',(-1.,0.,0.));
#2432=DIRECTION('ref_axis',(0.,0.,1.));
#2433=DIRECTION('',(0.,0.965017854482203,0.262184172921566));
#2434=DIRECTION('center_axis',(0.,-0.965017854482203,-0.262184172921566));
#2435=DIRECTION('ref_axis',(0.,0.262184172921566,-0.965017854482203));
#2436=DIRECTION('',(0.,-0.262184172921566,0.965017854482203));
#2437=DIRECTION('',(0.,0.262184172921566,-0.965017854482203));
#2438=DIRECTION('center_axis',(0.,-0.262184172921566,0.965017854482203));
#2439=DIRECTION('ref_axis',(0.,-0.965017854482203,-0.262184172921566));
#2440=DIRECTION('',(0.,-0.965017854482203,-0.262184172921566));
#2441=DIRECTION('center_axis',(1.,0.,0.));
#2442=DIRECTION('ref_axis',(0.,0.,-1.));
#2443=DIRECTION('center_axis',(-1.,0.,0.));
#2444=DIRECTION('ref_axis',(0.,0.,1.));
#2445=DIRECTION('',(0.,-0.262184172921565,0.965017854482203));
#2446=DIRECTION('center_axis',(0.,-0.965017854482203,-0.262184172921565));
#2447=DIRECTION('ref_axis',(0.,0.262184172921565,-0.965017854482203));
#2448=DIRECTION('',(1.,0.,0.));
#2449=DIRECTION('',(0.,0.262184172921565,-0.965017854482203));
#2450=DIRECTION('center_axis',(1.,0.,0.));
#2451=DIRECTION('ref_axis',(0.,0.,-1.));
#2452=DIRECTION('center_axis',(-1.,0.,0.));
#2453=DIRECTION('ref_axis',(0.,0.,1.));
#2454=DIRECTION('',(0.,-0.262121851368049,0.96503478436551));
#2455=DIRECTION('',(0.,0.965017854482203,0.262184172921566));
#2456=DIRECTION('center_axis',(0.,-0.96503478436551,-0.262121851368049));
#2457=DIRECTION('ref_axis',(0.,0.262121851368049,-0.96503478436551));
#2458=DIRECTION('',(0.,0.262121851368049,-0.96503478436551));
#2459=DIRECTION('',(1.,0.,0.));
#2460=DIRECTION('center_axis',(0.,-0.262184172921566,0.965017854482203));
#2461=DIRECTION('ref_axis',(0.,-0.965017854482203,-0.262184172921566));
#2462=DIRECTION('',(0.,-0.965017854482203,-0.262184172921566));
#2463=DIRECTION('center_axis',(1.,0.,0.));
#2464=DIRECTION('ref_axis',(0.,0.,-1.));
#2465=CARTESIAN_POINT('',(0.,0.,0.));
#2466=CARTESIAN_POINT('Origin',(0.0906249999999997,1.36691547058262,-1.43679122861127));
#2467=CARTESIAN_POINT('',(-0.090625,1.43656195849013,-1.47674415683578));
#2468=CARTESIAN_POINT('',(-0.090625,1.36691547058262,-1.43679122861127));
#2469=CARTESIAN_POINT('',(-0.090625,1.61358725908718,-1.57829528082168));
#2470=CARTESIAN_POINT('',(0.0906249999999997,1.43656195849013,-1.47674415683578));
#2471=CARTESIAN_POINT('',(0.0453124999999997,1.43656195849013,-1.47674415683578));
#2472=CARTESIAN_POINT('',(0.0906249999999997,1.36691547058262,-1.43679122861127));
#2473=CARTESIAN_POINT('',(0.0906249999999997,1.64136008116162,-1.59422724810775));
#2474=CARTESIAN_POINT('',(0.0906249999999997,1.36691547058262,-1.43679122861127));
#2475=CARTESIAN_POINT('Origin',(-0.0906250000000001,2.23129525693755,-1.07300396618851));
#2476=CARTESIAN_POINT('',(-0.090625,1.47416306702553,-1.40765693941224));
#2477=CARTESIAN_POINT('',(-0.090625,0.802224263979225,-1.59016833269464));
#2478=CARTESIAN_POINT('',(-0.090625,1.44154514350532,-1.2875699240547));
#2479=CARTESIAN_POINT('',(-0.090625,1.45785410533344,-1.34761343198389));
#2480=CARTESIAN_POINT('',(-0.0906250000000001,2.31875,-1.0492435255175));
#2481=CARTESIAN_POINT('',(-0.090625,1.38791792827437,-1.30213981725005));
#2482=CARTESIAN_POINT('',(-0.0906250000000001,2.34251044067102,-1.13669826857995));
#2483=CARTESIAN_POINT('',(-0.0906250000000001,2.31875,-1.0492435255175));
#2484=CARTESIAN_POINT('',(-0.0906250000000001,2.25505569760857,-1.16045870925096));
#2485=CARTESIAN_POINT('',(-0.090625,1.4996589231635,-1.36569126284114));
#2486=CARTESIAN_POINT('',(-0.0906250000000001,2.27881613827958,-1.24791345231341));
#2487=CARTESIAN_POINT('',(-0.0906250000000001,2.23129525693755,-1.07300396618851));
#2488=CARTESIAN_POINT('',(-0.090625,1.38181159438545,-1.4916191965703));
#2489=CARTESIAN_POINT('Origin',(0.090625,2.31875,-1.0492435255175));
#2490=CARTESIAN_POINT('',(0.090625,2.27881613827958,-1.24791345231341));
#2491=CARTESIAN_POINT('',(0.090625,2.36627088134203,-1.2241530116424));
#2492=CARTESIAN_POINT('',(0.090625,2.25505569760857,-1.16045870925096));
#2493=CARTESIAN_POINT('',(0.090625,2.23129525693755,-1.07300396618851));
#2494=CARTESIAN_POINT('',(0.090625,2.34251044067102,-1.13669826857995));
#2495=CARTESIAN_POINT('',(0.090625,2.34251044067102,-1.13669826857995));
#2496=CARTESIAN_POINT('',(0.090625,2.31875,-1.0492435255175));
#2497=CARTESIAN_POINT('',(0.090625,2.31875,-1.0492435255175));
#2498=CARTESIAN_POINT('',(0.0906249999999997,1.44154514350532,-1.2875699240547));
#2499=CARTESIAN_POINT('',(0.0906249999999999,1.83642020022143,-1.1802869451216));
#2500=CARTESIAN_POINT('',(0.0906249999999997,1.47416306702553,-1.40765693941225));
#2501=CARTESIAN_POINT('',(0.0906249999999997,1.45784717856043,-1.34758793019202));
#2502=CARTESIAN_POINT('',(0.0906249999999996,1.25073440333365,-1.46834442542252));
#2503=CARTESIAN_POINT('Origin',(-0.0906250000000001,2.23129525693755,-1.07300396618851));
#2504=CARTESIAN_POINT('',(0.090625,2.25505569760857,-1.16045870925096));
#2505=CARTESIAN_POINT('',(-0.0906250000000001,2.27881613827958,-1.24791345231341));
#2506=CARTESIAN_POINT('Origin',(-4.37095678986282E-17,1.83031386633252,
-1.36976632444185));
#2507=CARTESIAN_POINT('Origin',(0.,1.44154514350532,-1.2875699240547));
#2508=CARTESIAN_POINT('',(0.0453125,2.31875,-1.0492435255175));
#2509=CARTESIAN_POINT('',(-0.0453125000000001,2.31875,-1.0492435255175));
#2510=CARTESIAN_POINT('',(0.0453125,2.5,-1.));
#2511=CARTESIAN_POINT('',(0.0453125,1.92546007175266,-1.15609584340672));
#2512=CARTESIAN_POINT('',(0.271875,2.5,-1.));
#2513=CARTESIAN_POINT('',(0.,2.5,-1.));
#2514=CARTESIAN_POINT('',(0.271875,2.31875,-1.0492435255175));
#2515=CARTESIAN_POINT('',(0.271875,2.31875,-1.0492435255175));
#2516=CARTESIAN_POINT('',(0.3171875,2.31875,-1.0492435255175));
#2517=CARTESIAN_POINT('',(0.,2.31875,-1.0492435255175));
#2518=CARTESIAN_POINT('',(0.3171875,1.865625,-1.17235233931124));
#2519=CARTESIAN_POINT('',(0.3171875,1.865625,-1.17235233931124));
#2520=CARTESIAN_POINT('',(0.18125,1.865625,-1.17235233931124));
#2521=CARTESIAN_POINT('',(0.,1.865625,-1.17235233931124));
#2522=CARTESIAN_POINT('',(0.18125,1.44154514350532,-1.2875699240547));
#2523=CARTESIAN_POINT('',(0.18125,1.4413833224388,-1.28761388896404));
#2524=CARTESIAN_POINT('',(0.,1.44154514350532,-1.2875699240547));
#2525=CARTESIAN_POINT('Origin',(0.,1.44154514350532,-1.2875699240547));
#2526=CARTESIAN_POINT('',(-0.18125,1.44154514350532,-1.2875699240547));
#2527=CARTESIAN_POINT('',(0.,1.44154514350532,-1.2875699240547));
#2528=CARTESIAN_POINT('',(-0.18125,1.865625,-1.17235233931124));
#2529=CARTESIAN_POINT('',(-0.18125,1.4413833224388,-1.28761388896404));
#2530=CARTESIAN_POINT('',(-0.3171875,1.865625,-1.17235233931124));
#2531=CARTESIAN_POINT('',(0.,1.865625,-1.17235233931124));
#2532=CARTESIAN_POINT('',(-0.3171875,2.31875,-1.0492435255175));
#2533=CARTESIAN_POINT('',(-0.3171875,1.865625,-1.17235233931124));
#2534=CARTESIAN_POINT('',(-0.271875,2.31875,-1.0492435255175));
#2535=CARTESIAN_POINT('',(0.,2.31875,-1.0492435255175));
#2536=CARTESIAN_POINT('',(-0.271875,2.5,-1.));
#2537=CARTESIAN_POINT('',(-0.271875,2.31875,-1.0492435255175));
#2538=CARTESIAN_POINT('',(-0.0453125,2.5,-1.));
#2539=CARTESIAN_POINT('',(0.,2.5,-1.));
#2540=CARTESIAN_POINT('',(-0.0453125,2.31875,-1.0492435255175));
#2541=CARTESIAN_POINT('',(-0.0453125,1.92546007175266,-1.15609584340672));
#2542=CARTESIAN_POINT('',(-0.0453125000000001,2.31875,-1.0492435255175));
#2543=CARTESIAN_POINT('Origin',(0.,0.23754177279954,-1.74354686621606));
#2544=CARTESIAN_POINT('',(0.453125,1.47416306702553,-1.40765693941225));
#2545=CARTESIAN_POINT('',(0.,1.47416306702553,-1.40765693941225));
#2546=CARTESIAN_POINT('',(0.453125,0.697745099672556,-1.61854686621606));
#2547=CARTESIAN_POINT('',(0.453125,0.23754177279954,-1.74354686621606));
#2548=CARTESIAN_POINT('',(0.328125,0.23754177279954,-1.74354686621606));
#2549=CARTESIAN_POINT('Origin',(0.328125,0.697745099672556,-1.61854686621606));
#2550=CARTESIAN_POINT('',(-0.328125,0.23754177279954,-1.74354686621606));
#2551=CARTESIAN_POINT('',(0.,0.23754177279954,-1.74354686621606));
#2552=CARTESIAN_POINT('',(-0.453125,0.697745099672556,-1.61854686621606));
#2553=CARTESIAN_POINT('Origin',(-0.328125,0.697745099672556,-1.61854686621606));
#2554=CARTESIAN_POINT('',(-0.453125,1.47416306702553,-1.40765693941225));
#2555=CARTESIAN_POINT('',(-0.453125,0.23754177279954,-1.74354686621606));
#2556=CARTESIAN_POINT('',(0.,1.47416306702553,-1.40765693941225));
#2557=CARTESIAN_POINT('Origin',(0.,1.47416306702553,-1.40765693941225));
#2558=CARTESIAN_POINT('',(0.,1.44154514350532,-1.2875699240547));
#2559=CARTESIAN_POINT('',(0.453125,1.44154514350532,-1.2875699240547));
#2560=CARTESIAN_POINT('',(0.,1.44154514350532,-1.2875699240547));
#2561=CARTESIAN_POINT('',(0.453125,1.47416306702553,-1.40765693941225));
#2562=CARTESIAN_POINT('Origin',(0.,1.44154514350532,-1.2875699240547));
#2563=CARTESIAN_POINT('',(-0.453125,1.4413833224388,-1.28761388896404));
#2564=CARTESIAN_POINT('',(0.453125,1.4413833224388,-1.28761388896404));
#2565=CARTESIAN_POINT('',(0.,1.4413833224388,-1.28761388896404));
#2566=CARTESIAN_POINT('',(0.453125,1.865625,-1.17235233931124));
#2567=CARTESIAN_POINT('',(0.,1.44154514350532,-1.2875699240547));
#2568=CARTESIAN_POINT('',(0.,1.44154514350532,-1.2875699240547));
#2569=CARTESIAN_POINT('',(-0.453125,1.44154514350532,-1.2875699240547));
#2570=CARTESIAN_POINT('',(0.,1.44154514350532,-1.2875699240547));
#2571=CARTESIAN_POINT('',(-0.453125,1.865625,-1.17235233931124));
#2572=CARTESIAN_POINT('Origin',(-4.37095678986282E-17,2.29878306913979,
-1.14857848891545));
#2573=CARTESIAN_POINT('',(-0.0906250000000001,2.34251044067102,-1.13669826857995));
#2574=CARTESIAN_POINT('Origin',(0.1359375,1.97955885352209,0.0263859043254699));
#2575=CARTESIAN_POINT('',(0.0906249999999999,1.93583279291418,0.0145008588916806));
#2576=CARTESIAN_POINT('',(0.18125,1.93583148199084,0.0145056839900322));
#2577=CARTESIAN_POINT('',(0.0906249999999999,1.93583148199084,0.0145056839900322));
#2578=CARTESIAN_POINT('',(0.18125,2.02328622505329,0.0382661246610492));
#2579=CARTESIAN_POINT('',(0.18125,1.93583148199084,0.0145056839900322));
#2580=CARTESIAN_POINT('',(0.0906249999999999,2.02328884689502,0.0382564744825044));
#2581=CARTESIAN_POINT('',(0.18125,2.02328622505329,0.0382661246610492));
#2582=CARTESIAN_POINT('',(0.0906249999999999,2.02328884689502,0.0382564744825043));
#2583=CARTESIAN_POINT('Origin',(-0.1359375,1.97955885352205,0.0263859043256115));
#2584=CARTESIAN_POINT('',(-0.090625,2.02328884689504,0.0382564744824335));
#2585=CARTESIAN_POINT('',(-0.18125,2.02328622505329,0.0382661246610492));
#2586=CARTESIAN_POINT('',(-0.090625,2.02328622505329,0.0382661246610491));
#2587=CARTESIAN_POINT('',(-0.18125,1.93583410383259,0.0144960338114165));
#2588=CARTESIAN_POINT('',(-0.18125,2.02328622505329,0.0382661246610491));
#2589=CARTESIAN_POINT('',(-0.090625,1.93583410383257,0.0144960338114874));
#2590=CARTESIAN_POINT('',(-0.090625,1.93583410383257,0.0144960338114874));
#2591=CARTESIAN_POINT('',(-0.090625,1.9795614753638,0.0263762541469959));
#2592=CARTESIAN_POINT('Origin',(0.,2.02328884689502,0.0382564744825043));
#2593=CARTESIAN_POINT('',(0.,2.02328884689502,0.0382564744825043));
#2594=CARTESIAN_POINT('',(-0.18125,1.57016384689502,-0.0848523393112361));
#2595=CARTESIAN_POINT('',(-0.18125,2.02328884689502,0.0382564744825043));
#2596=CARTESIAN_POINT('',(0.18125,1.57016384689502,-0.0848523393112361));
#2597=CARTESIAN_POINT('',(0.,1.57016384689502,-0.0848523393112361));
#2598=CARTESIAN_POINT('',(0.18125,2.02328884689502,0.0382564744825043));
#2599=CARTESIAN_POINT('Origin',(-0.3171925,2.09837708844365,-0.756600787242595));
#2600=CARTESIAN_POINT('',(-0.3171875,2.15398468031038,-0.788447938438312));
#2601=CARTESIAN_POINT('',(-0.3171875,2.13022423963936,-0.700993195375862));
#2602=CARTESIAN_POINT('',(-0.3171875,2.12579144312514,-0.684677459250962));
#2603=CARTESIAN_POINT('',(-0.31719,2.06652993724793,-0.812208379109329));
#2604=CARTESIAN_POINT('',(-0.3171875,2.08443080184161,-0.807344921551238));
#2605=CARTESIAN_POINT('',(-0.3171909,2.04276949657691,-0.724753636046879));
#2606=CARTESIAN_POINT('',(-0.3171925,2.04276949657691,-0.724753636046879));
#2607=CARTESIAN_POINT('',(-0.3171884,2.04276949657691,-0.724753636046879));
#2608=CARTESIAN_POINT('Origin',(-0.3171884,2.07461664777263,-0.669146044180145));
#2609=CARTESIAN_POINT('',(-0.3171875,2.0190090559059,-0.637298892984429));
#2610=CARTESIAN_POINT('',(-0.3171884,2.0190090559059,-0.637298892984429));
#2611=CARTESIAN_POINT('',(-0.3171875,2.10646379896835,-0.613538452313412));
#2612=CARTESIAN_POINT('',(-0.3171875,1.99318254896835,-0.644315655761847));
#2613=CARTESIAN_POINT('',(-0.3171875,2.12579144312514,-0.684677459250962));
#2614=CARTESIAN_POINT('Origin',(0.3171875,2.06652993724793,-0.812208379109328));
#2615=CARTESIAN_POINT('',(0.3171875,2.15398468031038,-0.788447938438312));
#2616=CARTESIAN_POINT('',(0.3171875,2.06652993724793,-0.812208379109328));
#2617=CARTESIAN_POINT('',(0.3171875,2.04070343031038,-0.819225141886747));
#2618=CARTESIAN_POINT('',(0.3172875,2.15398468031038,-0.788447938438312));
#2619=CARTESIAN_POINT('',(0.3171875,2.15398468031038,-0.788447938438312));
#2620=CARTESIAN_POINT('',(0.3172875,2.06652993724793,-0.812208379109328));
#2621=CARTESIAN_POINT('',(0.3172875,2.06652993724793,-0.812208379109328));
#2622=CARTESIAN_POINT('',(0.3171875,2.06652993724793,-0.812208379109328));
#2623=CARTESIAN_POINT('Origin',(0.3172875,2.09837708844365,-0.756600787242595));
#2624=CARTESIAN_POINT('',(0.3172875,2.13022423963936,-0.700993195375862));
#2625=CARTESIAN_POINT('',(0.3172875,2.15398468031038,-0.788447938438312));
#2626=CARTESIAN_POINT('',(0.3172875,2.04276949657691,-0.724753636046879));
#2627=CARTESIAN_POINT('',(0.3172875,2.06463318234253,-0.718813525879124));
#2628=CARTESIAN_POINT('',(0.3172875,2.04276949657691,-0.724753636046879));
#2629=CARTESIAN_POINT('Origin',(0.3171875,2.04276949657691,-0.724753636046879));
#2630=CARTESIAN_POINT('',(0.3181875,2.13022423963936,-0.700993195375862));
#2631=CARTESIAN_POINT('',(0.3171875,2.13022423963936,-0.700993195375862));
#2632=CARTESIAN_POINT('',(0.3181875,2.04276949657691,-0.724753636046879));
#2633=CARTESIAN_POINT('',(0.3181875,2.04276949657691,-0.724753636046879));
#2634=CARTESIAN_POINT('',(0.3171875,2.04276949657691,-0.724753636046879));
#2635=CARTESIAN_POINT('Origin',(0.3171875,2.0190090559059,-0.637298892984429));
#2636=CARTESIAN_POINT('',(0.3171875,2.0190090559059,-0.637298892984429));
#2637=CARTESIAN_POINT('',(0.3171875,2.03833670006269,-0.708437899921979));
#2638=CARTESIAN_POINT('',(0.3181875,2.0190090559059,-0.637298892984429));
#2639=CARTESIAN_POINT('',(0.3181875,2.0190090559059,-0.637298892984429));
#2640=CARTESIAN_POINT('',(0.3171875,2.0190090559059,-0.637298892984429));
#2641=CARTESIAN_POINT('Origin',(0.3171875,2.10646379896835,-0.613538452313412));
#2642=CARTESIAN_POINT('',(0.3171875,2.10646379896835,-0.613538452313412));
#2643=CARTESIAN_POINT('',(0.3171875,2.03690992049957,-0.632435435426339));
#2644=CARTESIAN_POINT('',(0.3181875,2.10646379896835,-0.613538452313412));
#2645=CARTESIAN_POINT('',(0.3181875,2.10646379896835,-0.613538452313412));
#2646=CARTESIAN_POINT('',(0.3171875,2.10646379896835,-0.613538452313412));
#2647=CARTESIAN_POINT('Origin',(0.3171875,2.13022423963936,-0.700993195375862));
#2648=CARTESIAN_POINT('',(0.3171875,2.13767166346065,-0.728404830782187));
#2649=CARTESIAN_POINT('',(0.3181875,2.13022423963936,-0.700993195375862));
#2650=CARTESIAN_POINT('Origin',(0.3181875,2.07461664777263,-0.669146044180145));
#2651=CARTESIAN_POINT('Ctrl Pts',(-0.328125,0.0965991483669656,-1.74354686621606));
#2652=CARTESIAN_POINT('Ctrl Pts',(-0.337751252434169,0.0965991483669657,
-1.74354686621606));
#2653=CARTESIAN_POINT('Ctrl Pts',(-0.359168152295974,0.0965991483669657,
-1.74126473355215));
#2654=CARTESIAN_POINT('Ctrl Pts',(-0.392503173218532,0.0965991483669657,
-1.72774401248855));
#2655=CARTESIAN_POINT('Ctrl Pts',(-0.41989139713072,0.0965991483669657,
-1.70557496577256));
#2656=CARTESIAN_POINT('Ctrl Pts',(-0.437664864839091,0.0965991483669657,
-1.68075777449546));
#2657=CARTESIAN_POINT('Ctrl Pts',(-0.446976812254257,0.0965991483669657,
-1.65891476118059));
#2658=CARTESIAN_POINT('Ctrl Pts',(-0.450179641434032,0.0965991483669657,
-1.64590269456181));
#2659=CARTESIAN_POINT('Ctrl Pts',(-0.451251507759942,0.0965991483669656,
-1.64017720582134));
#2660=CARTESIAN_POINT('Ctrl Pts',(-0.4514105934945,0.0965991483669656,-1.63917845453856));
#2661=CARTESIAN_POINT('Ctrl Pts',(-0.451410722487073,0.096599228072819,
-1.63917841201865));
#2662=CARTESIAN_POINT('Ctrl Pts',(-0.317334849437897,0.0844653223980812,
-1.72467405585025));
#2663=CARTESIAN_POINT('Ctrl Pts',(-0.326916201817094,0.0846475206633753,
-1.72339822557381));
#2664=CARTESIAN_POINT('Ctrl Pts',(-0.347821379757532,0.0853626648236109,
-1.71911924441771));
#2665=CARTESIAN_POINT('Ctrl Pts',(-0.380337574460303,0.0858332617033036,
-1.70501858848437));
#2666=CARTESIAN_POINT('Ctrl Pts',(-0.408299353751762,0.0850323947145497,
-1.68440924206139));
#2667=CARTESIAN_POINT('Ctrl Pts',(-0.428804639285009,0.084106780804905,
-1.66202201133596));
#2668=CARTESIAN_POINT('Ctrl Pts',(-0.442783048831893,0.0848015598445347,
-1.64206471864201));
#2669=CARTESIAN_POINT('Ctrl Pts',(-0.450269939889258,0.0881467942340683,
-1.62963492085473));
#2670=CARTESIAN_POINT('Ctrl Pts',(-0.453548909783299,0.0926446063964845,
-1.62400698893015));
#2671=CARTESIAN_POINT('Ctrl Pts',(-0.454115978091222,0.0952848884694412,
-1.62301222727461));
#2672=CARTESIAN_POINT('Ctrl Pts',(-0.454115978091222,0.0965991483669656,
-1.62301222727461));
#2673=CARTESIAN_POINT('Ctrl Pts',(-0.298492449859326,0.0519816590096694,
-1.69897899865409));
#2674=CARTESIAN_POINT('Ctrl Pts',(-0.308574938960211,0.0512033876376261,
-1.69539722094399));
#2675=CARTESIAN_POINT('Ctrl Pts',(-0.329777996160234,0.050932111857792,
-1.68718289811039));
#2676=CARTESIAN_POINT('Ctrl Pts',(-0.362532080814813,0.0511823361790737,
-1.67116991922132));
#2677=CARTESIAN_POINT('Ctrl Pts',(-0.393208569645731,0.0508595999047439,
-1.65239018513311));
#2678=CARTESIAN_POINT('Ctrl Pts',(-0.419915895910928,0.0520964193960991,
-1.63301568009101));
#2679=CARTESIAN_POINT('Ctrl Pts',(-0.442383482832972,0.0582796045203378,
-1.61489054257004));
#2680=CARTESIAN_POINT('Ctrl Pts',(-0.456694511282598,0.0704406073774305,
-1.60256131983245));
#2681=CARTESIAN_POINT('Ctrl Pts',(-0.463314022933085,0.0845883456133726,
-1.59672388629527));
#2682=CARTESIAN_POINT('Ctrl Pts',(-0.464490381193021,0.0926058188858551,
-1.59567685962083));
#2683=CARTESIAN_POINT('Ctrl Pts',(-0.464490381193021,0.0965991483669656,
-1.59567685962083));
#2684=CARTESIAN_POINT('Ctrl Pts',(-0.28530710083853,0.00960746005377085,
-1.69362743006882));
#2685=CARTESIAN_POINT('Ctrl Pts',(-0.297097914522311,0.00667198878848739,
-1.6887689507846));
#2686=CARTESIAN_POINT('Ctrl Pts',(-0.321185946827586,0.00322586100182477,
-1.67813531935181));
#2687=CARTESIAN_POINT('Ctrl Pts',(-0.357192673534207,0.00222797156833417,
-1.65987976110944));
#2688=CARTESIAN_POINT('Ctrl Pts',(-0.392023622454789,0.00427344795632767,
-1.63979738323496));
#2689=CARTESIAN_POINT('Ctrl Pts',(-0.424678179653597,0.0113406156893353,
-1.61858668689644));
#2690=CARTESIAN_POINT('Ctrl Pts',(-0.453879777403701,0.0268726626534507,
-1.5974469579417));
#2691=CARTESIAN_POINT('Ctrl Pts',(-0.472937637132346,0.0503721272926586,
-1.5822645785561));
#2692=CARTESIAN_POINT('Ctrl Pts',(-0.481758260835228,0.0756178792303216,
-1.57494798898418));
#2693=CARTESIAN_POINT('Ctrl Pts',(-0.483326758163645,0.0896255174238751,
-1.57362563530016));
#2694=CARTESIAN_POINT('Ctrl Pts',(-0.483326758163645,0.0965991483669655,
-1.57362563530016));
#2695=CARTESIAN_POINT('Ctrl Pts',(-0.28125,-0.00854485376563519,-1.69526860816522));
#2696=CARTESIAN_POINT('Ctrl Pts',(-0.293963243729031,-0.0124023388746752,
-1.69012584786107));
#2697=CARTESIAN_POINT('Ctrl Pts',(-0.319677595417247,-0.0172043641224119,
-1.67889889663));
#2698=CARTESIAN_POINT('Ctrl Pts',(-0.357474308465749,-0.0187338156074962,
-1.65977917342993));
#2699=CARTESIAN_POINT('Ctrl Pts',(-0.394106502790443,-0.0156780431866415,
-1.63857224477406));
#2700=CARTESIAN_POINT('Ctrl Pts',(-0.429001340552242,-0.00611870223710724,
-1.61564647128847));
#2701=CARTESIAN_POINT('Ctrl Pts',(-0.460617110735906,0.013415136475145,
-1.59227475944279));
#2702=CARTESIAN_POINT('Ctrl Pts',(-0.481323037212955,0.0417725214902454,
-1.57526440856379));
#2703=CARTESIAN_POINT('Ctrl Pts',(-0.490894881161545,0.0717737155263204,
-1.56703945674493));
#2704=CARTESIAN_POINT('Ctrl Pts',(-0.492596731704857,0.0883484562567451,
-1.56555146530947));
#2705=CARTESIAN_POINT('Ctrl Pts',(-0.492596731704857,0.0965991483669654,
-1.56555146530947));
#2706=CARTESIAN_POINT('',(-0.283275834121936,5.46369598732853E-18,-1.69478289301011));
#2707=CARTESIAN_POINT('',(-0.437605204116574,7.14211607615591E-13,-1.60909907677659));
#2708=CARTESIAN_POINT('Ctrl Pts',(-0.283275834121937,4.09777199049639E-17,
-1.6947828930101));
#2709=CARTESIAN_POINT('Ctrl Pts',(-0.285404124831867,4.09777199049639E-17,
-1.69396260311291));
#2710=CARTESIAN_POINT('Ctrl Pts',(-0.287487849342638,-1.77570119588177E-17,
-1.69315015881604));
#2711=CARTESIAN_POINT('Ctrl Pts',(-0.301461654677065,-1.77570119588177E-17,
-1.68763903031552));
#2712=CARTESIAN_POINT('Ctrl Pts',(-0.312818721861183,7.37598958289351E-17,
-1.68282211119996));
#2713=CARTESIAN_POINT('Ctrl Pts',(-0.342244099788802,7.37598958289351E-17,
-1.66917583963799));
#2714=CARTESIAN_POINT('Ctrl Pts',(-0.359456058628041,3.03235127296733E-16,
-1.66010446853069));
#2715=CARTESIAN_POINT('Ctrl Pts',(-0.38746878854759,3.03235127296733E-16,
-1.64346497760104));
#2716=CARTESIAN_POINT('Ctrl Pts',(-0.398021965568752,-5.96908786615641E-16,
-1.63670574625664));
#2717=CARTESIAN_POINT('Ctrl Pts',(-0.413790073635174,-5.96908786615641E-16,
-1.62599865747916));
#2718=CARTESIAN_POINT('Ctrl Pts',(-0.418621961536348,1.43060049808213E-13,
-1.62263236202516));
#2719=CARTESIAN_POINT('Ctrl Pts',(-0.42601437903957,1.43060049808213E-13,
-1.61740135990625));
#2720=CARTESIAN_POINT('Ctrl Pts',(-0.428454969819594,7.5786927040234E-14,
-1.61566109472126));
#2721=CARTESIAN_POINT('Ctrl Pts',(-0.433161974025901,7.5786927040234E-14,
-1.61229138096498));
#2722=CARTESIAN_POINT('Ctrl Pts',(-0.435855629232691,4.78073398891246E-18,
-1.61035605302785));
#2723=CARTESIAN_POINT('Ctrl Pts',(-0.437605204113952,4.78073398891246E-18,
-1.60909907677847));
#2724=CARTESIAN_POINT('',(-0.453124999999987,0.0102832771155785,-1.5976434843408));
#2725=CARTESIAN_POINT('Ctrl Pts',(-0.437601395944938,1.14577210558226E-5,
-1.6091024455038));
#2726=CARTESIAN_POINT('Ctrl Pts',(-0.442978228047095,0.00293473683381893,
-1.60523881063054));
#2727=CARTESIAN_POINT('Ctrl Pts',(-0.448177193585151,0.00632789483919562,
-1.60139629384186));
#2728=CARTESIAN_POINT('Ctrl Pts',(-0.453125202635522,0.0102856147193208,
-1.59764621809517));
#2729=CARTESIAN_POINT('',(-0.453125,0.0794463231344926,-1.61854686621607));
#2730=CARTESIAN_POINT('Ctrl Pts',(-0.453125,0.0102832771155985,-1.59764348434079));
#2731=CARTESIAN_POINT('Ctrl Pts',(-0.453125,0.0261022185512771,-1.59764348434079));
#2732=CARTESIAN_POINT('Ctrl Pts',(-0.453125,0.0418477154993269,-1.60044006258784));
#2733=CARTESIAN_POINT('Ctrl Pts',(-0.453125,0.0637205996581933,-1.60911535895501));
#2734=CARTESIAN_POINT('Ctrl Pts',(-0.453125000000002,0.0705886129649243,
-1.61267047731941));
#2735=CARTESIAN_POINT('Ctrl Pts',(-0.453125000000002,0.0779137250812748,
-1.61749553942527));
#2736=CARTESIAN_POINT('Ctrl Pts',(-0.453125,0.0786947083360931,-1.61802486072472));
#2737=CARTESIAN_POINT('Ctrl Pts',(-0.453125,0.0794463231344926,-1.61854686621607));
#2738=CARTESIAN_POINT('',(-0.4514105934945,0.0965991483669656,-1.63917845453856));
#2739=CARTESIAN_POINT('Ctrl Pts',(-0.453125,0.0794463231344919,-1.61854686621607));
#2740=CARTESIAN_POINT('Ctrl Pts',(-0.453125,0.0811964226702965,-1.61976233133205));
#2741=CARTESIAN_POINT('Ctrl Pts',(-0.453107202085339,0.0828354410129968,
-1.62100583823213));
#2742=CARTESIAN_POINT('Ctrl Pts',(-0.452982797023262,0.087867654542119,
-1.62518169465362));
#2743=CARTESIAN_POINT('Ctrl Pts',(-0.452792098226061,0.0905908334574323,
-1.62805851861782));
#2744=CARTESIAN_POINT('Ctrl Pts',(-0.452390101669836,0.0936326702478908,
-1.63215392902494));
#2745=CARTESIAN_POINT('Ctrl Pts',(-0.452217110897642,0.0945981810520774,
-1.63366596759806));
#2746=CARTESIAN_POINT('Ctrl Pts',(-0.451912038959379,0.0956925241349865,
-1.63593353797379));
#2747=CARTESIAN_POINT('Ctrl Pts',(-0.451803162116945,0.0960077622972891,
-1.63669335405429));
#2748=CARTESIAN_POINT('Ctrl Pts',(-0.451634651693795,0.0963506136821122,
-1.63779496071739));
#2749=CARTESIAN_POINT('Ctrl Pts',(-0.451577576857044,0.096446728461878,
-1.63815780299381));
#2750=CARTESIAN_POINT('Ctrl Pts',(-0.451496576645778,0.0965425029197409,
-1.63865846924314));
#2751=CARTESIAN_POINT('Ctrl Pts',(-0.451471228261931,0.0965673601382858,
-1.63881334853879));
#2752=CARTESIAN_POINT('Ctrl Pts',(-0.451437117543989,0.0965897606210392,
-1.63901941365669));
#2753=CARTESIAN_POINT('Ctrl Pts',(-0.451426716065297,0.0965952668462007,
-1.63908195933568));
#2754=CARTESIAN_POINT('Ctrl Pts',(-0.45141510007937,0.0965985185663338,
-1.63915151153327));
#2755=CARTESIAN_POINT('Ctrl Pts',(-0.451408338697684,0.0965991483669656,
-1.63919192824496));
#2756=CARTESIAN_POINT('Ctrl Pts',(-0.4514105934945,0.0965991483669656,-1.63917845453856));
#2757=CARTESIAN_POINT('',(-0.328125,0.0965991483669627,-1.74354686621606));
#2758=CARTESIAN_POINT('Origin',(-0.328125,0.0965991483669653,-1.61854686621606));
#2759=CARTESIAN_POINT('Origin',(-0.328125,-0.00854485376563519,-1.81114670952609));
#2760=CARTESIAN_POINT('Ctrl Pts',(-0.106072207995523,0.0965992272390202,
-1.74354690243121));
#2761=CARTESIAN_POINT('Ctrl Pts',(-0.106072339402187,0.0965991483669627,
-1.74354686621606));
#2762=CARTESIAN_POINT('Ctrl Pts',(-0.11362837799162,0.0965991483669627,
-1.74354686621606));
#2763=CARTESIAN_POINT('Ctrl Pts',(-0.14343567492782,0.0965991483669627,
-1.74354686621606));
#2764=CARTESIAN_POINT('Ctrl Pts',(-0.215700787611947,0.0965991483669627,
-1.74354686621606));
#2765=CARTESIAN_POINT('Ctrl Pts',(-0.283839576592598,0.0965991483669627,
-1.74354686621606));
#2766=CARTESIAN_POINT('Ctrl Pts',(-0.328124999999996,0.0965991483669627,
-1.74354686621606));
#2767=CARTESIAN_POINT('Ctrl Pts',(-0.103178900691663,0.0965991483669627,
-1.74354686621606));
#2768=CARTESIAN_POINT('Ctrl Pts',(-0.103178900691663,0.09542355942713,-1.74354686621606));
#2769=CARTESIAN_POINT('Ctrl Pts',(-0.110520878758324,0.0934125072388505,
-1.74319963949854));
#2770=CARTESIAN_POINT('Ctrl Pts',(-0.139471196634725,0.0895250023618661,
-1.74164191325301));
#2771=CARTESIAN_POINT('Ctrl Pts',(-0.209542362786942,0.0843871379253422,
-1.73676526567017));
#2772=CARTESIAN_POINT('Ctrl Pts',(-0.275189906024242,0.0830266486855852,
-1.7296055931146));
#2773=CARTESIAN_POINT('Ctrl Pts',(-0.317334849437892,0.0844653223980782,
-1.72467405585025));
#2774=CARTESIAN_POINT('Ctrl Pts',(-0.0981153849241496,0.0965991483669628,
-1.74372275479083));
#2775=CARTESIAN_POINT('Ctrl Pts',(-0.0981153849241495,0.0933575503844351,
-1.74372275479083));
#2776=CARTESIAN_POINT('Ctrl Pts',(-0.105082344637912,0.087802556611107,
-1.74296281799987));
#2777=CARTESIAN_POINT('Ctrl Pts',(-0.132529762796768,0.0768533591382736,
-1.739539244423));
#2778=CARTESIAN_POINT('Ctrl Pts',(-0.198763993389697,0.061246995986989,
-1.72871266406359));
#2779=CARTESIAN_POINT('Ctrl Pts',(-0.260035820831704,0.0530759592508801,
-1.71192937939202));
#2780=CARTESIAN_POINT('Ctrl Pts',(-0.298492420023275,0.0519817136173506,
-1.69897888978869));
#2781=CARTESIAN_POINT('Ctrl Pts',(-0.0930732227372574,0.0965991483669627,
-1.74420567348839));
#2782=CARTESIAN_POINT('Ctrl Pts',(-0.0930732227372573,0.0912849833816209,
-1.74420567348839));
#2783=CARTESIAN_POINT('Ctrl Pts',(-0.0996913596018516,0.0821636270506345,
-1.74338194279923));
#2784=CARTESIAN_POINT('Ctrl Pts',(-0.125778585361793,0.0639415870537636,
-1.73967078847169));
#2785=CARTESIAN_POINT('Ctrl Pts',(-0.188861165467484,0.036704844671604,
-1.72781996421759));
#2786=CARTESIAN_POINT('Ctrl Pts',(-0.247716642771959,0.0180052662372015,
-1.70910252469971));
#2787=CARTESIAN_POINT('Ctrl Pts',(-0.285307100838526,0.0096074600537691,
-1.69362743006882));
#2788=CARTESIAN_POINT('Ctrl Pts',(-0.0909191480590173,0.0965991483669627,
-1.74446874247091));
#2789=CARTESIAN_POINT('Ctrl Pts',(-0.0909191480590171,0.0903967405357955,
-1.74446874247091));
#2790=CARTESIAN_POINT('Ctrl Pts',(-0.0973957525642463,0.0797468472049787,
-1.74368082063767));
#2791=CARTESIAN_POINT('Ctrl Pts',(-0.122944864223846,0.0584072892658214,
-1.7401299171089));
#2792=CARTESIAN_POINT('Ctrl Pts',(-0.184886389381667,0.0261862494068344,
-1.72875330819096));
#2793=CARTESIAN_POINT('Ctrl Pts',(-0.243291065650798,0.0029727437199442,
-1.71062375315571));
#2794=CARTESIAN_POINT('Ctrl Pts',(-0.281249999999996,-0.00854485376563654,
-1.69526860816522));
#2795=CARTESIAN_POINT('',(-0.0981736102028911,0.0802368799990744,-1.74354686621606));
#2796=CARTESIAN_POINT('',(-0.254983754321875,2.50068327812326E-10,-1.70532494995705));
#2797=CARTESIAN_POINT('Ctrl Pts',(-0.0982124483431218,0.0802708692121013,
-1.74354148382316));
#2798=CARTESIAN_POINT('Ctrl Pts',(-0.101885488021674,0.0759970767806776,
-1.7430567902844));
#2799=CARTESIAN_POINT('Ctrl Pts',(-0.123074369874889,0.0583399223946703,
-1.74010613120533));
#2800=CARTESIAN_POINT('Ctrl Pts',(-0.176139147068059,0.0307364318978991,
-1.73035988721301));
#2801=CARTESIAN_POINT('Ctrl Pts',(-0.225449621463828,0.0102282302335252,
-1.7159923527273));
#2802=CARTESIAN_POINT('Ctrl Pts',(-0.254981662373061,-3.18146802883975E-6,
-1.70532177600928));
#2803=CARTESIAN_POINT('Ctrl Pts',(-0.254983755765795,1.01345187049709E-17,
-1.70532494943506));
#2804=CARTESIAN_POINT('Ctrl Pts',(-0.264446541565016,1.01623827003114E-17,
-1.70190403448653));
#2805=CARTESIAN_POINT('Ctrl Pts',(-0.273888225115502,1.02103567567771E-17,
-1.69840108332161));
#2806=CARTESIAN_POINT('Ctrl Pts',(-0.283275834121932,1.01749804495664E-17,
-1.6947828930101));
#2807=CARTESIAN_POINT('',(-0.106072339402187,0.0965991483669627,-1.74354686621606));
#2808=CARTESIAN_POINT('',(0.,0.0965991483669627,-1.74354686621606));
#2809=CARTESIAN_POINT('Ctrl Pts',(-0.106072339402187,0.0965991483669627,
-1.74354686621606));
#2810=CARTESIAN_POINT('Ctrl Pts',(-0.106071486838599,0.0965991483669627,
-1.74354686621606));
#2811=CARTESIAN_POINT('Ctrl Pts',(-0.10607010485382,0.096599120369889,-1.74354686621606));
#2812=CARTESIAN_POINT('Ctrl Pts',(-0.106067363766852,0.0965990567044104,
-1.74354686621606));
#2813=CARTESIAN_POINT('Ctrl Pts',(-0.106065382368367,0.0965989908548399,
-1.74354686621606));
#2814=CARTESIAN_POINT('Ctrl Pts',(-0.106059199764216,0.0965987473521671,
-1.74354686621606));
#2815=CARTESIAN_POINT('Ctrl Pts',(-0.106054775180987,0.0965985128677369,
-1.74354686621606));
#2816=CARTESIAN_POINT('Ctrl Pts',(-0.10604157343618,0.0965976957069929,
-1.74354686621606));
#2817=CARTESIAN_POINT('Ctrl Pts',(-0.106032422022818,0.0965969617147387,
-1.74354686621606));
#2818=CARTESIAN_POINT('Ctrl Pts',(-0.106005460508586,0.0965944624028833,
-1.74354686621606));
#2819=CARTESIAN_POINT('Ctrl Pts',(-0.10598701267662,0.0965922891809926,
-1.74354686621606));
#2820=CARTESIAN_POINT('Ctrl Pts',(-0.10593277131284,0.0965849464507138,
-1.74354686621606));
#2821=CARTESIAN_POINT('Ctrl Pts',(-0.105895874014945,0.0965786513729253,
-1.74354686621606));
#2822=CARTESIAN_POINT('Ctrl Pts',(-0.105787275492201,0.0965574037757318,
-1.74354686621606));
#2823=CARTESIAN_POINT('Ctrl Pts',(-0.105713749173989,0.0965392871613453,
-1.74354686621606));
#2824=CARTESIAN_POINT('Ctrl Pts',(-0.105496793612583,0.096477909501619,
-1.74354686621606));
#2825=CARTESIAN_POINT('Ctrl Pts',(-0.105350976895491,0.0964256000783119,
-1.74354686621606));
#2826=CARTESIAN_POINT('Ctrl Pts',(-0.104918560277388,0.0962465085084375,
-1.74354686621606));
#2827=CARTESIAN_POINT('Ctrl Pts',(-0.104632417648528,0.0960932311692089,
-1.74354686621606));
#2828=CARTESIAN_POINT('Ctrl Pts',(-0.103774460391313,0.0955551200909782,
-1.74354686621606));
#2829=CARTESIAN_POINT('Ctrl Pts',(-0.103229141122188,0.0950891816417307,
-1.74354686621606));
#2830=CARTESIAN_POINT('Ctrl Pts',(-0.101721650243072,0.0935231059252069,
-1.74354686621606));
#2831=CARTESIAN_POINT('Ctrl Pts',(-0.10073882238913,0.0920569686269394,
-1.74354686621589));
#2832=CARTESIAN_POINT('Ctrl Pts',(-0.0988746391487126,0.0875953583711649,
-1.74354686621589));
#2833=CARTESIAN_POINT('Ctrl Pts',(-0.0981736102028902,0.0842885297577294,
-1.74354686621606));
#2834=CARTESIAN_POINT('Ctrl Pts',(-0.0981736102028901,0.080236879999815,
-1.74354686621606));
#2835=CARTESIAN_POINT('Origin',(0.,0.0482995741834806,-1.));
#2836=CARTESIAN_POINT('',(-0.453125,-1.08181180549105E-15,-1.59764348434079));
#2837=CARTESIAN_POINT('Origin',(0.,-1.09273919746571E-15,-1.));
#2838=CARTESIAN_POINT('',(-0.453125,0.0482995741834806,-1.59764348434079));
#2839=CARTESIAN_POINT('Ctrl Pts',(0.451410722487073,0.096599228072819,-1.63917841201865));
#2840=CARTESIAN_POINT('Ctrl Pts',(0.4514105934945,0.0965991483669656,-1.63917845453856));
#2841=CARTESIAN_POINT('Ctrl Pts',(0.451248558810451,0.0965991483669656,
-1.64018402040128));
#2842=CARTESIAN_POINT('Ctrl Pts',(0.450185969820326,0.0965991483669656,
-1.64588378142267));
#2843=CARTESIAN_POINT('Ctrl Pts',(0.446950378124925,0.0965991483669657,
-1.658985053452));
#2844=CARTESIAN_POINT('Ctrl Pts',(0.437638035535331,0.0965991483669657,
-1.68080797248741));
#2845=CARTESIAN_POINT('Ctrl Pts',(0.419874722133706,0.0965991483669657,
-1.70558886297108));
#2846=CARTESIAN_POINT('Ctrl Pts',(0.392467854116314,0.0965991483669658,
-1.72773003045273));
#2847=CARTESIAN_POINT('Ctrl Pts',(0.367486716965198,0.0965991483669657,
-1.73789108682247));
#2848=CARTESIAN_POINT('Ctrl Pts',(0.345784413533656,0.0965991483669657,
-1.74268138156926));
#2849=CARTESIAN_POINT('Ctrl Pts',(0.335357126401801,0.0965991483669656,
-1.74354686621606));
#2850=CARTESIAN_POINT('Ctrl Pts',(0.328125,0.0965991483669656,-1.74354686621606));
#2851=CARTESIAN_POINT('Ctrl Pts',(0.454115978091222,0.0965991483669656,
-1.62301222727461));
#2852=CARTESIAN_POINT('Ctrl Pts',(0.454115978091222,0.095286991068489,-1.62301222727461));
#2853=CARTESIAN_POINT('Ctrl Pts',(0.45354399456384,0.0926423986250622,-1.62401451638203));
#2854=CARTESIAN_POINT('Ctrl Pts',(0.450281755998899,0.0881518126056288,
-1.62961674178088));
#2855=CARTESIAN_POINT('Ctrl Pts',(0.442734490278686,0.0847843594543159,
-1.64214009025566));
#2856=CARTESIAN_POINT('Ctrl Pts',(0.428782534139189,0.0841005683843216,
-1.66206612267358));
#2857=CARTESIAN_POINT('Ctrl Pts',(0.408274890012447,0.0850315979278515,
-1.68442355974457));
#2858=CARTESIAN_POINT('Ctrl Pts',(0.380308314732719,0.0858130214363141,
-1.70501492006096));
#2859=CARTESIAN_POINT('Ctrl Pts',(0.355929119227358,0.0854793807590526,
-1.71560654100432));
#2860=CARTESIAN_POINT('Ctrl Pts',(0.334762063102217,0.0849117580279588,
-1.72178265636719));
#2861=CARTESIAN_POINT('Ctrl Pts',(0.324533242787793,0.0846022064964162,
-1.72371553477577));
#2862=CARTESIAN_POINT('Ctrl Pts',(0.317334849437897,0.0844653223980812,
-1.72467405585025));
#2863=CARTESIAN_POINT('Ctrl Pts',(0.464490381184958,0.0965991483669655,
-1.59567685961591));
#2864=CARTESIAN_POINT('Ctrl Pts',(0.464490381184958,0.0926122075543218,
-1.59567685961591));
#2865=CARTESIAN_POINT('Ctrl Pts',(0.463305158929915,0.0845839648887356,
-1.59673046636596));
#2866=CARTESIAN_POINT('Ctrl Pts',(0.456714734866532,0.0704572279183436,
-1.6025448752772));
#2867=CARTESIAN_POINT('Ctrl Pts',(0.442294440390583,0.0582416649525488,
-1.61495923924309));
#2868=CARTESIAN_POINT('Ctrl Pts',(0.419882033663301,0.0520876208938399,
-1.63304221550288));
#2869=CARTESIAN_POINT('Ctrl Pts',(0.39317261404446,0.0508514285669416,-1.65241080874992));
#2870=CARTESIAN_POINT('Ctrl Pts',(0.362510094768226,0.051163236218052,-1.67116874349916));
#2871=CARTESIAN_POINT('Ctrl Pts',(0.337942278481217,0.0509957260528673,
-1.68319107782633));
#2872=CARTESIAN_POINT('Ctrl Pts',(0.316539535401819,0.0510978214996515,
-1.69230627894112));
#2873=CARTESIAN_POINT('Ctrl Pts',(0.306067343205278,0.051396949978776,-1.69628803768775));
#2874=CARTESIAN_POINT('Ctrl Pts',(0.298492449847656,0.0519816590310279,
-1.69897899861151));
#2875=CARTESIAN_POINT('Ctrl Pts',(0.483326758163645,0.0965991483669654,
-1.57362563530016));
#2876=CARTESIAN_POINT('Ctrl Pts',(0.483326758163645,0.0896366740830777,
-1.57362563530016));
#2877=CARTESIAN_POINT('Ctrl Pts',(0.4817466489787,0.0756081496756528,-1.57495685708417));
#2878=CARTESIAN_POINT('Ctrl Pts',(0.472964091477585,0.0504050931850045,
-1.58224463970977));
#2879=CARTESIAN_POINT('Ctrl Pts',(0.453762567400209,0.0267873995775013,
-1.59753783612544));
#2880=CARTESIAN_POINT('Ctrl Pts',(0.424634799109382,0.0113126144103824,
-1.61861431355088));
#2881=CARTESIAN_POINT('Ctrl Pts',(0.391969033219759,0.00426065605063197,
-1.63982861747879));
#2882=CARTESIAN_POINT('Ctrl Pts',(0.357173057736412,0.00220704714023248,
-1.65989097064532));
#2883=CARTESIAN_POINT('Ctrl Pts',(0.330152725942615,0.00297747864775435,
-1.67358696225809));
#2884=CARTESIAN_POINT('Ctrl Pts',(0.306151086999148,0.00537775190391257,
-1.68477301322916));
#2885=CARTESIAN_POINT('Ctrl Pts',(0.294165444781236,0.00740206398873234,
-1.6899772934716));
#2886=CARTESIAN_POINT('Ctrl Pts',(0.28530710083853,0.00960746005377082,
-1.69362743006882));
#2887=CARTESIAN_POINT('Ctrl Pts',(0.492596731704857,0.0965991483669653,
-1.56555146530947));
#2888=CARTESIAN_POINT('Ctrl Pts',(0.492596731704857,0.0883616560031629,
-1.56555146530947));
#2889=CARTESIAN_POINT('Ctrl Pts',(0.490882061071232,0.071761573625681,-1.56704918023053));
#2890=CARTESIAN_POINT('Ctrl Pts',(0.481351792318964,0.0418125470609349,
-1.57524236652104));
#2891=CARTESIAN_POINT('Ctrl Pts',(0.460488195935745,0.0133086952019857,
-1.59237505400474));
#2892=CARTESIAN_POINT('Ctrl Pts',(0.428953454222206,-0.00615547747001602,
-1.61567485260596));
#2893=CARTESIAN_POINT('Ctrl Pts',(0.394044594427021,-0.0156926583633059,
-1.63860854208177));
#2894=CARTESIAN_POINT('Ctrl Pts',(0.357452708280209,-0.0187565252063907,
-1.65979017785966));
#2895=CARTESIAN_POINT('Ctrl Pts',(0.329087415506234,-0.0175857365767493,
-1.67413574878162));
#2896=CARTESIAN_POINT('Ctrl Pts',(0.303628395248858,-0.0142044089824733,
-1.68590701910309));
#2897=CARTESIAN_POINT('Ctrl Pts',(0.29080135825224,-0.0114429514513572,
-1.69140489351322));
#2898=CARTESIAN_POINT('Ctrl Pts',(0.28125,-0.00854485376563522,-1.69526860816522));
#2899=CARTESIAN_POINT('',(0.283275834121935,0.,-1.6947828930101));
#2900=CARTESIAN_POINT('',(0.437605204296597,4.97873259461246E-11,-1.60909907664725));
#2901=CARTESIAN_POINT('Ctrl Pts',(0.437605204113952,-2.73184799366426E-18,
-1.60909907677847));
#2902=CARTESIAN_POINT('Ctrl Pts',(0.432253260788422,-3.09766598615241E-18,
-1.6129441626449));
#2903=CARTESIAN_POINT('Ctrl Pts',(0.420118394615251,-8.19554398099279E-18,
-1.62165789746276));
#2904=CARTESIAN_POINT('Ctrl Pts',(0.399982901766783,-8.19554398099279E-18,
-1.63541520909615));
#2905=CARTESIAN_POINT('Ctrl Pts',(0.38959179897205,2.20251725256957E-17,
-1.64213001434472));
#2906=CARTESIAN_POINT('Ctrl Pts',(0.361753523476962,2.15925302592815E-17,
-1.65883595575127));
#2907=CARTESIAN_POINT('Ctrl Pts',(0.34458019916041,2.21018521695809E-16,
-1.66798858940925));
#2908=CARTESIAN_POINT('Ctrl Pts',(0.315125680922564,2.21450580032465E-16,
-1.68180942744614));
#2909=CARTESIAN_POINT('Ctrl Pts',(0.303654865153597,-1.16826156692973E-15,
-1.68672977999325));
#2910=CARTESIAN_POINT('Ctrl Pts',(0.288792312265717,-1.16777404706121E-15,
-1.69264150891129));
#2911=CARTESIAN_POINT('Ctrl Pts',(0.286038357727712,2.19502823525618E-17,
-1.69371815585085));
#2912=CARTESIAN_POINT('Ctrl Pts',(0.283275834121935,2.18547839493141E-17,
-1.6947828930101));
#2913=CARTESIAN_POINT('',(0.328125,0.0965991483669627,-1.74354686621606));
#2914=CARTESIAN_POINT('Origin',(0.328125,-0.00854485376563516,-1.81114670952609));
#2915=CARTESIAN_POINT('',(0.4514105934945,0.0965991483669656,-1.63917845453856));
#2916=CARTESIAN_POINT('Origin',(0.328125,0.0965991483669653,-1.61854686621606));
#2917=CARTESIAN_POINT('',(0.453125,0.0794463231345217,-1.61854686621609));
#2918=CARTESIAN_POINT('Ctrl Pts',(0.4514105934945,0.0965991483669656,-1.63917845453856));
#2919=CARTESIAN_POINT('Ctrl Pts',(0.451412457819781,0.0965991483669656,
-1.63916731412391));
#2920=CARTESIAN_POINT('Ctrl Pts',(0.45141547600502,0.0965984128120609,-1.63914926058589));
#2921=CARTESIAN_POINT('Ctrl Pts',(0.451426693205677,0.0965952758500805,
-1.63908209643411));
#2922=CARTESIAN_POINT('Ctrl Pts',(0.451437085155445,0.096589778122469,-1.63901960857816));
#2923=CARTESIAN_POINT('Ctrl Pts',(0.451471179455912,0.0965674016420158,
-1.63881364523531));
#2924=CARTESIAN_POINT('Ctrl Pts',(0.45149652164484,0.0965425592338896,-1.63865880631404));
#2925=CARTESIAN_POINT('Ctrl Pts',(0.451577519083392,0.0964468175032472,
-1.63815816697296));
#2926=CARTESIAN_POINT('Ctrl Pts',(0.451634599242709,0.0963507082562151,
-1.63779529763073));
#2927=CARTESIAN_POINT('Ctrl Pts',(0.451803125391744,0.0960078634118406,
-1.63669360712846));
#2928=CARTESIAN_POINT('Ctrl Pts',(0.451912013941195,0.0956926056449032,
-1.63593371867968));
#2929=CARTESIAN_POINT('Ctrl Pts',(0.452217086169131,0.0945982874620334,
-1.63366616269468));
#2930=CARTESIAN_POINT('Ctrl Pts',(0.452390071810681,0.093632843390149,-1.63215419538954));
#2931=CARTESIAN_POINT('Ctrl Pts',(0.452792054550855,0.090591266008409,-1.62805903670244));
#2932=CARTESIAN_POINT('Ctrl Pts',(0.45298275492827,0.0878683647902606,-1.62518241040182));
#2933=CARTESIAN_POINT('Ctrl Pts',(0.45310719364525,0.0828362128273752,-1.62100642390266));
#2934=CARTESIAN_POINT('Ctrl Pts',(0.453125,0.0811968357066627,-1.61976261819076));
#2935=CARTESIAN_POINT('Ctrl Pts',(0.453125,0.079446323134521,-1.61854686621609));
#2936=CARTESIAN_POINT('',(0.453124999992397,0.0102832771034478,-1.59764348434655));
#2937=CARTESIAN_POINT('Ctrl Pts',(0.453125,0.0794463231345216,-1.61854686621609));
#2938=CARTESIAN_POINT('Ctrl Pts',(0.453125,0.0729991615834607,-1.61406923520023));
#2939=CARTESIAN_POINT('Ctrl Pts',(0.453125000000001,0.0637676320881965,
-1.60862572668309));
#2940=CARTESIAN_POINT('Ctrl Pts',(0.453125000000001,0.038249557630358,-1.59983635653467));
#2941=CARTESIAN_POINT('Ctrl Pts',(0.453125,0.0242910983573383,-1.59764348434079));
#2942=CARTESIAN_POINT('Ctrl Pts',(0.453125,0.0102832771155986,-1.59764348434079));
#2943=CARTESIAN_POINT('Ctrl Pts',(0.453124854683621,0.0102855377567164,
-1.5976456842638));
#2944=CARTESIAN_POINT('Ctrl Pts',(0.448173891779472,0.00631562862300901,
-1.60139816716614));
#2945=CARTESIAN_POINT('Ctrl Pts',(0.442978997314141,0.00291968824471905,
-1.60523726779248));
#2946=CARTESIAN_POINT('Ctrl Pts',(0.437605821037356,-3.42651174468998E-6,
-1.60909770674444));
#2947=CARTESIAN_POINT('Ctrl Pts',(0.328124999999995,0.0965991483669627,
-1.74354686621606));
#2948=CARTESIAN_POINT('Ctrl Pts',(0.294931650717721,0.0965991483669627,
-1.74354686621606));
#2949=CARTESIAN_POINT('Ctrl Pts',(0.23813340960964,0.0965991483669627,-1.74354686621607));
#2950=CARTESIAN_POINT('Ctrl Pts',(0.171217359541426,0.0965991483669627,
-1.74354686621606));
#2951=CARTESIAN_POINT('Ctrl Pts',(0.133357889345892,0.0965991483669627,
-1.74354686621607));
#2952=CARTESIAN_POINT('Ctrl Pts',(0.113619686244332,0.0965991483669627,
-1.74354686621606));
#2953=CARTESIAN_POINT('Ctrl Pts',(0.106072339402188,0.0965991483669627,
-1.74354686621606));
#2954=CARTESIAN_POINT('Ctrl Pts',(0.106072207995525,0.0965992272390202,
-1.74354690243121));
#2955=CARTESIAN_POINT('Ctrl Pts',(0.317334849437891,0.0844653223980782,
-1.72467405585025));
#2956=CARTESIAN_POINT('Ctrl Pts',(0.285745858759364,0.0833869901756966,
-1.72837040165253));
#2957=CARTESIAN_POINT('Ctrl Pts',(0.231176974146389,0.0838176493928175,
-1.7344441789809));
#2958=CARTESIAN_POINT('Ctrl Pts',(0.166418180290608,0.0874460186998931,
-1.73984052399259));
#2959=CARTESIAN_POINT('Ctrl Pts',(0.129682092107125,0.0908038665379821,
-1.74216894558557));
#2960=CARTESIAN_POINT('Ctrl Pts',(0.110512834954518,0.093429889103768,-1.74320080942222));
#2961=CARTESIAN_POINT('Ctrl Pts',(0.103178900691665,0.0954323096365586,
-1.74354686621606));
#2962=CARTESIAN_POINT('Ctrl Pts',(0.103178900691665,0.0965991483669627,
-1.74354686621606));
#2963=CARTESIAN_POINT('Ctrl Pts',(0.298492420023274,0.0519817136173506,
-1.69897888978869));
#2964=CARTESIAN_POINT('Ctrl Pts',(0.269667961974602,0.0528018859160371,
-1.70868569829824));
#2965=CARTESIAN_POINT('Ctrl Pts',(0.218999707788903,0.0583477094656416,
-1.7233507748001));
#2966=CARTESIAN_POINT('Ctrl Pts',(0.158013508296132,0.0706289922701265,
-1.73553237820503));
#2967=CARTESIAN_POINT('Ctrl Pts',(0.12324817642867,0.0804552995335382,-1.74070070705105));
#2968=CARTESIAN_POINT('Ctrl Pts',(0.105074708213501,0.087853081169832,-1.74296232260346));
#2969=CARTESIAN_POINT('Ctrl Pts',(0.0981153849241508,0.0933816784280646,
-1.74372275479082));
#2970=CARTESIAN_POINT('Ctrl Pts',(0.0981153849241509,0.0965991483669627,
-1.74372275479082));
#2971=CARTESIAN_POINT('Ctrl Pts',(0.285307100838525,0.00960746005376918,
-1.69362743006882));
#2972=CARTESIAN_POINT('Ctrl Pts',(0.25713184342243,0.0159018859032676,-1.70522651125032));
#2973=CARTESIAN_POINT('Ctrl Pts',(0.208269683399629,0.0303940192222257,
-1.72186703102388));
#2974=CARTESIAN_POINT('Ctrl Pts',(0.150041256464336,0.0531561876622639,
-1.73529605679845));
#2975=CARTESIAN_POINT('Ctrl Pts',(0.116957747007913,0.069940541916366,-1.74092582206188));
#2976=CARTESIAN_POINT('Ctrl Pts',(0.0996840345119619,0.0822453458002752,
-1.74338294011435));
#2977=CARTESIAN_POINT('Ctrl Pts',(0.0930732227372587,0.0913245380720273,
-1.74420567348839));
#2978=CARTESIAN_POINT('Ctrl Pts',(0.0930732227372588,0.0965991483669627,
-1.74420567348839));
#2979=CARTESIAN_POINT('Ctrl Pts',(0.281249999999995,-0.00854485376563643,
-1.69526860816522));
#2980=CARTESIAN_POINT('Ctrl Pts',(0.252798557758047,8.79560127532978E-5,
-1.70677778323306));
#2981=CARTESIAN_POINT('Ctrl Pts',(0.204114351093978,0.0184131881827158,
-1.72300069651093));
#2982=CARTESIAN_POINT('Ctrl Pts',(0.146757736749794,0.0456666237101653,
-1.73593195768278));
#2983=CARTESIAN_POINT('Ctrl Pts',(0.11430676229648,0.0654339453339198,-1.74133013554397));
#2984=CARTESIAN_POINT('Ctrl Pts',(0.0973883024951413,0.0798417998128046,
-1.74368178301918));
#2985=CARTESIAN_POINT('Ctrl Pts',(0.0909191480590186,0.0904429066450926,
-1.74446874247091));
#2986=CARTESIAN_POINT('Ctrl Pts',(0.0909191480590187,0.0965991483669627,
-1.74446874247091));
#2987=CARTESIAN_POINT('',(0.254983754279921,2.57334300412819E-10,-1.70532494997222));
#2988=CARTESIAN_POINT('',(0.0981736102028911,0.0802368799991471,-1.74354686621606));
#2989=CARTESIAN_POINT('Ctrl Pts',(0.254984172750689,9.08958461015357E-6,
-1.70531737155667));
#2990=CARTESIAN_POINT('Ctrl Pts',(0.234975145073053,0.006955551767808,-1.71254384730077));
#2991=CARTESIAN_POINT('Ctrl Pts',(0.195350377109211,0.022577457686575,-1.72497656691046));
#2992=CARTESIAN_POINT('Ctrl Pts',(0.146757736749794,0.0456666237101653,
-1.73593195768278));
#2993=CARTESIAN_POINT('Ctrl Pts',(0.11444842608059,0.065347651666931,-1.7413065699557));
#2994=CARTESIAN_POINT('Ctrl Pts',(0.101876543548059,0.0760199386375831,
-1.74305788293816));
#2995=CARTESIAN_POINT('Ctrl Pts',(0.0982293442844076,0.0802853884869811,
-1.74353931115233));
#2996=CARTESIAN_POINT('',(0.106072339402188,0.0965991483669627,-1.74354686621606));
#2997=CARTESIAN_POINT('Ctrl Pts',(0.0981736102028911,0.0802368799998161,
-1.74354686621606));
#2998=CARTESIAN_POINT('Ctrl Pts',(0.0981736102028912,0.0842885183965131,
-1.74354686621606));
#2999=CARTESIAN_POINT('Ctrl Pts',(0.0988746352178275,0.087595339710641,
-1.74354686621579));
#3000=CARTESIAN_POINT('Ctrl Pts',(0.100738814282428,0.0920569560429078,
-1.74354686621579));
#3001=CARTESIAN_POINT('Ctrl Pts',(0.101721645051532,0.0935231000324369,
-1.74354686621606));
#3002=CARTESIAN_POINT('Ctrl Pts',(0.103229131099717,0.0950891714671592,
-1.74354686621606));
#3003=CARTESIAN_POINT('Ctrl Pts',(0.103774439808116,0.0955551026147434,
-1.74354686621606));
#3004=CARTESIAN_POINT('Ctrl Pts',(0.104632386813776,0.0960932139186396,
-1.74354686621606));
#3005=CARTESIAN_POINT('Ctrl Pts',(0.104918530876475,0.0962464941272772,
-1.74354686621606));
#3006=CARTESIAN_POINT('Ctrl Pts',(0.105350956708761,0.0964255927767266,
-1.74354686621606));
#3007=CARTESIAN_POINT('Ctrl Pts',(0.105496781414654,0.096477905833333,-1.74354686621606));
#3008=CARTESIAN_POINT('Ctrl Pts',(0.105713752417253,0.0965392881856755,
-1.74354686621606));
#3009=CARTESIAN_POINT('Ctrl Pts',(0.105787286862706,0.0965574066558394,
-1.74354686621606));
#3010=CARTESIAN_POINT('Ctrl Pts',(0.105895898885513,0.0965786559135245,
-1.74354686621606));
#3011=CARTESIAN_POINT('Ctrl Pts',(0.105932802654557,0.0965849515864661,
-1.74354686621606));
#3012=CARTESIAN_POINT('Ctrl Pts',(0.10598705333131,0.0965922942391998,-1.74354686621606));
#3013=CARTESIAN_POINT('Ctrl Pts',(0.106005505332801,0.0965944673872383,
-1.74354686621606));
#3014=CARTESIAN_POINT('Ctrl Pts',(0.106032470855177,0.096596965829037,-1.74354686621606));
#3015=CARTESIAN_POINT('Ctrl Pts',(0.106041623518606,0.0965976994436973,
-1.74354686621606));
#3016=CARTESIAN_POINT('Ctrl Pts',(0.10605482287646,0.0965985155098272,-1.74354686621606));
#3017=CARTESIAN_POINT('Ctrl Pts',(0.106059245142279,0.096598749539697,-1.74354686621606));
#3018=CARTESIAN_POINT('Ctrl Pts',(0.10606541922138,0.0965989921247375,-1.74354686621606));
#3019=CARTESIAN_POINT('Ctrl Pts',(0.106067395233142,0.0965990576168919,
-1.74354686621606));
#3020=CARTESIAN_POINT('Ctrl Pts',(0.106070298507225,0.0965991247671559,
-1.74354686621606));
#3021=CARTESIAN_POINT('Ctrl Pts',(0.106073359895154,0.0965991483669627,
-1.74354686621606));
#3022=CARTESIAN_POINT('Ctrl Pts',(0.106072339402188,0.0965991483669627,
-1.74354686621606));
#3023=CARTESIAN_POINT('',(0.,0.0965991483669627,-1.74354686621606));
#3024=CARTESIAN_POINT('Ctrl Pts',(0.283275834121931,3.69268041685099E-17,
-1.69478289301011));
#3025=CARTESIAN_POINT('Ctrl Pts',(0.273888225115506,3.66996519159609E-17,
-1.69840108332161));
#3026=CARTESIAN_POINT('Ctrl Pts',(0.26444654156503,3.67067950799721E-17,
-1.70190403448653));
#3027=CARTESIAN_POINT('Ctrl Pts',(0.254983755765796,3.72503671625955E-17,
-1.70532494943506));
#3028=CARTESIAN_POINT('Origin',(0.,0.0482995741834806,-1.));
#3029=CARTESIAN_POINT('',(0.453125,-1.08181180549105E-15,-1.59764348434079));
#3030=CARTESIAN_POINT('',(0.453125,0.0482995741834806,-1.59764348434079));
#3031=CARTESIAN_POINT('Origin',(0.,-1.09273919746571E-15,-1.));
#3032=CARTESIAN_POINT('Origin',(0.,0.0482995741834806,-1.));
#3033=CARTESIAN_POINT('',(-0.0981736102028911,0.0965991483669623,-1.74354686621606));
#3034=CARTESIAN_POINT('',(-0.0981736102028911,0.0482995741834806,-1.74354686621606));
#3035=CARTESIAN_POINT('',(0.0981736102028911,0.0965991483669623,-1.74354686621606));
#3036=CARTESIAN_POINT('Origin',(0.,0.0965991483669623,-1.));
#3037=CARTESIAN_POINT('',(0.0981736102028911,0.0482995741834806,-1.74354686621606));
#3038=CARTESIAN_POINT('Origin',(0.,-1.09273919746571E-15,-1.));
#3039=CARTESIAN_POINT('Origin',(0.,0.321599148366962,-1.));
#3040=CARTESIAN_POINT('',(0.135999171504701,0.253645055222287,-0.744697751574496));
#3041=CARTESIAN_POINT('',(-0.135999171504551,0.253645055222778,-0.744697751574777));
#3042=CARTESIAN_POINT('Origin',(-8.85622728870778E-18,0.253645055222287,
-1.));
#3043=CARTESIAN_POINT('',(-0.346203626939619,0.196599148366962,-0.811526422694681));
#3044=CARTESIAN_POINT('Ctrl Pts',(-0.135999171504552,0.253645055222777,
-0.744697751574777));
#3045=CARTESIAN_POINT('Ctrl Pts',(-0.136249090111984,0.253559939452207,
-0.744768418905576));
#3046=CARTESIAN_POINT('Ctrl Pts',(-0.136498947961764,0.253474744609895,
-0.74483920770595));
#3047=CARTESIAN_POINT('Ctrl Pts',(-0.189184686191449,0.235489646576931,
-0.759794969863877));
#3048=CARTESIAN_POINT('Ctrl Pts',(-0.238583411820755,0.214751636466041,
-0.780110396838274));
#3049=CARTESIAN_POINT('Ctrl Pts',(-0.305516328353494,0.199711569647248,
-0.801958832653545));
#3050=CARTESIAN_POINT('Ctrl Pts',(-0.326046824538732,0.196599148366962,
-0.807994390015231));
#3051=CARTESIAN_POINT('Ctrl Pts',(-0.346203626939619,0.196599148366962,
-0.811526422694681));
#3052=CARTESIAN_POINT('',(0.346203626939619,0.196599148366962,-0.811526422694681));
#3053=CARTESIAN_POINT('Origin',(0.,0.196599148366962,-1.));
#3054=CARTESIAN_POINT('Ctrl Pts',(0.135999171504552,0.253645055222777,-0.744697751574777));
#3055=CARTESIAN_POINT('Ctrl Pts',(0.136249090111692,0.253559939452306,-0.744768418905494));
#3056=CARTESIAN_POINT('Ctrl Pts',(0.13649894796206,0.253474744609802,-0.74483920770604));
#3057=CARTESIAN_POINT('Ctrl Pts',(0.189184686184534,0.235489646578905,-0.759794969861631));
#3058=CARTESIAN_POINT('Ctrl Pts',(0.238583411819879,0.214751636466238,-0.780110396837989));
#3059=CARTESIAN_POINT('Ctrl Pts',(0.305516328353494,0.199711569647248,-0.801958832653545));
#3060=CARTESIAN_POINT('Ctrl Pts',(0.326046824538732,0.196599148366962,-0.807994390015231));
#3061=CARTESIAN_POINT('Ctrl Pts',(0.346203626939619,0.196599148366962,-0.811526422694681));
#3062=CARTESIAN_POINT('Ctrl Pts',(-0.391569131149486,0.196599148285644,
-0.815582343101662));
#3063=CARTESIAN_POINT('Ctrl Pts',(-0.36071714382919,0.226475565792245,-0.807467338341265));
#3064=CARTESIAN_POINT('Ctrl Pts',(-0.296646732244875,0.283906005956587,
-0.791868135551226));
#3065=CARTESIAN_POINT('Ctrl Pts',(-0.189661549717914,0.357514387133205,
-0.77187469545683));
#3066=CARTESIAN_POINT('Ctrl Pts',(-0.0670652289315268,0.406664416029966,
-0.758524610280696));
#3067=CARTESIAN_POINT('Ctrl Pts',(0.0669915353276417,0.406533968926877,
-0.758560042201618));
#3068=CARTESIAN_POINT('Ctrl Pts',(0.189701697270739,0.357445752043479,-0.771893338056122));
#3069=CARTESIAN_POINT('Ctrl Pts',(0.296657196654749,0.283878651488648,-0.791875565546388));
#3070=CARTESIAN_POINT('Ctrl Pts',(0.36071714382919,0.226475565792245,-0.807467338341265));
#3071=CARTESIAN_POINT('Ctrl Pts',(0.391569131149486,0.196599148285644,-0.815582343101662));
#3072=CARTESIAN_POINT('Ctrl Pts',(-0.371203292174862,0.177013278390192,
-0.82090223888244));
#3073=CARTESIAN_POINT('Ctrl Pts',(-0.341485932056896,0.206932178533622,
-0.812758827123652));
#3074=CARTESIAN_POINT('Ctrl Pts',(-0.279981376159985,0.264446607498341,
-0.797158810818121));
#3075=CARTESIAN_POINT('Ctrl Pts',(-0.178233261996283,0.338155396978582,
-0.777119663901634));
#3076=CARTESIAN_POINT('Ctrl Pts',(-0.0627983826616828,0.387365359930838,
-0.763742057546456));
#3077=CARTESIAN_POINT('Ctrl Pts',(0.0627330837220652,0.387235474247829,
-0.763789942632977));
#3078=CARTESIAN_POINT('Ctrl Pts',(0.178268995592108,0.338086326706395,-0.777129670294194));
#3079=CARTESIAN_POINT('Ctrl Pts',(0.27999241925854,0.264419182763803,-0.797165770827324));
#3080=CARTESIAN_POINT('Ctrl Pts',(0.341485932056896,0.206932178533622,-0.812758827123652));
#3081=CARTESIAN_POINT('Ctrl Pts',(0.371203292174862,0.177013278390192,-0.82090223888244));
#3082=CARTESIAN_POINT('Ctrl Pts',(-0.335696326789522,0.138126590321422,
-0.812727939014552));
#3083=CARTESIAN_POINT('Ctrl Pts',(-0.307925003950265,0.168391375079412,
-0.805638069370092));
#3084=CARTESIAN_POINT('Ctrl Pts',(-0.25089178009939,0.226619558380299,-0.792182201339356));
#3085=CARTESIAN_POINT('Ctrl Pts',(-0.158247570558431,0.301385987361205,
-0.77549536624765));
#3086=CARTESIAN_POINT('Ctrl Pts',(-0.0553342392881099,0.351405362628145,
-0.764770150672282));
#3087=CARTESIAN_POINT('Ctrl Pts',(0.0552838227649515,0.351272002334795,
-0.764791531463187));
#3088=CARTESIAN_POINT('Ctrl Pts',(0.158272792862109,0.301315434559355,-0.775510057161655));
#3089=CARTESIAN_POINT('Ctrl Pts',(0.250900040897671,0.226591662985199,-0.792188024023263));
#3090=CARTESIAN_POINT('Ctrl Pts',(0.307925003950265,0.168391375079412,-0.805638069370092));
#3091=CARTESIAN_POINT('Ctrl Pts',(0.335696326789522,0.138126590321422,-0.812727939014552));
#3092=CARTESIAN_POINT('Ctrl Pts',(-0.314231165312601,0.106382306181697,
-0.777464546676322));
#3093=CARTESIAN_POINT('Ctrl Pts',(-0.286875018756957,0.136506642238456,
-0.772631731796539));
#3094=CARTESIAN_POINT('Ctrl Pts',(-0.231147808123575,0.194443546485337,
-0.764073198851481));
#3095=CARTESIAN_POINT('Ctrl Pts',(-0.143079906684053,0.268818162515075,
-0.755331703571024));
#3096=CARTESIAN_POINT('Ctrl Pts',(-0.0491402125966469,0.318561526995999,
-0.751321799006053));
#3097=CARTESIAN_POINT('Ctrl Pts',(0.0491121777005016,0.318426838885729,
-0.751318018460939));
#3098=CARTESIAN_POINT('Ctrl Pts',(0.143092888171731,0.268749582072972,-0.75532367065581));
#3099=CARTESIAN_POINT('Ctrl Pts',(0.231155147100347,0.19441585970104,-0.764073302319122));
#3100=CARTESIAN_POINT('Ctrl Pts',(0.286875018756957,0.136506642238456,-0.772631731796539));
#3101=CARTESIAN_POINT('Ctrl Pts',(0.314231165312601,0.106382306181698,-0.777464546676322));
#3102=CARTESIAN_POINT('Ctrl Pts',(-0.308804475689682,0.0958798237199638,
-0.759429758556515));
#3103=CARTESIAN_POINT('Ctrl Pts',(-0.281246955435271,0.125756241226565,
-0.755543648312968));
#3104=CARTESIAN_POINT('Ctrl Pts',(-0.22530381124215,0.183186681390906,-0.749098738025479));
#3105=CARTESIAN_POINT('Ctrl Pts',(-0.137972299926488,0.256795062567524,
-0.744011261127231));
#3106=CARTESIAN_POINT('Ctrl Pts',(-0.046864790349681,0.305945091464286,
-0.743290562628902));
#3107=CARTESIAN_POINT('Ctrl Pts',(0.0468484996536586,0.305814644361196,
-0.743271577848106));
#3108=CARTESIAN_POINT('Ctrl Pts',(0.137978286050837,0.256726427477798,-0.743991048687608));
#3109=CARTESIAN_POINT('Ctrl Pts',(0.225308487346264,0.183159326922968,-0.74909603064259));
#3110=CARTESIAN_POINT('Ctrl Pts',(0.281246955435271,0.125756241226564,-0.755543648312968));
#3111=CARTESIAN_POINT('Ctrl Pts',(0.308804475689681,0.095879823719964,-0.759429758556515));
#3112=CARTESIAN_POINT('',(0.391569131177606,0.196599148312688,-0.815582343094317));
#3113=CARTESIAN_POINT('',(-0.391569131177606,0.196599148312688,-0.815582343094317));
#3114=CARTESIAN_POINT('Ctrl Pts',(0.391569131149486,0.196599148285644,-0.815582343101662));
#3115=CARTESIAN_POINT('Ctrl Pts',(0.36071714382919,0.226475565792245,-0.807467338341265));
#3116=CARTESIAN_POINT('Ctrl Pts',(0.296657196654749,0.283878651488648,-0.791875565546388));
#3117=CARTESIAN_POINT('Ctrl Pts',(0.189701697270739,0.357445752043479,-0.771893338056122));
#3118=CARTESIAN_POINT('Ctrl Pts',(0.0669915353276417,0.406533968926877,
-0.758560042201618));
#3119=CARTESIAN_POINT('Ctrl Pts',(-0.0670652289315268,0.406664416029966,
-0.758524610280696));
#3120=CARTESIAN_POINT('Ctrl Pts',(-0.189661549717914,0.357514387133205,
-0.77187469545683));
#3121=CARTESIAN_POINT('Ctrl Pts',(-0.296646732244875,0.283906005956587,
-0.791868135551226));
#3122=CARTESIAN_POINT('Ctrl Pts',(-0.36071714382919,0.226475565792245,-0.807467338341265));
#3123=CARTESIAN_POINT('Ctrl Pts',(-0.391569131149486,0.196599148285644,
-0.815582343101662));
#3124=CARTESIAN_POINT('Ctrl Pts',(-0.346203626939619,0.196599148366962,
-0.811526422694681));
#3125=CARTESIAN_POINT('Ctrl Pts',(-0.361445148851936,0.196599148366962,
-0.814197161456126));
#3126=CARTESIAN_POINT('Ctrl Pts',(-0.376664170224745,0.196599148366962,
-0.815582343079575));
#3127=CARTESIAN_POINT('Ctrl Pts',(-0.391569131065514,0.196599148366962,
-0.815582343079575));
#3128=CARTESIAN_POINT('Ctrl Pts',(-0.135997438720454,0.253641247746702,
-0.74469576882263));
#3129=CARTESIAN_POINT('Ctrl Pts',(-0.106687322199963,0.273670538905829,
-0.743763811234764));
#3130=CARTESIAN_POINT('Ctrl Pts',(-0.0463938406007005,0.305944435911264,
-0.74329046722218));
#3131=CARTESIAN_POINT('Ctrl Pts',(0.0463678118642504,0.305815313469383,
-0.743271675227596));
#3132=CARTESIAN_POINT('Ctrl Pts',(0.106666716409902,0.273590815100632,-0.743743873389578));
#3133=CARTESIAN_POINT('Ctrl Pts',(0.135971498499862,0.253587412616358,-0.744677670776994));
#3134=CARTESIAN_POINT('Ctrl Pts',(0.391569131065514,0.196599148366962,-0.815582343079575));
#3135=CARTESIAN_POINT('Ctrl Pts',(0.376454699666261,0.196599148366962,-0.815582343079575));
#3136=CARTESIAN_POINT('Ctrl Pts',(0.361237908793787,0.196599148366962,-0.814160847231116));
#3137=CARTESIAN_POINT('Ctrl Pts',(0.346203626939619,0.196599148366962,-0.811526422694681));
#3138=CARTESIAN_POINT('Origin',(0.,0.196599148366962,-0.67378481973188));
#3139=CARTESIAN_POINT('',(-0.404742105405951,0.196599148366962,-0.815582343079575));
#3140=CARTESIAN_POINT('',(0.,0.196599148366962,-0.815582343079575));
#3141=CARTESIAN_POINT('',(0.404742105405951,0.196599148366962,-0.815582343079575));
#3142=CARTESIAN_POINT('Origin',(0.,0.196599148366962,-1.));
#3143=CARTESIAN_POINT('',(0.,0.196599148366962,-0.815582343079575));
#3144=CARTESIAN_POINT('Origin',(0.,0.273719789567072,-1.));
#3145=CARTESIAN_POINT('Origin',(0.,0.0715991483669617,-1.));
#3146=CARTESIAN_POINT('',(-0.453125,0.0965991483669624,-1.34124961667485));
#3147=CARTESIAN_POINT('',(-0.453124999932381,0.188734576909532,-0.817718510670666));
#3148=CARTESIAN_POINT('Ctrl Pts',(-0.453125,0.0965991483670462,-1.34124961667482));
#3149=CARTESIAN_POINT('Ctrl Pts',(-0.453125,0.099730417370423,-1.34018714400371));
#3150=CARTESIAN_POINT('Ctrl Pts',(-0.453125,0.102734903525247,-1.33895309325226));
#3151=CARTESIAN_POINT('Ctrl Pts',(-0.453125,0.117903058848136,-1.33179397650992));
#3152=CARTESIAN_POINT('Ctrl Pts',(-0.453125,0.130630693617137,-1.32141574902054));
#3153=CARTESIAN_POINT('Ctrl Pts',(-0.453125,0.153135850032519,-1.29562208819136));
#3154=CARTESIAN_POINT('Ctrl Pts',(-0.453125,0.164581577143977,-1.27378459843499));
#3155=CARTESIAN_POINT('Ctrl Pts',(-0.453125,0.185615071169745,-1.21642552252918));
#3156=CARTESIAN_POINT('Ctrl Pts',(-0.453125,0.191185650993607,-1.1730408707709));
#3157=CARTESIAN_POINT('Ctrl Pts',(-0.453125,0.196385586063714,-1.08509292051214));
#3158=CARTESIAN_POINT('Ctrl Pts',(-0.453125,0.196320040128994,-1.04054792657851));
#3159=CARTESIAN_POINT('Ctrl Pts',(-0.453125,0.196320040128994,-0.959452073421488));
#3160=CARTESIAN_POINT('Ctrl Pts',(-0.453125,0.196385586063714,-0.914907079487865));
#3161=CARTESIAN_POINT('Ctrl Pts',(-0.453125,0.192724669989779,-0.85298898619804));
#3162=CARTESIAN_POINT('Ctrl Pts',(-0.453125,0.191157460483177,-0.835144609738641));
#3163=CARTESIAN_POINT('Ctrl Pts',(-0.453125,0.188734576863676,-0.81771851067703));
#3164=CARTESIAN_POINT('',(0.453125,0.0965991483669624,-1.34124961667485));
#3165=CARTESIAN_POINT('Origin',(0.,0.0965991483669624,-1.));
#3166=CARTESIAN_POINT('',(0.453124999932381,0.188734576909532,-0.817718510670667));
#3167=CARTESIAN_POINT('Ctrl Pts',(0.453125,0.188734576863676,-0.817718510677031));
#3168=CARTESIAN_POINT('Ctrl Pts',(0.453125,0.191157460483177,-0.835144609738641));
#3169=CARTESIAN_POINT('Ctrl Pts',(0.453125,0.192724669989779,-0.85298898619804));
#3170=CARTESIAN_POINT('Ctrl Pts',(0.453125,0.196385586063714,-0.914907079487865));
#3171=CARTESIAN_POINT('Ctrl Pts',(0.453125,0.196320040128994,-0.959452073421488));
#3172=CARTESIAN_POINT('Ctrl Pts',(0.453125,0.196320040128994,-1.04054792657851));
#3173=CARTESIAN_POINT('Ctrl Pts',(0.453125,0.196385586063714,-1.08509292051213));
#3174=CARTESIAN_POINT('Ctrl Pts',(0.453125,0.191185650993607,-1.1730408707709));
#3175=CARTESIAN_POINT('Ctrl Pts',(0.453125,0.185615071169745,-1.21642552252918));
#3176=CARTESIAN_POINT('Ctrl Pts',(0.453125,0.164581577143977,-1.27378459843499));
#3177=CARTESIAN_POINT('Ctrl Pts',(0.453125,0.153135850032519,-1.29562208819136));
#3178=CARTESIAN_POINT('Ctrl Pts',(0.453125,0.130630693617137,-1.32141574902054));
#3179=CARTESIAN_POINT('Ctrl Pts',(0.453125,0.117903058848136,-1.33179397650992));
#3180=CARTESIAN_POINT('Ctrl Pts',(0.453125,0.102734903525247,-1.33895309325226));
#3181=CARTESIAN_POINT('Ctrl Pts',(0.453125,0.099730417370423,-1.34018714400371));
#3182=CARTESIAN_POINT('Ctrl Pts',(0.453125,0.0965991483670462,-1.34124961667482));
#3183=CARTESIAN_POINT('Ctrl Pts',(0.404742105405951,0.196599148366962,-0.815582343079575));
#3184=CARTESIAN_POINT('Ctrl Pts',(0.420151344831638,0.196599148366962,-0.815582343079575));
#3185=CARTESIAN_POINT('Ctrl Pts',(0.438096517197272,0.193739804512773,-0.816358995400196));
#3186=CARTESIAN_POINT('Ctrl Pts',(0.453124999925616,0.188734576889265,-0.817718510676171));
#3187=CARTESIAN_POINT('Ctrl Pts',(-0.453124999925314,0.188734576889366,
-0.817718510676144));
#3188=CARTESIAN_POINT('Ctrl Pts',(-0.438096517197033,0.193739804512818,
-0.816358995400184));
#3189=CARTESIAN_POINT('Ctrl Pts',(-0.420151344831535,0.196599148366962,
-0.815582343079575));
#3190=CARTESIAN_POINT('Ctrl Pts',(-0.404742105405951,0.196599148366962,
-0.815582343079575));
#3191=CARTESIAN_POINT('Origin',(0.328125,0.440990128031606,-1.61854686621606));
#3192=CARTESIAN_POINT('',(0.453125,0.440990128031606,-1.61854686621606));
#3193=CARTESIAN_POINT('',(0.328125,0.440990128031607,-1.74354686621606));
#3194=CARTESIAN_POINT('Origin',(0.,0.0965991483669627,-1.74354686621606));
#3195=CARTESIAN_POINT('',(0.,0.0965991483669627,-1.74354686621606));
#3196=CARTESIAN_POINT('',(-0.328125,0.440990128031607,-1.74354686621606));
#3197=CARTESIAN_POINT('Origin',(-0.328125,0.440990128031606,-1.61854686621606));
#3198=CARTESIAN_POINT('',(-0.453125,0.440990128031606,-1.61854686621606));
#3199=CARTESIAN_POINT('Origin',(-0.453125,0.785381107696249,-1.13832051614853));
#3200=CARTESIAN_POINT('',(-0.453125,0.0965991483669626,-1.43520098990753));
#3201=CARTESIAN_POINT('Ctrl Pts',(-0.453125,1.05722517354807E-15,-1.59764348434079));
#3202=CARTESIAN_POINT('Ctrl Pts',(-0.453125,0.00642679177819613,-1.59576181143022));
#3203=CARTESIAN_POINT('Ctrl Pts',(-0.453125,0.0125929474321385,-1.59325455411587));
#3204=CARTESIAN_POINT('Ctrl Pts',(-0.453125,0.0258604970951397,-1.58655077637367));
#3205=CARTESIAN_POINT('Ctrl Pts',(-0.453125,0.0337906954335266,-1.58131498831391));
#3206=CARTESIAN_POINT('Ctrl Pts',(-0.453125,0.0481900956683022,-1.56908080097168));
#3207=CARTESIAN_POINT('Ctrl Pts',(-0.453125,0.0546677349191911,-1.56209233576244));
#3208=CARTESIAN_POINT('Ctrl Pts',(-0.453125,0.0709668993533782,-1.54105419639741));
#3209=CARTESIAN_POINT('Ctrl Pts',(-0.453125,0.0805990359114983,-1.52181845310061));
#3210=CARTESIAN_POINT('Ctrl Pts',(-0.453125,0.0929934162419046,-1.48369932900326));
#3211=CARTESIAN_POINT('Ctrl Pts',(-0.453125,0.0965991483669624,-1.45735734125019));
#3212=CARTESIAN_POINT('Ctrl Pts',(-0.453125,0.0965991483669624,-1.43520098990753));
#3213=CARTESIAN_POINT('',(-0.453125,0.0965991483669623,-0.25));
#3214=CARTESIAN_POINT('',(-0.453125,0.771392903181951,-0.659457397525455));
#3215=CARTESIAN_POINT('',(-0.453125,0.949951755474473,-0.61095740799208));
#3216=CARTESIAN_POINT('',(-0.453125,0.734140861449651,-0.634741104922807));
#3217=CARTESIAN_POINT('',(-0.453125,0.734140861449651,-0.634741104922807));
#3218=CARTESIAN_POINT('',(-0.453125,0.934554530915543,-0.33268049661511));
#3219=CARTESIAN_POINT('',(-0.453125,0.934554530915543,-0.33268049661511));
#3220=CARTESIAN_POINT('',(-0.453125,0.972051709877878,-0.357559434893634));
#3221=CARTESIAN_POINT('',(-0.453125,1.23661513922324,-0.533094166081002));
#3222=CARTESIAN_POINT('',(-0.453125,1.32256830695754,0.170734153153482));
#3223=CARTESIAN_POINT('',(-0.453125,1.32256830695754,0.170734153153482));
#3224=CARTESIAN_POINT('',(-0.453125,1.2774191303101,0.200690102113431));
#3225=CARTESIAN_POINT('',(-0.453125,1.2774191303101,0.200690102113431));
#3226=CARTESIAN_POINT('',(-0.453125,1.33779656258627,0.291690102113431));
#3227=CARTESIAN_POINT('',(-0.453125,1.33779656258627,0.291690102113431));
#3228=CARTESIAN_POINT('',(-0.453125,1.64027380621577,0.0909999999999999));
#3229=CARTESIAN_POINT('',(-0.453125,1.64027380621577,0.0909999999999999));
#3230=CARTESIAN_POINT('',(-0.453125,1.5798963739396,0.));
#3231=CARTESIAN_POINT('',(-0.453125,1.5798963739396,0.));
#3232=CARTESIAN_POINT('',(-0.453125,1.54921792201876,0.0203547928921781));
#3233=CARTESIAN_POINT('',(-0.453125,1.2774191303101,0.200690102113431));
#3234=CARTESIAN_POINT('',(-0.453125,1.1987013249391,-0.507938795154939));
#3235=CARTESIAN_POINT('',(-0.453125,1.1987013249391,-0.507938795154939));
#3236=CARTESIAN_POINT('',(-0.453125,1.23661513922324,-0.533094166081002));
#3237=CARTESIAN_POINT('',(-0.453125,1.23661513922324,-0.533094166081002));
#3238=CARTESIAN_POINT('',(-0.453125,1.26923377223273,-0.653183793513141));
#3239=CARTESIAN_POINT('',(-0.453125,1.47416306702553,-1.40765693941225));
#3240=CARTESIAN_POINT('',(-0.453125,1.26903098312756,-0.653238888964039));
#3241=CARTESIAN_POINT('',(-0.453125,1.26903098312756,-0.653238888964039));
#3242=CARTESIAN_POINT('',(-0.453125,1.4413833224388,-1.28761388896404));
#3243=CARTESIAN_POINT('',(-0.453125,1.47416306702553,-1.40765693941225));
#3244=CARTESIAN_POINT('Origin',(0.,-0.0284008516330376,-1.));
#3245=CARTESIAN_POINT('Origin',(0.,-1.09273919746571E-15,-1.));
#3246=CARTESIAN_POINT('',(0.453125,0.0965991483669626,-1.43520098990753));
#3247=CARTESIAN_POINT('Ctrl Pts',(0.453125,0.0965991483669624,-1.43520098990753));
#3248=CARTESIAN_POINT('Ctrl Pts',(0.453125,0.0965991483669624,-1.45735734125019));
#3249=CARTESIAN_POINT('Ctrl Pts',(0.453125,0.0929934162419046,-1.48369932900326));
#3250=CARTESIAN_POINT('Ctrl Pts',(0.453125,0.0805990359114983,-1.52181845310061));
#3251=CARTESIAN_POINT('Ctrl Pts',(0.453125,0.0709668993533782,-1.54105419639741));
#3252=CARTESIAN_POINT('Ctrl Pts',(0.453125,0.0546677349191911,-1.56209233576244));
#3253=CARTESIAN_POINT('Ctrl Pts',(0.453125,0.0481900956683022,-1.56908080097168));
#3254=CARTESIAN_POINT('Ctrl Pts',(0.453125,0.0337906954335265,-1.58131498831391));
#3255=CARTESIAN_POINT('Ctrl Pts',(0.453125,0.0258604970951397,-1.58655077637367));
#3256=CARTESIAN_POINT('Ctrl Pts',(0.453125,0.0125929474321385,-1.59325455411587));
#3257=CARTESIAN_POINT('Ctrl Pts',(0.453125,0.00642679177819637,-1.59576181143022));
#3258=CARTESIAN_POINT('Ctrl Pts',(0.453125,1.27167524105071E-15,-1.59764348434079));
#3259=CARTESIAN_POINT('Origin',(0.,0.0965991483669624,-1.));
#3260=CARTESIAN_POINT('Origin',(0.,0.0965991483669624,-0.432749115024286));
#3261=CARTESIAN_POINT('',(0.453125,0.0965991483669623,-0.25));
#3262=CARTESIAN_POINT('Origin',(0.,0.0965991483669624,-0.432749115024286));
#3263=CARTESIAN_POINT('Origin',(0.,6.05422094044544E-18,-0.25));
#3264=CARTESIAN_POINT('Origin',(0.,1.23661513922324,-0.533094166081002));
#3265=CARTESIAN_POINT('',(0.453125,0.771392903181951,-0.659457397525455));
#3266=CARTESIAN_POINT('',(0.453125,1.23661513922324,-0.533094166081002));
#3267=CARTESIAN_POINT('',(0.090625,0.771392903181951,-0.659457397525455));
#3268=CARTESIAN_POINT('',(0.,0.771392903181951,-0.659457397525455));
#3269=CARTESIAN_POINT('',(0.090625,1.23661513922324,-0.533094166081002));
#3270=CARTESIAN_POINT('',(0.090625,0.350840430767182,-0.773687469283176));
#3271=CARTESIAN_POINT('',(-0.090625,1.23661513922324,-0.533094166081002));
#3272=CARTESIAN_POINT('',(0.,1.23661513922324,-0.533094166081002));
#3273=CARTESIAN_POINT('',(-0.090625,0.771392903181951,-0.659457397525455));
#3274=CARTESIAN_POINT('',(-0.090625,0.350840430767182,-0.773687469283176));
#3275=CARTESIAN_POINT('',(0.,0.771392903181951,-0.659457397525455));
#3276=CARTESIAN_POINT('Origin',(-0.090625,1.18720733383271,-0.183883647706012));
#3277=CARTESIAN_POINT('',(-0.090625,1.32256830695754,0.170734153153482));
#3278=CARTESIAN_POINT('',(-0.090625,1.2774191303101,0.200690102113431));
#3279=CARTESIAN_POINT('',(-0.090625,1.35725884287179,0.147717389606373));
#3280=CARTESIAN_POINT('',(-0.090625,0.972051709877878,-0.357559434893634));
#3281=CARTESIAN_POINT('',(-0.090625,1.04493898594104,-0.247704777752714));
#3282=CARTESIAN_POINT('',(-0.090625,0.934554530915543,-0.33268049661511));
#3283=CARTESIAN_POINT('',(-0.090625,0.987993656310965,-0.368136729301481));
#3284=CARTESIAN_POINT('',(-0.090625,0.734140861449651,-0.634741104922807));
#3285=CARTESIAN_POINT('',(-0.090625,0.907234972245758,-0.373856143628038));
#3286=CARTESIAN_POINT('',(-0.090625,0.806206007711223,-0.682555483910502));
#3287=CARTESIAN_POINT('',(-0.090625,1.1987013249391,-0.507938795154939));
#3288=CARTESIAN_POINT('',(-0.090625,1.12006705332274,-0.455765878571395));
#3289=CARTESIAN_POINT('',(-0.090625,1.54921792201876,0.0203547928921781));
#3290=CARTESIAN_POINT('',(-0.090625,1.44684689954209,-0.13393734399046));
#3291=CARTESIAN_POINT('',(-0.090625,1.5798963739396,0.));
#3292=CARTESIAN_POINT('',(-0.090625,1.48592287636282,0.0623503130296322));
#3293=CARTESIAN_POINT('',(-0.090625,1.64027380621577,0.0909999999999999));
#3294=CARTESIAN_POINT('',(-0.090625,1.50771406760102,-0.108792136882638));
#3295=CARTESIAN_POINT('',(-0.090625,1.33779656258627,0.291690102113431));
#3296=CARTESIAN_POINT('',(-0.090625,1.39506168682424,0.253695364086348));
#3297=CARTESIAN_POINT('',(-0.090625,1.17504810783343,0.0463979652307935));
#3298=CARTESIAN_POINT('Origin',(0.,0.771392903181951,-0.659457397525455));
#3299=CARTESIAN_POINT('',(0.,0.734140861449651,-0.634741104922807));
#3300=CARTESIAN_POINT('Origin',(0.,0.734140861449651,-0.634741104922807));
#3301=CARTESIAN_POINT('',(0.,0.934554530915543,-0.33268049661511));
#3302=CARTESIAN_POINT('Origin',(0.,0.934554530915543,-0.33268049661511));
#3303=CARTESIAN_POINT('',(0.,0.972051709877878,-0.357559434893634));
#3304=CARTESIAN_POINT('Origin',(0.,0.972051709877878,-0.357559434893634));
#3305=CARTESIAN_POINT('',(0.,1.32256830695754,0.170734153153482));
#3306=CARTESIAN_POINT('Origin',(0.,1.32256830695754,0.170734153153482));
#3307=CARTESIAN_POINT('',(0.,1.2774191303101,0.200690102113431));
#3308=CARTESIAN_POINT('Origin',(0.,1.1987013249391,-0.507938795154939));
#3309=CARTESIAN_POINT('',(0.,1.23661513922324,-0.533094166081002));
#3310=CARTESIAN_POINT('',(0.,1.1987013249391,-0.507938795154939));
#3311=CARTESIAN_POINT('Origin',(0.,1.54921792201876,0.0203547928921782));
#3312=CARTESIAN_POINT('',(0.,1.54921792201876,0.0203547928921781));
#3313=CARTESIAN_POINT('Origin',(0.,1.5798963739396,-4.37095678986282E-17));
#3314=CARTESIAN_POINT('',(0.,1.5798963739396,0.));
#3315=CARTESIAN_POINT('Origin',(0.,1.64027380621577,0.0909999999999999));
#3316=CARTESIAN_POINT('',(0.,1.64027380621577,0.0909999999999999));
#3317=CARTESIAN_POINT('Origin',(0.,1.33779656258627,0.291690102113431));
#3318=CARTESIAN_POINT('',(0.,1.33779656258627,0.291690102113431));
#3319=CARTESIAN_POINT('Origin',(0.,1.2774191303101,0.200690102113431));
#3320=CARTESIAN_POINT('Origin',(0.090625,0.91942763922324,-0.437682031803229));
#3321=CARTESIAN_POINT('',(0.090625,1.23661513922324,-0.261219166081002));
#3322=CARTESIAN_POINT('',(0.090625,0.69286513922324,-0.261219166081002));
#3323=CARTESIAN_POINT('',(0.090625,1.07802138922324,-0.261219166081002));
#3324=CARTESIAN_POINT('',(0.090625,1.23661513922324,-0.485388098942115));
#3325=CARTESIAN_POINT('',(0.090625,0.734140861449651,-0.634741104922807));
#3326=CARTESIAN_POINT('',(0.090625,0.753075649405499,-0.647304114565311));
#3327=CARTESIAN_POINT('',(0.090625,0.801582412724385,-0.533094166081002));
#3328=CARTESIAN_POINT('',(0.090625,0.841570238017964,-0.472825089299611));
#3329=CARTESIAN_POINT('',(0.090625,0.69286513922324,-0.533094166081003));
#3330=CARTESIAN_POINT('',(0.090625,0.80614638922324,-0.533094166081003));
#3331=CARTESIAN_POINT('',(0.090625,0.69286513922324,-0.578406666081003));
#3332=CARTESIAN_POINT('',(0.090625,0.69286513922324,-0.508044348942116));
#3333=CARTESIAN_POINT('',(0.090625,0.60224013922324,-0.578406666081003));
#3334=CARTESIAN_POINT('',(0.090625,0.76083388922324,-0.578406666081003));
#3335=CARTESIAN_POINT('',(0.090625,0.60224013922324,-0.215906666081003));
#3336=CARTESIAN_POINT('',(0.090625,0.60224013922324,-0.326794348942116));
#3337=CARTESIAN_POINT('',(0.090625,0.69286513922324,-0.215906666081003));
#3338=CARTESIAN_POINT('',(0.090625,0.80614638922324,-0.215906666081003));
#3339=CARTESIAN_POINT('',(0.090625,0.69286513922324,-0.349450598942116));
#3340=CARTESIAN_POINT('Origin',(0.,1.23661513922324,-0.533094166081002));
#3341=CARTESIAN_POINT('',(0.453125,1.23661513922324,-0.261219166081002));
#3342=CARTESIAN_POINT('',(0.,1.23661513922324,-0.261219166081002));
#3343=CARTESIAN_POINT('',(0.453125,1.23661513922324,-0.533094166081002));
#3344=CARTESIAN_POINT('',(0.453125,1.23661513922324,-0.533094166081002));
#3345=CARTESIAN_POINT('',(0.,1.23661513922324,-0.533094166081002));
#3346=CARTESIAN_POINT('Origin',(0.,1.23661513922324,-0.261219166081002));
#3347=CARTESIAN_POINT('',(0.453125,0.69286513922324,-0.261219166081002));
#3348=CARTESIAN_POINT('',(0.,0.69286513922324,-0.261219166081002));
#3349=CARTESIAN_POINT('',(0.453125,1.23661513922324,-0.261219166081002));
#3350=CARTESIAN_POINT('Origin',(0.,0.69286513922324,-0.261219166081002));
#3351=CARTESIAN_POINT('',(0.453125,0.69286513922324,-0.215906666081003));
#3352=CARTESIAN_POINT('',(0.,0.69286513922324,-0.215906666081003));
#3353=CARTESIAN_POINT('',(0.453125,0.69286513922324,-0.578406666081003));
#3354=CARTESIAN_POINT('Origin',(0.,0.69286513922324,-0.215906666081003));
#3355=CARTESIAN_POINT('',(0.453125,0.60224013922324,-0.215906666081003));
#3356=CARTESIAN_POINT('',(0.,0.60224013922324,-0.215906666081003));
#3357=CARTESIAN_POINT('',(0.453125,0.69286513922324,-0.215906666081003));
#3358=CARTESIAN_POINT('Origin',(0.,0.60224013922324,-0.215906666081003));
#3359=CARTESIAN_POINT('',(0.453125,0.60224013922324,-0.578406666081003));
#3360=CARTESIAN_POINT('',(0.,0.60224013922324,-0.578406666081003));
#3361=CARTESIAN_POINT('',(0.453125,0.60224013922324,-0.170594166081003));
#3362=CARTESIAN_POINT('Origin',(0.,0.60224013922324,-0.578406666081003));
#3363=CARTESIAN_POINT('',(0.453125,0.69286513922324,-0.578406666081003));
#3364=CARTESIAN_POINT('',(0.,0.69286513922324,-0.578406666081003));
#3365=CARTESIAN_POINT('',(0.453125,0.60224013922324,-0.578406666081003));
#3366=CARTESIAN_POINT('Origin',(0.,0.69286513922324,-0.578406666081003));
#3367=CARTESIAN_POINT('',(0.453125,0.69286513922324,-0.533094166081003));
#3368=CARTESIAN_POINT('',(0.,0.69286513922324,-0.533094166081003));
#3369=CARTESIAN_POINT('',(0.453125,0.69286513922324,-0.578406666081003));
#3370=CARTESIAN_POINT('Origin',(0.,0.69286513922324,-0.533094166081003));
#3371=CARTESIAN_POINT('',(0.453125,0.801582412724385,-0.533094166081002));
#3372=CARTESIAN_POINT('',(0.,0.801582412724385,-0.533094166081002));
#3373=CARTESIAN_POINT('',(0.453125,0.60224013922324,-0.533094166081003));
#3374=CARTESIAN_POINT('Origin',(0.,0.801582412724385,-0.533094166081002));
#3375=CARTESIAN_POINT('',(0.453125,0.734140861449651,-0.634741104922807));
#3376=CARTESIAN_POINT('',(0.,0.734140861449651,-0.634741104922807));
#3377=CARTESIAN_POINT('',(0.453125,0.934554530915543,-0.33268049661511));
#3378=CARTESIAN_POINT('Origin',(0.,0.734140861449651,-0.634741104922807));
#3379=CARTESIAN_POINT('',(0.453125,0.734140861449651,-0.634741104922807));
#3380=CARTESIAN_POINT('Origin',(0.,1.26923377223273,-0.653183793513141));
#3381=CARTESIAN_POINT('',(0.453125,1.26923377223273,-0.653183793513141));
#3382=CARTESIAN_POINT('',(0.453125,1.47416306702553,-1.40765693941225));
#3383=CARTESIAN_POINT('',(0.18125,1.26923377223273,-0.653183793513141));
#3384=CARTESIAN_POINT('',(0.,1.26923377223273,-0.653183793513141));
#3385=CARTESIAN_POINT('',(-0.18125,1.26923377223273,-0.653183793513141));
#3386=CARTESIAN_POINT('',(0.,1.26923377223273,-0.653183793513141));
#3387=CARTESIAN_POINT('',(0.,1.26923377223273,-0.653183793513141));
#3388=CARTESIAN_POINT('Origin',(0.,1.26903098312756,-0.653238888964039));
#3389=CARTESIAN_POINT('',(0.453125,1.26903098312756,-0.653238888964039));
#3390=CARTESIAN_POINT('',(0.453125,1.26903098312756,-0.653238888964039));
#3391=CARTESIAN_POINT('',(0.,1.26903098312756,-0.653238888964039));
#3392=CARTESIAN_POINT('Origin',(0.,1.4413833224388,-1.28761388896404));
#3393=CARTESIAN_POINT('',(0.453125,1.4413833224388,-1.28761388896404));
#3394=CARTESIAN_POINT('Origin',(0.,1.47416306702553,-1.40765693941225));
#3395=CARTESIAN_POINT('Origin',(0.453125,0.785381107696249,-1.13832051614853));
#3396=CARTESIAN_POINT('Origin',(-0.0453125,2.39706411862063,-0.979309262758748));
#3397=CARTESIAN_POINT('',(-0.0453125,2.47537823724125,-0.909375));
#3398=CARTESIAN_POINT('',(-0.0453125,2.49384455931031,-0.97734375));
#3399=CARTESIAN_POINT('',(-0.0453125,2.29412823724125,-0.958618525517496));
#3400=CARTESIAN_POINT('',(-0.0453125,2.43006573724125,-0.921685881379374));
#3401=CARTESIAN_POINT('',(-0.0453125,2.29412823724125,-0.958618525517496));
#3402=CARTESIAN_POINT('Origin',(0.0453125,2.39706411862063,-0.979309262758748));
#3403=CARTESIAN_POINT('',(0.0453125,2.47537823724125,-0.909375));
#3404=CARTESIAN_POINT('',(0.0453125,2.49384455931031,-0.97734375));
#3405=CARTESIAN_POINT('',(0.0453125,2.29412823724125,-0.958618525517496));
#3406=CARTESIAN_POINT('',(0.0453125,2.29412823724125,-0.958618525517496));
#3407=CARTESIAN_POINT('',(0.0453125,2.43006573724125,-0.921685881379374));
#3408=CARTESIAN_POINT('Origin',(0.,2.5,-1.));
#3409=CARTESIAN_POINT('',(-0.271875,2.47537823724125,-0.909375));
#3410=CARTESIAN_POINT('',(-0.271875,2.5,-1.));
#3411=CARTESIAN_POINT('',(0.,2.47537823724125,-0.909375));
#3412=CARTESIAN_POINT('Origin',(0.,2.5,-1.));
#3413=CARTESIAN_POINT('',(0.271875,2.47537823724125,-0.909375));
#3414=CARTESIAN_POINT('',(0.,2.47537823724125,-0.909375));
#3415=CARTESIAN_POINT('',(0.271875,2.5,-1.));
#3416=CARTESIAN_POINT('Origin',(0.,2.47537823724125,-0.909375));
#3417=CARTESIAN_POINT('',(-0.271875,2.29412823724125,-0.958618525517496));
#3418=CARTESIAN_POINT('',(-0.271875,2.47537823724125,-0.909375));
#3419=CARTESIAN_POINT('',(0.,2.29412823724125,-0.958618525517496));
#3420=CARTESIAN_POINT('Origin',(0.,2.47537823724125,-0.909375));
#3421=CARTESIAN_POINT('',(0.271875,2.29412823724125,-0.958618525517496));
#3422=CARTESIAN_POINT('',(0.,2.29412823724125,-0.958618525517496));
#3423=CARTESIAN_POINT('',(0.271875,2.47537823724125,-0.909375));
#3424=CARTESIAN_POINT('Origin',(-0.271875,2.39706411862063,-0.979309262758748));
#3425=CARTESIAN_POINT('',(-0.271875,2.22641838965469,-0.709399775517496));
#3426=CARTESIAN_POINT('Origin',(0.271875,2.39706411862063,-0.979309262758748));
#3427=CARTESIAN_POINT('',(0.271875,2.22641838965469,-0.709399775517496));
#3428=CARTESIAN_POINT('Origin',(0.,2.14639766068876,-0.414868525517496));
#3429=CARTESIAN_POINT('',(0.18125,2.14639766068876,-0.414868525517496));
#3430=CARTESIAN_POINT('',(0.18125,2.14639766068876,-0.414868525517496));
#3431=CARTESIAN_POINT('',(0.3171875,2.14639766068876,-0.414868525517496));
#3432=CARTESIAN_POINT('',(0.,2.14639766068876,-0.414868525517496));
#3433=CARTESIAN_POINT('',(0.3171875,2.31875,-1.0492435255175));
#3434=CARTESIAN_POINT('',(-0.3171875,2.14639766068876,-0.414868525517496));
#3435=CARTESIAN_POINT('',(-0.3171875,2.31875,-1.0492435255175));
#3436=CARTESIAN_POINT('',(-0.18125,2.14639766068876,-0.414868525517496));
#3437=CARTESIAN_POINT('',(0.,2.14639766068876,-0.414868525517496));
#3438=CARTESIAN_POINT('',(-0.18125,2.02328884689502,0.0382564744825043));
#3439=CARTESIAN_POINT('Origin',(0.,2.14639766068876,-0.414868525517496));
#3440=CARTESIAN_POINT('',(0.18125,1.69327266068876,-0.537977339311236));
#3441=CARTESIAN_POINT('',(0.18125,1.69327266068876,-0.537977339311236));
#3442=CARTESIAN_POINT('',(0.3171875,1.69327266068876,-0.537977339311236));
#3443=CARTESIAN_POINT('',(0.,1.69327266068876,-0.537977339311236));
#3444=CARTESIAN_POINT('',(0.3171875,2.14639766068876,-0.414868525517496));
#3445=CARTESIAN_POINT('Origin',(0.,1.69327266068876,-0.537977339311236));
#3446=CARTESIAN_POINT('',(-0.18125,1.69327266068876,-0.537977339311236));
#3447=CARTESIAN_POINT('',(-0.18125,1.865625,-1.17235233931124));
#3448=CARTESIAN_POINT('',(-0.3171875,1.69327266068876,-0.537977339311236));
#3449=CARTESIAN_POINT('',(0.,1.69327266068876,-0.537977339311236));
#3450=CARTESIAN_POINT('',(-0.3171875,1.69327266068876,-0.537977339311236));
#3451=CARTESIAN_POINT('Origin',(-0.3171875,2.00601133034438,-0.793610432414366));
#3452=CARTESIAN_POINT('',(-0.3171875,2.14639766068876,-0.414868525517496));
#3453=CARTESIAN_POINT('Origin',(0.,1.69327266068876,-0.537977339311236));
#3454=CARTESIAN_POINT('',(0.18125,1.865625,-1.17235233931124));
#3455=CARTESIAN_POINT('',(0.3171875,1.69327266068876,-0.537977339311236));
#3456=CARTESIAN_POINT('Origin',(0.,2.14639766068876,-0.414868525517496));
#3457=CARTESIAN_POINT('',(-0.18125,1.69327266068876,-0.537977339311236));
#3458=CARTESIAN_POINT('Origin',(0.3171875,2.00601133034438,-0.793610432414366));
#3459=CARTESIAN_POINT('Origin',(-0.18125,1.85828075379189,-0.268988669655618));
#3460=CARTESIAN_POINT('',(-0.18125,1.57016384689502,-0.0848523393112361));
#3461=CARTESIAN_POINT('Origin',(0.,1.57016384689502,-0.0848523393112361));
#3462=CARTESIAN_POINT('',(0.,1.69327266068876,-0.537977339311236));
#3463=CARTESIAN_POINT('',(0.18125,1.57016384689502,-0.0848523393112361));
#3464=CARTESIAN_POINT('Origin',(0.18125,1.85828075379189,-0.268988669655618));
#3465=CARTESIAN_POINT('Origin',(-0.18125,1.56742938611637,-0.912773631682966));
#3466=CARTESIAN_POINT('',(-0.18125,1.23661513922324,-0.533094166081002));
#3467=CARTESIAN_POINT('',(-0.18125,1.69327266068876,-0.537977339311236));
#3468=CARTESIAN_POINT('Origin',(0.,1.26923377223273,-0.653183793513141));
#3469=CARTESIAN_POINT('',(0.18125,1.23661513922324,-0.533094166081002));
#3470=CARTESIAN_POINT('',(0.,1.26923377223273,-0.653183793513141));
#3471=CARTESIAN_POINT('Origin',(0.,1.69327266068876,-0.537977339311236));
#3472=CARTESIAN_POINT('',(0.18125,1.69327266068876,-0.537977339311236));
#3473=CARTESIAN_POINT('Origin',(0.18125,1.56742938611637,-0.912773631682966));
#3474=CARTESIAN_POINT('polyline point',(-0.0453125,2.31875,-1.0492435255175));
#3475=CARTESIAN_POINT('polyline point',(0.0453125,2.31875,-1.0492435255175));
#3476=CARTESIAN_POINT('polyline point',(0.,2.31875,-1.0492435255175));
#3477=CARTESIAN_POINT('polyline point',(0.,1.47589848249249,-1.27823651977869));
#3478=CARTESIAN_POINT('polyline point',(0.,2.31875,-1.0492435255175));
#3479=CARTESIAN_POINT('polyline point',(0.,1.47589848249249,-1.27823651977869));
#3480=CARTESIAN_POINT('polyline point',(0.,1.47589848249249,-1.27823651977869));
#3481=CARTESIAN_POINT('polyline point',(0.0906249999999997,1.47589848249249,
-1.27823651977869));
#3482=CARTESIAN_POINT('polyline point',(0.0906249999999997,1.47589848249249,
-1.27823651977869));
#3483=CARTESIAN_POINT('polyline point',(0.090625,2.31875,-1.0492435255175));
#3484=CARTESIAN_POINT('polyline point',(0.090625,2.31875,-1.0492435255175));
#3485=CARTESIAN_POINT('polyline point',(0.,2.31875,-1.0492435255175));
#3486=CARTESIAN_POINT('polyline point',(-0.453125,1.44153738840279,-1.28757203102622));
#3487=CARTESIAN_POINT('polyline point',(0.453125,1.44153738840279,-1.28757203102622));
#3488=CARTESIAN_POINT('polyline point',(-0.090625,1.47589848249249,-1.27823651977869));
#3489=CARTESIAN_POINT('polyline point',(-0.0906250000000001,2.31875,-1.0492435255175));
#3490=CARTESIAN_POINT('polyline point',(-0.0906250000000001,2.31875,-1.0492435255175));
#3491=CARTESIAN_POINT('polyline point',(0.,2.31875,-1.0492435255175));
#3492=CARTESIAN_POINT('polyline point',(0.,1.47589848249249,-1.27823651977869));
#3493=CARTESIAN_POINT('polyline point',(-0.090625,1.47589848249249,-1.27823651977869));
#3494=CARTESIAN_POINT('polyline point',(0.090625,2.23129525693755,-1.07300396618851));
#3495=CARTESIAN_POINT('polyline point',(-0.0906250000000001,2.23129525693755,
-1.07300396618851));
#3496=CARTESIAN_POINT('polyline point',(0.0906249999999997,1.47589848249249,
-1.27823651977869));
#3497=CARTESIAN_POINT('polyline point',(-0.0853717539837655,1.47589848249249,
-1.27823651977869));
#3498=CARTESIAN_POINT('polyline point',(-0.0853717539837655,1.44153738840279,
-1.28757203102622));
#3499=CARTESIAN_POINT('polyline point',(-0.0853717539837655,1.33429071304342,
-1.3167097104454));
#3500=CARTESIAN_POINT('polyline point',(-0.0853717539837655,1.33429071304342,
-1.3167097104454));
#3501=CARTESIAN_POINT('polyline point',(0.0906249999999997,1.33429071304342,
-1.3167097104454));
#3502=CARTESIAN_POINT('polyline point',(0.0906249999999997,1.33429071304342,
-1.3167097104454));
#3503=CARTESIAN_POINT('polyline point',(0.0906249999999997,1.47589848249249,
-1.27823651977869));
#3504=CARTESIAN_POINT('polyline point',(-0.090625,1.47589848249249,-1.27823651977869));
#3505=CARTESIAN_POINT('polyline point',(-0.0853717539837655,1.47589848249249,
-1.27823651977869));
#3506=CARTESIAN_POINT('polyline point',(-0.0853717539837655,1.44153738840279,
-1.28757203102622));
#3507=CARTESIAN_POINT('polyline point',(-0.0853717539837655,1.33429071304342,
-1.3167097104454));
#3508=CARTESIAN_POINT('polyline point',(-0.0853717539837655,1.33429071304342,
-1.3167097104454));
#3509=CARTESIAN_POINT('polyline point',(-0.090625,1.33429071304342,-1.3167097104454));
#3510=CARTESIAN_POINT('polyline point',(-0.090625,1.33429071304342,-1.3167097104454));
#3511=CARTESIAN_POINT('polyline point',(-0.090625,1.47589848249249,-1.27823651977869));
#3512=CARTESIAN_POINT('',(0.,0.424863759358372,-1.56379047954933));
#3513=CARTESIAN_POINT('',(-0.0453125,2.31875,-1.0492435255175));
#3514=CARTESIAN_POINT('',(0.0453125,2.31875,-1.0492435255175));
#3515=CARTESIAN_POINT('',(-0.0853717539837655,1.47589848249249,-1.27823651977869));
#3516=CARTESIAN_POINT('',(0.,2.23129525693755,-1.07300396618851));
#3517=CARTESIAN_POINT('',(0.,1.47589848249249,-1.27823651977869));
#3518=CARTESIAN_POINT('',(-0.0853717539837655,1.47589848249249,-1.27823651977869));
#3519=CARTESIAN_POINT('',(-0.0853717539837655,1.47589848249249,-1.27823651977869));
#3520=CARTESIAN_POINT('',(-0.090625,1.44153738840279,-1.28757203102622));
#3521=UNCERTAINTY_MEASURE_WITH_UNIT(LENGTH_MEASURE(0.000393700787401575),
#3527,'DISTANCE_ACCURACY_VALUE',
'Maximum model space distance between geometric entities at asserted c
onnectivities');
#3522=UNCERTAINTY_MEASURE_WITH_UNIT(LENGTH_MEASURE(0.000393700787401575),
#3527,'DISTANCE_ACCURACY_VALUE',
'Maximum model space distance between geometric entities at asserted c
onnectivities');
#3523=(
GEOMETRIC_REPRESENTATION_CONTEXT(3)
GLOBAL_UNCERTAINTY_ASSIGNED_CONTEXT((#3521))
GLOBAL_UNIT_ASSIGNED_CONTEXT((#3527,#3531,#3532))
REPRESENTATION_CONTEXT('','3D')
);
#3524=(
GEOMETRIC_REPRESENTATION_CONTEXT(3)
GLOBAL_UNCERTAINTY_ASSIGNED_CONTEXT((#3522))
GLOBAL_UNIT_ASSIGNED_CONTEXT((#3527,#3531,#3532))
REPRESENTATION_CONTEXT('','3D')
);
#3525=DIMENSIONAL_EXPONENTS(1.,0.,0.,0.,0.,0.,0.);
#3526=DIMENSIONAL_EXPONENTS(0.,1.,0.,0.,0.,0.,0.);
#3527=(
CONVERSION_BASED_UNIT('inch',#3530)
LENGTH_UNIT()
NAMED_UNIT(#3525)
);
#3528=(
LENGTH_UNIT()
NAMED_UNIT(*)
SI_UNIT(.MILLI.,.METRE.)
);
#3529=(
LENGTH_UNIT()
NAMED_UNIT(*)
SI_UNIT(.CENTI.,.METRE.)
);
#3530=LENGTH_MEASURE_WITH_UNIT(LENGTH_MEASURE(25.4),#3528);
#3531=(
NAMED_UNIT(*)
PLANE_ANGLE_UNIT()
SI_UNIT($,.RADIAN.)
);
#3532=(
NAMED_UNIT(*)
SI_UNIT($,.STERADIAN.)
SOLID_ANGLE_UNIT()
);
#3533=SHAPE_DEFINITION_REPRESENTATION(#3534,#3535);
#3534=PRODUCT_DEFINITION_SHAPE('',$,#3537);
#3535=SHAPE_REPRESENTATION('',(#1921),#3523);
#3536=PRODUCT_DEFINITION_CONTEXT('part definition',#3541,'design');
#3537=PRODUCT_DEFINITION('knight','knight',#3538,#3536);
#3538=PRODUCT_DEFINITION_FORMATION('',$,#3543);
#3539=PRODUCT_RELATED_PRODUCT_CATEGORY('knight','knight',(#3543));
#3540=APPLICATION_PROTOCOL_DEFINITION('international standard',
'automotive_design',2009,#3541);
#3541=APPLICATION_CONTEXT(
'Core Data for Automotive Mechanical Design Process');
#3542=PRODUCT_CONTEXT('part definition',#3541,'mechanical');
#3543=PRODUCT('knight','knight',$,(#3542));
#3544=PRESENTATION_STYLE_ASSIGNMENT((#3547));
#3545=PRESENTATION_STYLE_ASSIGNMENT((#3548));
#3546=PRESENTATION_STYLE_ASSIGNMENT((#3549));
#3547=SURFACE_STYLE_USAGE(.BOTH.,#3552);
#3548=SURFACE_STYLE_USAGE(.BOTH.,#3553);
#3549=SURFACE_STYLE_USAGE(.BOTH.,#3554);
#3550=SURFACE_STYLE_RENDERING_WITH_PROPERTIES($,#3564,(#3551));
#3551=SURFACE_STYLE_TRANSPARENT(0.);
#3552=SURFACE_SIDE_STYLE('',(#3555,#3550));
#3553=SURFACE_SIDE_STYLE('',(#3556));
#3554=SURFACE_SIDE_STYLE('',(#3557));
#3555=SURFACE_STYLE_FILL_AREA(#3558);
#3556=SURFACE_STYLE_FILL_AREA(#3559);
#3557=SURFACE_STYLE_FILL_AREA(#3560);
#3558=FILL_AREA_STYLE('',(#3561));
#3559=FILL_AREA_STYLE('',(#3562));
#3560=FILL_AREA_STYLE('',(#3563));
#3561=FILL_AREA_STYLE_COLOUR('',#3564);
#3562=FILL_AREA_STYLE_COLOUR('',#3565);
#3563=FILL_AREA_STYLE_COLOUR('',#3566);
#3564=COLOUR_RGB('',0.749019607843137,0.749019607843137,0.749019607843137);
#3565=COLOUR_RGB('',1.,1.,0.);
#3566=COLOUR_RGB('',0.,0.,0.);
ENDSEC;
END-ISO-10303-21;
