ISO-10303-21;
HEADER;
/* Generated by software containing ST-Developer
 * from STEP Tools, Inc. (www.steptools.com) 
 */

FILE_DESCRIPTION(
/* description */ (''),
/* implementation_level */ '2;1');

FILE_NAME(
/* name */ 'steve.stp',
/* time_stamp */ '2024-12-05T11:28:17-08:00',
/* author */ ('623269'),
/* organization */ (''),
/* preprocessor_version */ 'ST-DEVELOPER v19.2',
/* originating_system */ 'Autodesk Inventor 2024',
/* authorisation */ '');

FILE_SCHEMA (('AUTOMOTIVE_DESIGN { 1 0 10303 214 3 1 1 }'));
ENDSEC;

DATA;
#10=MECHANICAL_DESIGN_GEOMETRIC_PRESENTATION_REPRESENTATION('',(#16),#7704);
#11=GEOMETRICALLY_BOUNDED_WIREFRAME_SHAPE_REPRESENTATION('',(#12),#7703);
#12=GEOMETRIC_CURVE_SET('Sketch18',(#7700));
#13=SHAPE_REPRESENTATION_RELATIONSHIP('SRR','None',#7715,#15);
#14=SHAPE_REPRESENTATION_RELATIONSHIP('SRR','None',#7715,#11);
#15=ADVANCED_BREP_SHAPE_REPRESENTATION('',(#17),#7703);
#16=STYLED_ITEM('',(#7724),#17);
#17=MANIFOLD_SOLID_BREP('Solid1',#4369);
#18=CONICAL_SURFACE('',#4614,0.18125,1.21871729397681);
#19=CONICAL_SURFACE('',#4622,0.411143995565469,0.512595335546813);
#20=CONICAL_SURFACE('',#4623,0.411143995565469,0.512595335546813);
#21=CONICAL_SURFACE('',#4624,0.411143995565469,0.512595335546813);
#22=CONICAL_SURFACE('',#4626,0.18125,1.21871729397681);
#23=CONICAL_SURFACE('',#4627,0.411143995565469,0.512595335546813);
#24=CONICAL_SURFACE('',#4628,0.54052355536335,0.744910592803195);
#25=B_SPLINE_SURFACE_WITH_KNOTS('',3,3,((#6732,#6733,#6734,#6735),(#6736,
#6737,#6738,#6739),(#6740,#6741,#6742,#6743),(#6744,#6745,#6746,#6747)),
 .UNSPECIFIED.,.F.,.F.,.F.,(4,4),(4,4),(0.457018767836105,0.991593485101883),
(0.430492401986239,0.562030048262277),.UNSPECIFIED.);
#26=B_SPLINE_SURFACE_WITH_KNOTS('',3,3,((#6763,#6764,#6765,#6766),(#6767,
#6768,#6769,#6770),(#6771,#6772,#6773,#6774),(#6775,#6776,#6777,#6778)),
 .UNSPECIFIED.,.F.,.F.,.F.,(4,4),(4,4),(0.0250176222899665,1.),(0.,0.430492401986239),
 .UNSPECIFIED.);
#27=B_SPLINE_SURFACE_WITH_KNOTS('',3,3,((#6810,#6811,#6812,#6813),(#6814,
#6815,#6816,#6817),(#6818,#6819,#6820,#6821),(#6822,#6823,#6824,#6825)),
 .UNSPECIFIED.,.F.,.F.,.F.,(4,4),(4,4),(0.,1.),(0.537296973312752,1.02089657627182),
 .UNSPECIFIED.);
#28=B_SPLINE_SURFACE_WITH_KNOTS('',3,3,((#6857,#6858,#6859,#6860),(#6861,
#6862,#6863,#6864),(#6865,#6866,#6867,#6868),(#6869,#6870,#6871,#6872)),
 .UNSPECIFIED.,.F.,.F.,.F.,(4,4),(4,4),(0.0250176222896129,1.),(0.106804571324098,
0.537296973312752),.UNSPECIFIED.);
#29=B_SPLINE_SURFACE_WITH_KNOTS('',3,3,((#6902,#6903,#6904,#6905),(#6906,
#6907,#6908,#6909),(#6910,#6911,#6912,#6913),(#6914,#6915,#6916,#6917)),
 .UNSPECIFIED.,.F.,.F.,.F.,(4,4),(4,4),(0.,1.),(0.537296976655024,1.02089663551438),
 .UNSPECIFIED.);
#30=B_SPLINE_SURFACE_WITH_KNOTS('',3,3,((#6949,#6950,#6951,#6952),(#6953,
#6954,#6955,#6956),(#6957,#6958,#6959,#6960),(#6961,#6962,#6963,#6964)),
 .UNSPECIFIED.,.F.,.F.,.F.,(4,4),(4,4),(0.0250175728421856,1.),(0.106804549411126,
0.537296976655024),.UNSPECIFIED.);
#31=B_SPLINE_SURFACE_WITH_KNOTS('',3,3,((#6994,#6995,#6996,#6997),(#6998,
#6999,#7000,#7001),(#7002,#7003,#7004,#7005),(#7006,#7007,#7008,#7009)),
 .UNSPECIFIED.,.F.,.F.,.F.,(4,4),(4,4),(0.298176923624277,0.817001194055868),
(1.61912315527593,1.75536428362009),.UNSPECIFIED.);
#32=B_SPLINE_SURFACE_WITH_KNOTS('',3,3,((#7024,#7025,#7026,#7027,#7028,
#7029,#7030,#7031,#7032),(#7033,#7034,#7035,#7036,#7037,#7038,#7039,#7040,
#7041),(#7042,#7043,#7044,#7045,#7046,#7047,#7048,#7049,#7050),(#7051,#7052,
#7053,#7054,#7055,#7056,#7057,#7058,#7059)),.UNSPECIFIED.,.F.,.F.,.F.,(4,
4),(4,1,1,1,1,1,4),(0.,1.),(0.100100299433852,0.317103564554149,0.751110094794742,
0.968113359915039,1.18511662503534,1.40211989015563,1.61912315527593),
 .UNSPECIFIED.);
#33=B_SPLINE_SURFACE_WITH_KNOTS('',3,3,((#7111,#7112,#7113,#7114),(#7115,
#7116,#7117,#7118),(#7119,#7120,#7121,#7122),(#7123,#7124,#7125,#7126)),
 .UNSPECIFIED.,.F.,.F.,.F.,(4,4),(4,4),(0.457018762369446,0.991593406106713),
(0.430492427241482,0.562030054588753),.UNSPECIFIED.);
#34=B_SPLINE_SURFACE_WITH_KNOTS('',3,3,((#7142,#7143,#7144,#7145),(#7146,
#7147,#7148,#7149),(#7150,#7151,#7152,#7153),(#7154,#7155,#7156,#7157)),
 .UNSPECIFIED.,.F.,.F.,.F.,(4,4),(4,4),(0.025017572842541,1.),(0.,0.430492427241482),
 .UNSPECIFIED.);
#35=B_SPLINE_SURFACE_WITH_KNOTS('',3,3,((#7181,#7182,#7183,#7184),(#7185,
#7186,#7187,#7188),(#7189,#7190,#7191,#7192),(#7193,#7194,#7195,#7196)),
 .UNSPECIFIED.,.F.,.F.,.F.,(4,4),(4,4),(0.,0.143216410059898),(1.37555212682084,
1.44671341578136),.UNSPECIFIED.);
#36=B_SPLINE_SURFACE_WITH_KNOTS('',3,3,((#7206,#7207,#7208,#7209,#7210,
#7211,#7212,#7213),(#7214,#7215,#7216,#7217,#7218,#7219,#7220,#7221),(#7222,
#7223,#7224,#7225,#7226,#7227,#7228,#7229),(#7230,#7231,#7232,#7233,#7234,
#7235,#7236,#7237)),.UNSPECIFIED.,.F.,.F.,.F.,(4,4),(4,1,1,1,1,4),(0.,1.),
(0.,0.196507446688692,0.589522340066075,0.982537233443459,1.17904468013215,
1.37555212682084),.UNSPECIFIED.);
#37=B_SPLINE_SURFACE_WITH_KNOTS('',3,3,((#7275,#7276,#7277,#7278),(#7279,
#7280,#7281,#7282),(#7283,#7284,#7285,#7286),(#7287,#7288,#7289,#7290)),
 .UNSPECIFIED.,.F.,.F.,.F.,(4,4),(4,4),(0.298176930676682,0.817001149443931),
(1.61912317681761,1.75536428732014),.UNSPECIFIED.);
#38=B_SPLINE_SURFACE_WITH_KNOTS('',3,3,((#7305,#7306,#7307,#7308,#7309,
#7310,#7311,#7312,#7313),(#7314,#7315,#7316,#7317,#7318,#7319,#7320,#7321,
#7322),(#7323,#7324,#7325,#7326,#7327,#7328,#7329,#7330,#7331),(#7332,#7333,
#7334,#7335,#7336,#7337,#7338,#7339,#7340)),.UNSPECIFIED.,.F.,.F.,.F.,(4,
4),(4,1,1,1,1,1,4),(0.,1.),(0.100100320975539,0.534106851216132,0.751110116336428,
0.968113381456725,1.18511664657702,1.40211991169732,1.61912317681761),
 .UNSPECIFIED.);
#39=B_SPLINE_SURFACE_WITH_KNOTS('',3,3,((#7384,#7385,#7386,#7387),(#7388,
#7389,#7390,#7391),(#7392,#7393,#7394,#7395),(#7396,#7397,#7398,#7399)),
 .UNSPECIFIED.,.F.,.F.,.F.,(4,4),(4,4),(0.,0.143216419729124),(1.37555216558865,
1.44671345291657),.UNSPECIFIED.);
#40=B_SPLINE_SURFACE_WITH_KNOTS('',3,3,((#7409,#7410,#7411,#7412,#7413,
#7414,#7415,#7416,#7417),(#7418,#7419,#7420,#7421,#7422,#7423,#7424,#7425,
#7426),(#7427,#7428,#7429,#7430,#7431,#7432,#7433,#7434,#7435),(#7436,#7437,
#7438,#7439,#7440,#7441,#7442,#7443,#7444)),.UNSPECIFIED.,.F.,.F.,.F.,(4,
4),(4,1,1,1,1,1,4),(0.,1.),(0.,0.19650745222695,0.3930149044539,0.58952235668085,
0.982537261134751,1.1790447133617,1.37555216558865),.UNSPECIFIED.);
#41=B_SPLINE_SURFACE_WITH_KNOTS('',3,3,((#7482,#7483,#7484,#7485),(#7486,
#7487,#7488,#7489),(#7490,#7491,#7492,#7493),(#7494,#7495,#7496,#7497)),
 .UNSPECIFIED.,.F.,.F.,.F.,(4,4),(4,4),(0.,0.143216420529621),(-0.0711612873278255,
0.),.UNSPECIFIED.);
#42=B_SPLINE_SURFACE_WITH_KNOTS('',3,3,((#7498,#7499,#7500,#7501),(#7502,
#7503,#7504,#7505),(#7506,#7507,#7508,#7509),(#7510,#7511,#7512,#7513)),
 .UNSPECIFIED.,.F.,.F.,.F.,(4,4),(4,4),(0.298176923624277,0.817001194055876),
(-0.036140807642521,0.100100320975539),.UNSPECIFIED.);
#43=B_SPLINE_SURFACE_WITH_KNOTS('',3,3,((#7521,#7522,#7523,#7524),(#7525,
#7526,#7527,#7528),(#7529,#7530,#7531,#7532),(#7533,#7534,#7535,#7536)),
 .UNSPECIFIED.,.F.,.F.,.F.,(4,4),(4,4),(0.,0.143216409213378),(-0.071161288960423,
0.),.UNSPECIFIED.);
#44=B_SPLINE_SURFACE_WITH_KNOTS('',3,3,((#7537,#7538,#7539,#7540),(#7541,
#7542,#7543,#7544),(#7545,#7546,#7547,#7548),(#7549,#7550,#7551,#7552)),
 .UNSPECIFIED.,.F.,.F.,.F.,(4,4),(4,4),(0.,1.),(-0.483599658852029,0.),
 .UNSPECIFIED.);
#45=B_SPLINE_SURFACE_WITH_KNOTS('',3,3,((#7566,#7567,#7568,#7569),(#7570,
#7571,#7572,#7573),(#7574,#7575,#7576,#7577),(#7578,#7579,#7580,#7581)),
 .UNSPECIFIED.,.F.,.F.,.F.,(4,4),(4,4),(0.298176930676682,0.817001149443939),
(-0.036140811342574,0.100100299433852),.UNSPECIFIED.);
#46=B_SPLINE_SURFACE_WITH_KNOTS('',3,3,((#7589,#7590,#7591,#7592),(#7593,
#7594,#7595,#7596),(#7597,#7598,#7599,#7600),(#7601,#7602,#7603,#7604)),
 .UNSPECIFIED.,.F.,.F.,.F.,(4,4),(4,4),(0.457018762369459,0.991593383046861),
(-0.0247330775878316,0.106804549411126),.UNSPECIFIED.);
#47=B_SPLINE_SURFACE_WITH_KNOTS('',3,3,((#7609,#7610,#7611,#7612),(#7613,
#7614,#7615,#7616),(#7617,#7618,#7619,#7620),(#7621,#7622,#7623,#7624)),
 .UNSPECIFIED.,.F.,.F.,.F.,(4,4),(4,4),(0.457018767836118,0.991593462042244),
(-0.0247330746036295,0.106804571324098),.UNSPECIFIED.);
#48=B_SPLINE_SURFACE_WITH_KNOTS('',3,3,((#7629,#7630,#7631,#7632),(#7633,
#7634,#7635,#7636),(#7637,#7638,#7639,#7640),(#7641,#7642,#7643,#7644)),
 .UNSPECIFIED.,.F.,.F.,.F.,(4,4),(4,4),(0.,1.),(-0.483599602951806,0.),
 .UNSPECIFIED.);
#49=ELLIPSE('',#4511,0.00742462120245868,0.00525000000000004);
#50=ELLIPSE('',#4512,0.00742462120245868,0.00525000000000004);
#51=ELLIPSE('',#4515,0.00742462120245893,0.00525000000000004);
#52=ELLIPSE('',#4516,0.00742462120245893,0.00525000000000004);
#53=ELLIPSE('',#4518,0.00742462120245868,0.00525000000000004);
#54=ELLIPSE('',#4519,0.00742462120245868,0.00525000000000004);
#55=ELLIPSE('',#4521,0.00742462120245868,0.00525000000000004);
#56=ELLIPSE('',#4522,0.00742462120245862,0.00525000000000004);
#57=ELLIPSE('',#4525,0.00742462120245866,0.00525);
#58=ELLIPSE('',#4526,0.00742462120245884,0.00525);
#59=ELLIPSE('',#4528,0.00742462120245884,0.00525);
#60=ELLIPSE('',#4532,0.00742462120245884,0.00525);
#61=ELLIPSE('',#4533,0.00742462120245866,0.00525);
#62=ELLIPSE('',#4535,0.00742462120245899,0.00525000000000004);
#63=ELLIPSE('',#4537,0.00742462120245868,0.00525000000000004);
#64=ELLIPSE('',#4539,0.00742462120245866,0.00525);
#65=ELLIPSE('',#4540,0.00742462120245884,0.00525);
#66=ELLIPSE('',#4543,0.00742462120245899,0.00525000000000004);
#67=ELLIPSE('',#4545,0.00742462120245868,0.00525000000000004);
#68=ELLIPSE('',#4548,0.00742462120245884,0.00525);
#69=ELLIPSE('',#4549,0.00742462120245866,0.00525);
#70=ELLIPSE('',#4556,0.00742462120245866,0.00525);
#71=ELLIPSE('',#4560,0.00742462120245884,0.00525);
#72=ELLIPSE('',#4562,0.00742462120245866,0.00525);
#73=CYLINDRICAL_SURFACE('',#4508,0.75);
#74=CYLINDRICAL_SURFACE('',#4510,0.00525000000000004);
#75=CYLINDRICAL_SURFACE('',#4514,0.00525000000000004);
#76=CYLINDRICAL_SURFACE('',#4517,0.00525000000000004);
#77=CYLINDRICAL_SURFACE('',#4520,0.00525000000000004);
#78=CYLINDRICAL_SURFACE('',#4523,0.00525000000000004);
#79=CYLINDRICAL_SURFACE('',#4524,0.00525);
#80=CYLINDRICAL_SURFACE('',#4527,0.00525);
#81=CYLINDRICAL_SURFACE('',#4529,0.00525000000000004);
#82=CYLINDRICAL_SURFACE('',#4530,0.00525000000000004);
#83=CYLINDRICAL_SURFACE('',#4531,0.00525);
#84=CYLINDRICAL_SURFACE('',#4534,0.00525000000000004);
#85=CYLINDRICAL_SURFACE('',#4536,0.00525000000000004);
#86=CYLINDRICAL_SURFACE('',#4538,0.00525);
#87=CYLINDRICAL_SURFACE('',#4541,0.00525);
#88=CYLINDRICAL_SURFACE('',#4542,0.00525000000000004);
#89=CYLINDRICAL_SURFACE('',#4544,0.00525000000000004);
#90=CYLINDRICAL_SURFACE('',#4546,0.00525000000000004);
#91=CYLINDRICAL_SURFACE('',#4547,0.00525);
#92=CYLINDRICAL_SURFACE('',#4550,0.00525);
#93=CYLINDRICAL_SURFACE('',#4555,0.00525);
#94=CYLINDRICAL_SURFACE('',#4557,0.00525);
#95=CYLINDRICAL_SURFACE('',#4558,0.00525);
#96=CYLINDRICAL_SURFACE('',#4559,0.00525);
#97=CYLINDRICAL_SURFACE('',#4561,0.00525);
#98=CYLINDRICAL_SURFACE('',#4563,0.00525);
#99=CYLINDRICAL_SURFACE('',#4635,0.584787991130939);
#100=CIRCLE('',#4502,0.75);
#101=CIRCLE('',#4503,0.0725);
#102=CIRCLE('',#4504,0.6775);
#103=CIRCLE('',#4505,0.75);
#104=CIRCLE('',#4507,0.584787991130939);
#105=CIRCLE('',#4509,0.75);
#106=CIRCLE('',#4551,0.00525);
#107=CIRCLE('',#4552,0.00525);
#108=CIRCLE('',#4615,0.3625);
#109=CIRCLE('',#4617,0.529365555220469);
#110=CIRCLE('',#4618,0.459787991130939);
#111=CIRCLE('',#4619,0.459787991130939);
#112=CIRCLE('',#4620,0.459787991130939);
#113=CIRCLE('',#4621,0.459787991130939);
#114=CIRCLE('',#4625,0.3625);
#115=CIRCLE('',#4629,0.55168155550623);
#116=CIRCLE('',#4630,0.55168155550623);
#117=CIRCLE('',#4632,0.584787991130939);
#118=CIRCLE('',#4633,0.125);
#119=CIRCLE('',#4634,0.584787991130939);
#120=TOROIDAL_SURFACE('',#4501,0.6775,0.0725);
#121=TOROIDAL_SURFACE('',#4631,0.459787991130939,0.125);
#122=FACE_BOUND('',#552,.T.);
#123=FACE_BOUND('',#562,.T.);
#124=FACE_BOUND('',#563,.T.);
#125=FACE_BOUND('',#564,.T.);
#126=FACE_BOUND('',#565,.T.);
#127=FACE_BOUND('',#576,.T.);
#128=FACE_BOUND('',#580,.T.);
#129=FACE_BOUND('',#683,.T.);
#130=B_SPLINE_CURVE_WITH_KNOTS('',3,(#5726,#5727,#5728,#5729),
 .UNSPECIFIED.,.F.,.F.,(4,4),(-0.664577720793273,-0.557938442421434),
 .UNSPECIFIED.);
#131=B_SPLINE_CURVE_WITH_KNOTS('',3,(#5731,#5732,#5733,#5734),
 .UNSPECIFIED.,.F.,.F.,(4,4),(0.,0.071161288960423),.UNSPECIFIED.);
#132=B_SPLINE_CURVE_WITH_KNOTS('',3,(#5736,#5737,#5738,#5739,#5740,#5741,
#5742,#5743),.UNSPECIFIED.,.F.,.F.,(4,1,1,1,1,4),(-1.37555212682084,-1.17904468013215,
-0.982537233443459,-0.589522340066075,-0.196507446688692,0.),
 .UNSPECIFIED.);
#133=B_SPLINE_CURVE_WITH_KNOTS('',3,(#5745,#5746,#5747,#5748),
 .UNSPECIFIED.,.F.,.F.,(4,4),(-1.44671341578136,-1.37555212682084),
 .UNSPECIFIED.);
#134=B_SPLINE_CURVE_WITH_KNOTS('',3,(#5750,#5751,#5752,#5753),
 .UNSPECIFIED.,.F.,.F.,(4,4),(0.0206414657664319,0.127280744136529),
 .UNSPECIFIED.);
#135=B_SPLINE_CURVE_WITH_KNOTS('',3,(#5852,#5853,#5854,#5855),
 .UNSPECIFIED.,.F.,.F.,(4,4),(-0.664577718208151,-0.55793848016033),
 .UNSPECIFIED.);
#136=B_SPLINE_CURVE_WITH_KNOTS('',3,(#5857,#5858,#5859,#5860),
 .UNSPECIFIED.,.F.,.F.,(4,4),(0.,0.0711612873278255),.UNSPECIFIED.);
#137=B_SPLINE_CURVE_WITH_KNOTS('',3,(#5862,#5863,#5864,#5865,#5866,#5867,
#5868,#5869,#5870),.UNSPECIFIED.,.F.,.F.,(4,1,1,1,1,1,4),(-1.37555216558865,
-1.1790447133617,-0.982537261134751,-0.58952235668085,-0.3930149044539,
-0.19650745222695,0.),.UNSPECIFIED.);
#138=B_SPLINE_CURVE_WITH_KNOTS('',3,(#5872,#5873,#5874,#5875),
 .UNSPECIFIED.,.F.,.F.,(4,4),(-1.44671345291657,-1.37555216558865),
 .UNSPECIFIED.);
#139=B_SPLINE_CURVE_WITH_KNOTS('',3,(#5877,#5878,#5879,#5880),
 .UNSPECIFIED.,.F.,.F.,(4,4),(0.0206415068476022,0.127280744893696),
 .UNSPECIFIED.);
#140=B_SPLINE_CURVE_WITH_KNOTS('',3,(#6750,#6751,#6752,#6753),
 .UNSPECIFIED.,.F.,.F.,(4,4),(-0.991592727566296,-0.457018767836105),
 .UNSPECIFIED.);
#141=B_SPLINE_CURVE_WITH_KNOTS('',3,(#6755,#6756,#6757,#6758),
 .UNSPECIFIED.,.F.,.F.,(4,4),(0.374573987665709,0.650759134740925),
 .UNSPECIFIED.);
#142=B_SPLINE_CURVE_WITH_KNOTS('',3,(#6759,#6760,#6761,#6762),
 .UNSPECIFIED.,.F.,.F.,(4,4),(-0.585444510805682,-0.365939275387416),
 .UNSPECIFIED.);
#143=B_SPLINE_CURVE_WITH_KNOTS('',3,(#6780,#6781,#6782,#6783),
 .UNSPECIFIED.,.F.,.F.,(4,4),(-0.36593806033845,-0.296456362346982),
 .UNSPECIFIED.);
#144=B_SPLINE_CURVE_WITH_KNOTS('',3,(#6785,#6786,#6787,#6788,#6789,#6790),
 .UNSPECIFIED.,.F.,.F.,(4,2,4),(-0.296455982656121,-0.240881596322057,0.),
 .UNSPECIFIED.);
#145=B_SPLINE_CURVE_WITH_KNOTS('',3,(#6792,#6793,#6794,#6795),
 .UNSPECIFIED.,.F.,.F.,(4,4),(0.698808727692345,0.936158891186123),
 .UNSPECIFIED.);
#146=B_SPLINE_CURVE_WITH_KNOTS('',3,(#6797,#6798,#6799,#6800),
 .UNSPECIFIED.,.F.,.F.,(4,4),(-1.,-0.0250176222899665),.UNSPECIFIED.);
#147=B_SPLINE_CURVE_WITH_KNOTS('',3,(#6802,#6803,#6804,#6805),
 .UNSPECIFIED.,.F.,.F.,(4,4),(0.,0.427713038128436),.UNSPECIFIED.);
#148=B_SPLINE_CURVE_WITH_KNOTS('',3,(#6806,#6807,#6808,#6809),
 .UNSPECIFIED.,.F.,.F.,(4,4),(0.650759134740925,0.656463504598774),
 .UNSPECIFIED.);
#149=B_SPLINE_CURVE_WITH_KNOTS('',3,(#6828,#6829,#6830,#6831),
 .UNSPECIFIED.,.F.,.F.,(4,4),(-1.,-0.0250176222896132),.UNSPECIFIED.);
#150=B_SPLINE_CURVE_WITH_KNOTS('',3,(#6833,#6834,#6835,#6836),
 .UNSPECIFIED.,.F.,.F.,(4,4),(0.537296973312752,0.748221350345217),
 .UNSPECIFIED.);
#151=B_SPLINE_CURVE_WITH_KNOTS('',3,(#6838,#6839,#6840,#6841),
 .UNSPECIFIED.,.F.,.F.,(4,4),(-1.02089657627182,-0.748221350345216),
 .UNSPECIFIED.);
#152=B_SPLINE_CURVE_WITH_KNOTS('',3,(#6843,#6844,#6845,#6846,#6847,#6848),
 .UNSPECIFIED.,.F.,.F.,(4,2,4),(-0.425855837169992,-0.284791022218617,0.),
 .UNSPECIFIED.);
#153=B_SPLINE_CURVE_WITH_KNOTS('',3,(#6849,#6850,#6851,#6852),
 .UNSPECIFIED.,.F.,.F.,(4,4),(-0.49674235584586,-0.425855837744457),
 .UNSPECIFIED.);
#154=B_SPLINE_CURVE_WITH_KNOTS('',3,(#6853,#6854,#6855,#6856),
 .UNSPECIFIED.,.F.,.F.,(4,4),(0.,0.021666697298766),.UNSPECIFIED.);
#155=B_SPLINE_CURVE_WITH_KNOTS('',3,(#6874,#6875,#6876,#6877),
 .UNSPECIFIED.,.F.,.F.,(4,4),(0.0216667988770069,0.126180415382603),
 .UNSPECIFIED.);
#156=B_SPLINE_CURVE_WITH_KNOTS('',3,(#6879,#6880,#6881,#6882),
 .UNSPECIFIED.,.F.,.F.,(4,4),(0.638371527156381,0.728679073188387),
 .UNSPECIFIED.);
#157=B_SPLINE_CURVE_WITH_KNOTS('',3,(#6884,#6885,#6886,#6887),
 .UNSPECIFIED.,.F.,.F.,(4,4),(0.616416335021531,0.638371526629118),
 .UNSPECIFIED.);
#158=B_SPLINE_CURVE_WITH_KNOTS('',3,(#6889,#6890,#6891,#6892),
 .UNSPECIFIED.,.F.,.F.,(4,4),(-0.991592727566416,-0.457018767836118),
 .UNSPECIFIED.);
#159=B_SPLINE_CURVE_WITH_KNOTS('',3,(#6894,#6895,#6896,#6897),
 .UNSPECIFIED.,.F.,.F.,(4,4),(0.,0.00571628930373264),.UNSPECIFIED.);
#160=B_SPLINE_CURVE_WITH_KNOTS('',3,(#6898,#6899,#6900,#6901),
 .UNSPECIFIED.,.F.,.F.,(4,4),(0.109583935181858,0.537296973312752),
 .UNSPECIFIED.);
#161=B_SPLINE_CURVE_WITH_KNOTS('',3,(#6920,#6921,#6922,#6923),
 .UNSPECIFIED.,.F.,.F.,(4,4),(-1.,-0.0250175728421859),.UNSPECIFIED.);
#162=B_SPLINE_CURVE_WITH_KNOTS('',3,(#6925,#6926,#6927,#6928),
 .UNSPECIFIED.,.F.,.F.,(4,4),(0.537296976655024,0.748221365890092),
 .UNSPECIFIED.);
#163=B_SPLINE_CURVE_WITH_KNOTS('',3,(#6930,#6931,#6932,#6933),
 .UNSPECIFIED.,.F.,.F.,(4,4),(-1.02089663551438,-0.748221365890092),
 .UNSPECIFIED.);
#164=B_SPLINE_CURVE_WITH_KNOTS('',3,(#6935,#6936,#6937,#6938,#6939,#6940),
 .UNSPECIFIED.,.F.,.F.,(4,2,4),(-0.425855887968727,-0.284790898214319,0.),
 .UNSPECIFIED.);
#165=B_SPLINE_CURVE_WITH_KNOTS('',3,(#6941,#6942,#6943,#6944),
 .UNSPECIFIED.,.F.,.F.,(4,4),(-0.49674242308138,-0.425855887968727),
 .UNSPECIFIED.);
#166=B_SPLINE_CURVE_WITH_KNOTS('',3,(#6945,#6946,#6947,#6948),
 .UNSPECIFIED.,.F.,.F.,(4,4),(0.,0.0216666559313925),.UNSPECIFIED.);
#167=B_SPLINE_CURVE_WITH_KNOTS('',3,(#6966,#6967,#6968,#6969),
 .UNSPECIFIED.,.F.,.F.,(4,4),(0.0216667575092612,0.126180400852129),
 .UNSPECIFIED.);
#168=B_SPLINE_CURVE_WITH_KNOTS('',3,(#6971,#6972,#6973,#6974),
 .UNSPECIFIED.,.F.,.F.,(4,4),(0.638371608485749,0.728679237372091),
 .UNSPECIFIED.);
#169=B_SPLINE_CURVE_WITH_KNOTS('',3,(#6976,#6977,#6978,#6979),
 .UNSPECIFIED.,.F.,.F.,(4,4),(0.616416399158658,0.638371607958512),
 .UNSPECIFIED.);
#170=B_SPLINE_CURVE_WITH_KNOTS('',3,(#6981,#6982,#6983,#6984),
 .UNSPECIFIED.,.F.,.F.,(4,4),(-0.991592648560673,-0.457018762369459),
 .UNSPECIFIED.);
#171=B_SPLINE_CURVE_WITH_KNOTS('',3,(#6986,#6987,#6988,#6989),
 .UNSPECIFIED.,.F.,.F.,(4,4),(0.,0.00571634305875209),.UNSPECIFIED.);
#172=B_SPLINE_CURVE_WITH_KNOTS('',3,(#6990,#6991,#6992,#6993),
 .UNSPECIFIED.,.F.,.F.,(4,4),(0.109583939417959,0.537296976655024),
 .UNSPECIFIED.);
#173=B_SPLINE_CURVE_WITH_KNOTS('',3,(#7011,#7012,#7013,#7014),
 .UNSPECIFIED.,.F.,.F.,(4,4),(-0.817001194055868,-0.298176923624277),
 .UNSPECIFIED.);
#174=B_SPLINE_CURVE_WITH_KNOTS('',3,(#7016,#7017,#7018,#7019),
 .UNSPECIFIED.,.F.,.F.,(4,4),(0.481409279557279,0.749634701309838),
 .UNSPECIFIED.);
#175=B_SPLINE_CURVE_WITH_KNOTS('',3,(#7020,#7021,#7022,#7023),
 .UNSPECIFIED.,.F.,.F.,(4,4),(0.530219601601804,0.616416335021531),
 .UNSPECIFIED.);
#176=B_SPLINE_CURVE_WITH_KNOTS('',3,(#7061,#7062,#7063,#7064),
 .UNSPECIFIED.,.F.,.F.,(4,4),(-1.44480355224272,-1.4029947326199),
 .UNSPECIFIED.);
#177=B_SPLINE_CURVE_WITH_KNOTS('',3,(#7066,#7067,#7068,#7069,#7070,#7071,
#7072,#7073,#7074),.UNSPECIFIED.,.F.,.F.,(4,1,1,1,1,1,4),(-1.4029947326199,
-1.40211989015563,-1.18511662503534,-0.968113359915039,-0.751110094794742,
-0.317103564554149,-0.316228724239734),.UNSPECIFIED.);
#178=B_SPLINE_CURVE_WITH_KNOTS('',3,(#7076,#7077,#7078,#7079),
 .UNSPECIFIED.,.F.,.F.,(4,4),(0.274419907664245,0.316228724239734),
 .UNSPECIFIED.);
#179=B_SPLINE_CURVE_WITH_KNOTS('',3,(#7081,#7082,#7083,#7084,#7085,#7086),
 .UNSPECIFIED.,.F.,.F.,(4,2,4),(-0.296455994029396,-0.240881599056222,0.),
 .UNSPECIFIED.);
#180=B_SPLINE_CURVE_WITH_KNOTS('',3,(#7088,#7089,#7090,#7091),
 .UNSPECIFIED.,.F.,.F.,(4,4),(-0.817001149443931,-0.298176930676682),
 .UNSPECIFIED.);
#181=B_SPLINE_CURVE_WITH_KNOTS('',3,(#7093,#7094,#7095,#7096),
 .UNSPECIFIED.,.F.,.F.,(4,4),(0.,0.167675865981699),.UNSPECIFIED.);
#182=B_SPLINE_CURVE_WITH_KNOTS('',3,(#7098,#7099,#7100,#7101,#7102,#7103,
#7104,#7105,#7106),.UNSPECIFIED.,.F.,.F.,(4,1,1,1,1,1,4),(0.205059318705969,
0.317103564554149,0.751110094794742,0.968113359915039,1.18511662503534,
1.40211989015563,1.51416415732783),.UNSPECIFIED.);
#183=B_SPLINE_CURVE_WITH_KNOTS('',3,(#7107,#7108,#7109,#7110),
 .UNSPECIFIED.,.F.,.F.,(4,4),(0.749634813687042,0.903736541524462),
 .UNSPECIFIED.);
#184=B_SPLINE_CURVE_WITH_KNOTS('',3,(#7129,#7130,#7131,#7132),
 .UNSPECIFIED.,.F.,.F.,(4,4),(-0.991592648560551,-0.457018762369446),
 .UNSPECIFIED.);
#185=B_SPLINE_CURVE_WITH_KNOTS('',3,(#7134,#7135,#7136,#7137),
 .UNSPECIFIED.,.F.,.F.,(4,4),(0.374573977598822,0.650759088041885),
 .UNSPECIFIED.);
#186=B_SPLINE_CURVE_WITH_KNOTS('',3,(#7138,#7139,#7140,#7141),
 .UNSPECIFIED.,.F.,.F.,(4,4),(-0.585444482657288,-0.365939459304363),
 .UNSPECIFIED.);
#187=B_SPLINE_CURVE_WITH_KNOTS('',3,(#7158,#7159,#7160,#7161),
 .UNSPECIFIED.,.F.,.F.,(4,4),(-0.365938065802645,-0.296456423381926),
 .UNSPECIFIED.);
#188=B_SPLINE_CURVE_WITH_KNOTS('',3,(#7163,#7164,#7165,#7166),
 .UNSPECIFIED.,.F.,.F.,(4,4),(0.698808732721636,0.936158994781529),
 .UNSPECIFIED.);
#189=B_SPLINE_CURVE_WITH_KNOTS('',3,(#7168,#7169,#7170,#7171),
 .UNSPECIFIED.,.F.,.F.,(4,4),(-1.,-0.025017572842541),.UNSPECIFIED.);
#190=B_SPLINE_CURVE_WITH_KNOTS('',3,(#7173,#7174,#7175,#7176),
 .UNSPECIFIED.,.F.,.F.,(4,4),(0.,0.427713037234605),.UNSPECIFIED.);
#191=B_SPLINE_CURVE_WITH_KNOTS('',3,(#7177,#7178,#7179,#7180),
 .UNSPECIFIED.,.F.,.F.,(4,4),(0.650759088041885,0.656463511566173),
 .UNSPECIFIED.);
#192=B_SPLINE_CURVE_WITH_KNOTS('',3,(#7198,#7199,#7200,#7201),
 .UNSPECIFIED.,.F.,.F.,(4,4),(-0.143216409204066,0.),.UNSPECIFIED.);
#193=B_SPLINE_CURVE_WITH_KNOTS('',3,(#7202,#7203,#7204,#7205),
 .UNSPECIFIED.,.F.,.F.,(4,4),(-0.136633579765487,0.),.UNSPECIFIED.);
#194=B_SPLINE_CURVE_WITH_KNOTS('',3,(#7238,#7239,#7240,#7241),
 .UNSPECIFIED.,.F.,.F.,(4,4),(-0.143216409203932,0.),.UNSPECIFIED.);
#195=B_SPLINE_CURVE_WITH_KNOTS('',3,(#7243,#7244,#7245,#7246,#7247,#7248,
#7249,#7250,#7251,#7252),.UNSPECIFIED.,.F.,.F.,(4,2,2,2,4),(0.336394885735015,
0.407232523934041,0.651035309114266,0.747616166161794,0.803723885264767),
 .UNSPECIFIED.);
#196=B_SPLINE_CURVE_WITH_KNOTS('',3,(#7254,#7255,#7256,#7257),
 .UNSPECIFIED.,.F.,.F.,(4,4),(0.638101312114742,0.737450814706096),
 .UNSPECIFIED.);
#197=B_SPLINE_CURVE_WITH_KNOTS('',3,(#7259,#7260,#7261,#7262,#7263,#7264,
#7265,#7266,#7267,#7268),.UNSPECIFIED.,.F.,.F.,(4,2,2,2,4),(0.,0.0446157052280337,
0.109432616083481,0.223996628241338,0.277935779538342),.UNSPECIFIED.);
#198=B_SPLINE_CURVE_WITH_KNOTS('',3,(#7269,#7270,#7271,#7272,#7273,#7274),
 .UNSPECIFIED.,.F.,.F.,(4,2,4),(-0.977967623363875,-0.38278510178685,-0.136633579765487),
 .UNSPECIFIED.);
#199=B_SPLINE_CURVE_WITH_KNOTS('',3,(#7292,#7293,#7294,#7295),
 .UNSPECIFIED.,.F.,.F.,(4,4),(-0.817001149443931,-0.298176930676682),
 .UNSPECIFIED.);
#200=B_SPLINE_CURVE_WITH_KNOTS('',3,(#7297,#7298,#7299,#7300),
 .UNSPECIFIED.,.F.,.F.,(4,4),(0.481409383406193,0.749634854526601),
 .UNSPECIFIED.);
#201=B_SPLINE_CURVE_WITH_KNOTS('',3,(#7301,#7302,#7303,#7304),
 .UNSPECIFIED.,.F.,.F.,(4,4),(0.53021962756421,0.616416399158658),
 .UNSPECIFIED.);
#202=B_SPLINE_CURVE_WITH_KNOTS('',3,(#7342,#7343,#7344,#7345),
 .UNSPECIFIED.,.F.,.F.,(4,4),(-1.44480356858724,-1.40299475201173),
 .UNSPECIFIED.);
#203=B_SPLINE_CURVE_WITH_KNOTS('',3,(#7347,#7348,#7349,#7350,#7351,#7352,
#7353,#7354,#7355),.UNSPECIFIED.,.F.,.F.,(4,1,1,1,1,1,4),(-1.40299475201173,
-1.40211991169732,-1.18511664657702,-0.968113381456725,-0.751110116336428,
-0.534106851216132,-0.316228743631568),.UNSPECIFIED.);
#204=B_SPLINE_CURVE_WITH_KNOTS('',3,(#7356,#7357,#7358,#7359),
 .UNSPECIFIED.,.F.,.F.,(4,4),(0.274419924008771,0.316228743631567),
 .UNSPECIFIED.);
#205=B_SPLINE_CURVE_WITH_KNOTS('',3,(#7361,#7362,#7363,#7364),
 .UNSPECIFIED.,.F.,.F.,(4,4),(-0.817001194055868,-0.298176923624277),
 .UNSPECIFIED.);
#206=B_SPLINE_CURVE_WITH_KNOTS('',3,(#7366,#7367,#7368,#7369),
 .UNSPECIFIED.,.F.,.F.,(4,4),(0.,0.167675825826464),.UNSPECIFIED.);
#207=B_SPLINE_CURVE_WITH_KNOTS('',3,(#7371,#7372,#7373,#7374,#7375,#7376,
#7377,#7378,#7379),.UNSPECIFIED.,.F.,.F.,(4,1,1,1,1,1,4),(0.205059318923636,
0.534106851216132,0.751110116336428,0.968113381456725,1.18511664657702,
1.40211991169732,1.5141641575455),.UNSPECIFIED.);
#208=B_SPLINE_CURVE_WITH_KNOTS('',3,(#7380,#7381,#7382,#7383),
 .UNSPECIFIED.,.F.,.F.,(4,4),(0.74963496690372,0.903736770844934),
 .UNSPECIFIED.);
#209=B_SPLINE_CURVE_WITH_KNOTS('',3,(#7401,#7402,#7403,#7404),
 .UNSPECIFIED.,.F.,.F.,(4,4),(-0.143216418873293,0.),.UNSPECIFIED.);
#210=B_SPLINE_CURVE_WITH_KNOTS('',3,(#7405,#7406,#7407,#7408),
 .UNSPECIFIED.,.F.,.F.,(4,4),(-0.136633583904188,0.),.UNSPECIFIED.);
#211=B_SPLINE_CURVE_WITH_KNOTS('',3,(#7445,#7446,#7447,#7448),
 .UNSPECIFIED.,.F.,.F.,(4,4),(-0.143216420529621,0.),.UNSPECIFIED.);
#212=B_SPLINE_CURVE_WITH_KNOTS('',3,(#7450,#7451,#7452,#7453,#7454,#7455,
#7456,#7457,#7458,#7459),.UNSPECIFIED.,.F.,.F.,(4,2,2,2,4),(0.336394907674693,
0.407233938000834,0.65103767042507,0.747616451452174,0.803723558542309),
 .UNSPECIFIED.);
#213=B_SPLINE_CURVE_WITH_KNOTS('',3,(#7461,#7462,#7463,#7464),
 .UNSPECIFIED.,.F.,.F.,(4,4),(0.638100704214945,0.737451461373698),
 .UNSPECIFIED.);
#214=B_SPLINE_CURVE_WITH_KNOTS('',3,(#7466,#7467,#7468,#7469,#7470,#7471,
#7472,#7473,#7474,#7475),.UNSPECIFIED.,.F.,.F.,(4,2,2,2,4),(0.,0.0446164273339551,
0.109434094253474,0.22399985536021,0.27793571616023),.UNSPECIFIED.);
#215=B_SPLINE_CURVE_WITH_KNOTS('',3,(#7476,#7477,#7478,#7479,#7480,#7481),
 .UNSPECIFIED.,.F.,.F.,(4,2,4),(-0.977967626267775,-0.382785094077981,-0.136633583904188),
 .UNSPECIFIED.);
#216=B_SPLINE_CURVE_WITH_KNOTS('',3,(#7514,#7515,#7516,#7517,#7518,#7519,
#7520),.UNSPECIFIED.,.F.,.F.,(4,3,4),(0.167675833220048,0.347048161297156,
0.461468692865543),.UNSPECIFIED.);
#217=B_SPLINE_CURVE_WITH_KNOTS('',3,(#7553,#7554,#7555,#7556),
 .UNSPECIFIED.,.F.,.F.,(4,4),(0.936159485288889,0.994528171327592),
 .UNSPECIFIED.);
#218=B_SPLINE_CURVE_WITH_KNOTS('',3,(#7558,#7559,#7560,#7561),
 .UNSPECIFIED.,.F.,.F.,(4,4),(0.210924389231624,0.483599658852029),
 .UNSPECIFIED.);
#219=B_SPLINE_CURVE_WITH_KNOTS('',3,(#7562,#7563,#7564,#7565),
 .UNSPECIFIED.,.F.,.F.,(4,4),(-0.210924389231623,0.),.UNSPECIFIED.);
#220=B_SPLINE_CURVE_WITH_KNOTS('',3,(#7582,#7583,#7584,#7585,#7586,#7587,
#7588),.UNSPECIFIED.,.F.,.F.,(4,3,4),(0.167675873375076,0.347048198818258,
0.461468712632442),.UNSPECIFIED.);
#221=B_SPLINE_CURVE_WITH_KNOTS('',3,(#7605,#7606,#7607,#7608),
 .UNSPECIFIED.,.F.,.F.,(4,4),(0.00571634305875209,0.282489627606349),
 .UNSPECIFIED.);
#222=B_SPLINE_CURVE_WITH_KNOTS('',3,(#7625,#7626,#7627,#7628),
 .UNSPECIFIED.,.F.,.F.,(4,4),(0.00571628930373264,0.282489611711234),
 .UNSPECIFIED.);
#223=B_SPLINE_CURVE_WITH_KNOTS('',3,(#7645,#7646,#7647,#7648),
 .UNSPECIFIED.,.F.,.F.,(4,4),(0.936159381694786,0.994528165980201),
 .UNSPECIFIED.);
#224=B_SPLINE_CURVE_WITH_KNOTS('',3,(#7650,#7651,#7652,#7653),
 .UNSPECIFIED.,.F.,.F.,(4,4),(0.210924377029051,0.483599602951806),
 .UNSPECIFIED.);
#225=B_SPLINE_CURVE_WITH_KNOTS('',3,(#7654,#7655,#7656,#7657),
 .UNSPECIFIED.,.F.,.F.,(4,4),(-0.210924377029051,0.),.UNSPECIFIED.);
#226=FACE_OUTER_BOUND('',#459,.T.);
#227=FACE_OUTER_BOUND('',#460,.T.);
#228=FACE_OUTER_BOUND('',#461,.T.);
#229=FACE_OUTER_BOUND('',#462,.T.);
#230=FACE_OUTER_BOUND('',#463,.T.);
#231=FACE_OUTER_BOUND('',#464,.T.);
#232=FACE_OUTER_BOUND('',#465,.T.);
#233=FACE_OUTER_BOUND('',#466,.T.);
#234=FACE_OUTER_BOUND('',#467,.T.);
#235=FACE_OUTER_BOUND('',#468,.T.);
#236=FACE_OUTER_BOUND('',#469,.T.);
#237=FACE_OUTER_BOUND('',#470,.T.);
#238=FACE_OUTER_BOUND('',#471,.T.);
#239=FACE_OUTER_BOUND('',#472,.T.);
#240=FACE_OUTER_BOUND('',#473,.T.);
#241=FACE_OUTER_BOUND('',#474,.T.);
#242=FACE_OUTER_BOUND('',#475,.T.);
#243=FACE_OUTER_BOUND('',#476,.T.);
#244=FACE_OUTER_BOUND('',#477,.T.);
#245=FACE_OUTER_BOUND('',#478,.T.);
#246=FACE_OUTER_BOUND('',#479,.T.);
#247=FACE_OUTER_BOUND('',#480,.T.);
#248=FACE_OUTER_BOUND('',#481,.T.);
#249=FACE_OUTER_BOUND('',#482,.T.);
#250=FACE_OUTER_BOUND('',#483,.T.);
#251=FACE_OUTER_BOUND('',#484,.T.);
#252=FACE_OUTER_BOUND('',#485,.T.);
#253=FACE_OUTER_BOUND('',#486,.T.);
#254=FACE_OUTER_BOUND('',#487,.T.);
#255=FACE_OUTER_BOUND('',#488,.T.);
#256=FACE_OUTER_BOUND('',#489,.T.);
#257=FACE_OUTER_BOUND('',#490,.T.);
#258=FACE_OUTER_BOUND('',#491,.T.);
#259=FACE_OUTER_BOUND('',#492,.T.);
#260=FACE_OUTER_BOUND('',#493,.T.);
#261=FACE_OUTER_BOUND('',#494,.T.);
#262=FACE_OUTER_BOUND('',#495,.T.);
#263=FACE_OUTER_BOUND('',#496,.T.);
#264=FACE_OUTER_BOUND('',#497,.T.);
#265=FACE_OUTER_BOUND('',#498,.T.);
#266=FACE_OUTER_BOUND('',#499,.T.);
#267=FACE_OUTER_BOUND('',#500,.T.);
#268=FACE_OUTER_BOUND('',#501,.T.);
#269=FACE_OUTER_BOUND('',#502,.T.);
#270=FACE_OUTER_BOUND('',#503,.T.);
#271=FACE_OUTER_BOUND('',#504,.T.);
#272=FACE_OUTER_BOUND('',#505,.T.);
#273=FACE_OUTER_BOUND('',#506,.T.);
#274=FACE_OUTER_BOUND('',#507,.T.);
#275=FACE_OUTER_BOUND('',#508,.T.);
#276=FACE_OUTER_BOUND('',#509,.T.);
#277=FACE_OUTER_BOUND('',#510,.T.);
#278=FACE_OUTER_BOUND('',#511,.T.);
#279=FACE_OUTER_BOUND('',#512,.T.);
#280=FACE_OUTER_BOUND('',#513,.T.);
#281=FACE_OUTER_BOUND('',#514,.T.);
#282=FACE_OUTER_BOUND('',#515,.T.);
#283=FACE_OUTER_BOUND('',#516,.T.);
#284=FACE_OUTER_BOUND('',#517,.T.);
#285=FACE_OUTER_BOUND('',#518,.T.);
#286=FACE_OUTER_BOUND('',#519,.T.);
#287=FACE_OUTER_BOUND('',#520,.T.);
#288=FACE_OUTER_BOUND('',#521,.T.);
#289=FACE_OUTER_BOUND('',#522,.T.);
#290=FACE_OUTER_BOUND('',#523,.T.);
#291=FACE_OUTER_BOUND('',#524,.T.);
#292=FACE_OUTER_BOUND('',#525,.T.);
#293=FACE_OUTER_BOUND('',#526,.T.);
#294=FACE_OUTER_BOUND('',#527,.T.);
#295=FACE_OUTER_BOUND('',#528,.T.);
#296=FACE_OUTER_BOUND('',#529,.T.);
#297=FACE_OUTER_BOUND('',#530,.T.);
#298=FACE_OUTER_BOUND('',#531,.T.);
#299=FACE_OUTER_BOUND('',#532,.T.);
#300=FACE_OUTER_BOUND('',#533,.T.);
#301=FACE_OUTER_BOUND('',#534,.T.);
#302=FACE_OUTER_BOUND('',#535,.T.);
#303=FACE_OUTER_BOUND('',#536,.T.);
#304=FACE_OUTER_BOUND('',#537,.T.);
#305=FACE_OUTER_BOUND('',#538,.T.);
#306=FACE_OUTER_BOUND('',#539,.T.);
#307=FACE_OUTER_BOUND('',#540,.T.);
#308=FACE_OUTER_BOUND('',#541,.T.);
#309=FACE_OUTER_BOUND('',#542,.T.);
#310=FACE_OUTER_BOUND('',#543,.T.);
#311=FACE_OUTER_BOUND('',#544,.T.);
#312=FACE_OUTER_BOUND('',#545,.T.);
#313=FACE_OUTER_BOUND('',#546,.T.);
#314=FACE_OUTER_BOUND('',#547,.T.);
#315=FACE_OUTER_BOUND('',#548,.T.);
#316=FACE_OUTER_BOUND('',#549,.T.);
#317=FACE_OUTER_BOUND('',#550,.T.);
#318=FACE_OUTER_BOUND('',#551,.T.);
#319=FACE_OUTER_BOUND('',#553,.T.);
#320=FACE_OUTER_BOUND('',#554,.T.);
#321=FACE_OUTER_BOUND('',#555,.T.);
#322=FACE_OUTER_BOUND('',#556,.T.);
#323=FACE_OUTER_BOUND('',#557,.T.);
#324=FACE_OUTER_BOUND('',#558,.T.);
#325=FACE_OUTER_BOUND('',#559,.T.);
#326=FACE_OUTER_BOUND('',#560,.T.);
#327=FACE_OUTER_BOUND('',#561,.T.);
#328=FACE_OUTER_BOUND('',#566,.T.);
#329=FACE_OUTER_BOUND('',#567,.T.);
#330=FACE_OUTER_BOUND('',#568,.T.);
#331=FACE_OUTER_BOUND('',#569,.T.);
#332=FACE_OUTER_BOUND('',#570,.T.);
#333=FACE_OUTER_BOUND('',#571,.T.);
#334=FACE_OUTER_BOUND('',#572,.T.);
#335=FACE_OUTER_BOUND('',#573,.T.);
#336=FACE_OUTER_BOUND('',#574,.T.);
#337=FACE_OUTER_BOUND('',#575,.T.);
#338=FACE_OUTER_BOUND('',#577,.T.);
#339=FACE_OUTER_BOUND('',#578,.T.);
#340=FACE_OUTER_BOUND('',#579,.T.);
#341=FACE_OUTER_BOUND('',#581,.T.);
#342=FACE_OUTER_BOUND('',#582,.T.);
#343=FACE_OUTER_BOUND('',#583,.T.);
#344=FACE_OUTER_BOUND('',#584,.T.);
#345=FACE_OUTER_BOUND('',#585,.T.);
#346=FACE_OUTER_BOUND('',#586,.T.);
#347=FACE_OUTER_BOUND('',#587,.T.);
#348=FACE_OUTER_BOUND('',#588,.T.);
#349=FACE_OUTER_BOUND('',#589,.T.);
#350=FACE_OUTER_BOUND('',#590,.T.);
#351=FACE_OUTER_BOUND('',#591,.T.);
#352=FACE_OUTER_BOUND('',#592,.T.);
#353=FACE_OUTER_BOUND('',#593,.T.);
#354=FACE_OUTER_BOUND('',#594,.T.);
#355=FACE_OUTER_BOUND('',#595,.T.);
#356=FACE_OUTER_BOUND('',#596,.T.);
#357=FACE_OUTER_BOUND('',#597,.T.);
#358=FACE_OUTER_BOUND('',#598,.T.);
#359=FACE_OUTER_BOUND('',#599,.T.);
#360=FACE_OUTER_BOUND('',#600,.T.);
#361=FACE_OUTER_BOUND('',#601,.T.);
#362=FACE_OUTER_BOUND('',#602,.T.);
#363=FACE_OUTER_BOUND('',#603,.T.);
#364=FACE_OUTER_BOUND('',#604,.T.);
#365=FACE_OUTER_BOUND('',#605,.T.);
#366=FACE_OUTER_BOUND('',#606,.T.);
#367=FACE_OUTER_BOUND('',#607,.T.);
#368=FACE_OUTER_BOUND('',#608,.T.);
#369=FACE_OUTER_BOUND('',#609,.T.);
#370=FACE_OUTER_BOUND('',#610,.T.);
#371=FACE_OUTER_BOUND('',#611,.T.);
#372=FACE_OUTER_BOUND('',#612,.T.);
#373=FACE_OUTER_BOUND('',#613,.T.);
#374=FACE_OUTER_BOUND('',#614,.T.);
#375=FACE_OUTER_BOUND('',#615,.T.);
#376=FACE_OUTER_BOUND('',#616,.T.);
#377=FACE_OUTER_BOUND('',#617,.T.);
#378=FACE_OUTER_BOUND('',#618,.T.);
#379=FACE_OUTER_BOUND('',#619,.T.);
#380=FACE_OUTER_BOUND('',#620,.T.);
#381=FACE_OUTER_BOUND('',#621,.T.);
#382=FACE_OUTER_BOUND('',#622,.T.);
#383=FACE_OUTER_BOUND('',#623,.T.);
#384=FACE_OUTER_BOUND('',#624,.T.);
#385=FACE_OUTER_BOUND('',#625,.T.);
#386=FACE_OUTER_BOUND('',#626,.T.);
#387=FACE_OUTER_BOUND('',#627,.T.);
#388=FACE_OUTER_BOUND('',#628,.T.);
#389=FACE_OUTER_BOUND('',#629,.T.);
#390=FACE_OUTER_BOUND('',#630,.T.);
#391=FACE_OUTER_BOUND('',#631,.T.);
#392=FACE_OUTER_BOUND('',#632,.T.);
#393=FACE_OUTER_BOUND('',#633,.T.);
#394=FACE_OUTER_BOUND('',#634,.T.);
#395=FACE_OUTER_BOUND('',#635,.T.);
#396=FACE_OUTER_BOUND('',#636,.T.);
#397=FACE_OUTER_BOUND('',#637,.T.);
#398=FACE_OUTER_BOUND('',#638,.T.);
#399=FACE_OUTER_BOUND('',#639,.T.);
#400=FACE_OUTER_BOUND('',#640,.T.);
#401=FACE_OUTER_BOUND('',#641,.T.);
#402=FACE_OUTER_BOUND('',#642,.T.);
#403=FACE_OUTER_BOUND('',#643,.T.);
#404=FACE_OUTER_BOUND('',#644,.T.);
#405=FACE_OUTER_BOUND('',#645,.T.);
#406=FACE_OUTER_BOUND('',#646,.T.);
#407=FACE_OUTER_BOUND('',#647,.T.);
#408=FACE_OUTER_BOUND('',#648,.T.);
#409=FACE_OUTER_BOUND('',#649,.T.);
#410=FACE_OUTER_BOUND('',#650,.T.);
#411=FACE_OUTER_BOUND('',#651,.T.);
#412=FACE_OUTER_BOUND('',#652,.T.);
#413=FACE_OUTER_BOUND('',#653,.T.);
#414=FACE_OUTER_BOUND('',#654,.T.);
#415=FACE_OUTER_BOUND('',#655,.T.);
#416=FACE_OUTER_BOUND('',#656,.T.);
#417=FACE_OUTER_BOUND('',#657,.T.);
#418=FACE_OUTER_BOUND('',#658,.T.);
#419=FACE_OUTER_BOUND('',#659,.T.);
#420=FACE_OUTER_BOUND('',#660,.T.);
#421=FACE_OUTER_BOUND('',#661,.T.);
#422=FACE_OUTER_BOUND('',#662,.T.);
#423=FACE_OUTER_BOUND('',#663,.T.);
#424=FACE_OUTER_BOUND('',#664,.T.);
#425=FACE_OUTER_BOUND('',#665,.T.);
#426=FACE_OUTER_BOUND('',#666,.T.);
#427=FACE_OUTER_BOUND('',#667,.T.);
#428=FACE_OUTER_BOUND('',#668,.T.);
#429=FACE_OUTER_BOUND('',#669,.T.);
#430=FACE_OUTER_BOUND('',#670,.T.);
#431=FACE_OUTER_BOUND('',#671,.T.);
#432=FACE_OUTER_BOUND('',#672,.T.);
#433=FACE_OUTER_BOUND('',#673,.T.);
#434=FACE_OUTER_BOUND('',#674,.T.);
#435=FACE_OUTER_BOUND('',#675,.T.);
#436=FACE_OUTER_BOUND('',#676,.T.);
#437=FACE_OUTER_BOUND('',#677,.T.);
#438=FACE_OUTER_BOUND('',#678,.T.);
#439=FACE_OUTER_BOUND('',#679,.T.);
#440=FACE_OUTER_BOUND('',#680,.T.);
#441=FACE_OUTER_BOUND('',#681,.T.);
#442=FACE_OUTER_BOUND('',#682,.T.);
#443=FACE_OUTER_BOUND('',#684,.T.);
#444=FACE_OUTER_BOUND('',#685,.T.);
#445=FACE_OUTER_BOUND('',#686,.T.);
#446=FACE_OUTER_BOUND('',#687,.T.);
#447=FACE_OUTER_BOUND('',#688,.T.);
#448=FACE_OUTER_BOUND('',#689,.T.);
#449=FACE_OUTER_BOUND('',#690,.T.);
#450=FACE_OUTER_BOUND('',#691,.T.);
#451=FACE_OUTER_BOUND('',#692,.T.);
#452=FACE_OUTER_BOUND('',#693,.T.);
#453=FACE_OUTER_BOUND('',#694,.T.);
#454=FACE_OUTER_BOUND('',#695,.T.);
#455=FACE_OUTER_BOUND('',#696,.T.);
#456=FACE_OUTER_BOUND('',#697,.T.);
#457=FACE_OUTER_BOUND('',#698,.T.);
#458=FACE_OUTER_BOUND('',#699,.T.);
#459=EDGE_LOOP('',(#2707,#2708,#2709,#2710));
#460=EDGE_LOOP('',(#2711,#2712,#2713,#2714));
#461=EDGE_LOOP('',(#2715,#2716,#2717,#2718));
#462=EDGE_LOOP('',(#2719,#2720,#2721,#2722));
#463=EDGE_LOOP('',(#2723,#2724,#2725,#2726));
#464=EDGE_LOOP('',(#2727,#2728,#2729,#2730));
#465=EDGE_LOOP('',(#2731,#2732,#2733,#2734));
#466=EDGE_LOOP('',(#2735,#2736,#2737,#2738));
#467=EDGE_LOOP('',(#2739,#2740,#2741,#2742,#2743,#2744));
#468=EDGE_LOOP('',(#2745,#2746,#2747,#2748));
#469=EDGE_LOOP('',(#2749,#2750,#2751,#2752,#2753,#2754,#2755,#2756,#2757,
#2758));
#470=EDGE_LOOP('',(#2759,#2760,#2761,#2762));
#471=EDGE_LOOP('',(#2763,#2764,#2765,#2766));
#472=EDGE_LOOP('',(#2767,#2768,#2769,#2770,#2771,#2772,#2773,#2774));
#473=EDGE_LOOP('',(#2775,#2776,#2777,#2778));
#474=EDGE_LOOP('',(#2779,#2780,#2781,#2782));
#475=EDGE_LOOP('',(#2783,#2784,#2785,#2786));
#476=EDGE_LOOP('',(#2787,#2788,#2789,#2790));
#477=EDGE_LOOP('',(#2791,#2792,#2793,#2794));
#478=EDGE_LOOP('',(#2795,#2796,#2797,#2798));
#479=EDGE_LOOP('',(#2799,#2800,#2801,#2802,#2803,#2804));
#480=EDGE_LOOP('',(#2805,#2806,#2807,#2808));
#481=EDGE_LOOP('',(#2809,#2810,#2811,#2812));
#482=EDGE_LOOP('',(#2813,#2814,#2815,#2816));
#483=EDGE_LOOP('',(#2817,#2818,#2819,#2820));
#484=EDGE_LOOP('',(#2821,#2822,#2823,#2824));
#485=EDGE_LOOP('',(#2825,#2826,#2827,#2828));
#486=EDGE_LOOP('',(#2829,#2830,#2831,#2832));
#487=EDGE_LOOP('',(#2833,#2834,#2835,#2836,#2837,#2838,#2839,#2840,#2841,
#2842,#2843,#2844,#2845,#2846,#2847,#2848,#2849,#2850));
#488=EDGE_LOOP('',(#2851,#2852,#2853,#2854));
#489=EDGE_LOOP('',(#2855,#2856,#2857,#2858,#2859,#2860,#2861,#2862));
#490=EDGE_LOOP('',(#2863,#2864,#2865,#2866));
#491=EDGE_LOOP('',(#2867,#2868,#2869,#2870,#2871,#2872));
#492=EDGE_LOOP('',(#2873,#2874,#2875,#2876));
#493=EDGE_LOOP('',(#2877,#2878,#2879,#2880));
#494=EDGE_LOOP('',(#2881,#2882,#2883,#2884));
#495=EDGE_LOOP('',(#2885,#2886,#2887,#2888));
#496=EDGE_LOOP('',(#2889,#2890,#2891,#2892));
#497=EDGE_LOOP('',(#2893,#2894,#2895,#2896));
#498=EDGE_LOOP('',(#2897,#2898,#2899,#2900));
#499=EDGE_LOOP('',(#2901,#2902,#2903,#2904,#2905,#2906,#2907,#2908,#2909,
#2910,#2911));
#500=EDGE_LOOP('',(#2912,#2913,#2914));
#501=EDGE_LOOP('',(#2915,#2916,#2917));
#502=EDGE_LOOP('',(#2918,#2919,#2920,#2921));
#503=EDGE_LOOP('',(#2922,#2923,#2924,#2925));
#504=EDGE_LOOP('',(#2926,#2927,#2928,#2929));
#505=EDGE_LOOP('',(#2930,#2931,#2932,#2933,#2934));
#506=EDGE_LOOP('',(#2935,#2936,#2937,#2938));
#507=EDGE_LOOP('',(#2939,#2940,#2941,#2942));
#508=EDGE_LOOP('',(#2943,#2944,#2945,#2946));
#509=EDGE_LOOP('',(#2947,#2948,#2949,#2950));
#510=EDGE_LOOP('',(#2951,#2952,#2953,#2954));
#511=EDGE_LOOP('',(#2955,#2956,#2957,#2958));
#512=EDGE_LOOP('',(#2959,#2960,#2961,#2962,#2963,#2964,#2965,#2966,#2967,
#2968));
#513=EDGE_LOOP('',(#2969,#2970,#2971));
#514=EDGE_LOOP('',(#2972,#2973,#2974));
#515=EDGE_LOOP('',(#2975,#2976,#2977,#2978));
#516=EDGE_LOOP('',(#2979,#2980,#2981,#2982,#2983,#2984,#2985,#2986,#2987,
#2988,#2989,#2990));
#517=EDGE_LOOP('',(#2991,#2992,#2993,#2994));
#518=EDGE_LOOP('',(#2995,#2996,#2997,#2998));
#519=EDGE_LOOP('',(#2999,#3000,#3001,#3002));
#520=EDGE_LOOP('',(#3003,#3004,#3005,#3006));
#521=EDGE_LOOP('',(#3007,#3008,#3009,#3010));
#522=EDGE_LOOP('',(#3011,#3012,#3013,#3014));
#523=EDGE_LOOP('',(#3015,#3016,#3017,#3018));
#524=EDGE_LOOP('',(#3019,#3020,#3021,#3022));
#525=EDGE_LOOP('',(#3023,#3024,#3025,#3026));
#526=EDGE_LOOP('',(#3027,#3028,#3029,#3030));
#527=EDGE_LOOP('',(#3031,#3032,#3033,#3034));
#528=EDGE_LOOP('',(#3035,#3036,#3037,#3038));
#529=EDGE_LOOP('',(#3039,#3040,#3041,#3042));
#530=EDGE_LOOP('',(#3043,#3044,#3045,#3046));
#531=EDGE_LOOP('',(#3047,#3048,#3049,#3050));
#532=EDGE_LOOP('',(#3051,#3052,#3053,#3054));
#533=EDGE_LOOP('',(#3055,#3056,#3057,#3058));
#534=EDGE_LOOP('',(#3059,#3060,#3061,#3062));
#535=EDGE_LOOP('',(#3063,#3064,#3065,#3066));
#536=EDGE_LOOP('',(#3067,#3068,#3069,#3070));
#537=EDGE_LOOP('',(#3071,#3072,#3073,#3074));
#538=EDGE_LOOP('',(#3075,#3076,#3077,#3078));
#539=EDGE_LOOP('',(#3079,#3080,#3081,#3082));
#540=EDGE_LOOP('',(#3083,#3084,#3085,#3086,#3087,#3088,#3089,#3090,#3091,
#3092,#3093,#3094));
#541=EDGE_LOOP('',(#3095,#3096,#3097,#3098));
#542=EDGE_LOOP('',(#3099,#3100,#3101,#3102));
#543=EDGE_LOOP('',(#3103,#3104,#3105,#3106));
#544=EDGE_LOOP('',(#3107,#3108,#3109,#3110));
#545=EDGE_LOOP('',(#3111,#3112,#3113,#3114,#3115));
#546=EDGE_LOOP('',(#3116,#3117,#3118,#3119));
#547=EDGE_LOOP('',(#3120,#3121,#3122,#3123,#3124));
#548=EDGE_LOOP('',(#3125,#3126,#3127,#3128));
#549=EDGE_LOOP('',(#3129,#3130,#3131,#3132));
#550=EDGE_LOOP('',(#3133,#3134,#3135,#3136,#3137,#3138,#3139,#3140,#3141,
#3142));
#551=EDGE_LOOP('',(#3143,#3144,#3145,#3146));
#552=EDGE_LOOP('',(#3147,#3148,#3149,#3150));
#553=EDGE_LOOP('',(#3151,#3152,#3153,#3154));
#554=EDGE_LOOP('',(#3155,#3156,#3157,#3158,#3159,#3160,#3161,#3162));
#555=EDGE_LOOP('',(#3163,#3164,#3165,#3166));
#556=EDGE_LOOP('',(#3167,#3168,#3169,#3170));
#557=EDGE_LOOP('',(#3171,#3172,#3173,#3174));
#558=EDGE_LOOP('',(#3175,#3176,#3177,#3178));
#559=EDGE_LOOP('',(#3179,#3180,#3181,#3182,#3183,#3184,#3185,#3186,#3187,
#3188));
#560=EDGE_LOOP('',(#3189,#3190,#3191,#3192));
#561=EDGE_LOOP('',(#3193,#3194,#3195,#3196,#3197,#3198,#3199,#3200,#3201,
#3202,#3203,#3204,#3205,#3206,#3207,#3208,#3209,#3210));
#562=EDGE_LOOP('',(#3211,#3212,#3213,#3214));
#563=EDGE_LOOP('',(#3215,#3216,#3217,#3218));
#564=EDGE_LOOP('',(#3219,#3220,#3221,#3222));
#565=EDGE_LOOP('',(#3223,#3224,#3225,#3226));
#566=EDGE_LOOP('',(#3227,#3228,#3229,#3230));
#567=EDGE_LOOP('',(#3231,#3232,#3233,#3234));
#568=EDGE_LOOP('',(#3235,#3236,#3237,#3238));
#569=EDGE_LOOP('',(#3239,#3240,#3241,#3242));
#570=EDGE_LOOP('',(#3243,#3244,#3245,#3246));
#571=EDGE_LOOP('',(#3247,#3248,#3249,#3250));
#572=EDGE_LOOP('',(#3251,#3252,#3253,#3254));
#573=EDGE_LOOP('',(#3255,#3256,#3257,#3258,#3259,#3260));
#574=EDGE_LOOP('',(#3261,#3262,#3263,#3264,#3265));
#575=EDGE_LOOP('',(#3266));
#576=EDGE_LOOP('',(#3267));
#577=EDGE_LOOP('',(#3268,#3269,#3270,#3271,#3272));
#578=EDGE_LOOP('',(#3273,#3274,#3275,#3276));
#579=EDGE_LOOP('',(#3277,#3278,#3279,#3280,#3281,#3282,#3283,#3284,#3285,
#3286,#3287,#3288,#3289,#3290,#3291,#3292));
#580=EDGE_LOOP('',(#3293,#3294,#3295,#3296,#3297,#3298,#3299,#3300,#3301,
#3302,#3303,#3304));
#581=EDGE_LOOP('',(#3305,#3306,#3307,#3308));
#582=EDGE_LOOP('',(#3309,#3310,#3311,#3312));
#583=EDGE_LOOP('',(#3313,#3314,#3315,#3316));
#584=EDGE_LOOP('',(#3317,#3318,#3319,#3320));
#585=EDGE_LOOP('',(#3321,#3322,#3323,#3324));
#586=EDGE_LOOP('',(#3325,#3326,#3327,#3328));
#587=EDGE_LOOP('',(#3329,#3330,#3331,#3332));
#588=EDGE_LOOP('',(#3333,#3334,#3335,#3336));
#589=EDGE_LOOP('',(#3337,#3338,#3339,#3340));
#590=EDGE_LOOP('',(#3341,#3342,#3343,#3344));
#591=EDGE_LOOP('',(#3345,#3346,#3347,#3348));
#592=EDGE_LOOP('',(#3349,#3350,#3351,#3352));
#593=EDGE_LOOP('',(#3353,#3354,#3355,#3356));
#594=EDGE_LOOP('',(#3357,#3358,#3359,#3360));
#595=EDGE_LOOP('',(#3361,#3362,#3363,#3364));
#596=EDGE_LOOP('',(#3365,#3366,#3367,#3368));
#597=EDGE_LOOP('',(#3369,#3370,#3371,#3372));
#598=EDGE_LOOP('',(#3373,#3374,#3375,#3376));
#599=EDGE_LOOP('',(#3377,#3378,#3379,#3380,#3381,#3382,#3383,#3384,#3385,
#3386,#3387,#3388,#3389,#3390,#3391,#3392,#3393));
#600=EDGE_LOOP('',(#3394,#3395,#3396,#3397,#3398,#3399,#3400,#3401,#3402,
#3403,#3404,#3405,#3406,#3407,#3408,#3409));
#601=EDGE_LOOP('',(#3410,#3411,#3412,#3413));
#602=EDGE_LOOP('',(#3414,#3415,#3416,#3417));
#603=EDGE_LOOP('',(#3418,#3419,#3420,#3421));
#604=EDGE_LOOP('',(#3422,#3423,#3424,#3425));
#605=EDGE_LOOP('',(#3426,#3427,#3428,#3429));
#606=EDGE_LOOP('',(#3430,#3431,#3432,#3433));
#607=EDGE_LOOP('',(#3434,#3435,#3436,#3437,#3438,#3439,#3440,#3441,#3442,
#3443,#3444,#3445));
#608=EDGE_LOOP('',(#3446,#3447,#3448,#3449));
#609=EDGE_LOOP('',(#3450,#3451,#3452,#3453));
#610=EDGE_LOOP('',(#3454,#3455,#3456,#3457));
#611=EDGE_LOOP('',(#3458,#3459,#3460,#3461));
#612=EDGE_LOOP('',(#3462,#3463,#3464,#3465));
#613=EDGE_LOOP('',(#3466,#3467,#3468,#3469));
#614=EDGE_LOOP('',(#3470,#3471,#3472,#3473));
#615=EDGE_LOOP('',(#3474,#3475,#3476,#3477));
#616=EDGE_LOOP('',(#3478,#3479,#3480,#3481));
#617=EDGE_LOOP('',(#3482,#3483,#3484,#3485));
#618=EDGE_LOOP('',(#3486,#3487,#3488,#3489));
#619=EDGE_LOOP('',(#3490,#3491,#3492,#3493));
#620=EDGE_LOOP('',(#3494,#3495,#3496,#3497));
#621=EDGE_LOOP('',(#3498,#3499,#3500,#3501));
#622=EDGE_LOOP('',(#3502,#3503,#3504,#3505));
#623=EDGE_LOOP('',(#3506,#3507,#3508,#3509));
#624=EDGE_LOOP('',(#3510,#3511,#3512,#3513));
#625=EDGE_LOOP('',(#3514,#3515,#3516,#3517));
#626=EDGE_LOOP('',(#3518,#3519,#3520,#3521,#3522,#3523,#3524,#3525,#3526,
#3527,#3528,#3529,#3530,#3531,#3532,#3533));
#627=EDGE_LOOP('',(#3534,#3535,#3536,#3537,#3538,#3539));
#628=EDGE_LOOP('',(#3540,#3541,#3542,#3543));
#629=EDGE_LOOP('',(#3544,#3545,#3546,#3547));
#630=EDGE_LOOP('',(#3548,#3549,#3550,#3551,#3552,#3553,#3554,#3555,#3556,
#3557,#3558,#3559,#3560,#3561,#3562,#3563));
#631=EDGE_LOOP('',(#3564,#3565,#3566,#3567,#3568,#3569));
#632=EDGE_LOOP('',(#3570,#3571,#3572,#3573));
#633=EDGE_LOOP('',(#3574,#3575,#3576,#3577));
#634=EDGE_LOOP('',(#3578,#3579,#3580,#3581,#3582,#3583,#3584,#3585,#3586,
#3587,#3588,#3589,#3590,#3591,#3592,#3593,#3594));
#635=EDGE_LOOP('',(#3595,#3596,#3597,#3598));
#636=EDGE_LOOP('',(#3599,#3600,#3601,#3602));
#637=EDGE_LOOP('',(#3603,#3604,#3605,#3606));
#638=EDGE_LOOP('',(#3607,#3608,#3609,#3610));
#639=EDGE_LOOP('',(#3611,#3612,#3613,#3614));
#640=EDGE_LOOP('',(#3615,#3616,#3617,#3618));
#641=EDGE_LOOP('',(#3619,#3620,#3621,#3622));
#642=EDGE_LOOP('',(#3623,#3624,#3625,#3626));
#643=EDGE_LOOP('',(#3627,#3628,#3629,#3630));
#644=EDGE_LOOP('',(#3631,#3632,#3633,#3634));
#645=EDGE_LOOP('',(#3635,#3636,#3637,#3638));
#646=EDGE_LOOP('',(#3639,#3640,#3641,#3642));
#647=EDGE_LOOP('',(#3643,#3644,#3645,#3646,#3647,#3648,#3649,#3650,#3651,
#3652,#3653,#3654,#3655,#3656,#3657,#3658));
#648=EDGE_LOOP('',(#3659,#3660,#3661,#3662,#3663,#3664));
#649=EDGE_LOOP('',(#3665,#3666,#3667,#3668));
#650=EDGE_LOOP('',(#3669,#3670,#3671,#3672));
#651=EDGE_LOOP('',(#3673,#3674,#3675,#3676));
#652=EDGE_LOOP('',(#3677,#3678,#3679,#3680));
#653=EDGE_LOOP('',(#3681,#3682,#3683,#3684,#3685,#3686,#3687,#3688,#3689,
#3690,#3691,#3692,#3693,#3694,#3695,#3696));
#654=EDGE_LOOP('',(#3697,#3698,#3699,#3700,#3701,#3702,#3703,#3704,#3705,
#3706));
#655=EDGE_LOOP('',(#3707,#3708,#3709));
#656=EDGE_LOOP('',(#3710,#3711,#3712,#3713,#3714,#3715,#3716));
#657=EDGE_LOOP('',(#3717,#3718,#3719,#3720,#3721,#3722,#3723));
#658=EDGE_LOOP('',(#3724,#3725,#3726,#3727,#3728,#3729,#3730));
#659=EDGE_LOOP('',(#3731,#3732,#3733,#3734,#3735,#3736,#3737));
#660=EDGE_LOOP('',(#3738,#3739,#3740,#3741,#3742,#3743,#3744));
#661=EDGE_LOOP('',(#3745,#3746,#3747,#3748));
#662=EDGE_LOOP('',(#3749,#3750,#3751,#3752,#3753,#3754,#3755,#3756,#3757,
#3758));
#663=EDGE_LOOP('',(#3759,#3760,#3761));
#664=EDGE_LOOP('',(#3762,#3763,#3764,#3765,#3766,#3767,#3768));
#665=EDGE_LOOP('',(#3769,#3770,#3771));
#666=EDGE_LOOP('',(#3772,#3773,#3774,#3775,#3776,#3777,#3778,#3779));
#667=EDGE_LOOP('',(#3780,#3781,#3782,#3783));
#668=EDGE_LOOP('',(#3784,#3785,#3786,#3787,#3788,#3789,#3790,#3791,#3792,
#3793));
#669=EDGE_LOOP('',(#3794,#3795,#3796));
#670=EDGE_LOOP('',(#3797,#3798,#3799,#3800,#3801,#3802,#3803,#3804));
#671=EDGE_LOOP('',(#3805,#3806,#3807));
#672=EDGE_LOOP('',(#3808,#3809,#3810,#3811));
#673=EDGE_LOOP('',(#3812,#3813,#3814));
#674=EDGE_LOOP('',(#3815,#3816,#3817,#3818,#3819,#3820,#3821));
#675=EDGE_LOOP('',(#3822,#3823,#3824,#3825));
#676=EDGE_LOOP('',(#3826,#3827,#3828));
#677=EDGE_LOOP('',(#3829,#3830,#3831));
#678=EDGE_LOOP('',(#3832,#3833,#3834,#3835,#3836,#3837,#3838));
#679=EDGE_LOOP('',(#3839,#3840,#3841,#3842,#3843,#3844,#3845,#3846,#3847,
#3848));
#680=EDGE_LOOP('',(#3849,#3850,#3851,#3852));
#681=EDGE_LOOP('',(#3853,#3854));
#682=EDGE_LOOP('',(#3855));
#683=EDGE_LOOP('',(#3856,#3857,#3858,#3859,#3860,#3861,#3862,#3863,#3864,
#3865,#3866,#3867,#3868,#3869,#3870,#3871,#3872,#3873,#3874,#3875));
#684=EDGE_LOOP('',(#3876,#3877));
#685=EDGE_LOOP('',(#3878,#3879,#3880,#3881,#3882,#3883,#3884,#3885,#3886,
#3887));
#686=EDGE_LOOP('',(#3888,#3889,#3890,#3891,#3892,#3893,#3894,#3895,#3896,
#3897));
#687=EDGE_LOOP('',(#3898,#3899));
#688=EDGE_LOOP('',(#3900,#3901));
#689=EDGE_LOOP('',(#3902,#3903,#3904,#3905,#3906));
#690=EDGE_LOOP('',(#3907,#3908,#3909,#3910,#3911,#3912));
#691=EDGE_LOOP('',(#3913,#3914,#3915,#3916,#3917));
#692=EDGE_LOOP('',(#3918,#3919,#3920,#3921,#3922,#3923,#3924,#3925,#3926,
#3927));
#693=EDGE_LOOP('',(#3928,#3929,#3930,#3931,#3932,#3933,#3934,#3935));
#694=EDGE_LOOP('',(#3936,#3937,#3938,#3939));
#695=EDGE_LOOP('',(#3940,#3941,#3942,#3943,#3944,#3945,#3946,#3947));
#696=EDGE_LOOP('',(#3948,#3949,#3950,#3951,#3952,#3953));
#697=EDGE_LOOP('',(#3954,#3955,#3956,#3957));
#698=EDGE_LOOP('',(#3958,#3959,#3960,#3961));
#699=EDGE_LOOP('',(#3962));
#700=LINE('',#5644,#1188);
#701=LINE('',#5646,#1189);
#702=LINE('',#5648,#1190);
#703=LINE('',#5649,#1191);
#704=LINE('',#5652,#1192);
#705=LINE('',#5654,#1193);
#706=LINE('',#5655,#1194);
#707=LINE('',#5658,#1195);
#708=LINE('',#5660,#1196);
#709=LINE('',#5662,#1197);
#710=LINE('',#5663,#1198);
#711=LINE('',#5666,#1199);
#712=LINE('',#5668,#1200);
#713=LINE('',#5669,#1201);
#714=LINE('',#5673,#1202);
#715=LINE('',#5675,#1203);
#716=LINE('',#5677,#1204);
#717=LINE('',#5678,#1205);
#718=LINE('',#5681,#1206);
#719=LINE('',#5683,#1207);
#720=LINE('',#5684,#1208);
#721=LINE('',#5687,#1209);
#722=LINE('',#5689,#1210);
#723=LINE('',#5690,#1211);
#724=LINE('',#5693,#1212);
#725=LINE('',#5695,#1213);
#726=LINE('',#5696,#1214);
#727=LINE('',#5699,#1215);
#728=LINE('',#5701,#1216);
#729=LINE('',#5702,#1217);
#730=LINE('',#5704,#1218);
#731=LINE('',#5705,#1219);
#732=LINE('',#5708,#1220);
#733=LINE('',#5710,#1221);
#734=LINE('',#5711,#1222);
#735=LINE('',#5714,#1223);
#736=LINE('',#5716,#1224);
#737=LINE('',#5717,#1225);
#738=LINE('',#5720,#1226);
#739=LINE('',#5721,#1227);
#740=LINE('',#5724,#1228);
#741=LINE('',#5754,#1229);
#742=LINE('',#5757,#1230);
#743=LINE('',#5759,#1231);
#744=LINE('',#5760,#1232);
#745=LINE('',#5763,#1233);
#746=LINE('',#5765,#1234);
#747=LINE('',#5766,#1235);
#748=LINE('',#5770,#1236);
#749=LINE('',#5772,#1237);
#750=LINE('',#5774,#1238);
#751=LINE('',#5775,#1239);
#752=LINE('',#5778,#1240);
#753=LINE('',#5780,#1241);
#754=LINE('',#5781,#1242);
#755=LINE('',#5784,#1243);
#756=LINE('',#5786,#1244);
#757=LINE('',#5787,#1245);
#758=LINE('',#5790,#1246);
#759=LINE('',#5792,#1247);
#760=LINE('',#5793,#1248);
#761=LINE('',#5796,#1249);
#762=LINE('',#5798,#1250);
#763=LINE('',#5799,#1251);
#764=LINE('',#5802,#1252);
#765=LINE('',#5804,#1253);
#766=LINE('',#5805,#1254);
#767=LINE('',#5808,#1255);
#768=LINE('',#5810,#1256);
#769=LINE('',#5811,#1257);
#770=LINE('',#5814,#1258);
#771=LINE('',#5816,#1259);
#772=LINE('',#5817,#1260);
#773=LINE('',#5819,#1261);
#774=LINE('',#5820,#1262);
#775=LINE('',#5824,#1263);
#776=LINE('',#5826,#1264);
#777=LINE('',#5828,#1265);
#778=LINE('',#5829,#1266);
#779=LINE('',#5832,#1267);
#780=LINE('',#5834,#1268);
#781=LINE('',#5835,#1269);
#782=LINE('',#5837,#1270);
#783=LINE('',#5838,#1271);
#784=LINE('',#5841,#1272);
#785=LINE('',#5842,#1273);
#786=LINE('',#5844,#1274);
#787=LINE('',#5845,#1275);
#788=LINE('',#5847,#1276);
#789=LINE('',#5850,#1277);
#790=LINE('',#5881,#1278);
#791=LINE('',#5883,#1279);
#792=LINE('',#5887,#1280);
#793=LINE('',#5889,#1281);
#794=LINE('',#5891,#1282);
#795=LINE('',#5893,#1283);
#796=LINE('',#5895,#1284);
#797=LINE('',#5896,#1285);
#798=LINE('',#5899,#1286);
#799=LINE('',#5901,#1287);
#800=LINE('',#5902,#1288);
#801=LINE('',#5905,#1289);
#802=LINE('',#5907,#1290);
#803=LINE('',#5908,#1291);
#804=LINE('',#5911,#1292);
#805=LINE('',#5913,#1293);
#806=LINE('',#5914,#1294);
#807=LINE('',#5917,#1295);
#808=LINE('',#5919,#1296);
#809=LINE('',#5920,#1297);
#810=LINE('',#5923,#1298);
#811=LINE('',#5925,#1299);
#812=LINE('',#5926,#1300);
#813=LINE('',#5929,#1301);
#814=LINE('',#5931,#1302);
#815=LINE('',#5932,#1303);
#816=LINE('',#5935,#1304);
#817=LINE('',#5937,#1305);
#818=LINE('',#5938,#1306);
#819=LINE('',#5941,#1307);
#820=LINE('',#5942,#1308);
#821=LINE('',#5943,#1309);
#822=LINE('',#5946,#1310);
#823=LINE('',#5947,#1311);
#824=LINE('',#5950,#1312);
#825=LINE('',#5951,#1313);
#826=LINE('',#5954,#1314);
#827=LINE('',#5956,#1315);
#828=LINE('',#5957,#1316);
#829=LINE('',#5961,#1317);
#830=LINE('',#5963,#1318);
#831=LINE('',#5965,#1319);
#832=LINE('',#5966,#1320);
#833=LINE('',#5969,#1321);
#834=LINE('',#5971,#1322);
#835=LINE('',#5972,#1323);
#836=LINE('',#5976,#1324);
#837=LINE('',#5977,#1325);
#838=LINE('',#5979,#1326);
#839=LINE('',#5980,#1327);
#840=LINE('',#5983,#1328);
#841=LINE('',#5985,#1329);
#842=LINE('',#5986,#1330);
#843=LINE('',#5990,#1331);
#844=LINE('',#5992,#1332);
#845=LINE('',#5994,#1333);
#846=LINE('',#5995,#1334);
#847=LINE('',#5998,#1335);
#848=LINE('',#6000,#1336);
#849=LINE('',#6001,#1337);
#850=LINE('',#6004,#1338);
#851=LINE('',#6006,#1339);
#852=LINE('',#6007,#1340);
#853=LINE('',#6010,#1341);
#854=LINE('',#6012,#1342);
#855=LINE('',#6013,#1343);
#856=LINE('',#6015,#1344);
#857=LINE('',#6016,#1345);
#858=LINE('',#6018,#1346);
#859=LINE('',#6021,#1347);
#860=LINE('',#6022,#1348);
#861=LINE('',#6025,#1349);
#862=LINE('',#6026,#1350);
#863=LINE('',#6029,#1351);
#864=LINE('',#6031,#1352);
#865=LINE('',#6032,#1353);
#866=LINE('',#6035,#1354);
#867=LINE('',#6036,#1355);
#868=LINE('',#6037,#1356);
#869=LINE('',#6039,#1357);
#870=LINE('',#6040,#1358);
#871=LINE('',#6044,#1359);
#872=LINE('',#6046,#1360);
#873=LINE('',#6048,#1361);
#874=LINE('',#6049,#1362);
#875=LINE('',#6052,#1363);
#876=LINE('',#6054,#1364);
#877=LINE('',#6055,#1365);
#878=LINE('',#6058,#1366);
#879=LINE('',#6060,#1367);
#880=LINE('',#6061,#1368);
#881=LINE('',#6063,#1369);
#882=LINE('',#6064,#1370);
#883=LINE('',#6068,#1371);
#884=LINE('',#6070,#1372);
#885=LINE('',#6072,#1373);
#886=LINE('',#6073,#1374);
#887=LINE('',#6076,#1375);
#888=LINE('',#6078,#1376);
#889=LINE('',#6079,#1377);
#890=LINE('',#6082,#1378);
#891=LINE('',#6084,#1379);
#892=LINE('',#6085,#1380);
#893=LINE('',#6087,#1381);
#894=LINE('',#6088,#1382);
#895=LINE('',#6092,#1383);
#896=LINE('',#6094,#1384);
#897=LINE('',#6096,#1385);
#898=LINE('',#6097,#1386);
#899=LINE('',#6100,#1387);
#900=LINE('',#6102,#1388);
#901=LINE('',#6103,#1389);
#902=LINE('',#6106,#1390);
#903=LINE('',#6108,#1391);
#904=LINE('',#6109,#1392);
#905=LINE('',#6111,#1393);
#906=LINE('',#6112,#1394);
#907=LINE('',#6116,#1395);
#908=LINE('',#6118,#1396);
#909=LINE('',#6120,#1397);
#910=LINE('',#6121,#1398);
#911=LINE('',#6124,#1399);
#912=LINE('',#6126,#1400);
#913=LINE('',#6127,#1401);
#914=LINE('',#6131,#1402);
#915=LINE('',#6133,#1403);
#916=LINE('',#6135,#1404);
#917=LINE('',#6136,#1405);
#918=LINE('',#6139,#1406);
#919=LINE('',#6141,#1407);
#920=LINE('',#6142,#1408);
#921=LINE('',#6145,#1409);
#922=LINE('',#6146,#1410);
#923=LINE('',#6148,#1411);
#924=LINE('',#6149,#1412);
#925=LINE('',#6152,#1413);
#926=LINE('',#6154,#1414);
#927=LINE('',#6155,#1415);
#928=LINE('',#6157,#1416);
#929=LINE('',#6158,#1417);
#930=LINE('',#6159,#1418);
#931=LINE('',#6161,#1419);
#932=LINE('',#6162,#1420);
#933=LINE('',#6164,#1421);
#934=LINE('',#6165,#1422);
#935=LINE('',#6168,#1423);
#936=LINE('',#6170,#1424);
#937=LINE('',#6171,#1425);
#938=LINE('',#6174,#1426);
#939=LINE('',#6176,#1427);
#940=LINE('',#6177,#1428);
#941=LINE('',#6179,#1429);
#942=LINE('',#6180,#1430);
#943=LINE('',#6182,#1431);
#944=LINE('',#6183,#1432);
#945=LINE('',#6184,#1433);
#946=LINE('',#6188,#1434);
#947=LINE('',#6190,#1435);
#948=LINE('',#6192,#1436);
#949=LINE('',#6193,#1437);
#950=LINE('',#6196,#1438);
#951=LINE('',#6198,#1439);
#952=LINE('',#6199,#1440);
#953=LINE('',#6202,#1441);
#954=LINE('',#6204,#1442);
#955=LINE('',#6205,#1443);
#956=LINE('',#6207,#1444);
#957=LINE('',#6208,#1445);
#958=LINE('',#6211,#1446);
#959=LINE('',#6213,#1447);
#960=LINE('',#6214,#1448);
#961=LINE('',#6217,#1449);
#962=LINE('',#6219,#1450);
#963=LINE('',#6220,#1451);
#964=LINE('',#6223,#1452);
#965=LINE('',#6225,#1453);
#966=LINE('',#6226,#1454);
#967=LINE('',#6229,#1455);
#968=LINE('',#6231,#1456);
#969=LINE('',#6232,#1457);
#970=LINE('',#6234,#1458);
#971=LINE('',#6235,#1459);
#972=LINE('',#6237,#1460);
#973=LINE('',#6238,#1461);
#974=LINE('',#6242,#1462);
#975=LINE('',#6244,#1463);
#976=LINE('',#6246,#1464);
#977=LINE('',#6247,#1465);
#978=LINE('',#6248,#1466);
#979=LINE('',#6249,#1467);
#980=LINE('',#6262,#1468);
#981=LINE('',#6264,#1469);
#982=LINE('',#6266,#1470);
#983=LINE('',#6267,#1471);
#984=LINE('',#6271,#1472);
#985=LINE('',#6272,#1473);
#986=LINE('',#6273,#1474);
#987=LINE('',#6277,#1475);
#988=LINE('',#6278,#1476);
#989=LINE('',#6279,#1477);
#990=LINE('',#6283,#1478);
#991=LINE('',#6284,#1479);
#992=LINE('',#6285,#1480);
#993=LINE('',#6289,#1481);
#994=LINE('',#6290,#1482);
#995=LINE('',#6291,#1483);
#996=LINE('',#6295,#1484);
#997=LINE('',#6296,#1485);
#998=LINE('',#6297,#1486);
#999=LINE('',#6301,#1487);
#1000=LINE('',#6302,#1488);
#1001=LINE('',#6303,#1489);
#1002=LINE('',#6307,#1490);
#1003=LINE('',#6308,#1491);
#1004=LINE('',#6310,#1492);
#1005=LINE('',#6312,#1493);
#1006=LINE('',#6313,#1494);
#1007=LINE('',#6328,#1495);
#1008=LINE('',#6334,#1496);
#1009=LINE('',#6337,#1497);
#1010=LINE('',#6339,#1498);
#1011=LINE('',#6341,#1499);
#1012=LINE('',#6343,#1500);
#1013=LINE('',#6345,#1501);
#1014=LINE('',#6347,#1502);
#1015=LINE('',#6349,#1503);
#1016=LINE('',#6350,#1504);
#1017=LINE('',#6352,#1505);
#1018=LINE('',#6354,#1506);
#1019=LINE('',#6356,#1507);
#1020=LINE('',#6358,#1508);
#1021=LINE('',#6360,#1509);
#1022=LINE('',#6362,#1510);
#1023=LINE('',#6364,#1511);
#1024=LINE('',#6366,#1512);
#1025=LINE('',#6368,#1513);
#1026=LINE('',#6370,#1514);
#1027=LINE('',#6371,#1515);
#1028=LINE('',#6376,#1516);
#1029=LINE('',#6382,#1517);
#1030=LINE('',#6389,#1518);
#1031=LINE('',#6391,#1519);
#1032=LINE('',#6396,#1520);
#1033=LINE('',#6401,#1521);
#1034=LINE('',#6403,#1522);
#1035=LINE('',#6405,#1523);
#1036=LINE('',#6410,#1524);
#1037=LINE('',#6414,#1525);
#1038=LINE('',#6419,#1526);
#1039=LINE('',#6424,#1527);
#1040=LINE('',#6427,#1528);
#1041=LINE('',#6430,#1529);
#1042=LINE('',#6435,#1530);
#1043=LINE('',#6437,#1531);
#1044=LINE('',#6442,#1532);
#1045=LINE('',#6449,#1533);
#1046=LINE('',#6452,#1534);
#1047=LINE('',#6454,#1535);
#1048=LINE('',#6456,#1536);
#1049=LINE('',#6458,#1537);
#1050=LINE('',#6460,#1538);
#1051=LINE('',#6462,#1539);
#1052=LINE('',#6464,#1540);
#1053=LINE('',#6466,#1541);
#1054=LINE('',#6467,#1542);
#1055=LINE('',#6470,#1543);
#1056=LINE('',#6472,#1544);
#1057=LINE('',#6474,#1545);
#1058=LINE('',#6476,#1546);
#1059=LINE('',#6478,#1547);
#1060=LINE('',#6480,#1548);
#1061=LINE('',#6482,#1549);
#1062=LINE('',#6484,#1550);
#1063=LINE('',#6486,#1551);
#1064=LINE('',#6488,#1552);
#1065=LINE('',#6490,#1553);
#1066=LINE('',#6492,#1554);
#1067=LINE('',#6493,#1555);
#1068=LINE('',#6496,#1556);
#1069=LINE('',#6499,#1557);
#1070=LINE('',#6501,#1558);
#1071=LINE('',#6504,#1559);
#1072=LINE('',#6508,#1560);
#1073=LINE('',#6511,#1561);
#1074=LINE('',#6516,#1562);
#1075=LINE('',#6518,#1563);
#1076=LINE('',#6520,#1564);
#1077=LINE('',#6521,#1565);
#1078=LINE('',#6524,#1566);
#1079=LINE('',#6526,#1567);
#1080=LINE('',#6527,#1568);
#1081=LINE('',#6530,#1569);
#1082=LINE('',#6532,#1570);
#1083=LINE('',#6533,#1571);
#1084=LINE('',#6536,#1572);
#1085=LINE('',#6538,#1573);
#1086=LINE('',#6539,#1574);
#1087=LINE('',#6542,#1575);
#1088=LINE('',#6543,#1576);
#1089=LINE('',#6545,#1577);
#1090=LINE('',#6549,#1578);
#1091=LINE('',#6551,#1579);
#1092=LINE('',#6553,#1580);
#1093=LINE('',#6554,#1581);
#1094=LINE('',#6557,#1582);
#1095=LINE('',#6559,#1583);
#1096=LINE('',#6560,#1584);
#1097=LINE('',#6563,#1585);
#1098=LINE('',#6565,#1586);
#1099=LINE('',#6566,#1587);
#1100=LINE('',#6569,#1588);
#1101=LINE('',#6571,#1589);
#1102=LINE('',#6572,#1590);
#1103=LINE('',#6575,#1591);
#1104=LINE('',#6576,#1592);
#1105=LINE('',#6579,#1593);
#1106=LINE('',#6580,#1594);
#1107=LINE('',#6584,#1595);
#1108=LINE('',#6586,#1596);
#1109=LINE('',#6588,#1597);
#1110=LINE('',#6589,#1598);
#1111=LINE('',#6592,#1599);
#1112=LINE('',#6594,#1600);
#1113=LINE('',#6595,#1601);
#1114=LINE('',#6598,#1602);
#1115=LINE('',#6600,#1603);
#1116=LINE('',#6601,#1604);
#1117=LINE('',#6604,#1605);
#1118=LINE('',#6606,#1606);
#1119=LINE('',#6607,#1607);
#1120=LINE('',#6610,#1608);
#1121=LINE('',#6611,#1609);
#1122=LINE('',#6614,#1610);
#1123=LINE('',#6615,#1611);
#1124=LINE('',#6617,#1612);
#1125=LINE('',#6618,#1613);
#1126=LINE('',#6620,#1614);
#1127=LINE('',#6621,#1615);
#1128=LINE('',#6624,#1616);
#1129=LINE('',#6626,#1617);
#1130=LINE('',#6627,#1618);
#1131=LINE('',#6631,#1619);
#1132=LINE('',#6632,#1620);
#1133=LINE('',#6634,#1621);
#1134=LINE('',#6636,#1622);
#1135=LINE('',#6637,#1623);
#1136=LINE('',#6638,#1624);
#1137=LINE('',#6641,#1625);
#1138=LINE('',#6643,#1626);
#1139=LINE('',#6645,#1627);
#1140=LINE('',#6646,#1628);
#1141=LINE('',#6648,#1629);
#1142=LINE('',#6650,#1630);
#1143=LINE('',#6652,#1631);
#1144=LINE('',#6654,#1632);
#1145=LINE('',#6656,#1633);
#1146=LINE('',#6658,#1634);
#1147=LINE('',#6660,#1635);
#1148=LINE('',#6662,#1636);
#1149=LINE('',#6664,#1637);
#1150=LINE('',#6666,#1638);
#1151=LINE('',#6668,#1639);
#1152=LINE('',#6670,#1640);
#1153=LINE('',#6672,#1641);
#1154=LINE('',#6673,#1642);
#1155=LINE('',#6677,#1643);
#1156=LINE('',#6678,#1644);
#1157=LINE('',#6681,#1645);
#1158=LINE('',#6682,#1646);
#1159=LINE('',#6685,#1647);
#1160=LINE('',#6686,#1648);
#1161=LINE('',#6689,#1649);
#1162=LINE('',#6690,#1650);
#1163=LINE('',#6693,#1651);
#1164=LINE('',#6694,#1652);
#1165=LINE('',#6697,#1653);
#1166=LINE('',#6698,#1654);
#1167=LINE('',#6701,#1655);
#1168=LINE('',#6702,#1656);
#1169=LINE('',#6705,#1657);
#1170=LINE('',#6706,#1658);
#1171=LINE('',#6709,#1659);
#1172=LINE('',#6710,#1660);
#1173=LINE('',#6713,#1661);
#1174=LINE('',#6714,#1662);
#1175=LINE('',#6716,#1663);
#1176=LINE('',#6718,#1664);
#1177=LINE('',#6719,#1665);
#1178=LINE('',#6721,#1666);
#1179=LINE('',#6723,#1667);
#1180=LINE('',#6725,#1668);
#1181=LINE('',#6727,#1669);
#1182=LINE('',#6731,#1670);
#1183=LINE('',#7659,#1671);
#1184=LINE('',#7661,#1672);
#1185=LINE('',#7682,#1673);
#1186=LINE('',#7690,#1674);
#1187=LINE('',#7692,#1675);
#1188=VECTOR('',#4648,0.393700787401575);
#1189=VECTOR('',#4649,0.393700787401575);
#1190=VECTOR('',#4650,0.393700787401575);
#1191=VECTOR('',#4651,0.393700787401575);
#1192=VECTOR('',#4654,0.393700787401575);
#1193=VECTOR('',#4655,0.393700787401575);
#1194=VECTOR('',#4656,0.393700787401575);
#1195=VECTOR('',#4659,0.393700787401575);
#1196=VECTOR('',#4660,0.393700787401575);
#1197=VECTOR('',#4661,0.393700787401575);
#1198=VECTOR('',#4662,0.393700787401575);
#1199=VECTOR('',#4665,0.393700787401575);
#1200=VECTOR('',#4666,0.393700787401575);
#1201=VECTOR('',#4667,0.393700787401575);
#1202=VECTOR('',#4670,0.393700787401575);
#1203=VECTOR('',#4671,0.393700787401575);
#1204=VECTOR('',#4672,0.393700787401575);
#1205=VECTOR('',#4673,0.393700787401575);
#1206=VECTOR('',#4676,0.393700787401575);
#1207=VECTOR('',#4677,0.393700787401575);
#1208=VECTOR('',#4678,0.393700787401575);
#1209=VECTOR('',#4681,0.393700787401575);
#1210=VECTOR('',#4682,0.393700787401575);
#1211=VECTOR('',#4683,0.393700787401575);
#1212=VECTOR('',#4686,0.393700787401575);
#1213=VECTOR('',#4687,0.393700787401575);
#1214=VECTOR('',#4688,0.393700787401575);
#1215=VECTOR('',#4691,0.393700787401575);
#1216=VECTOR('',#4692,0.393700787401575);
#1217=VECTOR('',#4693,0.393700787401575);
#1218=VECTOR('',#4696,0.393700787401575);
#1219=VECTOR('',#4697,0.393700787401575);
#1220=VECTOR('',#4700,0.393700787401575);
#1221=VECTOR('',#4701,0.393700787401575);
#1222=VECTOR('',#4702,0.393700787401575);
#1223=VECTOR('',#4705,0.393700787401575);
#1224=VECTOR('',#4706,0.393700787401575);
#1225=VECTOR('',#4707,0.393700787401575);
#1226=VECTOR('',#4710,0.393700787401575);
#1227=VECTOR('',#4711,0.393700787401575);
#1228=VECTOR('',#4714,0.393700787401575);
#1229=VECTOR('',#4715,0.393700787401575);
#1230=VECTOR('',#4718,0.393700787401575);
#1231=VECTOR('',#4719,0.393700787401575);
#1232=VECTOR('',#4720,0.393700787401575);
#1233=VECTOR('',#4723,0.393700787401575);
#1234=VECTOR('',#4724,0.393700787401575);
#1235=VECTOR('',#4725,0.393700787401575);
#1236=VECTOR('',#4728,0.393700787401575);
#1237=VECTOR('',#4729,0.393700787401575);
#1238=VECTOR('',#4730,0.393700787401575);
#1239=VECTOR('',#4731,0.393700787401575);
#1240=VECTOR('',#4734,0.393700787401575);
#1241=VECTOR('',#4735,0.393700787401575);
#1242=VECTOR('',#4736,0.393700787401575);
#1243=VECTOR('',#4739,0.393700787401575);
#1244=VECTOR('',#4740,0.393700787401575);
#1245=VECTOR('',#4741,0.393700787401575);
#1246=VECTOR('',#4744,0.393700787401575);
#1247=VECTOR('',#4745,0.393700787401575);
#1248=VECTOR('',#4746,0.393700787401575);
#1249=VECTOR('',#4749,0.393700787401575);
#1250=VECTOR('',#4750,0.393700787401575);
#1251=VECTOR('',#4751,0.393700787401575);
#1252=VECTOR('',#4754,0.393700787401575);
#1253=VECTOR('',#4755,0.393700787401575);
#1254=VECTOR('',#4756,0.393700787401575);
#1255=VECTOR('',#4759,0.393700787401575);
#1256=VECTOR('',#4760,0.393700787401575);
#1257=VECTOR('',#4761,0.393700787401575);
#1258=VECTOR('',#4764,0.393700787401575);
#1259=VECTOR('',#4765,0.393700787401575);
#1260=VECTOR('',#4766,0.393700787401575);
#1261=VECTOR('',#4769,0.393700787401575);
#1262=VECTOR('',#4770,0.393700787401575);
#1263=VECTOR('',#4773,0.393700787401575);
#1264=VECTOR('',#4774,0.393700787401575);
#1265=VECTOR('',#4775,0.393700787401575);
#1266=VECTOR('',#4776,0.393700787401575);
#1267=VECTOR('',#4779,0.393700787401575);
#1268=VECTOR('',#4780,0.393700787401575);
#1269=VECTOR('',#4781,0.393700787401575);
#1270=VECTOR('',#4784,0.393700787401575);
#1271=VECTOR('',#4785,0.393700787401575);
#1272=VECTOR('',#4788,0.393700787401575);
#1273=VECTOR('',#4789,0.393700787401575);
#1274=VECTOR('',#4790,0.393700787401575);
#1275=VECTOR('',#4791,0.393700787401575);
#1276=VECTOR('',#4794,0.393700787401575);
#1277=VECTOR('',#4797,0.393700787401575);
#1278=VECTOR('',#4798,0.393700787401575);
#1279=VECTOR('',#4801,0.393700787401575);
#1280=VECTOR('',#4804,0.393700787401575);
#1281=VECTOR('',#4805,0.393700787401575);
#1282=VECTOR('',#4806,0.393700787401575);
#1283=VECTOR('',#4807,0.393700787401575);
#1284=VECTOR('',#4808,0.393700787401575);
#1285=VECTOR('',#4809,0.393700787401575);
#1286=VECTOR('',#4812,0.393700787401575);
#1287=VECTOR('',#4813,0.393700787401575);
#1288=VECTOR('',#4814,0.393700787401575);
#1289=VECTOR('',#4817,0.393700787401575);
#1290=VECTOR('',#4818,0.393700787401575);
#1291=VECTOR('',#4819,0.393700787401575);
#1292=VECTOR('',#4822,0.393700787401575);
#1293=VECTOR('',#4823,0.393700787401575);
#1294=VECTOR('',#4824,0.393700787401575);
#1295=VECTOR('',#4827,0.393700787401575);
#1296=VECTOR('',#4828,0.393700787401575);
#1297=VECTOR('',#4829,0.393700787401575);
#1298=VECTOR('',#4832,0.393700787401575);
#1299=VECTOR('',#4833,0.393700787401575);
#1300=VECTOR('',#4834,0.393700787401575);
#1301=VECTOR('',#4837,0.393700787401575);
#1302=VECTOR('',#4838,0.393700787401575);
#1303=VECTOR('',#4839,0.393700787401575);
#1304=VECTOR('',#4842,0.393700787401575);
#1305=VECTOR('',#4843,0.393700787401575);
#1306=VECTOR('',#4844,0.393700787401575);
#1307=VECTOR('',#4847,0.393700787401575);
#1308=VECTOR('',#4848,0.393700787401575);
#1309=VECTOR('',#4849,0.393700787401575);
#1310=VECTOR('',#4852,0.393700787401575);
#1311=VECTOR('',#4853,0.393700787401575);
#1312=VECTOR('',#4856,0.393700787401575);
#1313=VECTOR('',#4857,0.393700787401575);
#1314=VECTOR('',#4860,0.393700787401575);
#1315=VECTOR('',#4861,0.393700787401575);
#1316=VECTOR('',#4862,0.393700787401575);
#1317=VECTOR('',#4865,0.393700787401575);
#1318=VECTOR('',#4866,0.393700787401575);
#1319=VECTOR('',#4867,0.393700787401575);
#1320=VECTOR('',#4868,0.393700787401575);
#1321=VECTOR('',#4871,0.393700787401575);
#1322=VECTOR('',#4872,0.393700787401575);
#1323=VECTOR('',#4873,0.393700787401575);
#1324=VECTOR('',#4876,0.393700787401575);
#1325=VECTOR('',#4877,0.393700787401575);
#1326=VECTOR('',#4878,0.393700787401575);
#1327=VECTOR('',#4879,0.393700787401575);
#1328=VECTOR('',#4882,0.393700787401575);
#1329=VECTOR('',#4883,0.393700787401575);
#1330=VECTOR('',#4884,0.393700787401575);
#1331=VECTOR('',#4887,0.393700787401575);
#1332=VECTOR('',#4888,0.393700787401575);
#1333=VECTOR('',#4889,0.393700787401575);
#1334=VECTOR('',#4890,0.393700787401575);
#1335=VECTOR('',#4893,0.393700787401575);
#1336=VECTOR('',#4894,0.393700787401575);
#1337=VECTOR('',#4895,0.393700787401575);
#1338=VECTOR('',#4898,0.393700787401575);
#1339=VECTOR('',#4899,0.393700787401575);
#1340=VECTOR('',#4900,0.393700787401575);
#1341=VECTOR('',#4903,0.393700787401575);
#1342=VECTOR('',#4904,0.393700787401575);
#1343=VECTOR('',#4905,0.393700787401575);
#1344=VECTOR('',#4908,0.393700787401575);
#1345=VECTOR('',#4909,0.393700787401575);
#1346=VECTOR('',#4912,0.393700787401575);
#1347=VECTOR('',#4915,0.393700787401575);
#1348=VECTOR('',#4916,0.393700787401575);
#1349=VECTOR('',#4919,0.393700787401575);
#1350=VECTOR('',#4920,0.393700787401575);
#1351=VECTOR('',#4923,0.393700787401575);
#1352=VECTOR('',#4924,0.393700787401575);
#1353=VECTOR('',#4925,0.393700787401575);
#1354=VECTOR('',#4928,0.393700787401575);
#1355=VECTOR('',#4929,0.393700787401575);
#1356=VECTOR('',#4930,0.393700787401575);
#1357=VECTOR('',#4931,0.393700787401575);
#1358=VECTOR('',#4932,0.393700787401575);
#1359=VECTOR('',#4935,0.393700787401575);
#1360=VECTOR('',#4936,0.393700787401575);
#1361=VECTOR('',#4937,0.393700787401575);
#1362=VECTOR('',#4938,0.393700787401575);
#1363=VECTOR('',#4941,0.393700787401575);
#1364=VECTOR('',#4942,0.393700787401575);
#1365=VECTOR('',#4943,0.393700787401575);
#1366=VECTOR('',#4946,0.393700787401575);
#1367=VECTOR('',#4947,0.393700787401575);
#1368=VECTOR('',#4948,0.393700787401575);
#1369=VECTOR('',#4951,0.393700787401575);
#1370=VECTOR('',#4952,0.393700787401575);
#1371=VECTOR('',#4955,0.393700787401575);
#1372=VECTOR('',#4956,0.393700787401575);
#1373=VECTOR('',#4957,0.393700787401575);
#1374=VECTOR('',#4958,0.393700787401575);
#1375=VECTOR('',#4961,0.393700787401575);
#1376=VECTOR('',#4962,0.393700787401575);
#1377=VECTOR('',#4963,0.393700787401575);
#1378=VECTOR('',#4966,0.393700787401575);
#1379=VECTOR('',#4967,0.393700787401575);
#1380=VECTOR('',#4968,0.393700787401575);
#1381=VECTOR('',#4971,0.393700787401575);
#1382=VECTOR('',#4972,0.393700787401575);
#1383=VECTOR('',#4975,0.393700787401575);
#1384=VECTOR('',#4976,0.393700787401575);
#1385=VECTOR('',#4977,0.393700787401575);
#1386=VECTOR('',#4978,0.393700787401575);
#1387=VECTOR('',#4981,0.393700787401575);
#1388=VECTOR('',#4982,0.393700787401575);
#1389=VECTOR('',#4983,0.393700787401575);
#1390=VECTOR('',#4986,0.393700787401575);
#1391=VECTOR('',#4987,0.393700787401575);
#1392=VECTOR('',#4988,0.393700787401575);
#1393=VECTOR('',#4991,0.393700787401575);
#1394=VECTOR('',#4992,0.393700787401575);
#1395=VECTOR('',#4995,0.393700787401575);
#1396=VECTOR('',#4996,0.393700787401575);
#1397=VECTOR('',#4997,0.393700787401575);
#1398=VECTOR('',#4998,0.393700787401575);
#1399=VECTOR('',#5001,0.393700787401575);
#1400=VECTOR('',#5002,0.393700787401575);
#1401=VECTOR('',#5003,0.393700787401575);
#1402=VECTOR('',#5006,0.393700787401575);
#1403=VECTOR('',#5007,0.393700787401575);
#1404=VECTOR('',#5008,0.393700787401575);
#1405=VECTOR('',#5009,0.393700787401575);
#1406=VECTOR('',#5012,0.393700787401575);
#1407=VECTOR('',#5013,0.393700787401575);
#1408=VECTOR('',#5014,0.393700787401575);
#1409=VECTOR('',#5017,0.393700787401575);
#1410=VECTOR('',#5018,0.393700787401575);
#1411=VECTOR('',#5019,0.393700787401575);
#1412=VECTOR('',#5020,0.393700787401575);
#1413=VECTOR('',#5023,0.393700787401575);
#1414=VECTOR('',#5024,0.393700787401575);
#1415=VECTOR('',#5025,0.393700787401575);
#1416=VECTOR('',#5028,0.393700787401575);
#1417=VECTOR('',#5029,0.393700787401575);
#1418=VECTOR('',#5030,0.393700787401575);
#1419=VECTOR('',#5033,0.393700787401575);
#1420=VECTOR('',#5034,0.393700787401575);
#1421=VECTOR('',#5037,0.393700787401575);
#1422=VECTOR('',#5038,0.393700787401575);
#1423=VECTOR('',#5041,0.393700787401575);
#1424=VECTOR('',#5042,0.393700787401575);
#1425=VECTOR('',#5043,0.393700787401575);
#1426=VECTOR('',#5046,0.393700787401575);
#1427=VECTOR('',#5047,0.393700787401575);
#1428=VECTOR('',#5048,0.393700787401575);
#1429=VECTOR('',#5051,0.393700787401575);
#1430=VECTOR('',#5052,0.393700787401575);
#1431=VECTOR('',#5053,0.393700787401575);
#1432=VECTOR('',#5054,0.393700787401575);
#1433=VECTOR('',#5055,0.393700787401575);
#1434=VECTOR('',#5058,0.393700787401575);
#1435=VECTOR('',#5059,0.393700787401575);
#1436=VECTOR('',#5060,0.393700787401575);
#1437=VECTOR('',#5061,0.393700787401575);
#1438=VECTOR('',#5064,0.393700787401575);
#1439=VECTOR('',#5065,0.393700787401575);
#1440=VECTOR('',#5066,0.393700787401575);
#1441=VECTOR('',#5069,0.393700787401575);
#1442=VECTOR('',#5070,0.393700787401575);
#1443=VECTOR('',#5071,0.393700787401575);
#1444=VECTOR('',#5074,0.393700787401575);
#1445=VECTOR('',#5075,0.393700787401575);
#1446=VECTOR('',#5078,0.393700787401575);
#1447=VECTOR('',#5079,0.393700787401575);
#1448=VECTOR('',#5080,0.393700787401575);
#1449=VECTOR('',#5083,0.393700787401575);
#1450=VECTOR('',#5084,0.393700787401575);
#1451=VECTOR('',#5085,0.393700787401575);
#1452=VECTOR('',#5088,0.393700787401575);
#1453=VECTOR('',#5089,0.393700787401575);
#1454=VECTOR('',#5090,0.393700787401575);
#1455=VECTOR('',#5093,0.393700787401575);
#1456=VECTOR('',#5094,0.393700787401575);
#1457=VECTOR('',#5095,0.393700787401575);
#1458=VECTOR('',#5098,0.393700787401575);
#1459=VECTOR('',#5099,0.393700787401575);
#1460=VECTOR('',#5102,0.393700787401575);
#1461=VECTOR('',#5103,0.393700787401575);
#1462=VECTOR('',#5106,0.393700787401575);
#1463=VECTOR('',#5107,0.393700787401575);
#1464=VECTOR('',#5108,0.393700787401575);
#1465=VECTOR('',#5109,0.393700787401575);
#1466=VECTOR('',#5110,0.393700787401575);
#1467=VECTOR('',#5111,0.393700787401575);
#1468=VECTOR('',#5132,0.393700787401575);
#1469=VECTOR('',#5133,0.393700787401575);
#1470=VECTOR('',#5134,0.393700787401575);
#1471=VECTOR('',#5135,0.393700787401575);
#1472=VECTOR('',#5138,0.393700787401575);
#1473=VECTOR('',#5139,0.393700787401575);
#1474=VECTOR('',#5140,0.393700787401575);
#1475=VECTOR('',#5143,0.393700787401575);
#1476=VECTOR('',#5144,0.393700787401575);
#1477=VECTOR('',#5145,0.393700787401575);
#1478=VECTOR('',#5148,0.393700787401575);
#1479=VECTOR('',#5149,0.393700787401575);
#1480=VECTOR('',#5150,0.393700787401575);
#1481=VECTOR('',#5153,0.393700787401575);
#1482=VECTOR('',#5154,0.393700787401575);
#1483=VECTOR('',#5155,0.393700787401575);
#1484=VECTOR('',#5158,0.393700787401575);
#1485=VECTOR('',#5159,0.393700787401575);
#1486=VECTOR('',#5160,0.393700787401575);
#1487=VECTOR('',#5163,0.393700787401575);
#1488=VECTOR('',#5164,0.393700787401575);
#1489=VECTOR('',#5165,0.393700787401575);
#1490=VECTOR('',#5168,0.393700787401575);
#1491=VECTOR('',#5169,0.393700787401575);
#1492=VECTOR('',#5170,0.393700787401575);
#1493=VECTOR('',#5171,0.393700787401575);
#1494=VECTOR('',#5172,0.393700787401575);
#1495=VECTOR('',#5191,0.75);
#1496=VECTOR('',#5196,0.00525000000000004);
#1497=VECTOR('',#5199,0.00525000000000004);
#1498=VECTOR('',#5202,0.393700787401575);
#1499=VECTOR('',#5203,0.393700787401575);
#1500=VECTOR('',#5204,0.393700787401575);
#1501=VECTOR('',#5205,0.393700787401575);
#1502=VECTOR('',#5206,0.393700787401575);
#1503=VECTOR('',#5207,0.393700787401575);
#1504=VECTOR('',#5208,0.393700787401575);
#1505=VECTOR('',#5209,0.393700787401575);
#1506=VECTOR('',#5210,0.00525000000000004);
#1507=VECTOR('',#5211,0.00525000000000004);
#1508=VECTOR('',#5212,0.00525000000000004);
#1509=VECTOR('',#5213,0.393700787401575);
#1510=VECTOR('',#5214,0.00525000000000004);
#1511=VECTOR('',#5215,0.393700787401575);
#1512=VECTOR('',#5216,0.00525000000000004);
#1513=VECTOR('',#5217,0.393700787401575);
#1514=VECTOR('',#5218,0.00525000000000004);
#1515=VECTOR('',#5219,0.393700787401575);
#1516=VECTOR('',#5224,0.00525000000000004);
#1517=VECTOR('',#5231,0.00525000000000004);
#1518=VECTOR('',#5240,0.00525000000000004);
#1519=VECTOR('',#5243,0.00525000000000004);
#1520=VECTOR('',#5248,0.393700787401575);
#1521=VECTOR('',#5255,0.393700787401575);
#1522=VECTOR('',#5258,0.00525000000000004);
#1523=VECTOR('',#5261,0.00525000000000004);
#1524=VECTOR('',#5266,0.393700787401575);
#1525=VECTOR('',#5271,0.00525000000000004);
#1526=VECTOR('',#5278,0.00525000000000004);
#1527=VECTOR('',#5283,0.393700787401575);
#1528=VECTOR('',#5288,0.393700787401575);
#1529=VECTOR('',#5291,0.00525000000000004);
#1530=VECTOR('',#5298,0.00525000000000004);
#1531=VECTOR('',#5301,0.00525000000000004);
#1532=VECTOR('',#5306,0.393700787401575);
#1533=VECTOR('',#5313,0.393700787401575);
#1534=VECTOR('',#5316,0.393700787401575);
#1535=VECTOR('',#5319,0.393700787401575);
#1536=VECTOR('',#5320,0.393700787401575);
#1537=VECTOR('',#5321,0.393700787401575);
#1538=VECTOR('',#5322,0.393700787401575);
#1539=VECTOR('',#5323,0.393700787401575);
#1540=VECTOR('',#5324,0.393700787401575);
#1541=VECTOR('',#5325,0.393700787401575);
#1542=VECTOR('',#5326,0.393700787401575);
#1543=VECTOR('',#5329,0.393700787401575);
#1544=VECTOR('',#5330,0.393700787401575);
#1545=VECTOR('',#5331,0.393700787401575);
#1546=VECTOR('',#5332,0.393700787401575);
#1547=VECTOR('',#5333,0.393700787401575);
#1548=VECTOR('',#5334,0.393700787401575);
#1549=VECTOR('',#5335,0.393700787401575);
#1550=VECTOR('',#5336,0.393700787401575);
#1551=VECTOR('',#5337,0.393700787401575);
#1552=VECTOR('',#5338,0.393700787401575);
#1553=VECTOR('',#5339,0.393700787401575);
#1554=VECTOR('',#5340,0.393700787401575);
#1555=VECTOR('',#5341,0.393700787401575);
#1556=VECTOR('',#5344,0.393700787401575);
#1557=VECTOR('',#5349,0.393700787401575);
#1558=VECTOR('',#5352,0.393700787401575);
#1559=VECTOR('',#5355,0.393700787401575);
#1560=VECTOR('',#5360,0.393700787401575);
#1561=VECTOR('',#5365,0.393700787401575);
#1562=VECTOR('',#5370,0.393700787401575);
#1563=VECTOR('',#5371,0.393700787401575);
#1564=VECTOR('',#5372,0.393700787401575);
#1565=VECTOR('',#5373,0.393700787401575);
#1566=VECTOR('',#5376,0.393700787401575);
#1567=VECTOR('',#5377,0.393700787401575);
#1568=VECTOR('',#5378,0.393700787401575);
#1569=VECTOR('',#5381,0.393700787401575);
#1570=VECTOR('',#5382,0.393700787401575);
#1571=VECTOR('',#5383,0.393700787401575);
#1572=VECTOR('',#5386,0.393700787401575);
#1573=VECTOR('',#5387,0.393700787401575);
#1574=VECTOR('',#5388,0.393700787401575);
#1575=VECTOR('',#5391,0.393700787401575);
#1576=VECTOR('',#5392,0.393700787401575);
#1577=VECTOR('',#5395,0.393700787401575);
#1578=VECTOR('',#5398,0.393700787401575);
#1579=VECTOR('',#5399,0.393700787401575);
#1580=VECTOR('',#5400,0.393700787401575);
#1581=VECTOR('',#5401,0.393700787401575);
#1582=VECTOR('',#5404,0.393700787401575);
#1583=VECTOR('',#5405,0.393700787401575);
#1584=VECTOR('',#5406,0.393700787401575);
#1585=VECTOR('',#5409,0.393700787401575);
#1586=VECTOR('',#5410,0.393700787401575);
#1587=VECTOR('',#5411,0.393700787401575);
#1588=VECTOR('',#5414,0.393700787401575);
#1589=VECTOR('',#5415,0.393700787401575);
#1590=VECTOR('',#5416,0.393700787401575);
#1591=VECTOR('',#5419,0.393700787401575);
#1592=VECTOR('',#5420,0.393700787401575);
#1593=VECTOR('',#5423,0.393700787401575);
#1594=VECTOR('',#5424,0.393700787401575);
#1595=VECTOR('',#5427,0.393700787401575);
#1596=VECTOR('',#5428,0.393700787401575);
#1597=VECTOR('',#5429,0.393700787401575);
#1598=VECTOR('',#5430,0.393700787401575);
#1599=VECTOR('',#5433,0.393700787401575);
#1600=VECTOR('',#5434,0.393700787401575);
#1601=VECTOR('',#5435,0.393700787401575);
#1602=VECTOR('',#5438,0.393700787401575);
#1603=VECTOR('',#5439,0.393700787401575);
#1604=VECTOR('',#5440,0.393700787401575);
#1605=VECTOR('',#5443,0.393700787401575);
#1606=VECTOR('',#5444,0.393700787401575);
#1607=VECTOR('',#5445,0.393700787401575);
#1608=VECTOR('',#5448,0.393700787401575);
#1609=VECTOR('',#5449,0.393700787401575);
#1610=VECTOR('',#5452,0.393700787401575);
#1611=VECTOR('',#5453,0.393700787401575);
#1612=VECTOR('',#5456,0.393700787401575);
#1613=VECTOR('',#5457,0.393700787401575);
#1614=VECTOR('',#5458,0.393700787401575);
#1615=VECTOR('',#5459,0.393700787401575);
#1616=VECTOR('',#5462,0.393700787401575);
#1617=VECTOR('',#5463,0.393700787401575);
#1618=VECTOR('',#5464,0.393700787401575);
#1619=VECTOR('',#5471,0.393700787401575);
#1620=VECTOR('',#5472,0.393700787401575);
#1621=VECTOR('',#5473,0.393700787401575);
#1622=VECTOR('',#5474,0.393700787401575);
#1623=VECTOR('',#5475,0.393700787401575);
#1624=VECTOR('',#5476,0.393700787401575);
#1625=VECTOR('',#5479,0.393700787401575);
#1626=VECTOR('',#5480,0.393700787401575);
#1627=VECTOR('',#5481,0.393700787401575);
#1628=VECTOR('',#5482,0.393700787401575);
#1629=VECTOR('',#5485,0.393700787401575);
#1630=VECTOR('',#5488,0.393700787401575);
#1631=VECTOR('',#5491,0.393700787401575);
#1632=VECTOR('',#5492,0.393700787401575);
#1633=VECTOR('',#5493,0.393700787401575);
#1634=VECTOR('',#5494,0.393700787401575);
#1635=VECTOR('',#5495,0.393700787401575);
#1636=VECTOR('',#5496,0.393700787401575);
#1637=VECTOR('',#5497,0.393700787401575);
#1638=VECTOR('',#5498,0.393700787401575);
#1639=VECTOR('',#5499,0.393700787401575);
#1640=VECTOR('',#5500,0.393700787401575);
#1641=VECTOR('',#5501,0.393700787401575);
#1642=VECTOR('',#5502,0.393700787401575);
#1643=VECTOR('',#5507,0.393700787401575);
#1644=VECTOR('',#5508,0.393700787401575);
#1645=VECTOR('',#5511,0.393700787401575);
#1646=VECTOR('',#5512,0.393700787401575);
#1647=VECTOR('',#5515,0.393700787401575);
#1648=VECTOR('',#5516,0.393700787401575);
#1649=VECTOR('',#5519,0.393700787401575);
#1650=VECTOR('',#5520,0.393700787401575);
#1651=VECTOR('',#5523,0.393700787401575);
#1652=VECTOR('',#5524,0.393700787401575);
#1653=VECTOR('',#5527,0.393700787401575);
#1654=VECTOR('',#5528,0.393700787401575);
#1655=VECTOR('',#5531,0.393700787401575);
#1656=VECTOR('',#5532,0.393700787401575);
#1657=VECTOR('',#5535,0.393700787401575);
#1658=VECTOR('',#5536,0.393700787401575);
#1659=VECTOR('',#5539,0.393700787401575);
#1660=VECTOR('',#5540,0.393700787401575);
#1661=VECTOR('',#5543,0.393700787401575);
#1662=VECTOR('',#5544,0.393700787401575);
#1663=VECTOR('',#5547,0.393700787401575);
#1664=VECTOR('',#5550,0.393700787401575);
#1665=VECTOR('',#5551,0.393700787401575);
#1666=VECTOR('',#5554,0.393700787401575);
#1667=VECTOR('',#5557,0.393700787401575);
#1668=VECTOR('',#5560,0.393700787401575);
#1669=VECTOR('',#5563,0.393700787401575);
#1670=VECTOR('',#5570,0.393700787401575);
#1671=VECTOR('',#5573,0.393700787401575);
#1672=VECTOR('',#5576,0.393700787401575);
#1673=VECTOR('',#5611,0.54052355536335);
#1674=VECTOR('',#5622,0.584787991130939);
#1675=VECTOR('',#5625,0.393700787401575);
#1676=VERTEX_POINT('',#5642);
#1677=VERTEX_POINT('',#5643);
#1678=VERTEX_POINT('',#5645);
#1679=VERTEX_POINT('',#5647);
#1680=VERTEX_POINT('',#5651);
#1681=VERTEX_POINT('',#5653);
#1682=VERTEX_POINT('',#5657);
#1683=VERTEX_POINT('',#5659);
#1684=VERTEX_POINT('',#5661);
#1685=VERTEX_POINT('',#5665);
#1686=VERTEX_POINT('',#5667);
#1687=VERTEX_POINT('',#5671);
#1688=VERTEX_POINT('',#5672);
#1689=VERTEX_POINT('',#5674);
#1690=VERTEX_POINT('',#5676);
#1691=VERTEX_POINT('',#5680);
#1692=VERTEX_POINT('',#5682);
#1693=VERTEX_POINT('',#5686);
#1694=VERTEX_POINT('',#5688);
#1695=VERTEX_POINT('',#5692);
#1696=VERTEX_POINT('',#5694);
#1697=VERTEX_POINT('',#5698);
#1698=VERTEX_POINT('',#5700);
#1699=VERTEX_POINT('',#5707);
#1700=VERTEX_POINT('',#5709);
#1701=VERTEX_POINT('',#5713);
#1702=VERTEX_POINT('',#5715);
#1703=VERTEX_POINT('',#5719);
#1704=VERTEX_POINT('',#5723);
#1705=VERTEX_POINT('',#5725);
#1706=VERTEX_POINT('',#5730);
#1707=VERTEX_POINT('',#5735);
#1708=VERTEX_POINT('',#5744);
#1709=VERTEX_POINT('',#5749);
#1710=VERTEX_POINT('',#5756);
#1711=VERTEX_POINT('',#5758);
#1712=VERTEX_POINT('',#5762);
#1713=VERTEX_POINT('',#5764);
#1714=VERTEX_POINT('',#5768);
#1715=VERTEX_POINT('',#5769);
#1716=VERTEX_POINT('',#5771);
#1717=VERTEX_POINT('',#5773);
#1718=VERTEX_POINT('',#5777);
#1719=VERTEX_POINT('',#5779);
#1720=VERTEX_POINT('',#5783);
#1721=VERTEX_POINT('',#5785);
#1722=VERTEX_POINT('',#5789);
#1723=VERTEX_POINT('',#5791);
#1724=VERTEX_POINT('',#5795);
#1725=VERTEX_POINT('',#5797);
#1726=VERTEX_POINT('',#5801);
#1727=VERTEX_POINT('',#5803);
#1728=VERTEX_POINT('',#5807);
#1729=VERTEX_POINT('',#5809);
#1730=VERTEX_POINT('',#5813);
#1731=VERTEX_POINT('',#5815);
#1732=VERTEX_POINT('',#5822);
#1733=VERTEX_POINT('',#5823);
#1734=VERTEX_POINT('',#5825);
#1735=VERTEX_POINT('',#5827);
#1736=VERTEX_POINT('',#5831);
#1737=VERTEX_POINT('',#5833);
#1738=VERTEX_POINT('',#5840);
#1739=VERTEX_POINT('',#5843);
#1740=VERTEX_POINT('',#5849);
#1741=VERTEX_POINT('',#5851);
#1742=VERTEX_POINT('',#5856);
#1743=VERTEX_POINT('',#5861);
#1744=VERTEX_POINT('',#5871);
#1745=VERTEX_POINT('',#5876);
#1746=VERTEX_POINT('',#5885);
#1747=VERTEX_POINT('',#5886);
#1748=VERTEX_POINT('',#5888);
#1749=VERTEX_POINT('',#5890);
#1750=VERTEX_POINT('',#5892);
#1751=VERTEX_POINT('',#5894);
#1752=VERTEX_POINT('',#5898);
#1753=VERTEX_POINT('',#5900);
#1754=VERTEX_POINT('',#5904);
#1755=VERTEX_POINT('',#5906);
#1756=VERTEX_POINT('',#5910);
#1757=VERTEX_POINT('',#5912);
#1758=VERTEX_POINT('',#5916);
#1759=VERTEX_POINT('',#5918);
#1760=VERTEX_POINT('',#5922);
#1761=VERTEX_POINT('',#5924);
#1762=VERTEX_POINT('',#5928);
#1763=VERTEX_POINT('',#5930);
#1764=VERTEX_POINT('',#5934);
#1765=VERTEX_POINT('',#5936);
#1766=VERTEX_POINT('',#5940);
#1767=VERTEX_POINT('',#5945);
#1768=VERTEX_POINT('',#5949);
#1769=VERTEX_POINT('',#5953);
#1770=VERTEX_POINT('',#5955);
#1771=VERTEX_POINT('',#5959);
#1772=VERTEX_POINT('',#5960);
#1773=VERTEX_POINT('',#5962);
#1774=VERTEX_POINT('',#5964);
#1775=VERTEX_POINT('',#5968);
#1776=VERTEX_POINT('',#5970);
#1777=VERTEX_POINT('',#5974);
#1778=VERTEX_POINT('',#5975);
#1779=VERTEX_POINT('',#5978);
#1780=VERTEX_POINT('',#5982);
#1781=VERTEX_POINT('',#5984);
#1782=VERTEX_POINT('',#5988);
#1783=VERTEX_POINT('',#5989);
#1784=VERTEX_POINT('',#5991);
#1785=VERTEX_POINT('',#5993);
#1786=VERTEX_POINT('',#5997);
#1787=VERTEX_POINT('',#5999);
#1788=VERTEX_POINT('',#6003);
#1789=VERTEX_POINT('',#6005);
#1790=VERTEX_POINT('',#6009);
#1791=VERTEX_POINT('',#6011);
#1792=VERTEX_POINT('',#6020);
#1793=VERTEX_POINT('',#6024);
#1794=VERTEX_POINT('',#6028);
#1795=VERTEX_POINT('',#6030);
#1796=VERTEX_POINT('',#6034);
#1797=VERTEX_POINT('',#6038);
#1798=VERTEX_POINT('',#6042);
#1799=VERTEX_POINT('',#6043);
#1800=VERTEX_POINT('',#6045);
#1801=VERTEX_POINT('',#6047);
#1802=VERTEX_POINT('',#6051);
#1803=VERTEX_POINT('',#6053);
#1804=VERTEX_POINT('',#6057);
#1805=VERTEX_POINT('',#6059);
#1806=VERTEX_POINT('',#6066);
#1807=VERTEX_POINT('',#6067);
#1808=VERTEX_POINT('',#6069);
#1809=VERTEX_POINT('',#6071);
#1810=VERTEX_POINT('',#6075);
#1811=VERTEX_POINT('',#6077);
#1812=VERTEX_POINT('',#6081);
#1813=VERTEX_POINT('',#6083);
#1814=VERTEX_POINT('',#6090);
#1815=VERTEX_POINT('',#6091);
#1816=VERTEX_POINT('',#6093);
#1817=VERTEX_POINT('',#6095);
#1818=VERTEX_POINT('',#6099);
#1819=VERTEX_POINT('',#6101);
#1820=VERTEX_POINT('',#6105);
#1821=VERTEX_POINT('',#6107);
#1822=VERTEX_POINT('',#6114);
#1823=VERTEX_POINT('',#6115);
#1824=VERTEX_POINT('',#6117);
#1825=VERTEX_POINT('',#6119);
#1826=VERTEX_POINT('',#6123);
#1827=VERTEX_POINT('',#6125);
#1828=VERTEX_POINT('',#6129);
#1829=VERTEX_POINT('',#6130);
#1830=VERTEX_POINT('',#6132);
#1831=VERTEX_POINT('',#6134);
#1832=VERTEX_POINT('',#6138);
#1833=VERTEX_POINT('',#6140);
#1834=VERTEX_POINT('',#6144);
#1835=VERTEX_POINT('',#6147);
#1836=VERTEX_POINT('',#6151);
#1837=VERTEX_POINT('',#6153);
#1838=VERTEX_POINT('',#6167);
#1839=VERTEX_POINT('',#6169);
#1840=VERTEX_POINT('',#6173);
#1841=VERTEX_POINT('',#6175);
#1842=VERTEX_POINT('',#6181);
#1843=VERTEX_POINT('',#6186);
#1844=VERTEX_POINT('',#6187);
#1845=VERTEX_POINT('',#6189);
#1846=VERTEX_POINT('',#6191);
#1847=VERTEX_POINT('',#6195);
#1848=VERTEX_POINT('',#6197);
#1849=VERTEX_POINT('',#6201);
#1850=VERTEX_POINT('',#6203);
#1851=VERTEX_POINT('',#6210);
#1852=VERTEX_POINT('',#6212);
#1853=VERTEX_POINT('',#6216);
#1854=VERTEX_POINT('',#6218);
#1855=VERTEX_POINT('',#6222);
#1856=VERTEX_POINT('',#6224);
#1857=VERTEX_POINT('',#6228);
#1858=VERTEX_POINT('',#6230);
#1859=VERTEX_POINT('',#6240);
#1860=VERTEX_POINT('',#6241);
#1861=VERTEX_POINT('',#6243);
#1862=VERTEX_POINT('',#6245);
#1863=VERTEX_POINT('',#6260);
#1864=VERTEX_POINT('',#6261);
#1865=VERTEX_POINT('',#6263);
#1866=VERTEX_POINT('',#6265);
#1867=VERTEX_POINT('',#6269);
#1868=VERTEX_POINT('',#6270);
#1869=VERTEX_POINT('',#6275);
#1870=VERTEX_POINT('',#6276);
#1871=VERTEX_POINT('',#6281);
#1872=VERTEX_POINT('',#6282);
#1873=VERTEX_POINT('',#6287);
#1874=VERTEX_POINT('',#6288);
#1875=VERTEX_POINT('',#6293);
#1876=VERTEX_POINT('',#6294);
#1877=VERTEX_POINT('',#6299);
#1878=VERTEX_POINT('',#6300);
#1879=VERTEX_POINT('',#6305);
#1880=VERTEX_POINT('',#6306);
#1881=VERTEX_POINT('',#6309);
#1882=VERTEX_POINT('',#6311);
#1883=VERTEX_POINT('',#6315);
#1884=VERTEX_POINT('',#6316);
#1885=VERTEX_POINT('',#6318);
#1886=VERTEX_POINT('',#6323);
#1887=VERTEX_POINT('',#6326);
#1888=VERTEX_POINT('',#6330);
#1889=VERTEX_POINT('',#6331);
#1890=VERTEX_POINT('',#6333);
#1891=VERTEX_POINT('',#6335);
#1892=VERTEX_POINT('',#6340);
#1893=VERTEX_POINT('',#6342);
#1894=VERTEX_POINT('',#6344);
#1895=VERTEX_POINT('',#6346);
#1896=VERTEX_POINT('',#6348);
#1897=VERTEX_POINT('',#6351);
#1898=VERTEX_POINT('',#6353);
#1899=VERTEX_POINT('',#6355);
#1900=VERTEX_POINT('',#6357);
#1901=VERTEX_POINT('',#6359);
#1902=VERTEX_POINT('',#6361);
#1903=VERTEX_POINT('',#6363);
#1904=VERTEX_POINT('',#6365);
#1905=VERTEX_POINT('',#6367);
#1906=VERTEX_POINT('',#6369);
#1907=VERTEX_POINT('',#6373);
#1908=VERTEX_POINT('',#6375);
#1909=VERTEX_POINT('',#6379);
#1910=VERTEX_POINT('',#6381);
#1911=VERTEX_POINT('',#6385);
#1912=VERTEX_POINT('',#6387);
#1913=VERTEX_POINT('',#6393);
#1914=VERTEX_POINT('',#6395);
#1915=VERTEX_POINT('',#6399);
#1916=VERTEX_POINT('',#6407);
#1917=VERTEX_POINT('',#6409);
#1918=VERTEX_POINT('',#6413);
#1919=VERTEX_POINT('',#6417);
#1920=VERTEX_POINT('',#6421);
#1921=VERTEX_POINT('',#6423);
#1922=VERTEX_POINT('',#6429);
#1923=VERTEX_POINT('',#6433);
#1924=VERTEX_POINT('',#6439);
#1925=VERTEX_POINT('',#6441);
#1926=VERTEX_POINT('',#6445);
#1927=VERTEX_POINT('',#6446);
#1928=VERTEX_POINT('',#6448);
#1929=VERTEX_POINT('',#6450);
#1930=VERTEX_POINT('',#6455);
#1931=VERTEX_POINT('',#6457);
#1932=VERTEX_POINT('',#6459);
#1933=VERTEX_POINT('',#6461);
#1934=VERTEX_POINT('',#6463);
#1935=VERTEX_POINT('',#6465);
#1936=VERTEX_POINT('',#6469);
#1937=VERTEX_POINT('',#6471);
#1938=VERTEX_POINT('',#6473);
#1939=VERTEX_POINT('',#6475);
#1940=VERTEX_POINT('',#6477);
#1941=VERTEX_POINT('',#6479);
#1942=VERTEX_POINT('',#6481);
#1943=VERTEX_POINT('',#6483);
#1944=VERTEX_POINT('',#6485);
#1945=VERTEX_POINT('',#6487);
#1946=VERTEX_POINT('',#6489);
#1947=VERTEX_POINT('',#6491);
#1948=VERTEX_POINT('',#6495);
#1949=VERTEX_POINT('',#6503);
#1950=VERTEX_POINT('',#6507);
#1951=VERTEX_POINT('',#6514);
#1952=VERTEX_POINT('',#6515);
#1953=VERTEX_POINT('',#6517);
#1954=VERTEX_POINT('',#6519);
#1955=VERTEX_POINT('',#6523);
#1956=VERTEX_POINT('',#6525);
#1957=VERTEX_POINT('',#6529);
#1958=VERTEX_POINT('',#6531);
#1959=VERTEX_POINT('',#6535);
#1960=VERTEX_POINT('',#6537);
#1961=VERTEX_POINT('',#6541);
#1962=VERTEX_POINT('',#6547);
#1963=VERTEX_POINT('',#6548);
#1964=VERTEX_POINT('',#6550);
#1965=VERTEX_POINT('',#6552);
#1966=VERTEX_POINT('',#6556);
#1967=VERTEX_POINT('',#6558);
#1968=VERTEX_POINT('',#6562);
#1969=VERTEX_POINT('',#6564);
#1970=VERTEX_POINT('',#6568);
#1971=VERTEX_POINT('',#6570);
#1972=VERTEX_POINT('',#6574);
#1973=VERTEX_POINT('',#6578);
#1974=VERTEX_POINT('',#6582);
#1975=VERTEX_POINT('',#6583);
#1976=VERTEX_POINT('',#6585);
#1977=VERTEX_POINT('',#6587);
#1978=VERTEX_POINT('',#6591);
#1979=VERTEX_POINT('',#6593);
#1980=VERTEX_POINT('',#6597);
#1981=VERTEX_POINT('',#6599);
#1982=VERTEX_POINT('',#6603);
#1983=VERTEX_POINT('',#6605);
#1984=VERTEX_POINT('',#6609);
#1985=VERTEX_POINT('',#6613);
#1986=VERTEX_POINT('',#6619);
#1987=VERTEX_POINT('',#6623);
#1988=VERTEX_POINT('',#6625);
#1989=VERTEX_POINT('',#6633);
#1990=VERTEX_POINT('',#6635);
#1991=VERTEX_POINT('',#6640);
#1992=VERTEX_POINT('',#6642);
#1993=VERTEX_POINT('',#6644);
#1994=VERTEX_POINT('',#6653);
#1995=VERTEX_POINT('',#6655);
#1996=VERTEX_POINT('',#6657);
#1997=VERTEX_POINT('',#6659);
#1998=VERTEX_POINT('',#6661);
#1999=VERTEX_POINT('',#6663);
#2000=VERTEX_POINT('',#6665);
#2001=VERTEX_POINT('',#6667);
#2002=VERTEX_POINT('',#6669);
#2003=VERTEX_POINT('',#6671);
#2004=VERTEX_POINT('',#6676);
#2005=VERTEX_POINT('',#6680);
#2006=VERTEX_POINT('',#6684);
#2007=VERTEX_POINT('',#6688);
#2008=VERTEX_POINT('',#6692);
#2009=VERTEX_POINT('',#6696);
#2010=VERTEX_POINT('',#6700);
#2011=VERTEX_POINT('',#6704);
#2012=VERTEX_POINT('',#6708);
#2013=VERTEX_POINT('',#6712);
#2014=VERTEX_POINT('',#6748);
#2015=VERTEX_POINT('',#6749);
#2016=VERTEX_POINT('',#6754);
#2017=VERTEX_POINT('',#6779);
#2018=VERTEX_POINT('',#6784);
#2019=VERTEX_POINT('',#6791);
#2020=VERTEX_POINT('',#6796);
#2021=VERTEX_POINT('',#6801);
#2022=VERTEX_POINT('',#6826);
#2023=VERTEX_POINT('',#6827);
#2024=VERTEX_POINT('',#6832);
#2025=VERTEX_POINT('',#6837);
#2026=VERTEX_POINT('',#6842);
#2027=VERTEX_POINT('',#6873);
#2028=VERTEX_POINT('',#6878);
#2029=VERTEX_POINT('',#6883);
#2030=VERTEX_POINT('',#6888);
#2031=VERTEX_POINT('',#6893);
#2032=VERTEX_POINT('',#6918);
#2033=VERTEX_POINT('',#6919);
#2034=VERTEX_POINT('',#6924);
#2035=VERTEX_POINT('',#6929);
#2036=VERTEX_POINT('',#6934);
#2037=VERTEX_POINT('',#6965);
#2038=VERTEX_POINT('',#6970);
#2039=VERTEX_POINT('',#6975);
#2040=VERTEX_POINT('',#6980);
#2041=VERTEX_POINT('',#6985);
#2042=VERTEX_POINT('',#7010);
#2043=VERTEX_POINT('',#7015);
#2044=VERTEX_POINT('',#7060);
#2045=VERTEX_POINT('',#7065);
#2046=VERTEX_POINT('',#7075);
#2047=VERTEX_POINT('',#7080);
#2048=VERTEX_POINT('',#7087);
#2049=VERTEX_POINT('',#7092);
#2050=VERTEX_POINT('',#7097);
#2051=VERTEX_POINT('',#7127);
#2052=VERTEX_POINT('',#7128);
#2053=VERTEX_POINT('',#7133);
#2054=VERTEX_POINT('',#7162);
#2055=VERTEX_POINT('',#7167);
#2056=VERTEX_POINT('',#7172);
#2057=VERTEX_POINT('',#7197);
#2058=VERTEX_POINT('',#7242);
#2059=VERTEX_POINT('',#7253);
#2060=VERTEX_POINT('',#7258);
#2061=VERTEX_POINT('',#7291);
#2062=VERTEX_POINT('',#7296);
#2063=VERTEX_POINT('',#7341);
#2064=VERTEX_POINT('',#7346);
#2065=VERTEX_POINT('',#7360);
#2066=VERTEX_POINT('',#7365);
#2067=VERTEX_POINT('',#7370);
#2068=VERTEX_POINT('',#7400);
#2069=VERTEX_POINT('',#7449);
#2070=VERTEX_POINT('',#7460);
#2071=VERTEX_POINT('',#7465);
#2072=VERTEX_POINT('',#7557);
#2073=VERTEX_POINT('',#7649);
#2074=VERTEX_POINT('',#7665);
#2075=VERTEX_POINT('',#7678);
#2076=VERTEX_POINT('',#7679);
#2077=VERTEX_POINT('',#7684);
#2078=VERTEX_POINT('',#7685);
#2079=EDGE_CURVE('',#1676,#1677,#700,.T.);
#2080=EDGE_CURVE('',#1676,#1678,#701,.T.);
#2081=EDGE_CURVE('',#1679,#1678,#702,.T.);
#2082=EDGE_CURVE('',#1677,#1679,#703,.T.);
#2083=EDGE_CURVE('',#1678,#1680,#704,.T.);
#2084=EDGE_CURVE('',#1680,#1681,#705,.T.);
#2085=EDGE_CURVE('',#1681,#1679,#706,.T.);
#2086=EDGE_CURVE('',#1677,#1682,#707,.T.);
#2087=EDGE_CURVE('',#1683,#1682,#708,.T.);
#2088=EDGE_CURVE('',#1683,#1684,#709,.T.);
#2089=EDGE_CURVE('',#1684,#1677,#710,.T.);
#2090=EDGE_CURVE('',#1677,#1685,#711,.T.);
#2091=EDGE_CURVE('',#1686,#1685,#712,.T.);
#2092=EDGE_CURVE('',#1686,#1676,#713,.T.);
#2093=EDGE_CURVE('',#1687,#1688,#714,.T.);
#2094=EDGE_CURVE('',#1687,#1689,#715,.T.);
#2095=EDGE_CURVE('',#1690,#1689,#716,.T.);
#2096=EDGE_CURVE('',#1688,#1690,#717,.T.);
#2097=EDGE_CURVE('',#1688,#1691,#718,.T.);
#2098=EDGE_CURVE('',#1692,#1690,#719,.T.);
#2099=EDGE_CURVE('',#1691,#1692,#720,.T.);
#2100=EDGE_CURVE('',#1691,#1693,#721,.T.);
#2101=EDGE_CURVE('',#1694,#1692,#722,.T.);
#2102=EDGE_CURVE('',#1693,#1694,#723,.T.);
#2103=EDGE_CURVE('',#1693,#1695,#724,.T.);
#2104=EDGE_CURVE('',#1696,#1694,#725,.T.);
#2105=EDGE_CURVE('',#1695,#1696,#726,.T.);
#2106=EDGE_CURVE('',#1682,#1697,#727,.T.);
#2107=EDGE_CURVE('',#1698,#1681,#728,.T.);
#2108=EDGE_CURVE('',#1697,#1698,#729,.T.);
#2109=EDGE_CURVE('',#1697,#1687,#730,.T.);
#2110=EDGE_CURVE('',#1689,#1698,#731,.T.);
#2111=EDGE_CURVE('',#1699,#1680,#732,.T.);
#2112=EDGE_CURVE('',#1700,#1699,#733,.T.);
#2113=EDGE_CURVE('',#1700,#1696,#734,.T.);
#2114=EDGE_CURVE('',#1695,#1701,#735,.T.);
#2115=EDGE_CURVE('',#1702,#1701,#736,.T.);
#2116=EDGE_CURVE('',#1693,#1702,#737,.T.);
#2117=EDGE_CURVE('',#1703,#1693,#738,.T.);
#2118=EDGE_CURVE('',#1703,#1688,#739,.T.);
#2119=EDGE_CURVE('',#1704,#1688,#740,.T.);
#2120=EDGE_CURVE('',#1705,#1704,#130,.T.);
#2121=EDGE_CURVE('',#1706,#1705,#131,.T.);
#2122=EDGE_CURVE('',#1707,#1706,#132,.T.);
#2123=EDGE_CURVE('',#1708,#1707,#133,.T.);
#2124=EDGE_CURVE('',#1709,#1708,#134,.T.);
#2125=EDGE_CURVE('',#1709,#1687,#741,.T.);
#2126=EDGE_CURVE('',#1710,#1702,#742,.T.);
#2127=EDGE_CURVE('',#1701,#1711,#743,.T.);
#2128=EDGE_CURVE('',#1711,#1710,#744,.T.);
#2129=EDGE_CURVE('',#1693,#1712,#745,.T.);
#2130=EDGE_CURVE('',#1713,#1712,#746,.T.);
#2131=EDGE_CURVE('',#1713,#1703,#747,.T.);
#2132=EDGE_CURVE('',#1714,#1715,#748,.T.);
#2133=EDGE_CURVE('',#1714,#1716,#749,.T.);
#2134=EDGE_CURVE('',#1717,#1716,#750,.T.);
#2135=EDGE_CURVE('',#1715,#1717,#751,.T.);
#2136=EDGE_CURVE('',#1715,#1718,#752,.T.);
#2137=EDGE_CURVE('',#1719,#1717,#753,.T.);
#2138=EDGE_CURVE('',#1718,#1719,#754,.T.);
#2139=EDGE_CURVE('',#1718,#1720,#755,.T.);
#2140=EDGE_CURVE('',#1721,#1719,#756,.T.);
#2141=EDGE_CURVE('',#1720,#1721,#757,.T.);
#2142=EDGE_CURVE('',#1720,#1722,#758,.T.);
#2143=EDGE_CURVE('',#1723,#1721,#759,.T.);
#2144=EDGE_CURVE('',#1722,#1723,#760,.T.);
#2145=EDGE_CURVE('',#1712,#1724,#761,.T.);
#2146=EDGE_CURVE('',#1725,#1710,#762,.T.);
#2147=EDGE_CURVE('',#1724,#1725,#763,.T.);
#2148=EDGE_CURVE('',#1724,#1726,#764,.T.);
#2149=EDGE_CURVE('',#1727,#1725,#765,.T.);
#2150=EDGE_CURVE('',#1726,#1727,#766,.T.);
#2151=EDGE_CURVE('',#1726,#1728,#767,.T.);
#2152=EDGE_CURVE('',#1729,#1727,#768,.T.);
#2153=EDGE_CURVE('',#1728,#1729,#769,.T.);
#2154=EDGE_CURVE('',#1728,#1730,#770,.T.);
#2155=EDGE_CURVE('',#1731,#1729,#771,.T.);
#2156=EDGE_CURVE('',#1730,#1731,#772,.T.);
#2157=EDGE_CURVE('',#1730,#1677,#773,.T.);
#2158=EDGE_CURVE('',#1685,#1731,#774,.T.);
#2159=EDGE_CURVE('',#1732,#1733,#775,.T.);
#2160=EDGE_CURVE('',#1734,#1732,#776,.T.);
#2161=EDGE_CURVE('',#1735,#1734,#777,.T.);
#2162=EDGE_CURVE('',#1733,#1735,#778,.T.);
#2163=EDGE_CURVE('',#1733,#1736,#779,.T.);
#2164=EDGE_CURVE('',#1737,#1735,#780,.T.);
#2165=EDGE_CURVE('',#1736,#1737,#781,.T.);
#2166=EDGE_CURVE('',#1736,#1714,#782,.T.);
#2167=EDGE_CURVE('',#1716,#1737,#783,.T.);
#2168=EDGE_CURVE('',#1738,#1734,#784,.T.);
#2169=EDGE_CURVE('',#1738,#1686,#785,.T.);
#2170=EDGE_CURVE('',#1739,#1711,#786,.T.);
#2171=EDGE_CURVE('',#1723,#1739,#787,.T.);
#2172=EDGE_CURVE('',#1684,#1728,#788,.T.);
#2173=EDGE_CURVE('',#1740,#1728,#789,.T.);
#2174=EDGE_CURVE('',#1741,#1740,#135,.T.);
#2175=EDGE_CURVE('',#1742,#1741,#136,.T.);
#2176=EDGE_CURVE('',#1743,#1742,#137,.T.);
#2177=EDGE_CURVE('',#1744,#1743,#138,.T.);
#2178=EDGE_CURVE('',#1745,#1744,#139,.T.);
#2179=EDGE_CURVE('',#1745,#1726,#790,.T.);
#2180=EDGE_CURVE('',#1726,#1713,#791,.T.);
#2181=EDGE_CURVE('',#1746,#1747,#792,.T.);
#2182=EDGE_CURVE('',#1746,#1748,#793,.T.);
#2183=EDGE_CURVE('',#1749,#1748,#794,.T.);
#2184=EDGE_CURVE('',#1749,#1750,#795,.T.);
#2185=EDGE_CURVE('',#1751,#1750,#796,.T.);
#2186=EDGE_CURVE('',#1747,#1751,#797,.T.);
#2187=EDGE_CURVE('',#1747,#1752,#798,.T.);
#2188=EDGE_CURVE('',#1753,#1751,#799,.T.);
#2189=EDGE_CURVE('',#1752,#1753,#800,.T.);
#2190=EDGE_CURVE('',#1752,#1754,#801,.T.);
#2191=EDGE_CURVE('',#1755,#1753,#802,.T.);
#2192=EDGE_CURVE('',#1754,#1755,#803,.T.);
#2193=EDGE_CURVE('',#1754,#1756,#804,.T.);
#2194=EDGE_CURVE('',#1757,#1755,#805,.T.);
#2195=EDGE_CURVE('',#1756,#1757,#806,.T.);
#2196=EDGE_CURVE('',#1756,#1758,#807,.T.);
#2197=EDGE_CURVE('',#1759,#1757,#808,.T.);
#2198=EDGE_CURVE('',#1758,#1759,#809,.T.);
#2199=EDGE_CURVE('',#1758,#1760,#810,.T.);
#2200=EDGE_CURVE('',#1761,#1759,#811,.T.);
#2201=EDGE_CURVE('',#1760,#1761,#812,.T.);
#2202=EDGE_CURVE('',#1760,#1762,#813,.T.);
#2203=EDGE_CURVE('',#1763,#1761,#814,.T.);
#2204=EDGE_CURVE('',#1762,#1763,#815,.T.);
#2205=EDGE_CURVE('',#1764,#1749,#816,.T.);
#2206=EDGE_CURVE('',#1764,#1765,#817,.T.);
#2207=EDGE_CURVE('',#1750,#1765,#818,.T.);
#2208=EDGE_CURVE('',#1765,#1766,#819,.T.);
#2209=EDGE_CURVE('',#1766,#1699,#820,.T.);
#2210=EDGE_CURVE('',#1699,#1763,#821,.T.);
#2211=EDGE_CURVE('',#1767,#1748,#822,.T.);
#2212=EDGE_CURVE('',#1746,#1767,#823,.T.);
#2213=EDGE_CURVE('',#1748,#1768,#824,.T.);
#2214=EDGE_CURVE('',#1768,#1749,#825,.T.);
#2215=EDGE_CURVE('',#1749,#1769,#826,.T.);
#2216=EDGE_CURVE('',#1769,#1770,#827,.T.);
#2217=EDGE_CURVE('',#1764,#1770,#828,.T.);
#2218=EDGE_CURVE('',#1771,#1772,#829,.T.);
#2219=EDGE_CURVE('',#1771,#1773,#830,.T.);
#2220=EDGE_CURVE('',#1774,#1773,#831,.T.);
#2221=EDGE_CURVE('',#1772,#1774,#832,.T.);
#2222=EDGE_CURVE('',#1772,#1775,#833,.T.);
#2223=EDGE_CURVE('',#1776,#1774,#834,.T.);
#2224=EDGE_CURVE('',#1775,#1776,#835,.T.);
#2225=EDGE_CURVE('',#1777,#1778,#836,.T.);
#2226=EDGE_CURVE('',#1777,#1775,#837,.T.);
#2227=EDGE_CURVE('',#1779,#1776,#838,.T.);
#2228=EDGE_CURVE('',#1778,#1779,#839,.T.);
#2229=EDGE_CURVE('',#1778,#1780,#840,.T.);
#2230=EDGE_CURVE('',#1781,#1779,#841,.T.);
#2231=EDGE_CURVE('',#1780,#1781,#842,.T.);
#2232=EDGE_CURVE('',#1782,#1783,#843,.T.);
#2233=EDGE_CURVE('',#1782,#1784,#844,.T.);
#2234=EDGE_CURVE('',#1785,#1784,#845,.T.);
#2235=EDGE_CURVE('',#1783,#1785,#846,.T.);
#2236=EDGE_CURVE('',#1783,#1786,#847,.T.);
#2237=EDGE_CURVE('',#1787,#1785,#848,.T.);
#2238=EDGE_CURVE('',#1786,#1787,#849,.T.);
#2239=EDGE_CURVE('',#1786,#1788,#850,.T.);
#2240=EDGE_CURVE('',#1789,#1787,#851,.T.);
#2241=EDGE_CURVE('',#1788,#1789,#852,.T.);
#2242=EDGE_CURVE('',#1788,#1790,#853,.T.);
#2243=EDGE_CURVE('',#1791,#1789,#854,.T.);
#2244=EDGE_CURVE('',#1790,#1791,#855,.T.);
#2245=EDGE_CURVE('',#1790,#1771,#856,.T.);
#2246=EDGE_CURVE('',#1773,#1791,#857,.T.);
#2247=EDGE_CURVE('',#1784,#1781,#858,.T.);
#2248=EDGE_CURVE('',#1775,#1792,#859,.T.);
#2249=EDGE_CURVE('',#1792,#1777,#860,.T.);
#2250=EDGE_CURVE('',#1778,#1793,#861,.T.);
#2251=EDGE_CURVE('',#1777,#1793,#862,.T.);
#2252=EDGE_CURVE('',#1780,#1794,#863,.T.);
#2253=EDGE_CURVE('',#1794,#1795,#864,.T.);
#2254=EDGE_CURVE('',#1795,#1778,#865,.T.);
#2255=EDGE_CURVE('',#1796,#1775,#866,.T.);
#2256=EDGE_CURVE('',#1796,#1739,#867,.T.);
#2257=EDGE_CURVE('',#1739,#1700,#868,.T.);
#2258=EDGE_CURVE('',#1700,#1797,#869,.T.);
#2259=EDGE_CURVE('',#1797,#1782,#870,.T.);
#2260=EDGE_CURVE('',#1798,#1799,#871,.T.);
#2261=EDGE_CURVE('',#1800,#1799,#872,.T.);
#2262=EDGE_CURVE('',#1801,#1800,#873,.T.);
#2263=EDGE_CURVE('',#1801,#1798,#874,.T.);
#2264=EDGE_CURVE('',#1799,#1802,#875,.T.);
#2265=EDGE_CURVE('',#1802,#1803,#876,.T.);
#2266=EDGE_CURVE('',#1800,#1803,#877,.T.);
#2267=EDGE_CURVE('',#1802,#1804,#878,.T.);
#2268=EDGE_CURVE('',#1805,#1804,#879,.T.);
#2269=EDGE_CURVE('',#1803,#1805,#880,.T.);
#2270=EDGE_CURVE('',#1804,#1798,#881,.T.);
#2271=EDGE_CURVE('',#1805,#1801,#882,.T.);
#2272=EDGE_CURVE('',#1806,#1807,#883,.T.);
#2273=EDGE_CURVE('',#1808,#1807,#884,.T.);
#2274=EDGE_CURVE('',#1809,#1808,#885,.T.);
#2275=EDGE_CURVE('',#1809,#1806,#886,.T.);
#2276=EDGE_CURVE('',#1807,#1810,#887,.T.);
#2277=EDGE_CURVE('',#1810,#1811,#888,.T.);
#2278=EDGE_CURVE('',#1808,#1811,#889,.T.);
#2279=EDGE_CURVE('',#1810,#1812,#890,.T.);
#2280=EDGE_CURVE('',#1813,#1812,#891,.T.);
#2281=EDGE_CURVE('',#1811,#1813,#892,.T.);
#2282=EDGE_CURVE('',#1812,#1806,#893,.T.);
#2283=EDGE_CURVE('',#1813,#1809,#894,.T.);
#2284=EDGE_CURVE('',#1814,#1815,#895,.T.);
#2285=EDGE_CURVE('',#1816,#1815,#896,.T.);
#2286=EDGE_CURVE('',#1817,#1816,#897,.T.);
#2287=EDGE_CURVE('',#1817,#1814,#898,.T.);
#2288=EDGE_CURVE('',#1815,#1818,#899,.T.);
#2289=EDGE_CURVE('',#1818,#1819,#900,.T.);
#2290=EDGE_CURVE('',#1816,#1819,#901,.T.);
#2291=EDGE_CURVE('',#1818,#1820,#902,.T.);
#2292=EDGE_CURVE('',#1821,#1820,#903,.T.);
#2293=EDGE_CURVE('',#1819,#1821,#904,.T.);
#2294=EDGE_CURVE('',#1820,#1814,#905,.T.);
#2295=EDGE_CURVE('',#1821,#1817,#906,.T.);
#2296=EDGE_CURVE('',#1822,#1823,#907,.T.);
#2297=EDGE_CURVE('',#1824,#1823,#908,.T.);
#2298=EDGE_CURVE('',#1825,#1824,#909,.T.);
#2299=EDGE_CURVE('',#1822,#1825,#910,.T.);
#2300=EDGE_CURVE('',#1823,#1826,#911,.T.);
#2301=EDGE_CURVE('',#1826,#1827,#912,.T.);
#2302=EDGE_CURVE('',#1824,#1827,#913,.T.);
#2303=EDGE_CURVE('',#1828,#1829,#914,.T.);
#2304=EDGE_CURVE('',#1830,#1829,#915,.T.);
#2305=EDGE_CURVE('',#1831,#1830,#916,.T.);
#2306=EDGE_CURVE('',#1831,#1828,#917,.T.);
#2307=EDGE_CURVE('',#1829,#1832,#918,.T.);
#2308=EDGE_CURVE('',#1833,#1832,#919,.T.);
#2309=EDGE_CURVE('',#1830,#1833,#920,.T.);
#2310=EDGE_CURVE('',#1834,#1822,#921,.T.);
#2311=EDGE_CURVE('',#1822,#1825,#922,.T.);
#2312=EDGE_CURVE('',#1835,#1825,#923,.T.);
#2313=EDGE_CURVE('',#1835,#1834,#924,.T.);
#2314=EDGE_CURVE('',#1836,#1834,#925,.T.);
#2315=EDGE_CURVE('',#1837,#1835,#926,.T.);
#2316=EDGE_CURVE('',#1837,#1836,#927,.T.);
#2317=EDGE_CURVE('',#1826,#1832,#928,.T.);
#2318=EDGE_CURVE('',#1833,#1832,#929,.T.);
#2319=EDGE_CURVE('',#1827,#1833,#930,.T.);
#2320=EDGE_CURVE('',#1832,#1822,#931,.T.);
#2321=EDGE_CURVE('',#1833,#1825,#932,.T.);
#2322=EDGE_CURVE('',#1822,#1828,#933,.T.);
#2323=EDGE_CURVE('',#1825,#1831,#934,.T.);
#2324=EDGE_CURVE('',#1832,#1838,#935,.T.);
#2325=EDGE_CURVE('',#1839,#1838,#936,.T.);
#2326=EDGE_CURVE('',#1833,#1839,#937,.T.);
#2327=EDGE_CURVE('',#1838,#1840,#938,.T.);
#2328=EDGE_CURVE('',#1841,#1840,#939,.T.);
#2329=EDGE_CURVE('',#1839,#1841,#940,.T.);
#2330=EDGE_CURVE('',#1841,#1796,#941,.T.);
#2331=EDGE_CURVE('',#1840,#1836,#942,.T.);
#2332=EDGE_CURVE('',#1842,#1837,#943,.T.);
#2333=EDGE_CURVE('',#1738,#1842,#944,.T.);
#2334=EDGE_CURVE('',#1732,#1722,#945,.T.);
#2335=EDGE_CURVE('',#1843,#1844,#946,.T.);
#2336=EDGE_CURVE('',#1845,#1844,#947,.T.);
#2337=EDGE_CURVE('',#1846,#1845,#948,.T.);
#2338=EDGE_CURVE('',#1846,#1843,#949,.T.);
#2339=EDGE_CURVE('',#1844,#1847,#950,.T.);
#2340=EDGE_CURVE('',#1847,#1848,#951,.T.);
#2341=EDGE_CURVE('',#1845,#1848,#952,.T.);
#2342=EDGE_CURVE('',#1847,#1849,#953,.T.);
#2343=EDGE_CURVE('',#1850,#1849,#954,.T.);
#2344=EDGE_CURVE('',#1848,#1850,#955,.T.);
#2345=EDGE_CURVE('',#1849,#1843,#956,.T.);
#2346=EDGE_CURVE('',#1850,#1846,#957,.T.);
#2347=EDGE_CURVE('',#1851,#1768,#958,.T.);
#2348=EDGE_CURVE('',#1852,#1767,#959,.T.);
#2349=EDGE_CURVE('',#1852,#1851,#960,.T.);
#2350=EDGE_CURVE('',#1853,#1851,#961,.T.);
#2351=EDGE_CURVE('',#1854,#1852,#962,.T.);
#2352=EDGE_CURVE('',#1853,#1854,#963,.T.);
#2353=EDGE_CURVE('',#1793,#1855,#964,.T.);
#2354=EDGE_CURVE('',#1856,#1855,#965,.T.);
#2355=EDGE_CURVE('',#1792,#1856,#966,.T.);
#2356=EDGE_CURVE('',#1855,#1857,#967,.T.);
#2357=EDGE_CURVE('',#1858,#1857,#968,.T.);
#2358=EDGE_CURVE('',#1856,#1858,#969,.T.);
#2359=EDGE_CURVE('',#1857,#1853,#970,.T.);
#2360=EDGE_CURVE('',#1858,#1854,#971,.T.);
#2361=EDGE_CURVE('',#1762,#1738,#972,.T.);
#2362=EDGE_CURVE('',#1842,#1746,#973,.T.);
#2363=EDGE_CURVE('',#1859,#1860,#974,.T.);
#2364=EDGE_CURVE('',#1861,#1859,#975,.T.);
#2365=EDGE_CURVE('',#1862,#1861,#976,.T.);
#2366=EDGE_CURVE('',#1860,#1862,#977,.T.);
#2367=EDGE_CURVE('',#1769,#1795,#978,.T.);
#2368=EDGE_CURVE('',#1770,#1794,#979,.T.);
#2369=EDGE_CURVE('',#1863,#1864,#980,.T.);
#2370=EDGE_CURVE('',#1865,#1863,#981,.T.);
#2371=EDGE_CURVE('',#1865,#1866,#982,.T.);
#2372=EDGE_CURVE('',#1866,#1864,#983,.T.);
#2373=EDGE_CURVE('',#1867,#1868,#984,.T.);
#2374=EDGE_CURVE('',#1863,#1867,#985,.T.);
#2375=EDGE_CURVE('',#1864,#1868,#986,.T.);
#2376=EDGE_CURVE('',#1869,#1870,#987,.T.);
#2377=EDGE_CURVE('',#1867,#1869,#988,.T.);
#2378=EDGE_CURVE('',#1868,#1870,#989,.T.);
#2379=EDGE_CURVE('',#1871,#1872,#990,.T.);
#2380=EDGE_CURVE('',#1869,#1871,#991,.T.);
#2381=EDGE_CURVE('',#1870,#1872,#992,.T.);
#2382=EDGE_CURVE('',#1873,#1874,#993,.T.);
#2383=EDGE_CURVE('',#1871,#1873,#994,.T.);
#2384=EDGE_CURVE('',#1872,#1874,#995,.T.);
#2385=EDGE_CURVE('',#1875,#1876,#996,.T.);
#2386=EDGE_CURVE('',#1873,#1875,#997,.T.);
#2387=EDGE_CURVE('',#1874,#1876,#998,.T.);
#2388=EDGE_CURVE('',#1877,#1878,#999,.T.);
#2389=EDGE_CURVE('',#1875,#1877,#1000,.T.);
#2390=EDGE_CURVE('',#1876,#1878,#1001,.T.);
#2391=EDGE_CURVE('',#1879,#1880,#1002,.T.);
#2392=EDGE_CURVE('',#1877,#1879,#1003,.T.);
#2393=EDGE_CURVE('',#1878,#1881,#1004,.T.);
#2394=EDGE_CURVE('',#1881,#1882,#1005,.T.);
#2395=EDGE_CURVE('',#1882,#1880,#1006,.T.);
#2396=EDGE_CURVE('',#1883,#1884,#100,.T.);
#2397=EDGE_CURVE('',#1884,#1885,#101,.T.);
#2398=EDGE_CURVE('',#1885,#1885,#102,.T.);
#2399=EDGE_CURVE('',#1884,#1883,#103,.T.);
#2400=EDGE_CURVE('',#1886,#1886,#104,.T.);
#2401=EDGE_CURVE('',#1887,#1887,#105,.T.);
#2402=EDGE_CURVE('',#1887,#1883,#1007,.T.);
#2403=EDGE_CURVE('',#1888,#1889,#49,.T.);
#2404=EDGE_CURVE('',#1888,#1890,#1008,.T.);
#2405=EDGE_CURVE('',#1891,#1890,#50,.F.);
#2406=EDGE_CURVE('',#1891,#1889,#1009,.T.);
#2407=EDGE_CURVE('',#1879,#1860,#1010,.T.);
#2408=EDGE_CURVE('',#1862,#1892,#1011,.T.);
#2409=EDGE_CURVE('',#1892,#1893,#1012,.T.);
#2410=EDGE_CURVE('',#1893,#1894,#1013,.T.);
#2411=EDGE_CURVE('',#1894,#1895,#1014,.T.);
#2412=EDGE_CURVE('',#1895,#1896,#1015,.T.);
#2413=EDGE_CURVE('',#1896,#1865,#1016,.T.);
#2414=EDGE_CURVE('',#1891,#1897,#1017,.T.);
#2415=EDGE_CURVE('',#1898,#1897,#1018,.T.);
#2416=EDGE_CURVE('',#1899,#1898,#1019,.T.);
#2417=EDGE_CURVE('',#1900,#1899,#1020,.T.);
#2418=EDGE_CURVE('',#1900,#1901,#1021,.T.);
#2419=EDGE_CURVE('',#1902,#1901,#1022,.T.);
#2420=EDGE_CURVE('',#1902,#1903,#1023,.T.);
#2421=EDGE_CURVE('',#1904,#1903,#1024,.T.);
#2422=EDGE_CURVE('',#1904,#1905,#1025,.T.);
#2423=EDGE_CURVE('',#1906,#1905,#1026,.T.);
#2424=EDGE_CURVE('',#1906,#1889,#1027,.T.);
#2425=EDGE_CURVE('',#1905,#1907,#51,.T.);
#2426=EDGE_CURVE('',#1907,#1908,#1028,.T.);
#2427=EDGE_CURVE('',#1906,#1908,#52,.F.);
#2428=EDGE_CURVE('',#1897,#1909,#53,.T.);
#2429=EDGE_CURVE('',#1909,#1910,#1029,.T.);
#2430=EDGE_CURVE('',#1898,#1910,#54,.T.);
#2431=EDGE_CURVE('',#1900,#1911,#55,.F.);
#2432=EDGE_CURVE('',#1899,#1912,#56,.T.);
#2433=EDGE_CURVE('',#1912,#1911,#1030,.T.);
#2434=EDGE_CURVE('',#1910,#1912,#1031,.T.);
#2435=EDGE_CURVE('',#1913,#1912,#57,.T.);
#2436=EDGE_CURVE('',#1913,#1914,#1032,.T.);
#2437=EDGE_CURVE('',#1914,#1911,#58,.T.);
#2438=EDGE_CURVE('',#1915,#1910,#59,.T.);
#2439=EDGE_CURVE('',#1915,#1913,#1033,.T.);
#2440=EDGE_CURVE('',#1890,#1909,#1034,.T.);
#2441=EDGE_CURVE('',#1908,#1888,#1035,.T.);
#2442=EDGE_CURVE('',#1916,#1908,#60,.T.);
#2443=EDGE_CURVE('',#1916,#1917,#1036,.T.);
#2444=EDGE_CURVE('',#1917,#1888,#61,.T.);
#2445=EDGE_CURVE('',#1911,#1918,#1037,.T.);
#2446=EDGE_CURVE('',#1918,#1901,#62,.T.);
#2447=EDGE_CURVE('',#1902,#1919,#63,.F.);
#2448=EDGE_CURVE('',#1918,#1919,#1038,.T.);
#2449=EDGE_CURVE('',#1920,#1918,#64,.T.);
#2450=EDGE_CURVE('',#1920,#1921,#1039,.T.);
#2451=EDGE_CURVE('',#1921,#1919,#65,.T.);
#2452=EDGE_CURVE('',#1914,#1920,#1040,.T.);
#2453=EDGE_CURVE('',#1919,#1922,#1041,.T.);
#2454=EDGE_CURVE('',#1922,#1903,#66,.T.);
#2455=EDGE_CURVE('',#1904,#1923,#67,.T.);
#2456=EDGE_CURVE('',#1922,#1923,#1042,.T.);
#2457=EDGE_CURVE('',#1923,#1907,#1043,.T.);
#2458=EDGE_CURVE('',#1924,#1923,#68,.T.);
#2459=EDGE_CURVE('',#1924,#1925,#1044,.T.);
#2460=EDGE_CURVE('',#1925,#1907,#69,.T.);
#2461=EDGE_CURVE('',#1926,#1927,#106,.T.);
#2462=EDGE_CURVE('',#1926,#1928,#1045,.T.);
#2463=EDGE_CURVE('',#1929,#1928,#107,.T.);
#2464=EDGE_CURVE('',#1929,#1927,#1046,.T.);
#2465=EDGE_CURVE('',#1881,#1928,#1047,.T.);
#2466=EDGE_CURVE('',#1930,#1866,#1048,.T.);
#2467=EDGE_CURVE('',#1931,#1930,#1049,.T.);
#2468=EDGE_CURVE('',#1932,#1931,#1050,.T.);
#2469=EDGE_CURVE('',#1933,#1932,#1051,.T.);
#2470=EDGE_CURVE('',#1934,#1933,#1052,.T.);
#2471=EDGE_CURVE('',#1934,#1935,#1053,.T.);
#2472=EDGE_CURVE('',#1935,#1929,#1054,.T.);
#2473=EDGE_CURVE('',#1936,#1926,#1055,.T.);
#2474=EDGE_CURVE('',#1937,#1936,#1056,.T.);
#2475=EDGE_CURVE('',#1937,#1938,#1057,.T.);
#2476=EDGE_CURVE('',#1938,#1939,#1058,.T.);
#2477=EDGE_CURVE('',#1939,#1940,#1059,.T.);
#2478=EDGE_CURVE('',#1941,#1940,#1060,.T.);
#2479=EDGE_CURVE('',#1941,#1942,#1061,.T.);
#2480=EDGE_CURVE('',#1942,#1943,#1062,.T.);
#2481=EDGE_CURVE('',#1943,#1944,#1063,.T.);
#2482=EDGE_CURVE('',#1945,#1944,#1064,.T.);
#2483=EDGE_CURVE('',#1945,#1946,#1065,.T.);
#2484=EDGE_CURVE('',#1946,#1947,#1066,.T.);
#2485=EDGE_CURVE('',#1947,#1882,#1067,.T.);
#2486=EDGE_CURVE('',#1921,#1948,#1068,.T.);
#2487=EDGE_CURVE('',#1948,#1922,#70,.T.);
#2488=EDGE_CURVE('',#1948,#1924,#1069,.T.);
#2489=EDGE_CURVE('',#1925,#1916,#1070,.T.);
#2490=EDGE_CURVE('',#1917,#1949,#1071,.T.);
#2491=EDGE_CURVE('',#1949,#1890,#71,.T.);
#2492=EDGE_CURVE('',#1949,#1950,#1072,.T.);
#2493=EDGE_CURVE('',#1950,#1909,#72,.T.);
#2494=EDGE_CURVE('',#1950,#1915,#1073,.T.);
#2495=EDGE_CURVE('',#1951,#1952,#1074,.T.);
#2496=EDGE_CURVE('',#1953,#1951,#1075,.T.);
#2497=EDGE_CURVE('',#1954,#1953,#1076,.T.);
#2498=EDGE_CURVE('',#1952,#1954,#1077,.T.);
#2499=EDGE_CURVE('',#1952,#1955,#1078,.T.);
#2500=EDGE_CURVE('',#1956,#1954,#1079,.T.);
#2501=EDGE_CURVE('',#1955,#1956,#1080,.T.);
#2502=EDGE_CURVE('',#1955,#1957,#1081,.T.);
#2503=EDGE_CURVE('',#1958,#1956,#1082,.T.);
#2504=EDGE_CURVE('',#1957,#1958,#1083,.T.);
#2505=EDGE_CURVE('',#1959,#1945,#1084,.T.);
#2506=EDGE_CURVE('',#1960,#1959,#1085,.T.);
#2507=EDGE_CURVE('',#1960,#1946,#1086,.T.);
#2508=EDGE_CURVE('',#1961,#1960,#1087,.T.);
#2509=EDGE_CURVE('',#1961,#1947,#1088,.T.);
#2510=EDGE_CURVE('',#1880,#1961,#1089,.T.);
#2511=EDGE_CURVE('',#1962,#1963,#1090,.T.);
#2512=EDGE_CURVE('',#1964,#1962,#1091,.T.);
#2513=EDGE_CURVE('',#1965,#1964,#1092,.T.);
#2514=EDGE_CURVE('',#1963,#1965,#1093,.T.);
#2515=EDGE_CURVE('',#1963,#1966,#1094,.T.);
#2516=EDGE_CURVE('',#1967,#1965,#1095,.T.);
#2517=EDGE_CURVE('',#1966,#1967,#1096,.T.);
#2518=EDGE_CURVE('',#1966,#1968,#1097,.T.);
#2519=EDGE_CURVE('',#1969,#1967,#1098,.T.);
#2520=EDGE_CURVE('',#1968,#1969,#1099,.T.);
#2521=EDGE_CURVE('',#1970,#1941,#1100,.T.);
#2522=EDGE_CURVE('',#1971,#1970,#1101,.T.);
#2523=EDGE_CURVE('',#1971,#1942,#1102,.T.);
#2524=EDGE_CURVE('',#1972,#1971,#1103,.T.);
#2525=EDGE_CURVE('',#1972,#1943,#1104,.T.);
#2526=EDGE_CURVE('',#1973,#1972,#1105,.T.);
#2527=EDGE_CURVE('',#1944,#1973,#1106,.T.);
#2528=EDGE_CURVE('',#1974,#1975,#1107,.T.);
#2529=EDGE_CURVE('',#1976,#1974,#1108,.T.);
#2530=EDGE_CURVE('',#1977,#1976,#1109,.T.);
#2531=EDGE_CURVE('',#1975,#1977,#1110,.T.);
#2532=EDGE_CURVE('',#1975,#1978,#1111,.T.);
#2533=EDGE_CURVE('',#1979,#1977,#1112,.T.);
#2534=EDGE_CURVE('',#1978,#1979,#1113,.T.);
#2535=EDGE_CURVE('',#1978,#1980,#1114,.T.);
#2536=EDGE_CURVE('',#1981,#1979,#1115,.T.);
#2537=EDGE_CURVE('',#1980,#1981,#1116,.T.);
#2538=EDGE_CURVE('',#1982,#1937,#1117,.T.);
#2539=EDGE_CURVE('',#1983,#1982,#1118,.T.);
#2540=EDGE_CURVE('',#1983,#1938,#1119,.T.);
#2541=EDGE_CURVE('',#1984,#1983,#1120,.T.);
#2542=EDGE_CURVE('',#1984,#1939,#1121,.T.);
#2543=EDGE_CURVE('',#1985,#1984,#1122,.T.);
#2544=EDGE_CURVE('',#1940,#1985,#1123,.T.);
#2545=EDGE_CURVE('',#1959,#1973,#1124,.T.);
#2546=EDGE_CURVE('',#1970,#1985,#1125,.T.);
#2547=EDGE_CURVE('',#1982,#1986,#1126,.T.);
#2548=EDGE_CURVE('',#1859,#1986,#1127,.T.);
#2549=EDGE_CURVE('',#1936,#1987,#1128,.T.);
#2550=EDGE_CURVE('',#1987,#1988,#1129,.T.);
#2551=EDGE_CURVE('',#1986,#1988,#1130,.T.);
#2552=EDGE_CURVE('',#1962,#1957,#1131,.T.);
#2553=EDGE_CURVE('',#1974,#1968,#1132,.T.);
#2554=EDGE_CURVE('',#1989,#1980,#1133,.T.);
#2555=EDGE_CURVE('',#1989,#1990,#1134,.T.);
#2556=EDGE_CURVE('',#1990,#1935,#1135,.T.);
#2557=EDGE_CURVE('',#1951,#1934,#1136,.T.);
#2558=EDGE_CURVE('',#1981,#1991,#1137,.T.);
#2559=EDGE_CURVE('',#1992,#1991,#1138,.T.);
#2560=EDGE_CURVE('',#1993,#1992,#1139,.T.);
#2561=EDGE_CURVE('',#1993,#1989,#1140,.T.);
#2562=EDGE_CURVE('',#1969,#1976,#1141,.T.);
#2563=EDGE_CURVE('',#1958,#1964,#1142,.T.);
#2564=EDGE_CURVE('',#1927,#1990,#1143,.T.);
#2565=EDGE_CURVE('',#1994,#1993,#1144,.T.);
#2566=EDGE_CURVE('',#1995,#1994,#1145,.T.);
#2567=EDGE_CURVE('',#1996,#1995,#1146,.T.);
#2568=EDGE_CURVE('',#1997,#1996,#1147,.T.);
#2569=EDGE_CURVE('',#1998,#1997,#1148,.T.);
#2570=EDGE_CURVE('',#1999,#1998,#1149,.T.);
#2571=EDGE_CURVE('',#2000,#1999,#1150,.T.);
#2572=EDGE_CURVE('',#2001,#2000,#1151,.T.);
#2573=EDGE_CURVE('',#2002,#2001,#1152,.T.);
#2574=EDGE_CURVE('',#2003,#2002,#1153,.T.);
#2575=EDGE_CURVE('',#1987,#2003,#1154,.T.);
#2576=EDGE_CURVE('',#2003,#2004,#1155,.T.);
#2577=EDGE_CURVE('',#1988,#2004,#1156,.T.);
#2578=EDGE_CURVE('',#2002,#2005,#1157,.T.);
#2579=EDGE_CURVE('',#2004,#2005,#1158,.T.);
#2580=EDGE_CURVE('',#2001,#2006,#1159,.T.);
#2581=EDGE_CURVE('',#2005,#2006,#1160,.T.);
#2582=EDGE_CURVE('',#2000,#2007,#1161,.T.);
#2583=EDGE_CURVE('',#2006,#2007,#1162,.T.);
#2584=EDGE_CURVE('',#1999,#2008,#1163,.T.);
#2585=EDGE_CURVE('',#2007,#2008,#1164,.T.);
#2586=EDGE_CURVE('',#1998,#2009,#1165,.T.);
#2587=EDGE_CURVE('',#2008,#2009,#1166,.T.);
#2588=EDGE_CURVE('',#1997,#2010,#1167,.T.);
#2589=EDGE_CURVE('',#2009,#2010,#1168,.T.);
#2590=EDGE_CURVE('',#1996,#2011,#1169,.T.);
#2591=EDGE_CURVE('',#2010,#2011,#1170,.T.);
#2592=EDGE_CURVE('',#1995,#2012,#1171,.T.);
#2593=EDGE_CURVE('',#2011,#2012,#1172,.T.);
#2594=EDGE_CURVE('',#1994,#2013,#1173,.T.);
#2595=EDGE_CURVE('',#2012,#2013,#1174,.T.);
#2596=EDGE_CURVE('',#2013,#1992,#1175,.T.);
#2597=EDGE_CURVE('',#1892,#1953,#1176,.T.);
#2598=EDGE_CURVE('',#1991,#1861,#1177,.T.);
#2599=EDGE_CURVE('',#1893,#1933,#1178,.T.);
#2600=EDGE_CURVE('',#1894,#1932,#1179,.T.);
#2601=EDGE_CURVE('',#1895,#1931,#1180,.T.);
#2602=EDGE_CURVE('',#1896,#1930,#1181,.T.);
#2603=EDGE_CURVE('',#1797,#1766,#1182,.T.);
#2604=EDGE_CURVE('',#2014,#2015,#140,.T.);
#2605=EDGE_CURVE('',#2016,#2014,#141,.T.);
#2606=EDGE_CURVE('',#2016,#2015,#142,.T.);
#2607=EDGE_CURVE('',#2015,#2017,#143,.T.);
#2608=EDGE_CURVE('',#2017,#2018,#144,.T.);
#2609=EDGE_CURVE('',#2018,#2019,#145,.T.);
#2610=EDGE_CURVE('',#2020,#2019,#146,.T.);
#2611=EDGE_CURVE('',#2020,#2021,#147,.T.);
#2612=EDGE_CURVE('',#2014,#2021,#148,.T.);
#2613=EDGE_CURVE('',#2022,#2023,#149,.T.);
#2614=EDGE_CURVE('',#2022,#2024,#150,.T.);
#2615=EDGE_CURVE('',#2025,#2024,#151,.T.);
#2616=EDGE_CURVE('',#2026,#2025,#152,.T.);
#2617=EDGE_CURVE('',#1741,#2026,#153,.T.);
#2618=EDGE_CURVE('',#1740,#2023,#154,.T.);
#2619=EDGE_CURVE('',#2023,#2027,#155,.T.);
#2620=EDGE_CURVE('',#2028,#2027,#156,.T.);
#2621=EDGE_CURVE('',#2029,#2028,#157,.T.);
#2622=EDGE_CURVE('',#2030,#2029,#158,.T.);
#2623=EDGE_CURVE('',#2031,#2030,#159,.T.);
#2624=EDGE_CURVE('',#2031,#2022,#160,.T.);
#2625=EDGE_CURVE('',#2032,#2033,#161,.T.);
#2626=EDGE_CURVE('',#2032,#2034,#162,.T.);
#2627=EDGE_CURVE('',#2035,#2034,#163,.T.);
#2628=EDGE_CURVE('',#2036,#2035,#164,.T.);
#2629=EDGE_CURVE('',#1705,#2036,#165,.T.);
#2630=EDGE_CURVE('',#1704,#2033,#166,.T.);
#2631=EDGE_CURVE('',#2033,#2037,#167,.T.);
#2632=EDGE_CURVE('',#2038,#2037,#168,.T.);
#2633=EDGE_CURVE('',#2039,#2038,#169,.T.);
#2634=EDGE_CURVE('',#2040,#2039,#170,.T.);
#2635=EDGE_CURVE('',#2041,#2040,#171,.T.);
#2636=EDGE_CURVE('',#2041,#2032,#172,.T.);
#2637=EDGE_CURVE('',#2042,#2028,#173,.T.);
#2638=EDGE_CURVE('',#2043,#2042,#174,.T.);
#2639=EDGE_CURVE('',#2043,#2029,#175,.T.);
#2640=EDGE_CURVE('',#2027,#2044,#176,.T.);
#2641=EDGE_CURVE('',#2044,#2045,#177,.T.);
#2642=EDGE_CURVE('',#2046,#2045,#178,.T.);
#2643=EDGE_CURVE('',#2047,#2046,#179,.T.);
#2644=EDGE_CURVE('',#2048,#2047,#180,.T.);
#2645=EDGE_CURVE('',#2049,#2048,#181,.T.);
#2646=EDGE_CURVE('',#2049,#2050,#182,.T.);
#2647=EDGE_CURVE('',#2042,#2050,#183,.T.);
#2648=EDGE_CURVE('',#2051,#2052,#184,.T.);
#2649=EDGE_CURVE('',#2053,#2051,#185,.T.);
#2650=EDGE_CURVE('',#2053,#2052,#186,.T.);
#2651=EDGE_CURVE('',#2052,#2047,#187,.T.);
#2652=EDGE_CURVE('',#2046,#2054,#188,.T.);
#2653=EDGE_CURVE('',#2055,#2054,#189,.T.);
#2654=EDGE_CURVE('',#2055,#2056,#190,.T.);
#2655=EDGE_CURVE('',#2051,#2056,#191,.T.);
#2656=EDGE_CURVE('',#2057,#1707,#192,.T.);
#2657=EDGE_CURVE('',#2057,#1708,#193,.T.);
#2658=EDGE_CURVE('',#2036,#1706,#194,.T.);
#2659=EDGE_CURVE('',#2035,#2058,#195,.T.);
#2660=EDGE_CURVE('',#2058,#2059,#196,.T.);
#2661=EDGE_CURVE('',#2059,#2060,#197,.T.);
#2662=EDGE_CURVE('',#2060,#2057,#198,.T.);
#2663=EDGE_CURVE('',#2061,#2038,#199,.T.);
#2664=EDGE_CURVE('',#2062,#2061,#200,.T.);
#2665=EDGE_CURVE('',#2062,#2039,#201,.T.);
#2666=EDGE_CURVE('',#2037,#2063,#202,.T.);
#2667=EDGE_CURVE('',#2063,#2064,#203,.T.);
#2668=EDGE_CURVE('',#2018,#2064,#204,.T.);
#2669=EDGE_CURVE('',#2065,#2017,#205,.T.);
#2670=EDGE_CURVE('',#2066,#2065,#206,.T.);
#2671=EDGE_CURVE('',#2066,#2067,#207,.T.);
#2672=EDGE_CURVE('',#2061,#2067,#208,.T.);
#2673=EDGE_CURVE('',#2068,#1743,#209,.T.);
#2674=EDGE_CURVE('',#2068,#1744,#210,.T.);
#2675=EDGE_CURVE('',#2026,#1742,#211,.T.);
#2676=EDGE_CURVE('',#2025,#2069,#212,.T.);
#2677=EDGE_CURVE('',#2069,#2070,#213,.T.);
#2678=EDGE_CURVE('',#2070,#2071,#214,.T.);
#2679=EDGE_CURVE('',#2071,#2068,#215,.T.);
#2680=EDGE_CURVE('',#2065,#2016,#216,.T.);
#2681=EDGE_CURVE('',#2054,#1709,#217,.T.);
#2682=EDGE_CURVE('',#2072,#2060,#218,.T.);
#2683=EDGE_CURVE('',#2072,#2055,#219,.T.);
#2684=EDGE_CURVE('',#2048,#2053,#220,.T.);
#2685=EDGE_CURVE('',#2040,#2062,#221,.T.);
#2686=EDGE_CURVE('',#2030,#2043,#222,.T.);
#2687=EDGE_CURVE('',#2019,#1745,#223,.T.);
#2688=EDGE_CURVE('',#2073,#2071,#224,.T.);
#2689=EDGE_CURVE('',#2073,#2020,#225,.T.);
#2690=EDGE_CURVE('',#1726,#1688,#1183,.T.);
#2691=EDGE_CURVE('',#1687,#1683,#1184,.T.);
#2692=EDGE_CURVE('',#2070,#2069,#108,.T.);
#2693=EDGE_CURVE('',#2074,#2074,#109,.T.);
#2694=EDGE_CURVE('',#2021,#2031,#110,.T.);
#2695=EDGE_CURVE('',#2050,#2049,#111,.T.);
#2696=EDGE_CURVE('',#2056,#2041,#112,.T.);
#2697=EDGE_CURVE('',#2067,#2066,#113,.T.);
#2698=EDGE_CURVE('',#2059,#2058,#114,.T.);
#2699=EDGE_CURVE('',#2075,#2076,#115,.T.);
#2700=EDGE_CURVE('',#2076,#2075,#116,.T.);
#2701=EDGE_CURVE('',#2076,#2074,#1185,.T.);
#2702=EDGE_CURVE('',#2077,#2078,#117,.T.);
#2703=EDGE_CURVE('',#2077,#2075,#118,.T.);
#2704=EDGE_CURVE('',#2078,#2077,#119,.T.);
#2705=EDGE_CURVE('',#1886,#2078,#1186,.T.);
#2706=EDGE_CURVE('',#1687,#1728,#1187,.T.);
#2707=ORIENTED_EDGE('',*,*,#2079,.F.);
#2708=ORIENTED_EDGE('',*,*,#2080,.T.);
#2709=ORIENTED_EDGE('',*,*,#2081,.F.);
#2710=ORIENTED_EDGE('',*,*,#2082,.F.);
#2711=ORIENTED_EDGE('',*,*,#2081,.T.);
#2712=ORIENTED_EDGE('',*,*,#2083,.T.);
#2713=ORIENTED_EDGE('',*,*,#2084,.T.);
#2714=ORIENTED_EDGE('',*,*,#2085,.T.);
#2715=ORIENTED_EDGE('',*,*,#2086,.T.);
#2716=ORIENTED_EDGE('',*,*,#2087,.F.);
#2717=ORIENTED_EDGE('',*,*,#2088,.T.);
#2718=ORIENTED_EDGE('',*,*,#2089,.T.);
#2719=ORIENTED_EDGE('',*,*,#2079,.T.);
#2720=ORIENTED_EDGE('',*,*,#2090,.T.);
#2721=ORIENTED_EDGE('',*,*,#2091,.F.);
#2722=ORIENTED_EDGE('',*,*,#2092,.T.);
#2723=ORIENTED_EDGE('',*,*,#2093,.F.);
#2724=ORIENTED_EDGE('',*,*,#2094,.T.);
#2725=ORIENTED_EDGE('',*,*,#2095,.F.);
#2726=ORIENTED_EDGE('',*,*,#2096,.F.);
#2727=ORIENTED_EDGE('',*,*,#2097,.F.);
#2728=ORIENTED_EDGE('',*,*,#2096,.T.);
#2729=ORIENTED_EDGE('',*,*,#2098,.F.);
#2730=ORIENTED_EDGE('',*,*,#2099,.F.);
#2731=ORIENTED_EDGE('',*,*,#2100,.F.);
#2732=ORIENTED_EDGE('',*,*,#2099,.T.);
#2733=ORIENTED_EDGE('',*,*,#2101,.F.);
#2734=ORIENTED_EDGE('',*,*,#2102,.F.);
#2735=ORIENTED_EDGE('',*,*,#2103,.F.);
#2736=ORIENTED_EDGE('',*,*,#2102,.T.);
#2737=ORIENTED_EDGE('',*,*,#2104,.F.);
#2738=ORIENTED_EDGE('',*,*,#2105,.F.);
#2739=ORIENTED_EDGE('',*,*,#2106,.F.);
#2740=ORIENTED_EDGE('',*,*,#2086,.F.);
#2741=ORIENTED_EDGE('',*,*,#2082,.T.);
#2742=ORIENTED_EDGE('',*,*,#2085,.F.);
#2743=ORIENTED_EDGE('',*,*,#2107,.F.);
#2744=ORIENTED_EDGE('',*,*,#2108,.F.);
#2745=ORIENTED_EDGE('',*,*,#2109,.F.);
#2746=ORIENTED_EDGE('',*,*,#2108,.T.);
#2747=ORIENTED_EDGE('',*,*,#2110,.F.);
#2748=ORIENTED_EDGE('',*,*,#2094,.F.);
#2749=ORIENTED_EDGE('',*,*,#2110,.T.);
#2750=ORIENTED_EDGE('',*,*,#2107,.T.);
#2751=ORIENTED_EDGE('',*,*,#2084,.F.);
#2752=ORIENTED_EDGE('',*,*,#2111,.F.);
#2753=ORIENTED_EDGE('',*,*,#2112,.F.);
#2754=ORIENTED_EDGE('',*,*,#2113,.T.);
#2755=ORIENTED_EDGE('',*,*,#2104,.T.);
#2756=ORIENTED_EDGE('',*,*,#2101,.T.);
#2757=ORIENTED_EDGE('',*,*,#2098,.T.);
#2758=ORIENTED_EDGE('',*,*,#2095,.T.);
#2759=ORIENTED_EDGE('',*,*,#2103,.T.);
#2760=ORIENTED_EDGE('',*,*,#2114,.T.);
#2761=ORIENTED_EDGE('',*,*,#2115,.F.);
#2762=ORIENTED_EDGE('',*,*,#2116,.F.);
#2763=ORIENTED_EDGE('',*,*,#2097,.T.);
#2764=ORIENTED_EDGE('',*,*,#2100,.T.);
#2765=ORIENTED_EDGE('',*,*,#2117,.F.);
#2766=ORIENTED_EDGE('',*,*,#2118,.T.);
#2767=ORIENTED_EDGE('',*,*,#2093,.T.);
#2768=ORIENTED_EDGE('',*,*,#2119,.F.);
#2769=ORIENTED_EDGE('',*,*,#2120,.F.);
#2770=ORIENTED_EDGE('',*,*,#2121,.F.);
#2771=ORIENTED_EDGE('',*,*,#2122,.F.);
#2772=ORIENTED_EDGE('',*,*,#2123,.F.);
#2773=ORIENTED_EDGE('',*,*,#2124,.F.);
#2774=ORIENTED_EDGE('',*,*,#2125,.T.);
#2775=ORIENTED_EDGE('',*,*,#2126,.T.);
#2776=ORIENTED_EDGE('',*,*,#2115,.T.);
#2777=ORIENTED_EDGE('',*,*,#2127,.T.);
#2778=ORIENTED_EDGE('',*,*,#2128,.T.);
#2779=ORIENTED_EDGE('',*,*,#2129,.T.);
#2780=ORIENTED_EDGE('',*,*,#2130,.F.);
#2781=ORIENTED_EDGE('',*,*,#2131,.T.);
#2782=ORIENTED_EDGE('',*,*,#2117,.T.);
#2783=ORIENTED_EDGE('',*,*,#2132,.F.);
#2784=ORIENTED_EDGE('',*,*,#2133,.T.);
#2785=ORIENTED_EDGE('',*,*,#2134,.F.);
#2786=ORIENTED_EDGE('',*,*,#2135,.F.);
#2787=ORIENTED_EDGE('',*,*,#2136,.F.);
#2788=ORIENTED_EDGE('',*,*,#2135,.T.);
#2789=ORIENTED_EDGE('',*,*,#2137,.F.);
#2790=ORIENTED_EDGE('',*,*,#2138,.F.);
#2791=ORIENTED_EDGE('',*,*,#2139,.F.);
#2792=ORIENTED_EDGE('',*,*,#2138,.T.);
#2793=ORIENTED_EDGE('',*,*,#2140,.F.);
#2794=ORIENTED_EDGE('',*,*,#2141,.F.);
#2795=ORIENTED_EDGE('',*,*,#2142,.F.);
#2796=ORIENTED_EDGE('',*,*,#2141,.T.);
#2797=ORIENTED_EDGE('',*,*,#2143,.F.);
#2798=ORIENTED_EDGE('',*,*,#2144,.F.);
#2799=ORIENTED_EDGE('',*,*,#2145,.F.);
#2800=ORIENTED_EDGE('',*,*,#2129,.F.);
#2801=ORIENTED_EDGE('',*,*,#2116,.T.);
#2802=ORIENTED_EDGE('',*,*,#2126,.F.);
#2803=ORIENTED_EDGE('',*,*,#2146,.F.);
#2804=ORIENTED_EDGE('',*,*,#2147,.F.);
#2805=ORIENTED_EDGE('',*,*,#2148,.F.);
#2806=ORIENTED_EDGE('',*,*,#2147,.T.);
#2807=ORIENTED_EDGE('',*,*,#2149,.F.);
#2808=ORIENTED_EDGE('',*,*,#2150,.F.);
#2809=ORIENTED_EDGE('',*,*,#2151,.F.);
#2810=ORIENTED_EDGE('',*,*,#2150,.T.);
#2811=ORIENTED_EDGE('',*,*,#2152,.F.);
#2812=ORIENTED_EDGE('',*,*,#2153,.F.);
#2813=ORIENTED_EDGE('',*,*,#2154,.F.);
#2814=ORIENTED_EDGE('',*,*,#2153,.T.);
#2815=ORIENTED_EDGE('',*,*,#2155,.F.);
#2816=ORIENTED_EDGE('',*,*,#2156,.F.);
#2817=ORIENTED_EDGE('',*,*,#2157,.F.);
#2818=ORIENTED_EDGE('',*,*,#2156,.T.);
#2819=ORIENTED_EDGE('',*,*,#2158,.F.);
#2820=ORIENTED_EDGE('',*,*,#2090,.F.);
#2821=ORIENTED_EDGE('',*,*,#2159,.F.);
#2822=ORIENTED_EDGE('',*,*,#2160,.F.);
#2823=ORIENTED_EDGE('',*,*,#2161,.F.);
#2824=ORIENTED_EDGE('',*,*,#2162,.F.);
#2825=ORIENTED_EDGE('',*,*,#2163,.F.);
#2826=ORIENTED_EDGE('',*,*,#2162,.T.);
#2827=ORIENTED_EDGE('',*,*,#2164,.F.);
#2828=ORIENTED_EDGE('',*,*,#2165,.F.);
#2829=ORIENTED_EDGE('',*,*,#2166,.F.);
#2830=ORIENTED_EDGE('',*,*,#2165,.T.);
#2831=ORIENTED_EDGE('',*,*,#2167,.F.);
#2832=ORIENTED_EDGE('',*,*,#2133,.F.);
#2833=ORIENTED_EDGE('',*,*,#2167,.T.);
#2834=ORIENTED_EDGE('',*,*,#2164,.T.);
#2835=ORIENTED_EDGE('',*,*,#2161,.T.);
#2836=ORIENTED_EDGE('',*,*,#2168,.F.);
#2837=ORIENTED_EDGE('',*,*,#2169,.T.);
#2838=ORIENTED_EDGE('',*,*,#2091,.T.);
#2839=ORIENTED_EDGE('',*,*,#2158,.T.);
#2840=ORIENTED_EDGE('',*,*,#2155,.T.);
#2841=ORIENTED_EDGE('',*,*,#2152,.T.);
#2842=ORIENTED_EDGE('',*,*,#2149,.T.);
#2843=ORIENTED_EDGE('',*,*,#2146,.T.);
#2844=ORIENTED_EDGE('',*,*,#2128,.F.);
#2845=ORIENTED_EDGE('',*,*,#2170,.F.);
#2846=ORIENTED_EDGE('',*,*,#2171,.F.);
#2847=ORIENTED_EDGE('',*,*,#2143,.T.);
#2848=ORIENTED_EDGE('',*,*,#2140,.T.);
#2849=ORIENTED_EDGE('',*,*,#2137,.T.);
#2850=ORIENTED_EDGE('',*,*,#2134,.T.);
#2851=ORIENTED_EDGE('',*,*,#2154,.T.);
#2852=ORIENTED_EDGE('',*,*,#2157,.T.);
#2853=ORIENTED_EDGE('',*,*,#2089,.F.);
#2854=ORIENTED_EDGE('',*,*,#2172,.T.);
#2855=ORIENTED_EDGE('',*,*,#2151,.T.);
#2856=ORIENTED_EDGE('',*,*,#2173,.F.);
#2857=ORIENTED_EDGE('',*,*,#2174,.F.);
#2858=ORIENTED_EDGE('',*,*,#2175,.F.);
#2859=ORIENTED_EDGE('',*,*,#2176,.F.);
#2860=ORIENTED_EDGE('',*,*,#2177,.F.);
#2861=ORIENTED_EDGE('',*,*,#2178,.F.);
#2862=ORIENTED_EDGE('',*,*,#2179,.T.);
#2863=ORIENTED_EDGE('',*,*,#2145,.T.);
#2864=ORIENTED_EDGE('',*,*,#2148,.T.);
#2865=ORIENTED_EDGE('',*,*,#2180,.T.);
#2866=ORIENTED_EDGE('',*,*,#2130,.T.);
#2867=ORIENTED_EDGE('',*,*,#2181,.F.);
#2868=ORIENTED_EDGE('',*,*,#2182,.T.);
#2869=ORIENTED_EDGE('',*,*,#2183,.F.);
#2870=ORIENTED_EDGE('',*,*,#2184,.T.);
#2871=ORIENTED_EDGE('',*,*,#2185,.F.);
#2872=ORIENTED_EDGE('',*,*,#2186,.F.);
#2873=ORIENTED_EDGE('',*,*,#2187,.F.);
#2874=ORIENTED_EDGE('',*,*,#2186,.T.);
#2875=ORIENTED_EDGE('',*,*,#2188,.F.);
#2876=ORIENTED_EDGE('',*,*,#2189,.F.);
#2877=ORIENTED_EDGE('',*,*,#2190,.F.);
#2878=ORIENTED_EDGE('',*,*,#2189,.T.);
#2879=ORIENTED_EDGE('',*,*,#2191,.F.);
#2880=ORIENTED_EDGE('',*,*,#2192,.F.);
#2881=ORIENTED_EDGE('',*,*,#2193,.F.);
#2882=ORIENTED_EDGE('',*,*,#2192,.T.);
#2883=ORIENTED_EDGE('',*,*,#2194,.F.);
#2884=ORIENTED_EDGE('',*,*,#2195,.F.);
#2885=ORIENTED_EDGE('',*,*,#2196,.F.);
#2886=ORIENTED_EDGE('',*,*,#2195,.T.);
#2887=ORIENTED_EDGE('',*,*,#2197,.F.);
#2888=ORIENTED_EDGE('',*,*,#2198,.F.);
#2889=ORIENTED_EDGE('',*,*,#2199,.F.);
#2890=ORIENTED_EDGE('',*,*,#2198,.T.);
#2891=ORIENTED_EDGE('',*,*,#2200,.F.);
#2892=ORIENTED_EDGE('',*,*,#2201,.F.);
#2893=ORIENTED_EDGE('',*,*,#2202,.F.);
#2894=ORIENTED_EDGE('',*,*,#2201,.T.);
#2895=ORIENTED_EDGE('',*,*,#2203,.F.);
#2896=ORIENTED_EDGE('',*,*,#2204,.F.);
#2897=ORIENTED_EDGE('',*,*,#2205,.F.);
#2898=ORIENTED_EDGE('',*,*,#2206,.T.);
#2899=ORIENTED_EDGE('',*,*,#2207,.F.);
#2900=ORIENTED_EDGE('',*,*,#2184,.F.);
#2901=ORIENTED_EDGE('',*,*,#2207,.T.);
#2902=ORIENTED_EDGE('',*,*,#2208,.T.);
#2903=ORIENTED_EDGE('',*,*,#2209,.T.);
#2904=ORIENTED_EDGE('',*,*,#2210,.T.);
#2905=ORIENTED_EDGE('',*,*,#2203,.T.);
#2906=ORIENTED_EDGE('',*,*,#2200,.T.);
#2907=ORIENTED_EDGE('',*,*,#2197,.T.);
#2908=ORIENTED_EDGE('',*,*,#2194,.T.);
#2909=ORIENTED_EDGE('',*,*,#2191,.T.);
#2910=ORIENTED_EDGE('',*,*,#2188,.T.);
#2911=ORIENTED_EDGE('',*,*,#2185,.T.);
#2912=ORIENTED_EDGE('',*,*,#2211,.T.);
#2913=ORIENTED_EDGE('',*,*,#2182,.F.);
#2914=ORIENTED_EDGE('',*,*,#2212,.T.);
#2915=ORIENTED_EDGE('',*,*,#2183,.T.);
#2916=ORIENTED_EDGE('',*,*,#2213,.T.);
#2917=ORIENTED_EDGE('',*,*,#2214,.T.);
#2918=ORIENTED_EDGE('',*,*,#2205,.T.);
#2919=ORIENTED_EDGE('',*,*,#2215,.T.);
#2920=ORIENTED_EDGE('',*,*,#2216,.T.);
#2921=ORIENTED_EDGE('',*,*,#2217,.F.);
#2922=ORIENTED_EDGE('',*,*,#2218,.F.);
#2923=ORIENTED_EDGE('',*,*,#2219,.T.);
#2924=ORIENTED_EDGE('',*,*,#2220,.F.);
#2925=ORIENTED_EDGE('',*,*,#2221,.F.);
#2926=ORIENTED_EDGE('',*,*,#2222,.F.);
#2927=ORIENTED_EDGE('',*,*,#2221,.T.);
#2928=ORIENTED_EDGE('',*,*,#2223,.F.);
#2929=ORIENTED_EDGE('',*,*,#2224,.F.);
#2930=ORIENTED_EDGE('',*,*,#2225,.F.);
#2931=ORIENTED_EDGE('',*,*,#2226,.T.);
#2932=ORIENTED_EDGE('',*,*,#2224,.T.);
#2933=ORIENTED_EDGE('',*,*,#2227,.F.);
#2934=ORIENTED_EDGE('',*,*,#2228,.F.);
#2935=ORIENTED_EDGE('',*,*,#2229,.F.);
#2936=ORIENTED_EDGE('',*,*,#2228,.T.);
#2937=ORIENTED_EDGE('',*,*,#2230,.F.);
#2938=ORIENTED_EDGE('',*,*,#2231,.F.);
#2939=ORIENTED_EDGE('',*,*,#2232,.F.);
#2940=ORIENTED_EDGE('',*,*,#2233,.T.);
#2941=ORIENTED_EDGE('',*,*,#2234,.F.);
#2942=ORIENTED_EDGE('',*,*,#2235,.F.);
#2943=ORIENTED_EDGE('',*,*,#2236,.F.);
#2944=ORIENTED_EDGE('',*,*,#2235,.T.);
#2945=ORIENTED_EDGE('',*,*,#2237,.F.);
#2946=ORIENTED_EDGE('',*,*,#2238,.F.);
#2947=ORIENTED_EDGE('',*,*,#2239,.F.);
#2948=ORIENTED_EDGE('',*,*,#2238,.T.);
#2949=ORIENTED_EDGE('',*,*,#2240,.F.);
#2950=ORIENTED_EDGE('',*,*,#2241,.F.);
#2951=ORIENTED_EDGE('',*,*,#2242,.F.);
#2952=ORIENTED_EDGE('',*,*,#2241,.T.);
#2953=ORIENTED_EDGE('',*,*,#2243,.F.);
#2954=ORIENTED_EDGE('',*,*,#2244,.F.);
#2955=ORIENTED_EDGE('',*,*,#2245,.F.);
#2956=ORIENTED_EDGE('',*,*,#2244,.T.);
#2957=ORIENTED_EDGE('',*,*,#2246,.F.);
#2958=ORIENTED_EDGE('',*,*,#2219,.F.);
#2959=ORIENTED_EDGE('',*,*,#2246,.T.);
#2960=ORIENTED_EDGE('',*,*,#2243,.T.);
#2961=ORIENTED_EDGE('',*,*,#2240,.T.);
#2962=ORIENTED_EDGE('',*,*,#2237,.T.);
#2963=ORIENTED_EDGE('',*,*,#2234,.T.);
#2964=ORIENTED_EDGE('',*,*,#2247,.T.);
#2965=ORIENTED_EDGE('',*,*,#2230,.T.);
#2966=ORIENTED_EDGE('',*,*,#2227,.T.);
#2967=ORIENTED_EDGE('',*,*,#2223,.T.);
#2968=ORIENTED_EDGE('',*,*,#2220,.T.);
#2969=ORIENTED_EDGE('',*,*,#2248,.F.);
#2970=ORIENTED_EDGE('',*,*,#2226,.F.);
#2971=ORIENTED_EDGE('',*,*,#2249,.F.);
#2972=ORIENTED_EDGE('',*,*,#2225,.T.);
#2973=ORIENTED_EDGE('',*,*,#2250,.T.);
#2974=ORIENTED_EDGE('',*,*,#2251,.F.);
#2975=ORIENTED_EDGE('',*,*,#2229,.T.);
#2976=ORIENTED_EDGE('',*,*,#2252,.T.);
#2977=ORIENTED_EDGE('',*,*,#2253,.T.);
#2978=ORIENTED_EDGE('',*,*,#2254,.T.);
#2979=ORIENTED_EDGE('',*,*,#2232,.T.);
#2980=ORIENTED_EDGE('',*,*,#2236,.T.);
#2981=ORIENTED_EDGE('',*,*,#2239,.T.);
#2982=ORIENTED_EDGE('',*,*,#2242,.T.);
#2983=ORIENTED_EDGE('',*,*,#2245,.T.);
#2984=ORIENTED_EDGE('',*,*,#2218,.T.);
#2985=ORIENTED_EDGE('',*,*,#2222,.T.);
#2986=ORIENTED_EDGE('',*,*,#2255,.F.);
#2987=ORIENTED_EDGE('',*,*,#2256,.T.);
#2988=ORIENTED_EDGE('',*,*,#2257,.T.);
#2989=ORIENTED_EDGE('',*,*,#2258,.T.);
#2990=ORIENTED_EDGE('',*,*,#2259,.T.);
#2991=ORIENTED_EDGE('',*,*,#2260,.T.);
#2992=ORIENTED_EDGE('',*,*,#2261,.F.);
#2993=ORIENTED_EDGE('',*,*,#2262,.F.);
#2994=ORIENTED_EDGE('',*,*,#2263,.T.);
#2995=ORIENTED_EDGE('',*,*,#2264,.T.);
#2996=ORIENTED_EDGE('',*,*,#2265,.T.);
#2997=ORIENTED_EDGE('',*,*,#2266,.F.);
#2998=ORIENTED_EDGE('',*,*,#2261,.T.);
#2999=ORIENTED_EDGE('',*,*,#2267,.T.);
#3000=ORIENTED_EDGE('',*,*,#2268,.F.);
#3001=ORIENTED_EDGE('',*,*,#2269,.F.);
#3002=ORIENTED_EDGE('',*,*,#2265,.F.);
#3003=ORIENTED_EDGE('',*,*,#2270,.T.);
#3004=ORIENTED_EDGE('',*,*,#2263,.F.);
#3005=ORIENTED_EDGE('',*,*,#2271,.F.);
#3006=ORIENTED_EDGE('',*,*,#2268,.T.);
#3007=ORIENTED_EDGE('',*,*,#2272,.T.);
#3008=ORIENTED_EDGE('',*,*,#2273,.F.);
#3009=ORIENTED_EDGE('',*,*,#2274,.F.);
#3010=ORIENTED_EDGE('',*,*,#2275,.T.);
#3011=ORIENTED_EDGE('',*,*,#2276,.T.);
#3012=ORIENTED_EDGE('',*,*,#2277,.T.);
#3013=ORIENTED_EDGE('',*,*,#2278,.F.);
#3014=ORIENTED_EDGE('',*,*,#2273,.T.);
#3015=ORIENTED_EDGE('',*,*,#2279,.T.);
#3016=ORIENTED_EDGE('',*,*,#2280,.F.);
#3017=ORIENTED_EDGE('',*,*,#2281,.F.);
#3018=ORIENTED_EDGE('',*,*,#2277,.F.);
#3019=ORIENTED_EDGE('',*,*,#2282,.T.);
#3020=ORIENTED_EDGE('',*,*,#2275,.F.);
#3021=ORIENTED_EDGE('',*,*,#2283,.F.);
#3022=ORIENTED_EDGE('',*,*,#2280,.T.);
#3023=ORIENTED_EDGE('',*,*,#2284,.T.);
#3024=ORIENTED_EDGE('',*,*,#2285,.F.);
#3025=ORIENTED_EDGE('',*,*,#2286,.F.);
#3026=ORIENTED_EDGE('',*,*,#2287,.T.);
#3027=ORIENTED_EDGE('',*,*,#2288,.T.);
#3028=ORIENTED_EDGE('',*,*,#2289,.T.);
#3029=ORIENTED_EDGE('',*,*,#2290,.F.);
#3030=ORIENTED_EDGE('',*,*,#2285,.T.);
#3031=ORIENTED_EDGE('',*,*,#2291,.T.);
#3032=ORIENTED_EDGE('',*,*,#2292,.F.);
#3033=ORIENTED_EDGE('',*,*,#2293,.F.);
#3034=ORIENTED_EDGE('',*,*,#2289,.F.);
#3035=ORIENTED_EDGE('',*,*,#2294,.T.);
#3036=ORIENTED_EDGE('',*,*,#2287,.F.);
#3037=ORIENTED_EDGE('',*,*,#2295,.F.);
#3038=ORIENTED_EDGE('',*,*,#2292,.T.);
#3039=ORIENTED_EDGE('',*,*,#2296,.T.);
#3040=ORIENTED_EDGE('',*,*,#2297,.F.);
#3041=ORIENTED_EDGE('',*,*,#2298,.F.);
#3042=ORIENTED_EDGE('',*,*,#2299,.F.);
#3043=ORIENTED_EDGE('',*,*,#2300,.T.);
#3044=ORIENTED_EDGE('',*,*,#2301,.T.);
#3045=ORIENTED_EDGE('',*,*,#2302,.F.);
#3046=ORIENTED_EDGE('',*,*,#2297,.T.);
#3047=ORIENTED_EDGE('',*,*,#2303,.T.);
#3048=ORIENTED_EDGE('',*,*,#2304,.F.);
#3049=ORIENTED_EDGE('',*,*,#2305,.F.);
#3050=ORIENTED_EDGE('',*,*,#2306,.T.);
#3051=ORIENTED_EDGE('',*,*,#2307,.T.);
#3052=ORIENTED_EDGE('',*,*,#2308,.F.);
#3053=ORIENTED_EDGE('',*,*,#2309,.F.);
#3054=ORIENTED_EDGE('',*,*,#2304,.T.);
#3055=ORIENTED_EDGE('',*,*,#2310,.T.);
#3056=ORIENTED_EDGE('',*,*,#2311,.T.);
#3057=ORIENTED_EDGE('',*,*,#2312,.F.);
#3058=ORIENTED_EDGE('',*,*,#2313,.T.);
#3059=ORIENTED_EDGE('',*,*,#2314,.T.);
#3060=ORIENTED_EDGE('',*,*,#2313,.F.);
#3061=ORIENTED_EDGE('',*,*,#2315,.F.);
#3062=ORIENTED_EDGE('',*,*,#2316,.T.);
#3063=ORIENTED_EDGE('',*,*,#2317,.T.);
#3064=ORIENTED_EDGE('',*,*,#2318,.F.);
#3065=ORIENTED_EDGE('',*,*,#2319,.F.);
#3066=ORIENTED_EDGE('',*,*,#2301,.F.);
#3067=ORIENTED_EDGE('',*,*,#2320,.T.);
#3068=ORIENTED_EDGE('',*,*,#2299,.T.);
#3069=ORIENTED_EDGE('',*,*,#2321,.F.);
#3070=ORIENTED_EDGE('',*,*,#2318,.T.);
#3071=ORIENTED_EDGE('',*,*,#2322,.T.);
#3072=ORIENTED_EDGE('',*,*,#2306,.F.);
#3073=ORIENTED_EDGE('',*,*,#2323,.F.);
#3074=ORIENTED_EDGE('',*,*,#2311,.F.);
#3075=ORIENTED_EDGE('',*,*,#2324,.T.);
#3076=ORIENTED_EDGE('',*,*,#2325,.F.);
#3077=ORIENTED_EDGE('',*,*,#2326,.F.);
#3078=ORIENTED_EDGE('',*,*,#2308,.T.);
#3079=ORIENTED_EDGE('',*,*,#2327,.T.);
#3080=ORIENTED_EDGE('',*,*,#2328,.F.);
#3081=ORIENTED_EDGE('',*,*,#2329,.F.);
#3082=ORIENTED_EDGE('',*,*,#2325,.T.);
#3083=ORIENTED_EDGE('',*,*,#2171,.T.);
#3084=ORIENTED_EDGE('',*,*,#2256,.F.);
#3085=ORIENTED_EDGE('',*,*,#2330,.F.);
#3086=ORIENTED_EDGE('',*,*,#2328,.T.);
#3087=ORIENTED_EDGE('',*,*,#2331,.T.);
#3088=ORIENTED_EDGE('',*,*,#2316,.F.);
#3089=ORIENTED_EDGE('',*,*,#2332,.F.);
#3090=ORIENTED_EDGE('',*,*,#2333,.F.);
#3091=ORIENTED_EDGE('',*,*,#2168,.T.);
#3092=ORIENTED_EDGE('',*,*,#2160,.T.);
#3093=ORIENTED_EDGE('',*,*,#2334,.T.);
#3094=ORIENTED_EDGE('',*,*,#2144,.T.);
#3095=ORIENTED_EDGE('',*,*,#2335,.T.);
#3096=ORIENTED_EDGE('',*,*,#2336,.F.);
#3097=ORIENTED_EDGE('',*,*,#2337,.F.);
#3098=ORIENTED_EDGE('',*,*,#2338,.T.);
#3099=ORIENTED_EDGE('',*,*,#2339,.T.);
#3100=ORIENTED_EDGE('',*,*,#2340,.T.);
#3101=ORIENTED_EDGE('',*,*,#2341,.F.);
#3102=ORIENTED_EDGE('',*,*,#2336,.T.);
#3103=ORIENTED_EDGE('',*,*,#2342,.T.);
#3104=ORIENTED_EDGE('',*,*,#2343,.F.);
#3105=ORIENTED_EDGE('',*,*,#2344,.F.);
#3106=ORIENTED_EDGE('',*,*,#2340,.F.);
#3107=ORIENTED_EDGE('',*,*,#2345,.T.);
#3108=ORIENTED_EDGE('',*,*,#2338,.F.);
#3109=ORIENTED_EDGE('',*,*,#2346,.F.);
#3110=ORIENTED_EDGE('',*,*,#2343,.T.);
#3111=ORIENTED_EDGE('',*,*,#2347,.T.);
#3112=ORIENTED_EDGE('',*,*,#2213,.F.);
#3113=ORIENTED_EDGE('',*,*,#2211,.F.);
#3114=ORIENTED_EDGE('',*,*,#2348,.F.);
#3115=ORIENTED_EDGE('',*,*,#2349,.T.);
#3116=ORIENTED_EDGE('',*,*,#2350,.T.);
#3117=ORIENTED_EDGE('',*,*,#2349,.F.);
#3118=ORIENTED_EDGE('',*,*,#2351,.F.);
#3119=ORIENTED_EDGE('',*,*,#2352,.F.);
#3120=ORIENTED_EDGE('',*,*,#2353,.T.);
#3121=ORIENTED_EDGE('',*,*,#2354,.F.);
#3122=ORIENTED_EDGE('',*,*,#2355,.F.);
#3123=ORIENTED_EDGE('',*,*,#2249,.T.);
#3124=ORIENTED_EDGE('',*,*,#2251,.T.);
#3125=ORIENTED_EDGE('',*,*,#2356,.T.);
#3126=ORIENTED_EDGE('',*,*,#2357,.F.);
#3127=ORIENTED_EDGE('',*,*,#2358,.F.);
#3128=ORIENTED_EDGE('',*,*,#2354,.T.);
#3129=ORIENTED_EDGE('',*,*,#2359,.T.);
#3130=ORIENTED_EDGE('',*,*,#2352,.T.);
#3131=ORIENTED_EDGE('',*,*,#2360,.F.);
#3132=ORIENTED_EDGE('',*,*,#2357,.T.);
#3133=ORIENTED_EDGE('',*,*,#2202,.T.);
#3134=ORIENTED_EDGE('',*,*,#2361,.T.);
#3135=ORIENTED_EDGE('',*,*,#2333,.T.);
#3136=ORIENTED_EDGE('',*,*,#2362,.T.);
#3137=ORIENTED_EDGE('',*,*,#2181,.T.);
#3138=ORIENTED_EDGE('',*,*,#2187,.T.);
#3139=ORIENTED_EDGE('',*,*,#2190,.T.);
#3140=ORIENTED_EDGE('',*,*,#2193,.T.);
#3141=ORIENTED_EDGE('',*,*,#2196,.T.);
#3142=ORIENTED_EDGE('',*,*,#2199,.T.);
#3143=ORIENTED_EDGE('',*,*,#2363,.F.);
#3144=ORIENTED_EDGE('',*,*,#2364,.F.);
#3145=ORIENTED_EDGE('',*,*,#2365,.F.);
#3146=ORIENTED_EDGE('',*,*,#2366,.F.);
#3147=ORIENTED_EDGE('',*,*,#2216,.F.);
#3148=ORIENTED_EDGE('',*,*,#2367,.T.);
#3149=ORIENTED_EDGE('',*,*,#2253,.F.);
#3150=ORIENTED_EDGE('',*,*,#2368,.F.);
#3151=ORIENTED_EDGE('',*,*,#2342,.F.);
#3152=ORIENTED_EDGE('',*,*,#2339,.F.);
#3153=ORIENTED_EDGE('',*,*,#2335,.F.);
#3154=ORIENTED_EDGE('',*,*,#2345,.F.);
#3155=ORIENTED_EDGE('',*,*,#2307,.F.);
#3156=ORIENTED_EDGE('',*,*,#2303,.F.);
#3157=ORIENTED_EDGE('',*,*,#2322,.F.);
#3158=ORIENTED_EDGE('',*,*,#2310,.F.);
#3159=ORIENTED_EDGE('',*,*,#2314,.F.);
#3160=ORIENTED_EDGE('',*,*,#2331,.F.);
#3161=ORIENTED_EDGE('',*,*,#2327,.F.);
#3162=ORIENTED_EDGE('',*,*,#2324,.F.);
#3163=ORIENTED_EDGE('',*,*,#2317,.F.);
#3164=ORIENTED_EDGE('',*,*,#2300,.F.);
#3165=ORIENTED_EDGE('',*,*,#2296,.F.);
#3166=ORIENTED_EDGE('',*,*,#2320,.F.);
#3167=ORIENTED_EDGE('',*,*,#2291,.F.);
#3168=ORIENTED_EDGE('',*,*,#2288,.F.);
#3169=ORIENTED_EDGE('',*,*,#2284,.F.);
#3170=ORIENTED_EDGE('',*,*,#2294,.F.);
#3171=ORIENTED_EDGE('',*,*,#2279,.F.);
#3172=ORIENTED_EDGE('',*,*,#2276,.F.);
#3173=ORIENTED_EDGE('',*,*,#2272,.F.);
#3174=ORIENTED_EDGE('',*,*,#2282,.F.);
#3175=ORIENTED_EDGE('',*,*,#2267,.F.);
#3176=ORIENTED_EDGE('',*,*,#2264,.F.);
#3177=ORIENTED_EDGE('',*,*,#2260,.F.);
#3178=ORIENTED_EDGE('',*,*,#2270,.F.);
#3179=ORIENTED_EDGE('',*,*,#2214,.F.);
#3180=ORIENTED_EDGE('',*,*,#2347,.F.);
#3181=ORIENTED_EDGE('',*,*,#2350,.F.);
#3182=ORIENTED_EDGE('',*,*,#2359,.F.);
#3183=ORIENTED_EDGE('',*,*,#2356,.F.);
#3184=ORIENTED_EDGE('',*,*,#2353,.F.);
#3185=ORIENTED_EDGE('',*,*,#2250,.F.);
#3186=ORIENTED_EDGE('',*,*,#2254,.F.);
#3187=ORIENTED_EDGE('',*,*,#2367,.F.);
#3188=ORIENTED_EDGE('',*,*,#2215,.F.);
#3189=ORIENTED_EDGE('',*,*,#2323,.T.);
#3190=ORIENTED_EDGE('',*,*,#2305,.T.);
#3191=ORIENTED_EDGE('',*,*,#2309,.T.);
#3192=ORIENTED_EDGE('',*,*,#2321,.T.);
#3193=ORIENTED_EDGE('',*,*,#2315,.T.);
#3194=ORIENTED_EDGE('',*,*,#2312,.T.);
#3195=ORIENTED_EDGE('',*,*,#2298,.T.);
#3196=ORIENTED_EDGE('',*,*,#2302,.T.);
#3197=ORIENTED_EDGE('',*,*,#2319,.T.);
#3198=ORIENTED_EDGE('',*,*,#2326,.T.);
#3199=ORIENTED_EDGE('',*,*,#2329,.T.);
#3200=ORIENTED_EDGE('',*,*,#2330,.T.);
#3201=ORIENTED_EDGE('',*,*,#2255,.T.);
#3202=ORIENTED_EDGE('',*,*,#2248,.T.);
#3203=ORIENTED_EDGE('',*,*,#2355,.T.);
#3204=ORIENTED_EDGE('',*,*,#2358,.T.);
#3205=ORIENTED_EDGE('',*,*,#2360,.T.);
#3206=ORIENTED_EDGE('',*,*,#2351,.T.);
#3207=ORIENTED_EDGE('',*,*,#2348,.T.);
#3208=ORIENTED_EDGE('',*,*,#2212,.F.);
#3209=ORIENTED_EDGE('',*,*,#2362,.F.);
#3210=ORIENTED_EDGE('',*,*,#2332,.T.);
#3211=ORIENTED_EDGE('',*,*,#2344,.T.);
#3212=ORIENTED_EDGE('',*,*,#2346,.T.);
#3213=ORIENTED_EDGE('',*,*,#2337,.T.);
#3214=ORIENTED_EDGE('',*,*,#2341,.T.);
#3215=ORIENTED_EDGE('',*,*,#2293,.T.);
#3216=ORIENTED_EDGE('',*,*,#2295,.T.);
#3217=ORIENTED_EDGE('',*,*,#2286,.T.);
#3218=ORIENTED_EDGE('',*,*,#2290,.T.);
#3219=ORIENTED_EDGE('',*,*,#2281,.T.);
#3220=ORIENTED_EDGE('',*,*,#2283,.T.);
#3221=ORIENTED_EDGE('',*,*,#2274,.T.);
#3222=ORIENTED_EDGE('',*,*,#2278,.T.);
#3223=ORIENTED_EDGE('',*,*,#2269,.T.);
#3224=ORIENTED_EDGE('',*,*,#2271,.T.);
#3225=ORIENTED_EDGE('',*,*,#2262,.T.);
#3226=ORIENTED_EDGE('',*,*,#2266,.T.);
#3227=ORIENTED_EDGE('',*,*,#2369,.F.);
#3228=ORIENTED_EDGE('',*,*,#2370,.F.);
#3229=ORIENTED_EDGE('',*,*,#2371,.T.);
#3230=ORIENTED_EDGE('',*,*,#2372,.T.);
#3231=ORIENTED_EDGE('',*,*,#2373,.F.);
#3232=ORIENTED_EDGE('',*,*,#2374,.F.);
#3233=ORIENTED_EDGE('',*,*,#2369,.T.);
#3234=ORIENTED_EDGE('',*,*,#2375,.T.);
#3235=ORIENTED_EDGE('',*,*,#2376,.F.);
#3236=ORIENTED_EDGE('',*,*,#2377,.F.);
#3237=ORIENTED_EDGE('',*,*,#2373,.T.);
#3238=ORIENTED_EDGE('',*,*,#2378,.T.);
#3239=ORIENTED_EDGE('',*,*,#2379,.F.);
#3240=ORIENTED_EDGE('',*,*,#2380,.F.);
#3241=ORIENTED_EDGE('',*,*,#2376,.T.);
#3242=ORIENTED_EDGE('',*,*,#2381,.T.);
#3243=ORIENTED_EDGE('',*,*,#2382,.F.);
#3244=ORIENTED_EDGE('',*,*,#2383,.F.);
#3245=ORIENTED_EDGE('',*,*,#2379,.T.);
#3246=ORIENTED_EDGE('',*,*,#2384,.T.);
#3247=ORIENTED_EDGE('',*,*,#2385,.F.);
#3248=ORIENTED_EDGE('',*,*,#2386,.F.);
#3249=ORIENTED_EDGE('',*,*,#2382,.T.);
#3250=ORIENTED_EDGE('',*,*,#2387,.T.);
#3251=ORIENTED_EDGE('',*,*,#2388,.F.);
#3252=ORIENTED_EDGE('',*,*,#2389,.F.);
#3253=ORIENTED_EDGE('',*,*,#2385,.T.);
#3254=ORIENTED_EDGE('',*,*,#2390,.T.);
#3255=ORIENTED_EDGE('',*,*,#2391,.F.);
#3256=ORIENTED_EDGE('',*,*,#2392,.F.);
#3257=ORIENTED_EDGE('',*,*,#2388,.T.);
#3258=ORIENTED_EDGE('',*,*,#2393,.T.);
#3259=ORIENTED_EDGE('',*,*,#2394,.T.);
#3260=ORIENTED_EDGE('',*,*,#2395,.T.);
#3261=ORIENTED_EDGE('',*,*,#2396,.T.);
#3262=ORIENTED_EDGE('',*,*,#2397,.T.);
#3263=ORIENTED_EDGE('',*,*,#2398,.T.);
#3264=ORIENTED_EDGE('',*,*,#2397,.F.);
#3265=ORIENTED_EDGE('',*,*,#2399,.T.);
#3266=ORIENTED_EDGE('',*,*,#2398,.F.);
#3267=ORIENTED_EDGE('',*,*,#2400,.T.);
#3268=ORIENTED_EDGE('',*,*,#2401,.F.);
#3269=ORIENTED_EDGE('',*,*,#2402,.T.);
#3270=ORIENTED_EDGE('',*,*,#2399,.F.);
#3271=ORIENTED_EDGE('',*,*,#2396,.F.);
#3272=ORIENTED_EDGE('',*,*,#2402,.F.);
#3273=ORIENTED_EDGE('',*,*,#2403,.F.);
#3274=ORIENTED_EDGE('',*,*,#2404,.T.);
#3275=ORIENTED_EDGE('',*,*,#2405,.F.);
#3276=ORIENTED_EDGE('',*,*,#2406,.T.);
#3277=ORIENTED_EDGE('',*,*,#2407,.T.);
#3278=ORIENTED_EDGE('',*,*,#2366,.T.);
#3279=ORIENTED_EDGE('',*,*,#2408,.T.);
#3280=ORIENTED_EDGE('',*,*,#2409,.T.);
#3281=ORIENTED_EDGE('',*,*,#2410,.T.);
#3282=ORIENTED_EDGE('',*,*,#2411,.T.);
#3283=ORIENTED_EDGE('',*,*,#2412,.T.);
#3284=ORIENTED_EDGE('',*,*,#2413,.T.);
#3285=ORIENTED_EDGE('',*,*,#2370,.T.);
#3286=ORIENTED_EDGE('',*,*,#2374,.T.);
#3287=ORIENTED_EDGE('',*,*,#2377,.T.);
#3288=ORIENTED_EDGE('',*,*,#2380,.T.);
#3289=ORIENTED_EDGE('',*,*,#2383,.T.);
#3290=ORIENTED_EDGE('',*,*,#2386,.T.);
#3291=ORIENTED_EDGE('',*,*,#2389,.T.);
#3292=ORIENTED_EDGE('',*,*,#2392,.T.);
#3293=ORIENTED_EDGE('',*,*,#2406,.F.);
#3294=ORIENTED_EDGE('',*,*,#2414,.T.);
#3295=ORIENTED_EDGE('',*,*,#2415,.F.);
#3296=ORIENTED_EDGE('',*,*,#2416,.F.);
#3297=ORIENTED_EDGE('',*,*,#2417,.F.);
#3298=ORIENTED_EDGE('',*,*,#2418,.T.);
#3299=ORIENTED_EDGE('',*,*,#2419,.F.);
#3300=ORIENTED_EDGE('',*,*,#2420,.T.);
#3301=ORIENTED_EDGE('',*,*,#2421,.F.);
#3302=ORIENTED_EDGE('',*,*,#2422,.T.);
#3303=ORIENTED_EDGE('',*,*,#2423,.F.);
#3304=ORIENTED_EDGE('',*,*,#2424,.T.);
#3305=ORIENTED_EDGE('',*,*,#2425,.T.);
#3306=ORIENTED_EDGE('',*,*,#2426,.T.);
#3307=ORIENTED_EDGE('',*,*,#2427,.F.);
#3308=ORIENTED_EDGE('',*,*,#2423,.T.);
#3309=ORIENTED_EDGE('',*,*,#2428,.T.);
#3310=ORIENTED_EDGE('',*,*,#2429,.T.);
#3311=ORIENTED_EDGE('',*,*,#2430,.F.);
#3312=ORIENTED_EDGE('',*,*,#2415,.T.);
#3313=ORIENTED_EDGE('',*,*,#2431,.F.);
#3314=ORIENTED_EDGE('',*,*,#2417,.T.);
#3315=ORIENTED_EDGE('',*,*,#2432,.T.);
#3316=ORIENTED_EDGE('',*,*,#2433,.T.);
#3317=ORIENTED_EDGE('',*,*,#2430,.T.);
#3318=ORIENTED_EDGE('',*,*,#2434,.T.);
#3319=ORIENTED_EDGE('',*,*,#2432,.F.);
#3320=ORIENTED_EDGE('',*,*,#2416,.T.);
#3321=ORIENTED_EDGE('',*,*,#2433,.F.);
#3322=ORIENTED_EDGE('',*,*,#2435,.F.);
#3323=ORIENTED_EDGE('',*,*,#2436,.T.);
#3324=ORIENTED_EDGE('',*,*,#2437,.T.);
#3325=ORIENTED_EDGE('',*,*,#2434,.F.);
#3326=ORIENTED_EDGE('',*,*,#2438,.F.);
#3327=ORIENTED_EDGE('',*,*,#2439,.T.);
#3328=ORIENTED_EDGE('',*,*,#2435,.T.);
#3329=ORIENTED_EDGE('',*,*,#2440,.T.);
#3330=ORIENTED_EDGE('',*,*,#2428,.F.);
#3331=ORIENTED_EDGE('',*,*,#2414,.F.);
#3332=ORIENTED_EDGE('',*,*,#2405,.T.);
#3333=ORIENTED_EDGE('',*,*,#2403,.T.);
#3334=ORIENTED_EDGE('',*,*,#2424,.F.);
#3335=ORIENTED_EDGE('',*,*,#2427,.T.);
#3336=ORIENTED_EDGE('',*,*,#2441,.T.);
#3337=ORIENTED_EDGE('',*,*,#2441,.F.);
#3338=ORIENTED_EDGE('',*,*,#2442,.F.);
#3339=ORIENTED_EDGE('',*,*,#2443,.T.);
#3340=ORIENTED_EDGE('',*,*,#2444,.T.);
#3341=ORIENTED_EDGE('',*,*,#2445,.T.);
#3342=ORIENTED_EDGE('',*,*,#2446,.T.);
#3343=ORIENTED_EDGE('',*,*,#2418,.F.);
#3344=ORIENTED_EDGE('',*,*,#2431,.T.);
#3345=ORIENTED_EDGE('',*,*,#2447,.F.);
#3346=ORIENTED_EDGE('',*,*,#2419,.T.);
#3347=ORIENTED_EDGE('',*,*,#2446,.F.);
#3348=ORIENTED_EDGE('',*,*,#2448,.T.);
#3349=ORIENTED_EDGE('',*,*,#2448,.F.);
#3350=ORIENTED_EDGE('',*,*,#2449,.F.);
#3351=ORIENTED_EDGE('',*,*,#2450,.T.);
#3352=ORIENTED_EDGE('',*,*,#2451,.T.);
#3353=ORIENTED_EDGE('',*,*,#2445,.F.);
#3354=ORIENTED_EDGE('',*,*,#2437,.F.);
#3355=ORIENTED_EDGE('',*,*,#2452,.T.);
#3356=ORIENTED_EDGE('',*,*,#2449,.T.);
#3357=ORIENTED_EDGE('',*,*,#2453,.T.);
#3358=ORIENTED_EDGE('',*,*,#2454,.T.);
#3359=ORIENTED_EDGE('',*,*,#2420,.F.);
#3360=ORIENTED_EDGE('',*,*,#2447,.T.);
#3361=ORIENTED_EDGE('',*,*,#2455,.F.);
#3362=ORIENTED_EDGE('',*,*,#2421,.T.);
#3363=ORIENTED_EDGE('',*,*,#2454,.F.);
#3364=ORIENTED_EDGE('',*,*,#2456,.T.);
#3365=ORIENTED_EDGE('',*,*,#2455,.T.);
#3366=ORIENTED_EDGE('',*,*,#2457,.T.);
#3367=ORIENTED_EDGE('',*,*,#2425,.F.);
#3368=ORIENTED_EDGE('',*,*,#2422,.F.);
#3369=ORIENTED_EDGE('',*,*,#2457,.F.);
#3370=ORIENTED_EDGE('',*,*,#2458,.F.);
#3371=ORIENTED_EDGE('',*,*,#2459,.T.);
#3372=ORIENTED_EDGE('',*,*,#2460,.T.);
#3373=ORIENTED_EDGE('',*,*,#2461,.F.);
#3374=ORIENTED_EDGE('',*,*,#2462,.T.);
#3375=ORIENTED_EDGE('',*,*,#2463,.F.);
#3376=ORIENTED_EDGE('',*,*,#2464,.T.);
#3377=ORIENTED_EDGE('',*,*,#2463,.T.);
#3378=ORIENTED_EDGE('',*,*,#2465,.F.);
#3379=ORIENTED_EDGE('',*,*,#2393,.F.);
#3380=ORIENTED_EDGE('',*,*,#2390,.F.);
#3381=ORIENTED_EDGE('',*,*,#2387,.F.);
#3382=ORIENTED_EDGE('',*,*,#2384,.F.);
#3383=ORIENTED_EDGE('',*,*,#2381,.F.);
#3384=ORIENTED_EDGE('',*,*,#2378,.F.);
#3385=ORIENTED_EDGE('',*,*,#2375,.F.);
#3386=ORIENTED_EDGE('',*,*,#2372,.F.);
#3387=ORIENTED_EDGE('',*,*,#2466,.F.);
#3388=ORIENTED_EDGE('',*,*,#2467,.F.);
#3389=ORIENTED_EDGE('',*,*,#2468,.F.);
#3390=ORIENTED_EDGE('',*,*,#2469,.F.);
#3391=ORIENTED_EDGE('',*,*,#2470,.F.);
#3392=ORIENTED_EDGE('',*,*,#2471,.T.);
#3393=ORIENTED_EDGE('',*,*,#2472,.T.);
#3394=ORIENTED_EDGE('',*,*,#2462,.F.);
#3395=ORIENTED_EDGE('',*,*,#2473,.F.);
#3396=ORIENTED_EDGE('',*,*,#2474,.F.);
#3397=ORIENTED_EDGE('',*,*,#2475,.T.);
#3398=ORIENTED_EDGE('',*,*,#2476,.T.);
#3399=ORIENTED_EDGE('',*,*,#2477,.T.);
#3400=ORIENTED_EDGE('',*,*,#2478,.F.);
#3401=ORIENTED_EDGE('',*,*,#2479,.T.);
#3402=ORIENTED_EDGE('',*,*,#2480,.T.);
#3403=ORIENTED_EDGE('',*,*,#2481,.T.);
#3404=ORIENTED_EDGE('',*,*,#2482,.F.);
#3405=ORIENTED_EDGE('',*,*,#2483,.T.);
#3406=ORIENTED_EDGE('',*,*,#2484,.T.);
#3407=ORIENTED_EDGE('',*,*,#2485,.T.);
#3408=ORIENTED_EDGE('',*,*,#2394,.F.);
#3409=ORIENTED_EDGE('',*,*,#2465,.T.);
#3410=ORIENTED_EDGE('',*,*,#2453,.F.);
#3411=ORIENTED_EDGE('',*,*,#2451,.F.);
#3412=ORIENTED_EDGE('',*,*,#2486,.T.);
#3413=ORIENTED_EDGE('',*,*,#2487,.T.);
#3414=ORIENTED_EDGE('',*,*,#2456,.F.);
#3415=ORIENTED_EDGE('',*,*,#2487,.F.);
#3416=ORIENTED_EDGE('',*,*,#2488,.T.);
#3417=ORIENTED_EDGE('',*,*,#2458,.T.);
#3418=ORIENTED_EDGE('',*,*,#2426,.F.);
#3419=ORIENTED_EDGE('',*,*,#2460,.F.);
#3420=ORIENTED_EDGE('',*,*,#2489,.T.);
#3421=ORIENTED_EDGE('',*,*,#2442,.T.);
#3422=ORIENTED_EDGE('',*,*,#2404,.F.);
#3423=ORIENTED_EDGE('',*,*,#2444,.F.);
#3424=ORIENTED_EDGE('',*,*,#2490,.T.);
#3425=ORIENTED_EDGE('',*,*,#2491,.T.);
#3426=ORIENTED_EDGE('',*,*,#2440,.F.);
#3427=ORIENTED_EDGE('',*,*,#2491,.F.);
#3428=ORIENTED_EDGE('',*,*,#2492,.T.);
#3429=ORIENTED_EDGE('',*,*,#2493,.T.);
#3430=ORIENTED_EDGE('',*,*,#2429,.F.);
#3431=ORIENTED_EDGE('',*,*,#2493,.F.);
#3432=ORIENTED_EDGE('',*,*,#2494,.T.);
#3433=ORIENTED_EDGE('',*,*,#2438,.T.);
#3434=ORIENTED_EDGE('',*,*,#2450,.F.);
#3435=ORIENTED_EDGE('',*,*,#2452,.F.);
#3436=ORIENTED_EDGE('',*,*,#2436,.F.);
#3437=ORIENTED_EDGE('',*,*,#2439,.F.);
#3438=ORIENTED_EDGE('',*,*,#2494,.F.);
#3439=ORIENTED_EDGE('',*,*,#2492,.F.);
#3440=ORIENTED_EDGE('',*,*,#2490,.F.);
#3441=ORIENTED_EDGE('',*,*,#2443,.F.);
#3442=ORIENTED_EDGE('',*,*,#2489,.F.);
#3443=ORIENTED_EDGE('',*,*,#2459,.F.);
#3444=ORIENTED_EDGE('',*,*,#2488,.F.);
#3445=ORIENTED_EDGE('',*,*,#2486,.F.);
#3446=ORIENTED_EDGE('',*,*,#2495,.F.);
#3447=ORIENTED_EDGE('',*,*,#2496,.F.);
#3448=ORIENTED_EDGE('',*,*,#2497,.F.);
#3449=ORIENTED_EDGE('',*,*,#2498,.F.);
#3450=ORIENTED_EDGE('',*,*,#2499,.F.);
#3451=ORIENTED_EDGE('',*,*,#2498,.T.);
#3452=ORIENTED_EDGE('',*,*,#2500,.F.);
#3453=ORIENTED_EDGE('',*,*,#2501,.F.);
#3454=ORIENTED_EDGE('',*,*,#2502,.F.);
#3455=ORIENTED_EDGE('',*,*,#2501,.T.);
#3456=ORIENTED_EDGE('',*,*,#2503,.F.);
#3457=ORIENTED_EDGE('',*,*,#2504,.F.);
#3458=ORIENTED_EDGE('',*,*,#2483,.F.);
#3459=ORIENTED_EDGE('',*,*,#2505,.F.);
#3460=ORIENTED_EDGE('',*,*,#2506,.F.);
#3461=ORIENTED_EDGE('',*,*,#2507,.T.);
#3462=ORIENTED_EDGE('',*,*,#2484,.F.);
#3463=ORIENTED_EDGE('',*,*,#2507,.F.);
#3464=ORIENTED_EDGE('',*,*,#2508,.F.);
#3465=ORIENTED_EDGE('',*,*,#2509,.T.);
#3466=ORIENTED_EDGE('',*,*,#2485,.F.);
#3467=ORIENTED_EDGE('',*,*,#2509,.F.);
#3468=ORIENTED_EDGE('',*,*,#2510,.F.);
#3469=ORIENTED_EDGE('',*,*,#2395,.F.);
#3470=ORIENTED_EDGE('',*,*,#2511,.F.);
#3471=ORIENTED_EDGE('',*,*,#2512,.F.);
#3472=ORIENTED_EDGE('',*,*,#2513,.F.);
#3473=ORIENTED_EDGE('',*,*,#2514,.F.);
#3474=ORIENTED_EDGE('',*,*,#2515,.F.);
#3475=ORIENTED_EDGE('',*,*,#2514,.T.);
#3476=ORIENTED_EDGE('',*,*,#2516,.F.);
#3477=ORIENTED_EDGE('',*,*,#2517,.F.);
#3478=ORIENTED_EDGE('',*,*,#2518,.F.);
#3479=ORIENTED_EDGE('',*,*,#2517,.T.);
#3480=ORIENTED_EDGE('',*,*,#2519,.F.);
#3481=ORIENTED_EDGE('',*,*,#2520,.F.);
#3482=ORIENTED_EDGE('',*,*,#2479,.F.);
#3483=ORIENTED_EDGE('',*,*,#2521,.F.);
#3484=ORIENTED_EDGE('',*,*,#2522,.F.);
#3485=ORIENTED_EDGE('',*,*,#2523,.T.);
#3486=ORIENTED_EDGE('',*,*,#2480,.F.);
#3487=ORIENTED_EDGE('',*,*,#2523,.F.);
#3488=ORIENTED_EDGE('',*,*,#2524,.F.);
#3489=ORIENTED_EDGE('',*,*,#2525,.T.);
#3490=ORIENTED_EDGE('',*,*,#2481,.F.);
#3491=ORIENTED_EDGE('',*,*,#2525,.F.);
#3492=ORIENTED_EDGE('',*,*,#2526,.F.);
#3493=ORIENTED_EDGE('',*,*,#2527,.F.);
#3494=ORIENTED_EDGE('',*,*,#2528,.F.);
#3495=ORIENTED_EDGE('',*,*,#2529,.F.);
#3496=ORIENTED_EDGE('',*,*,#2530,.F.);
#3497=ORIENTED_EDGE('',*,*,#2531,.F.);
#3498=ORIENTED_EDGE('',*,*,#2532,.F.);
#3499=ORIENTED_EDGE('',*,*,#2531,.T.);
#3500=ORIENTED_EDGE('',*,*,#2533,.F.);
#3501=ORIENTED_EDGE('',*,*,#2534,.F.);
#3502=ORIENTED_EDGE('',*,*,#2535,.F.);
#3503=ORIENTED_EDGE('',*,*,#2534,.T.);
#3504=ORIENTED_EDGE('',*,*,#2536,.F.);
#3505=ORIENTED_EDGE('',*,*,#2537,.F.);
#3506=ORIENTED_EDGE('',*,*,#2475,.F.);
#3507=ORIENTED_EDGE('',*,*,#2538,.F.);
#3508=ORIENTED_EDGE('',*,*,#2539,.F.);
#3509=ORIENTED_EDGE('',*,*,#2540,.T.);
#3510=ORIENTED_EDGE('',*,*,#2476,.F.);
#3511=ORIENTED_EDGE('',*,*,#2540,.F.);
#3512=ORIENTED_EDGE('',*,*,#2541,.F.);
#3513=ORIENTED_EDGE('',*,*,#2542,.T.);
#3514=ORIENTED_EDGE('',*,*,#2477,.F.);
#3515=ORIENTED_EDGE('',*,*,#2542,.F.);
#3516=ORIENTED_EDGE('',*,*,#2543,.F.);
#3517=ORIENTED_EDGE('',*,*,#2544,.F.);
#3518=ORIENTED_EDGE('',*,*,#2363,.T.);
#3519=ORIENTED_EDGE('',*,*,#2407,.F.);
#3520=ORIENTED_EDGE('',*,*,#2391,.T.);
#3521=ORIENTED_EDGE('',*,*,#2510,.T.);
#3522=ORIENTED_EDGE('',*,*,#2508,.T.);
#3523=ORIENTED_EDGE('',*,*,#2506,.T.);
#3524=ORIENTED_EDGE('',*,*,#2545,.T.);
#3525=ORIENTED_EDGE('',*,*,#2526,.T.);
#3526=ORIENTED_EDGE('',*,*,#2524,.T.);
#3527=ORIENTED_EDGE('',*,*,#2522,.T.);
#3528=ORIENTED_EDGE('',*,*,#2546,.T.);
#3529=ORIENTED_EDGE('',*,*,#2543,.T.);
#3530=ORIENTED_EDGE('',*,*,#2541,.T.);
#3531=ORIENTED_EDGE('',*,*,#2539,.T.);
#3532=ORIENTED_EDGE('',*,*,#2547,.T.);
#3533=ORIENTED_EDGE('',*,*,#2548,.F.);
#3534=ORIENTED_EDGE('',*,*,#2538,.T.);
#3535=ORIENTED_EDGE('',*,*,#2474,.T.);
#3536=ORIENTED_EDGE('',*,*,#2549,.T.);
#3537=ORIENTED_EDGE('',*,*,#2550,.T.);
#3538=ORIENTED_EDGE('',*,*,#2551,.F.);
#3539=ORIENTED_EDGE('',*,*,#2547,.F.);
#3540=ORIENTED_EDGE('',*,*,#2521,.T.);
#3541=ORIENTED_EDGE('',*,*,#2478,.T.);
#3542=ORIENTED_EDGE('',*,*,#2544,.T.);
#3543=ORIENTED_EDGE('',*,*,#2546,.F.);
#3544=ORIENTED_EDGE('',*,*,#2505,.T.);
#3545=ORIENTED_EDGE('',*,*,#2482,.T.);
#3546=ORIENTED_EDGE('',*,*,#2527,.T.);
#3547=ORIENTED_EDGE('',*,*,#2545,.F.);
#3548=ORIENTED_EDGE('',*,*,#2495,.T.);
#3549=ORIENTED_EDGE('',*,*,#2499,.T.);
#3550=ORIENTED_EDGE('',*,*,#2502,.T.);
#3551=ORIENTED_EDGE('',*,*,#2552,.F.);
#3552=ORIENTED_EDGE('',*,*,#2511,.T.);
#3553=ORIENTED_EDGE('',*,*,#2515,.T.);
#3554=ORIENTED_EDGE('',*,*,#2518,.T.);
#3555=ORIENTED_EDGE('',*,*,#2553,.F.);
#3556=ORIENTED_EDGE('',*,*,#2528,.T.);
#3557=ORIENTED_EDGE('',*,*,#2532,.T.);
#3558=ORIENTED_EDGE('',*,*,#2535,.T.);
#3559=ORIENTED_EDGE('',*,*,#2554,.F.);
#3560=ORIENTED_EDGE('',*,*,#2555,.T.);
#3561=ORIENTED_EDGE('',*,*,#2556,.T.);
#3562=ORIENTED_EDGE('',*,*,#2471,.F.);
#3563=ORIENTED_EDGE('',*,*,#2557,.F.);
#3564=ORIENTED_EDGE('',*,*,#2537,.T.);
#3565=ORIENTED_EDGE('',*,*,#2558,.T.);
#3566=ORIENTED_EDGE('',*,*,#2559,.F.);
#3567=ORIENTED_EDGE('',*,*,#2560,.F.);
#3568=ORIENTED_EDGE('',*,*,#2561,.T.);
#3569=ORIENTED_EDGE('',*,*,#2554,.T.);
#3570=ORIENTED_EDGE('',*,*,#2520,.T.);
#3571=ORIENTED_EDGE('',*,*,#2562,.T.);
#3572=ORIENTED_EDGE('',*,*,#2529,.T.);
#3573=ORIENTED_EDGE('',*,*,#2553,.T.);
#3574=ORIENTED_EDGE('',*,*,#2504,.T.);
#3575=ORIENTED_EDGE('',*,*,#2563,.T.);
#3576=ORIENTED_EDGE('',*,*,#2512,.T.);
#3577=ORIENTED_EDGE('',*,*,#2552,.T.);
#3578=ORIENTED_EDGE('',*,*,#2461,.T.);
#3579=ORIENTED_EDGE('',*,*,#2564,.T.);
#3580=ORIENTED_EDGE('',*,*,#2555,.F.);
#3581=ORIENTED_EDGE('',*,*,#2561,.F.);
#3582=ORIENTED_EDGE('',*,*,#2565,.F.);
#3583=ORIENTED_EDGE('',*,*,#2566,.F.);
#3584=ORIENTED_EDGE('',*,*,#2567,.F.);
#3585=ORIENTED_EDGE('',*,*,#2568,.F.);
#3586=ORIENTED_EDGE('',*,*,#2569,.F.);
#3587=ORIENTED_EDGE('',*,*,#2570,.F.);
#3588=ORIENTED_EDGE('',*,*,#2571,.F.);
#3589=ORIENTED_EDGE('',*,*,#2572,.F.);
#3590=ORIENTED_EDGE('',*,*,#2573,.F.);
#3591=ORIENTED_EDGE('',*,*,#2574,.F.);
#3592=ORIENTED_EDGE('',*,*,#2575,.F.);
#3593=ORIENTED_EDGE('',*,*,#2549,.F.);
#3594=ORIENTED_EDGE('',*,*,#2473,.T.);
#3595=ORIENTED_EDGE('',*,*,#2464,.F.);
#3596=ORIENTED_EDGE('',*,*,#2472,.F.);
#3597=ORIENTED_EDGE('',*,*,#2556,.F.);
#3598=ORIENTED_EDGE('',*,*,#2564,.F.);
#3599=ORIENTED_EDGE('',*,*,#2575,.T.);
#3600=ORIENTED_EDGE('',*,*,#2576,.T.);
#3601=ORIENTED_EDGE('',*,*,#2577,.F.);
#3602=ORIENTED_EDGE('',*,*,#2550,.F.);
#3603=ORIENTED_EDGE('',*,*,#2574,.T.);
#3604=ORIENTED_EDGE('',*,*,#2578,.T.);
#3605=ORIENTED_EDGE('',*,*,#2579,.F.);
#3606=ORIENTED_EDGE('',*,*,#2576,.F.);
#3607=ORIENTED_EDGE('',*,*,#2573,.T.);
#3608=ORIENTED_EDGE('',*,*,#2580,.T.);
#3609=ORIENTED_EDGE('',*,*,#2581,.F.);
#3610=ORIENTED_EDGE('',*,*,#2578,.F.);
#3611=ORIENTED_EDGE('',*,*,#2572,.T.);
#3612=ORIENTED_EDGE('',*,*,#2582,.T.);
#3613=ORIENTED_EDGE('',*,*,#2583,.F.);
#3614=ORIENTED_EDGE('',*,*,#2580,.F.);
#3615=ORIENTED_EDGE('',*,*,#2571,.T.);
#3616=ORIENTED_EDGE('',*,*,#2584,.T.);
#3617=ORIENTED_EDGE('',*,*,#2585,.F.);
#3618=ORIENTED_EDGE('',*,*,#2582,.F.);
#3619=ORIENTED_EDGE('',*,*,#2570,.T.);
#3620=ORIENTED_EDGE('',*,*,#2586,.T.);
#3621=ORIENTED_EDGE('',*,*,#2587,.F.);
#3622=ORIENTED_EDGE('',*,*,#2584,.F.);
#3623=ORIENTED_EDGE('',*,*,#2569,.T.);
#3624=ORIENTED_EDGE('',*,*,#2588,.T.);
#3625=ORIENTED_EDGE('',*,*,#2589,.F.);
#3626=ORIENTED_EDGE('',*,*,#2586,.F.);
#3627=ORIENTED_EDGE('',*,*,#2568,.T.);
#3628=ORIENTED_EDGE('',*,*,#2590,.T.);
#3629=ORIENTED_EDGE('',*,*,#2591,.F.);
#3630=ORIENTED_EDGE('',*,*,#2588,.F.);
#3631=ORIENTED_EDGE('',*,*,#2567,.T.);
#3632=ORIENTED_EDGE('',*,*,#2592,.T.);
#3633=ORIENTED_EDGE('',*,*,#2593,.F.);
#3634=ORIENTED_EDGE('',*,*,#2590,.F.);
#3635=ORIENTED_EDGE('',*,*,#2566,.T.);
#3636=ORIENTED_EDGE('',*,*,#2594,.T.);
#3637=ORIENTED_EDGE('',*,*,#2595,.F.);
#3638=ORIENTED_EDGE('',*,*,#2592,.F.);
#3639=ORIENTED_EDGE('',*,*,#2565,.T.);
#3640=ORIENTED_EDGE('',*,*,#2560,.T.);
#3641=ORIENTED_EDGE('',*,*,#2596,.F.);
#3642=ORIENTED_EDGE('',*,*,#2594,.F.);
#3643=ORIENTED_EDGE('',*,*,#2597,.F.);
#3644=ORIENTED_EDGE('',*,*,#2408,.F.);
#3645=ORIENTED_EDGE('',*,*,#2365,.T.);
#3646=ORIENTED_EDGE('',*,*,#2598,.F.);
#3647=ORIENTED_EDGE('',*,*,#2558,.F.);
#3648=ORIENTED_EDGE('',*,*,#2536,.T.);
#3649=ORIENTED_EDGE('',*,*,#2533,.T.);
#3650=ORIENTED_EDGE('',*,*,#2530,.T.);
#3651=ORIENTED_EDGE('',*,*,#2562,.F.);
#3652=ORIENTED_EDGE('',*,*,#2519,.T.);
#3653=ORIENTED_EDGE('',*,*,#2516,.T.);
#3654=ORIENTED_EDGE('',*,*,#2513,.T.);
#3655=ORIENTED_EDGE('',*,*,#2563,.F.);
#3656=ORIENTED_EDGE('',*,*,#2503,.T.);
#3657=ORIENTED_EDGE('',*,*,#2500,.T.);
#3658=ORIENTED_EDGE('',*,*,#2497,.T.);
#3659=ORIENTED_EDGE('',*,*,#2599,.F.);
#3660=ORIENTED_EDGE('',*,*,#2409,.F.);
#3661=ORIENTED_EDGE('',*,*,#2597,.T.);
#3662=ORIENTED_EDGE('',*,*,#2496,.T.);
#3663=ORIENTED_EDGE('',*,*,#2557,.T.);
#3664=ORIENTED_EDGE('',*,*,#2470,.T.);
#3665=ORIENTED_EDGE('',*,*,#2600,.F.);
#3666=ORIENTED_EDGE('',*,*,#2410,.F.);
#3667=ORIENTED_EDGE('',*,*,#2599,.T.);
#3668=ORIENTED_EDGE('',*,*,#2469,.T.);
#3669=ORIENTED_EDGE('',*,*,#2601,.F.);
#3670=ORIENTED_EDGE('',*,*,#2411,.F.);
#3671=ORIENTED_EDGE('',*,*,#2600,.T.);
#3672=ORIENTED_EDGE('',*,*,#2468,.T.);
#3673=ORIENTED_EDGE('',*,*,#2602,.F.);
#3674=ORIENTED_EDGE('',*,*,#2412,.F.);
#3675=ORIENTED_EDGE('',*,*,#2601,.T.);
#3676=ORIENTED_EDGE('',*,*,#2467,.T.);
#3677=ORIENTED_EDGE('',*,*,#2371,.F.);
#3678=ORIENTED_EDGE('',*,*,#2413,.F.);
#3679=ORIENTED_EDGE('',*,*,#2602,.T.);
#3680=ORIENTED_EDGE('',*,*,#2466,.T.);
#3681=ORIENTED_EDGE('',*,*,#2548,.T.);
#3682=ORIENTED_EDGE('',*,*,#2551,.T.);
#3683=ORIENTED_EDGE('',*,*,#2577,.T.);
#3684=ORIENTED_EDGE('',*,*,#2579,.T.);
#3685=ORIENTED_EDGE('',*,*,#2581,.T.);
#3686=ORIENTED_EDGE('',*,*,#2583,.T.);
#3687=ORIENTED_EDGE('',*,*,#2585,.T.);
#3688=ORIENTED_EDGE('',*,*,#2587,.T.);
#3689=ORIENTED_EDGE('',*,*,#2589,.T.);
#3690=ORIENTED_EDGE('',*,*,#2591,.T.);
#3691=ORIENTED_EDGE('',*,*,#2593,.T.);
#3692=ORIENTED_EDGE('',*,*,#2595,.T.);
#3693=ORIENTED_EDGE('',*,*,#2596,.T.);
#3694=ORIENTED_EDGE('',*,*,#2559,.T.);
#3695=ORIENTED_EDGE('',*,*,#2598,.T.);
#3696=ORIENTED_EDGE('',*,*,#2364,.T.);
#3697=ORIENTED_EDGE('',*,*,#2368,.T.);
#3698=ORIENTED_EDGE('',*,*,#2252,.F.);
#3699=ORIENTED_EDGE('',*,*,#2231,.T.);
#3700=ORIENTED_EDGE('',*,*,#2247,.F.);
#3701=ORIENTED_EDGE('',*,*,#2233,.F.);
#3702=ORIENTED_EDGE('',*,*,#2259,.F.);
#3703=ORIENTED_EDGE('',*,*,#2603,.T.);
#3704=ORIENTED_EDGE('',*,*,#2208,.F.);
#3705=ORIENTED_EDGE('',*,*,#2206,.F.);
#3706=ORIENTED_EDGE('',*,*,#2217,.T.);
#3707=ORIENTED_EDGE('',*,*,#2604,.F.);
#3708=ORIENTED_EDGE('',*,*,#2605,.F.);
#3709=ORIENTED_EDGE('',*,*,#2606,.T.);
#3710=ORIENTED_EDGE('',*,*,#2604,.T.);
#3711=ORIENTED_EDGE('',*,*,#2607,.T.);
#3712=ORIENTED_EDGE('',*,*,#2608,.T.);
#3713=ORIENTED_EDGE('',*,*,#2609,.T.);
#3714=ORIENTED_EDGE('',*,*,#2610,.F.);
#3715=ORIENTED_EDGE('',*,*,#2611,.T.);
#3716=ORIENTED_EDGE('',*,*,#2612,.F.);
#3717=ORIENTED_EDGE('',*,*,#2613,.F.);
#3718=ORIENTED_EDGE('',*,*,#2614,.T.);
#3719=ORIENTED_EDGE('',*,*,#2615,.F.);
#3720=ORIENTED_EDGE('',*,*,#2616,.F.);
#3721=ORIENTED_EDGE('',*,*,#2617,.F.);
#3722=ORIENTED_EDGE('',*,*,#2174,.T.);
#3723=ORIENTED_EDGE('',*,*,#2618,.T.);
#3724=ORIENTED_EDGE('',*,*,#2613,.T.);
#3725=ORIENTED_EDGE('',*,*,#2619,.T.);
#3726=ORIENTED_EDGE('',*,*,#2620,.F.);
#3727=ORIENTED_EDGE('',*,*,#2621,.F.);
#3728=ORIENTED_EDGE('',*,*,#2622,.F.);
#3729=ORIENTED_EDGE('',*,*,#2623,.F.);
#3730=ORIENTED_EDGE('',*,*,#2624,.T.);
#3731=ORIENTED_EDGE('',*,*,#2625,.F.);
#3732=ORIENTED_EDGE('',*,*,#2626,.T.);
#3733=ORIENTED_EDGE('',*,*,#2627,.F.);
#3734=ORIENTED_EDGE('',*,*,#2628,.F.);
#3735=ORIENTED_EDGE('',*,*,#2629,.F.);
#3736=ORIENTED_EDGE('',*,*,#2120,.T.);
#3737=ORIENTED_EDGE('',*,*,#2630,.T.);
#3738=ORIENTED_EDGE('',*,*,#2625,.T.);
#3739=ORIENTED_EDGE('',*,*,#2631,.T.);
#3740=ORIENTED_EDGE('',*,*,#2632,.F.);
#3741=ORIENTED_EDGE('',*,*,#2633,.F.);
#3742=ORIENTED_EDGE('',*,*,#2634,.F.);
#3743=ORIENTED_EDGE('',*,*,#2635,.F.);
#3744=ORIENTED_EDGE('',*,*,#2636,.T.);
#3745=ORIENTED_EDGE('',*,*,#2637,.F.);
#3746=ORIENTED_EDGE('',*,*,#2638,.F.);
#3747=ORIENTED_EDGE('',*,*,#2639,.T.);
#3748=ORIENTED_EDGE('',*,*,#2621,.T.);
#3749=ORIENTED_EDGE('',*,*,#2637,.T.);
#3750=ORIENTED_EDGE('',*,*,#2620,.T.);
#3751=ORIENTED_EDGE('',*,*,#2640,.T.);
#3752=ORIENTED_EDGE('',*,*,#2641,.T.);
#3753=ORIENTED_EDGE('',*,*,#2642,.F.);
#3754=ORIENTED_EDGE('',*,*,#2643,.F.);
#3755=ORIENTED_EDGE('',*,*,#2644,.F.);
#3756=ORIENTED_EDGE('',*,*,#2645,.F.);
#3757=ORIENTED_EDGE('',*,*,#2646,.T.);
#3758=ORIENTED_EDGE('',*,*,#2647,.F.);
#3759=ORIENTED_EDGE('',*,*,#2648,.F.);
#3760=ORIENTED_EDGE('',*,*,#2649,.F.);
#3761=ORIENTED_EDGE('',*,*,#2650,.T.);
#3762=ORIENTED_EDGE('',*,*,#2648,.T.);
#3763=ORIENTED_EDGE('',*,*,#2651,.T.);
#3764=ORIENTED_EDGE('',*,*,#2643,.T.);
#3765=ORIENTED_EDGE('',*,*,#2652,.T.);
#3766=ORIENTED_EDGE('',*,*,#2653,.F.);
#3767=ORIENTED_EDGE('',*,*,#2654,.T.);
#3768=ORIENTED_EDGE('',*,*,#2655,.F.);
#3769=ORIENTED_EDGE('',*,*,#2656,.F.);
#3770=ORIENTED_EDGE('',*,*,#2657,.T.);
#3771=ORIENTED_EDGE('',*,*,#2123,.T.);
#3772=ORIENTED_EDGE('',*,*,#2656,.T.);
#3773=ORIENTED_EDGE('',*,*,#2122,.T.);
#3774=ORIENTED_EDGE('',*,*,#2658,.F.);
#3775=ORIENTED_EDGE('',*,*,#2628,.T.);
#3776=ORIENTED_EDGE('',*,*,#2659,.T.);
#3777=ORIENTED_EDGE('',*,*,#2660,.T.);
#3778=ORIENTED_EDGE('',*,*,#2661,.T.);
#3779=ORIENTED_EDGE('',*,*,#2662,.T.);
#3780=ORIENTED_EDGE('',*,*,#2663,.F.);
#3781=ORIENTED_EDGE('',*,*,#2664,.F.);
#3782=ORIENTED_EDGE('',*,*,#2665,.T.);
#3783=ORIENTED_EDGE('',*,*,#2633,.T.);
#3784=ORIENTED_EDGE('',*,*,#2663,.T.);
#3785=ORIENTED_EDGE('',*,*,#2632,.T.);
#3786=ORIENTED_EDGE('',*,*,#2666,.T.);
#3787=ORIENTED_EDGE('',*,*,#2667,.T.);
#3788=ORIENTED_EDGE('',*,*,#2668,.F.);
#3789=ORIENTED_EDGE('',*,*,#2608,.F.);
#3790=ORIENTED_EDGE('',*,*,#2669,.F.);
#3791=ORIENTED_EDGE('',*,*,#2670,.F.);
#3792=ORIENTED_EDGE('',*,*,#2671,.T.);
#3793=ORIENTED_EDGE('',*,*,#2672,.F.);
#3794=ORIENTED_EDGE('',*,*,#2673,.F.);
#3795=ORIENTED_EDGE('',*,*,#2674,.T.);
#3796=ORIENTED_EDGE('',*,*,#2177,.T.);
#3797=ORIENTED_EDGE('',*,*,#2673,.T.);
#3798=ORIENTED_EDGE('',*,*,#2176,.T.);
#3799=ORIENTED_EDGE('',*,*,#2675,.F.);
#3800=ORIENTED_EDGE('',*,*,#2616,.T.);
#3801=ORIENTED_EDGE('',*,*,#2676,.T.);
#3802=ORIENTED_EDGE('',*,*,#2677,.T.);
#3803=ORIENTED_EDGE('',*,*,#2678,.T.);
#3804=ORIENTED_EDGE('',*,*,#2679,.T.);
#3805=ORIENTED_EDGE('',*,*,#2675,.T.);
#3806=ORIENTED_EDGE('',*,*,#2175,.T.);
#3807=ORIENTED_EDGE('',*,*,#2617,.T.);
#3808=ORIENTED_EDGE('',*,*,#2669,.T.);
#3809=ORIENTED_EDGE('',*,*,#2607,.F.);
#3810=ORIENTED_EDGE('',*,*,#2606,.F.);
#3811=ORIENTED_EDGE('',*,*,#2680,.F.);
#3812=ORIENTED_EDGE('',*,*,#2658,.T.);
#3813=ORIENTED_EDGE('',*,*,#2121,.T.);
#3814=ORIENTED_EDGE('',*,*,#2629,.T.);
#3815=ORIENTED_EDGE('',*,*,#2653,.T.);
#3816=ORIENTED_EDGE('',*,*,#2681,.T.);
#3817=ORIENTED_EDGE('',*,*,#2124,.T.);
#3818=ORIENTED_EDGE('',*,*,#2657,.F.);
#3819=ORIENTED_EDGE('',*,*,#2662,.F.);
#3820=ORIENTED_EDGE('',*,*,#2682,.F.);
#3821=ORIENTED_EDGE('',*,*,#2683,.T.);
#3822=ORIENTED_EDGE('',*,*,#2644,.T.);
#3823=ORIENTED_EDGE('',*,*,#2651,.F.);
#3824=ORIENTED_EDGE('',*,*,#2650,.F.);
#3825=ORIENTED_EDGE('',*,*,#2684,.F.);
#3826=ORIENTED_EDGE('',*,*,#2634,.T.);
#3827=ORIENTED_EDGE('',*,*,#2665,.F.);
#3828=ORIENTED_EDGE('',*,*,#2685,.F.);
#3829=ORIENTED_EDGE('',*,*,#2622,.T.);
#3830=ORIENTED_EDGE('',*,*,#2639,.F.);
#3831=ORIENTED_EDGE('',*,*,#2686,.F.);
#3832=ORIENTED_EDGE('',*,*,#2610,.T.);
#3833=ORIENTED_EDGE('',*,*,#2687,.T.);
#3834=ORIENTED_EDGE('',*,*,#2178,.T.);
#3835=ORIENTED_EDGE('',*,*,#2674,.F.);
#3836=ORIENTED_EDGE('',*,*,#2679,.F.);
#3837=ORIENTED_EDGE('',*,*,#2688,.F.);
#3838=ORIENTED_EDGE('',*,*,#2689,.T.);
#3839=ORIENTED_EDGE('',*,*,#2667,.F.);
#3840=ORIENTED_EDGE('',*,*,#2666,.F.);
#3841=ORIENTED_EDGE('',*,*,#2631,.F.);
#3842=ORIENTED_EDGE('',*,*,#2630,.F.);
#3843=ORIENTED_EDGE('',*,*,#2119,.T.);
#3844=ORIENTED_EDGE('',*,*,#2690,.F.);
#3845=ORIENTED_EDGE('',*,*,#2179,.F.);
#3846=ORIENTED_EDGE('',*,*,#2687,.F.);
#3847=ORIENTED_EDGE('',*,*,#2609,.F.);
#3848=ORIENTED_EDGE('',*,*,#2668,.T.);
#3849=ORIENTED_EDGE('',*,*,#2109,.T.);
#3850=ORIENTED_EDGE('',*,*,#2691,.T.);
#3851=ORIENTED_EDGE('',*,*,#2087,.T.);
#3852=ORIENTED_EDGE('',*,*,#2106,.T.);
#3853=ORIENTED_EDGE('',*,*,#2677,.F.);
#3854=ORIENTED_EDGE('',*,*,#2692,.F.);
#3855=ORIENTED_EDGE('',*,*,#2693,.F.);
#3856=ORIENTED_EDGE('',*,*,#2670,.T.);
#3857=ORIENTED_EDGE('',*,*,#2680,.T.);
#3858=ORIENTED_EDGE('',*,*,#2605,.T.);
#3859=ORIENTED_EDGE('',*,*,#2612,.T.);
#3860=ORIENTED_EDGE('',*,*,#2694,.T.);
#3861=ORIENTED_EDGE('',*,*,#2623,.T.);
#3862=ORIENTED_EDGE('',*,*,#2686,.T.);
#3863=ORIENTED_EDGE('',*,*,#2638,.T.);
#3864=ORIENTED_EDGE('',*,*,#2647,.T.);
#3865=ORIENTED_EDGE('',*,*,#2695,.T.);
#3866=ORIENTED_EDGE('',*,*,#2645,.T.);
#3867=ORIENTED_EDGE('',*,*,#2684,.T.);
#3868=ORIENTED_EDGE('',*,*,#2649,.T.);
#3869=ORIENTED_EDGE('',*,*,#2655,.T.);
#3870=ORIENTED_EDGE('',*,*,#2696,.T.);
#3871=ORIENTED_EDGE('',*,*,#2635,.T.);
#3872=ORIENTED_EDGE('',*,*,#2685,.T.);
#3873=ORIENTED_EDGE('',*,*,#2664,.T.);
#3874=ORIENTED_EDGE('',*,*,#2672,.T.);
#3875=ORIENTED_EDGE('',*,*,#2697,.T.);
#3876=ORIENTED_EDGE('',*,*,#2646,.F.);
#3877=ORIENTED_EDGE('',*,*,#2695,.F.);
#3878=ORIENTED_EDGE('',*,*,#2689,.F.);
#3879=ORIENTED_EDGE('',*,*,#2688,.T.);
#3880=ORIENTED_EDGE('',*,*,#2678,.F.);
#3881=ORIENTED_EDGE('',*,*,#2692,.T.);
#3882=ORIENTED_EDGE('',*,*,#2676,.F.);
#3883=ORIENTED_EDGE('',*,*,#2615,.T.);
#3884=ORIENTED_EDGE('',*,*,#2614,.F.);
#3885=ORIENTED_EDGE('',*,*,#2624,.F.);
#3886=ORIENTED_EDGE('',*,*,#2694,.F.);
#3887=ORIENTED_EDGE('',*,*,#2611,.F.);
#3888=ORIENTED_EDGE('',*,*,#2636,.F.);
#3889=ORIENTED_EDGE('',*,*,#2696,.F.);
#3890=ORIENTED_EDGE('',*,*,#2654,.F.);
#3891=ORIENTED_EDGE('',*,*,#2683,.F.);
#3892=ORIENTED_EDGE('',*,*,#2682,.T.);
#3893=ORIENTED_EDGE('',*,*,#2661,.F.);
#3894=ORIENTED_EDGE('',*,*,#2698,.T.);
#3895=ORIENTED_EDGE('',*,*,#2659,.F.);
#3896=ORIENTED_EDGE('',*,*,#2627,.T.);
#3897=ORIENTED_EDGE('',*,*,#2626,.F.);
#3898=ORIENTED_EDGE('',*,*,#2660,.F.);
#3899=ORIENTED_EDGE('',*,*,#2698,.F.);
#3900=ORIENTED_EDGE('',*,*,#2671,.F.);
#3901=ORIENTED_EDGE('',*,*,#2697,.F.);
#3902=ORIENTED_EDGE('',*,*,#2699,.F.);
#3903=ORIENTED_EDGE('',*,*,#2700,.F.);
#3904=ORIENTED_EDGE('',*,*,#2701,.T.);
#3905=ORIENTED_EDGE('',*,*,#2693,.T.);
#3906=ORIENTED_EDGE('',*,*,#2701,.F.);
#3907=ORIENTED_EDGE('',*,*,#2702,.F.);
#3908=ORIENTED_EDGE('',*,*,#2703,.T.);
#3909=ORIENTED_EDGE('',*,*,#2699,.T.);
#3910=ORIENTED_EDGE('',*,*,#2700,.T.);
#3911=ORIENTED_EDGE('',*,*,#2703,.F.);
#3912=ORIENTED_EDGE('',*,*,#2704,.F.);
#3913=ORIENTED_EDGE('',*,*,#2400,.F.);
#3914=ORIENTED_EDGE('',*,*,#2705,.T.);
#3915=ORIENTED_EDGE('',*,*,#2704,.T.);
#3916=ORIENTED_EDGE('',*,*,#2702,.T.);
#3917=ORIENTED_EDGE('',*,*,#2705,.F.);
#3918=ORIENTED_EDGE('',*,*,#2641,.F.);
#3919=ORIENTED_EDGE('',*,*,#2640,.F.);
#3920=ORIENTED_EDGE('',*,*,#2619,.F.);
#3921=ORIENTED_EDGE('',*,*,#2618,.F.);
#3922=ORIENTED_EDGE('',*,*,#2173,.T.);
#3923=ORIENTED_EDGE('',*,*,#2706,.F.);
#3924=ORIENTED_EDGE('',*,*,#2125,.F.);
#3925=ORIENTED_EDGE('',*,*,#2681,.F.);
#3926=ORIENTED_EDGE('',*,*,#2652,.F.);
#3927=ORIENTED_EDGE('',*,*,#2642,.T.);
#3928=ORIENTED_EDGE('',*,*,#2142,.T.);
#3929=ORIENTED_EDGE('',*,*,#2334,.F.);
#3930=ORIENTED_EDGE('',*,*,#2159,.T.);
#3931=ORIENTED_EDGE('',*,*,#2163,.T.);
#3932=ORIENTED_EDGE('',*,*,#2166,.T.);
#3933=ORIENTED_EDGE('',*,*,#2132,.T.);
#3934=ORIENTED_EDGE('',*,*,#2136,.T.);
#3935=ORIENTED_EDGE('',*,*,#2139,.T.);
#3936=ORIENTED_EDGE('',*,*,#2112,.T.);
#3937=ORIENTED_EDGE('',*,*,#2209,.F.);
#3938=ORIENTED_EDGE('',*,*,#2603,.F.);
#3939=ORIENTED_EDGE('',*,*,#2258,.F.);
#3940=ORIENTED_EDGE('',*,*,#2210,.F.);
#3941=ORIENTED_EDGE('',*,*,#2111,.T.);
#3942=ORIENTED_EDGE('',*,*,#2083,.F.);
#3943=ORIENTED_EDGE('',*,*,#2080,.F.);
#3944=ORIENTED_EDGE('',*,*,#2092,.F.);
#3945=ORIENTED_EDGE('',*,*,#2169,.F.);
#3946=ORIENTED_EDGE('',*,*,#2361,.F.);
#3947=ORIENTED_EDGE('',*,*,#2204,.T.);
#3948=ORIENTED_EDGE('',*,*,#2257,.F.);
#3949=ORIENTED_EDGE('',*,*,#2170,.T.);
#3950=ORIENTED_EDGE('',*,*,#2127,.F.);
#3951=ORIENTED_EDGE('',*,*,#2114,.F.);
#3952=ORIENTED_EDGE('',*,*,#2105,.T.);
#3953=ORIENTED_EDGE('',*,*,#2113,.F.);
#3954=ORIENTED_EDGE('',*,*,#2690,.T.);
#3955=ORIENTED_EDGE('',*,*,#2118,.F.);
#3956=ORIENTED_EDGE('',*,*,#2131,.F.);
#3957=ORIENTED_EDGE('',*,*,#2180,.F.);
#3958=ORIENTED_EDGE('',*,*,#2706,.T.);
#3959=ORIENTED_EDGE('',*,*,#2172,.F.);
#3960=ORIENTED_EDGE('',*,*,#2088,.F.);
#3961=ORIENTED_EDGE('',*,*,#2691,.F.);
#3962=ORIENTED_EDGE('',*,*,#2401,.T.);
#3963=PLANE('',#4391);
#3964=PLANE('',#4392);
#3965=PLANE('',#4393);
#3966=PLANE('',#4394);
#3967=PLANE('',#4395);
#3968=PLANE('',#4396);
#3969=PLANE('',#4397);
#3970=PLANE('',#4398);
#3971=PLANE('',#4399);
#3972=PLANE('',#4400);
#3973=PLANE('',#4401);
#3974=PLANE('',#4402);
#3975=PLANE('',#4403);
#3976=PLANE('',#4404);
#3977=PLANE('',#4405);
#3978=PLANE('',#4406);
#3979=PLANE('',#4407);
#3980=PLANE('',#4408);
#3981=PLANE('',#4409);
#3982=PLANE('',#4410);
#3983=PLANE('',#4411);
#3984=PLANE('',#4412);
#3985=PLANE('',#4413);
#3986=PLANE('',#4414);
#3987=PLANE('',#4415);
#3988=PLANE('',#4416);
#3989=PLANE('',#4417);
#3990=PLANE('',#4418);
#3991=PLANE('',#4419);
#3992=PLANE('',#4420);
#3993=PLANE('',#4421);
#3994=PLANE('',#4422);
#3995=PLANE('',#4423);
#3996=PLANE('',#4424);
#3997=PLANE('',#4425);
#3998=PLANE('',#4426);
#3999=PLANE('',#4427);
#4000=PLANE('',#4428);
#4001=PLANE('',#4429);
#4002=PLANE('',#4430);
#4003=PLANE('',#4431);
#4004=PLANE('',#4432);
#4005=PLANE('',#4433);
#4006=PLANE('',#4434);
#4007=PLANE('',#4435);
#4008=PLANE('',#4436);
#4009=PLANE('',#4437);
#4010=PLANE('',#4438);
#4011=PLANE('',#4439);
#4012=PLANE('',#4440);
#4013=PLANE('',#4441);
#4014=PLANE('',#4442);
#4015=PLANE('',#4443);
#4016=PLANE('',#4444);
#4017=PLANE('',#4445);
#4018=PLANE('',#4446);
#4019=PLANE('',#4447);
#4020=PLANE('',#4448);
#4021=PLANE('',#4449);
#4022=PLANE('',#4450);
#4023=PLANE('',#4451);
#4024=PLANE('',#4452);
#4025=PLANE('',#4453);
#4026=PLANE('',#4454);
#4027=PLANE('',#4455);
#4028=PLANE('',#4456);
#4029=PLANE('',#4457);
#4030=PLANE('',#4458);
#4031=PLANE('',#4459);
#4032=PLANE('',#4460);
#4033=PLANE('',#4461);
#4034=PLANE('',#4462);
#4035=PLANE('',#4463);
#4036=PLANE('',#4464);
#4037=PLANE('',#4465);
#4038=PLANE('',#4466);
#4039=PLANE('',#4467);
#4040=PLANE('',#4468);
#4041=PLANE('',#4469);
#4042=PLANE('',#4470);
#4043=PLANE('',#4471);
#4044=PLANE('',#4472);
#4045=PLANE('',#4473);
#4046=PLANE('',#4474);
#4047=PLANE('',#4475);
#4048=PLANE('',#4476);
#4049=PLANE('',#4477);
#4050=PLANE('',#4478);
#4051=PLANE('',#4479);
#4052=PLANE('',#4480);
#4053=PLANE('',#4481);
#4054=PLANE('',#4482);
#4055=PLANE('',#4483);
#4056=PLANE('',#4484);
#4057=PLANE('',#4485);
#4058=PLANE('',#4486);
#4059=PLANE('',#4487);
#4060=PLANE('',#4488);
#4061=PLANE('',#4489);
#4062=PLANE('',#4490);
#4063=PLANE('',#4491);
#4064=PLANE('',#4492);
#4065=PLANE('',#4493);
#4066=PLANE('',#4494);
#4067=PLANE('',#4495);
#4068=PLANE('',#4496);
#4069=PLANE('',#4497);
#4070=PLANE('',#4498);
#4071=PLANE('',#4499);
#4072=PLANE('',#4500);
#4073=PLANE('',#4506);
#4074=PLANE('',#4513);
#4075=PLANE('',#4553);
#4076=PLANE('',#4554);
#4077=PLANE('',#4564);
#4078=PLANE('',#4565);
#4079=PLANE('',#4566);
#4080=PLANE('',#4567);
#4081=PLANE('',#4568);
#4082=PLANE('',#4569);
#4083=PLANE('',#4570);
#4084=PLANE('',#4571);
#4085=PLANE('',#4572);
#4086=PLANE('',#4573);
#4087=PLANE('',#4574);
#4088=PLANE('',#4575);
#4089=PLANE('',#4576);
#4090=PLANE('',#4577);
#4091=PLANE('',#4578);
#4092=PLANE('',#4579);
#4093=PLANE('',#4580);
#4094=PLANE('',#4581);
#4095=PLANE('',#4582);
#4096=PLANE('',#4583);
#4097=PLANE('',#4584);
#4098=PLANE('',#4585);
#4099=PLANE('',#4586);
#4100=PLANE('',#4587);
#4101=PLANE('',#4588);
#4102=PLANE('',#4589);
#4103=PLANE('',#4590);
#4104=PLANE('',#4591);
#4105=PLANE('',#4592);
#4106=PLANE('',#4593);
#4107=PLANE('',#4594);
#4108=PLANE('',#4595);
#4109=PLANE('',#4596);
#4110=PLANE('',#4597);
#4111=PLANE('',#4598);
#4112=PLANE('',#4599);
#4113=PLANE('',#4600);
#4114=PLANE('',#4601);
#4115=PLANE('',#4602);
#4116=PLANE('',#4603);
#4117=PLANE('',#4604);
#4118=PLANE('',#4605);
#4119=PLANE('',#4606);
#4120=PLANE('',#4607);
#4121=PLANE('',#4608);
#4122=PLANE('',#4609);
#4123=PLANE('',#4610);
#4124=PLANE('',#4611);
#4125=PLANE('',#4612);
#4126=PLANE('',#4613);
#4127=PLANE('',#4616);
#4128=PLANE('',#4636);
#4129=PLANE('',#4637);
#4130=PLANE('',#4638);
#4131=PLANE('',#4639);
#4132=PLANE('',#4640);
#4133=PLANE('',#4641);
#4134=PLANE('',#4642);
#4135=PLANE('',#4643);
#4136=ADVANCED_FACE('',(#226),#3963,.T.);
#4137=ADVANCED_FACE('',(#227),#3964,.T.);
#4138=ADVANCED_FACE('',(#228),#3965,.T.);
#4139=ADVANCED_FACE('',(#229),#3966,.T.);
#4140=ADVANCED_FACE('',(#230),#3967,.T.);
#4141=ADVANCED_FACE('',(#231),#3968,.T.);
#4142=ADVANCED_FACE('',(#232),#3969,.T.);
#4143=ADVANCED_FACE('',(#233),#3970,.T.);
#4144=ADVANCED_FACE('',(#234),#3971,.T.);
#4145=ADVANCED_FACE('',(#235),#3972,.T.);
#4146=ADVANCED_FACE('',(#236),#3973,.T.);
#4147=ADVANCED_FACE('',(#237),#3974,.T.);
#4148=ADVANCED_FACE('',(#238),#3975,.T.);
#4149=ADVANCED_FACE('',(#239),#3976,.T.);
#4150=ADVANCED_FACE('',(#240),#3977,.T.);
#4151=ADVANCED_FACE('',(#241),#3978,.T.);
#4152=ADVANCED_FACE('',(#242),#3979,.T.);
#4153=ADVANCED_FACE('',(#243),#3980,.T.);
#4154=ADVANCED_FACE('',(#244),#3981,.T.);
#4155=ADVANCED_FACE('',(#245),#3982,.T.);
#4156=ADVANCED_FACE('',(#246),#3983,.T.);
#4157=ADVANCED_FACE('',(#247),#3984,.T.);
#4158=ADVANCED_FACE('',(#248),#3985,.T.);
#4159=ADVANCED_FACE('',(#249),#3986,.T.);
#4160=ADVANCED_FACE('',(#250),#3987,.T.);
#4161=ADVANCED_FACE('',(#251),#3988,.T.);
#4162=ADVANCED_FACE('',(#252),#3989,.T.);
#4163=ADVANCED_FACE('',(#253),#3990,.T.);
#4164=ADVANCED_FACE('',(#254),#3991,.T.);
#4165=ADVANCED_FACE('',(#255),#3992,.T.);
#4166=ADVANCED_FACE('',(#256),#3993,.T.);
#4167=ADVANCED_FACE('',(#257),#3994,.T.);
#4168=ADVANCED_FACE('',(#258),#3995,.T.);
#4169=ADVANCED_FACE('',(#259),#3996,.T.);
#4170=ADVANCED_FACE('',(#260),#3997,.T.);
#4171=ADVANCED_FACE('',(#261),#3998,.T.);
#4172=ADVANCED_FACE('',(#262),#3999,.T.);
#4173=ADVANCED_FACE('',(#263),#4000,.T.);
#4174=ADVANCED_FACE('',(#264),#4001,.T.);
#4175=ADVANCED_FACE('',(#265),#4002,.T.);
#4176=ADVANCED_FACE('',(#266),#4003,.T.);
#4177=ADVANCED_FACE('',(#267),#4004,.F.);
#4178=ADVANCED_FACE('',(#268),#4005,.T.);
#4179=ADVANCED_FACE('',(#269),#4006,.T.);
#4180=ADVANCED_FACE('',(#270),#4007,.T.);
#4181=ADVANCED_FACE('',(#271),#4008,.T.);
#4182=ADVANCED_FACE('',(#272),#4009,.T.);
#4183=ADVANCED_FACE('',(#273),#4010,.T.);
#4184=ADVANCED_FACE('',(#274),#4011,.T.);
#4185=ADVANCED_FACE('',(#275),#4012,.T.);
#4186=ADVANCED_FACE('',(#276),#4013,.T.);
#4187=ADVANCED_FACE('',(#277),#4014,.T.);
#4188=ADVANCED_FACE('',(#278),#4015,.T.);
#4189=ADVANCED_FACE('',(#279),#4016,.T.);
#4190=ADVANCED_FACE('',(#280),#4017,.F.);
#4191=ADVANCED_FACE('',(#281),#4018,.T.);
#4192=ADVANCED_FACE('',(#282),#4019,.T.);
#4193=ADVANCED_FACE('',(#283),#4020,.T.);
#4194=ADVANCED_FACE('',(#284),#4021,.T.);
#4195=ADVANCED_FACE('',(#285),#4022,.T.);
#4196=ADVANCED_FACE('',(#286),#4023,.T.);
#4197=ADVANCED_FACE('',(#287),#4024,.T.);
#4198=ADVANCED_FACE('',(#288),#4025,.T.);
#4199=ADVANCED_FACE('',(#289),#4026,.T.);
#4200=ADVANCED_FACE('',(#290),#4027,.T.);
#4201=ADVANCED_FACE('',(#291),#4028,.T.);
#4202=ADVANCED_FACE('',(#292),#4029,.T.);
#4203=ADVANCED_FACE('',(#293),#4030,.T.);
#4204=ADVANCED_FACE('',(#294),#4031,.T.);
#4205=ADVANCED_FACE('',(#295),#4032,.T.);
#4206=ADVANCED_FACE('',(#296),#4033,.T.);
#4207=ADVANCED_FACE('',(#297),#4034,.T.);
#4208=ADVANCED_FACE('',(#298),#4035,.T.);
#4209=ADVANCED_FACE('',(#299),#4036,.T.);
#4210=ADVANCED_FACE('',(#300),#4037,.T.);
#4211=ADVANCED_FACE('',(#301),#4038,.T.);
#4212=ADVANCED_FACE('',(#302),#4039,.T.);
#4213=ADVANCED_FACE('',(#303),#4040,.T.);
#4214=ADVANCED_FACE('',(#304),#4041,.T.);
#4215=ADVANCED_FACE('',(#305),#4042,.T.);
#4216=ADVANCED_FACE('',(#306),#4043,.T.);
#4217=ADVANCED_FACE('',(#307),#4044,.T.);
#4218=ADVANCED_FACE('',(#308),#4045,.T.);
#4219=ADVANCED_FACE('',(#309),#4046,.T.);
#4220=ADVANCED_FACE('',(#310),#4047,.T.);
#4221=ADVANCED_FACE('',(#311),#4048,.T.);
#4222=ADVANCED_FACE('',(#312),#4049,.T.);
#4223=ADVANCED_FACE('',(#313),#4050,.T.);
#4224=ADVANCED_FACE('',(#314),#4051,.T.);
#4225=ADVANCED_FACE('',(#315),#4052,.T.);
#4226=ADVANCED_FACE('',(#316),#4053,.T.);
#4227=ADVANCED_FACE('',(#317),#4054,.T.);
#4228=ADVANCED_FACE('',(#318,#122),#4055,.T.);
#4229=ADVANCED_FACE('',(#319),#4056,.T.);
#4230=ADVANCED_FACE('',(#320),#4057,.T.);
#4231=ADVANCED_FACE('',(#321),#4058,.T.);
#4232=ADVANCED_FACE('',(#322),#4059,.T.);
#4233=ADVANCED_FACE('',(#323),#4060,.T.);
#4234=ADVANCED_FACE('',(#324),#4061,.T.);
#4235=ADVANCED_FACE('',(#325),#4062,.T.);
#4236=ADVANCED_FACE('',(#326),#4063,.T.);
#4237=ADVANCED_FACE('',(#327,#123,#124,#125,#126),#4064,.T.);
#4238=ADVANCED_FACE('',(#328),#4065,.T.);
#4239=ADVANCED_FACE('',(#329),#4066,.T.);
#4240=ADVANCED_FACE('',(#330),#4067,.T.);
#4241=ADVANCED_FACE('',(#331),#4068,.T.);
#4242=ADVANCED_FACE('',(#332),#4069,.T.);
#4243=ADVANCED_FACE('',(#333),#4070,.T.);
#4244=ADVANCED_FACE('',(#334),#4071,.T.);
#4245=ADVANCED_FACE('',(#335),#4072,.T.);
#4246=ADVANCED_FACE('',(#336),#120,.T.);
#4247=ADVANCED_FACE('',(#337,#127),#4073,.T.);
#4248=ADVANCED_FACE('',(#338),#73,.T.);
#4249=ADVANCED_FACE('',(#339),#74,.F.);
#4250=ADVANCED_FACE('',(#340,#128),#4074,.T.);
#4251=ADVANCED_FACE('',(#341),#75,.F.);
#4252=ADVANCED_FACE('',(#342),#76,.F.);
#4253=ADVANCED_FACE('',(#343),#77,.F.);
#4254=ADVANCED_FACE('',(#344),#78,.F.);
#4255=ADVANCED_FACE('',(#345),#79,.T.);
#4256=ADVANCED_FACE('',(#346),#80,.T.);
#4257=ADVANCED_FACE('',(#347),#81,.F.);
#4258=ADVANCED_FACE('',(#348),#82,.F.);
#4259=ADVANCED_FACE('',(#349),#83,.T.);
#4260=ADVANCED_FACE('',(#350),#84,.F.);
#4261=ADVANCED_FACE('',(#351),#85,.F.);
#4262=ADVANCED_FACE('',(#352),#86,.T.);
#4263=ADVANCED_FACE('',(#353),#87,.T.);
#4264=ADVANCED_FACE('',(#354),#88,.F.);
#4265=ADVANCED_FACE('',(#355),#89,.F.);
#4266=ADVANCED_FACE('',(#356),#90,.F.);
#4267=ADVANCED_FACE('',(#357),#91,.T.);
#4268=ADVANCED_FACE('',(#358),#92,.F.);
#4269=ADVANCED_FACE('',(#359),#4075,.F.);
#4270=ADVANCED_FACE('',(#360),#4076,.F.);
#4271=ADVANCED_FACE('',(#361),#93,.T.);
#4272=ADVANCED_FACE('',(#362),#94,.T.);
#4273=ADVANCED_FACE('',(#363),#95,.T.);
#4274=ADVANCED_FACE('',(#364),#96,.T.);
#4275=ADVANCED_FACE('',(#365),#97,.T.);
#4276=ADVANCED_FACE('',(#366),#98,.T.);
#4277=ADVANCED_FACE('',(#367),#4077,.T.);
#4278=ADVANCED_FACE('',(#368),#4078,.F.);
#4279=ADVANCED_FACE('',(#369),#4079,.F.);
#4280=ADVANCED_FACE('',(#370),#4080,.F.);
#4281=ADVANCED_FACE('',(#371),#4081,.F.);
#4282=ADVANCED_FACE('',(#372),#4082,.F.);
#4283=ADVANCED_FACE('',(#373),#4083,.F.);
#4284=ADVANCED_FACE('',(#374),#4084,.F.);
#4285=ADVANCED_FACE('',(#375),#4085,.F.);
#4286=ADVANCED_FACE('',(#376),#4086,.F.);
#4287=ADVANCED_FACE('',(#377),#4087,.F.);
#4288=ADVANCED_FACE('',(#378),#4088,.F.);
#4289=ADVANCED_FACE('',(#379),#4089,.F.);
#4290=ADVANCED_FACE('',(#380),#4090,.F.);
#4291=ADVANCED_FACE('',(#381),#4091,.F.);
#4292=ADVANCED_FACE('',(#382),#4092,.F.);
#4293=ADVANCED_FACE('',(#383),#4093,.F.);
#4294=ADVANCED_FACE('',(#384),#4094,.F.);
#4295=ADVANCED_FACE('',(#385),#4095,.F.);
#4296=ADVANCED_FACE('',(#386),#4096,.T.);
#4297=ADVANCED_FACE('',(#387),#4097,.T.);
#4298=ADVANCED_FACE('',(#388),#4098,.T.);
#4299=ADVANCED_FACE('',(#389),#4099,.T.);
#4300=ADVANCED_FACE('',(#390),#4100,.F.);
#4301=ADVANCED_FACE('',(#391),#4101,.T.);
#4302=ADVANCED_FACE('',(#392),#4102,.T.);
#4303=ADVANCED_FACE('',(#393),#4103,.T.);
#4304=ADVANCED_FACE('',(#394),#4104,.F.);
#4305=ADVANCED_FACE('',(#395),#4105,.F.);
#4306=ADVANCED_FACE('',(#396),#4106,.T.);
#4307=ADVANCED_FACE('',(#397),#4107,.T.);
#4308=ADVANCED_FACE('',(#398),#4108,.T.);
#4309=ADVANCED_FACE('',(#399),#4109,.T.);
#4310=ADVANCED_FACE('',(#400),#4110,.T.);
#4311=ADVANCED_FACE('',(#401),#4111,.T.);
#4312=ADVANCED_FACE('',(#402),#4112,.T.);
#4313=ADVANCED_FACE('',(#403),#4113,.T.);
#4314=ADVANCED_FACE('',(#404),#4114,.T.);
#4315=ADVANCED_FACE('',(#405),#4115,.T.);
#4316=ADVANCED_FACE('',(#406),#4116,.T.);
#4317=ADVANCED_FACE('',(#407),#4117,.T.);
#4318=ADVANCED_FACE('',(#408),#4118,.T.);
#4319=ADVANCED_FACE('',(#409),#4119,.T.);
#4320=ADVANCED_FACE('',(#410),#4120,.T.);
#4321=ADVANCED_FACE('',(#411),#4121,.T.);
#4322=ADVANCED_FACE('',(#412),#4122,.T.);
#4323=ADVANCED_FACE('',(#413),#4123,.T.);
#4324=ADVANCED_FACE('',(#414),#4124,.T.);
#4325=ADVANCED_FACE('',(#415),#25,.T.);
#4326=ADVANCED_FACE('',(#416),#26,.T.);
#4327=ADVANCED_FACE('',(#417),#27,.T.);
#4328=ADVANCED_FACE('',(#418),#28,.T.);
#4329=ADVANCED_FACE('',(#419),#29,.T.);
#4330=ADVANCED_FACE('',(#420),#30,.T.);
#4331=ADVANCED_FACE('',(#421),#31,.T.);
#4332=ADVANCED_FACE('',(#422),#32,.T.);
#4333=ADVANCED_FACE('',(#423),#33,.T.);
#4334=ADVANCED_FACE('',(#424),#34,.T.);
#4335=ADVANCED_FACE('',(#425),#35,.T.);
#4336=ADVANCED_FACE('',(#426),#36,.T.);
#4337=ADVANCED_FACE('',(#427),#37,.T.);
#4338=ADVANCED_FACE('',(#428),#38,.T.);
#4339=ADVANCED_FACE('',(#429),#39,.T.);
#4340=ADVANCED_FACE('',(#430),#40,.T.);
#4341=ADVANCED_FACE('',(#431),#41,.T.);
#4342=ADVANCED_FACE('',(#432),#42,.T.);
#4343=ADVANCED_FACE('',(#433),#43,.T.);
#4344=ADVANCED_FACE('',(#434),#44,.T.);
#4345=ADVANCED_FACE('',(#435),#45,.T.);
#4346=ADVANCED_FACE('',(#436),#46,.T.);
#4347=ADVANCED_FACE('',(#437),#47,.T.);
#4348=ADVANCED_FACE('',(#438),#48,.T.);
#4349=ADVANCED_FACE('',(#439),#4125,.T.);
#4350=ADVANCED_FACE('',(#440),#4126,.T.);
#4351=ADVANCED_FACE('',(#441),#18,.T.);
#4352=ADVANCED_FACE('',(#442,#129),#4127,.T.);
#4353=ADVANCED_FACE('',(#443),#19,.T.);
#4354=ADVANCED_FACE('',(#444),#20,.T.);
#4355=ADVANCED_FACE('',(#445),#21,.T.);
#4356=ADVANCED_FACE('',(#446),#22,.T.);
#4357=ADVANCED_FACE('',(#447),#23,.T.);
#4358=ADVANCED_FACE('',(#448),#24,.T.);
#4359=ADVANCED_FACE('',(#449),#121,.T.);
#4360=ADVANCED_FACE('',(#450),#99,.T.);
#4361=ADVANCED_FACE('',(#451),#4128,.T.);
#4362=ADVANCED_FACE('',(#452),#4129,.T.);
#4363=ADVANCED_FACE('',(#453),#4130,.F.);
#4364=ADVANCED_FACE('',(#454),#4131,.T.);
#4365=ADVANCED_FACE('',(#455),#4132,.T.);
#4366=ADVANCED_FACE('',(#456),#4133,.F.);
#4367=ADVANCED_FACE('',(#457),#4134,.F.);
#4368=ADVANCED_FACE('',(#458),#4135,.F.);
#4369=CLOSED_SHELL('',(#4136,#4137,#4138,#4139,#4140,#4141,#4142,#4143,
#4144,#4145,#4146,#4147,#4148,#4149,#4150,#4151,#4152,#4153,#4154,#4155,
#4156,#4157,#4158,#4159,#4160,#4161,#4162,#4163,#4164,#4165,#4166,#4167,
#4168,#4169,#4170,#4171,#4172,#4173,#4174,#4175,#4176,#4177,#4178,#4179,
#4180,#4181,#4182,#4183,#4184,#4185,#4186,#4187,#4188,#4189,#4190,#4191,
#4192,#4193,#4194,#4195,#4196,#4197,#4198,#4199,#4200,#4201,#4202,#4203,
#4204,#4205,#4206,#4207,#4208,#4209,#4210,#4211,#4212,#4213,#4214,#4215,
#4216,#4217,#4218,#4219,#4220,#4221,#4222,#4223,#4224,#4225,#4226,#4227,
#4228,#4229,#4230,#4231,#4232,#4233,#4234,#4235,#4236,#4237,#4238,#4239,
#4240,#4241,#4242,#4243,#4244,#4245,#4246,#4247,#4248,#4249,#4250,#4251,
#4252,#4253,#4254,#4255,#4256,#4257,#4258,#4259,#4260,#4261,#4262,#4263,
#4264,#4265,#4266,#4267,#4268,#4269,#4270,#4271,#4272,#4273,#4274,#4275,
#4276,#4277,#4278,#4279,#4280,#4281,#4282,#4283,#4284,#4285,#4286,#4287,
#4288,#4289,#4290,#4291,#4292,#4293,#4294,#4295,#4296,#4297,#4298,#4299,
#4300,#4301,#4302,#4303,#4304,#4305,#4306,#4307,#4308,#4309,#4310,#4311,
#4312,#4313,#4314,#4315,#4316,#4317,#4318,#4319,#4320,#4321,#4322,#4323,
#4324,#4325,#4326,#4327,#4328,#4329,#4330,#4331,#4332,#4333,#4334,#4335,
#4336,#4337,#4338,#4339,#4340,#4341,#4342,#4343,#4344,#4345,#4346,#4347,
#4348,#4349,#4350,#4351,#4352,#4353,#4354,#4355,#4356,#4357,#4358,#4359,
#4360,#4361,#4362,#4363,#4364,#4365,#4366,#4367,#4368));
#4370=DERIVED_UNIT_ELEMENT(#4372,1.);
#4371=DERIVED_UNIT_ELEMENT(#7709,-3.);
#4372=(
CONVERSION_BASED_UNIT('gram',#4374)
MASS_UNIT()
NAMED_UNIT(#7706)
);
#4373=(
MASS_UNIT()
NAMED_UNIT(*)
SI_UNIT(.KILO.,.GRAM.)
);
#4374=MASS_MEASURE_WITH_UNIT(MASS_MEASURE(0.001),#4373);
#4375=DERIVED_UNIT((#4370,#4371));
#4376=MEASURE_REPRESENTATION_ITEM('density measure',
POSITIVE_RATIO_MEASURE(1.),#4375);
#4377=PROPERTY_DEFINITION_REPRESENTATION(#4382,#4379);
#4378=PROPERTY_DEFINITION_REPRESENTATION(#4383,#4380);
#4379=REPRESENTATION('material name',(#4381),#7703);
#4380=REPRESENTATION('density',(#4376),#7703);
#4381=DESCRIPTIVE_REPRESENTATION_ITEM('Generic','Generic');
#4382=PROPERTY_DEFINITION('material property','material name',#7717);
#4383=PROPERTY_DEFINITION('material property','density of part',#7717);
#4384=DATE_TIME_ROLE('creation_date');
#4385=APPLIED_DATE_AND_TIME_ASSIGNMENT(#4386,#4384,(#7717));
#4386=DATE_AND_TIME(#4387,#4388);
#4387=CALENDAR_DATE(2024,12,11);
#4388=LOCAL_TIME(0,0,0.,#4389);
#4389=COORDINATED_UNIVERSAL_TIME_OFFSET(0,0,.BEHIND.);
#4390=AXIS2_PLACEMENT_3D('',#5640,#4644,#4645);
#4391=AXIS2_PLACEMENT_3D('',#5641,#4646,#4647);
#4392=AXIS2_PLACEMENT_3D('',#5650,#4652,#4653);
#4393=AXIS2_PLACEMENT_3D('',#5656,#4657,#4658);
#4394=AXIS2_PLACEMENT_3D('',#5664,#4663,#4664);
#4395=AXIS2_PLACEMENT_3D('',#5670,#4668,#4669);
#4396=AXIS2_PLACEMENT_3D('',#5679,#4674,#4675);
#4397=AXIS2_PLACEMENT_3D('',#5685,#4679,#4680);
#4398=AXIS2_PLACEMENT_3D('',#5691,#4684,#4685);
#4399=AXIS2_PLACEMENT_3D('',#5697,#4689,#4690);
#4400=AXIS2_PLACEMENT_3D('',#5703,#4694,#4695);
#4401=AXIS2_PLACEMENT_3D('',#5706,#4698,#4699);
#4402=AXIS2_PLACEMENT_3D('',#5712,#4703,#4704);
#4403=AXIS2_PLACEMENT_3D('',#5718,#4708,#4709);
#4404=AXIS2_PLACEMENT_3D('',#5722,#4712,#4713);
#4405=AXIS2_PLACEMENT_3D('',#5755,#4716,#4717);
#4406=AXIS2_PLACEMENT_3D('',#5761,#4721,#4722);
#4407=AXIS2_PLACEMENT_3D('',#5767,#4726,#4727);
#4408=AXIS2_PLACEMENT_3D('',#5776,#4732,#4733);
#4409=AXIS2_PLACEMENT_3D('',#5782,#4737,#4738);
#4410=AXIS2_PLACEMENT_3D('',#5788,#4742,#4743);
#4411=AXIS2_PLACEMENT_3D('',#5794,#4747,#4748);
#4412=AXIS2_PLACEMENT_3D('',#5800,#4752,#4753);
#4413=AXIS2_PLACEMENT_3D('',#5806,#4757,#4758);
#4414=AXIS2_PLACEMENT_3D('',#5812,#4762,#4763);
#4415=AXIS2_PLACEMENT_3D('',#5818,#4767,#4768);
#4416=AXIS2_PLACEMENT_3D('',#5821,#4771,#4772);
#4417=AXIS2_PLACEMENT_3D('',#5830,#4777,#4778);
#4418=AXIS2_PLACEMENT_3D('',#5836,#4782,#4783);
#4419=AXIS2_PLACEMENT_3D('',#5839,#4786,#4787);
#4420=AXIS2_PLACEMENT_3D('',#5846,#4792,#4793);
#4421=AXIS2_PLACEMENT_3D('',#5848,#4795,#4796);
#4422=AXIS2_PLACEMENT_3D('',#5882,#4799,#4800);
#4423=AXIS2_PLACEMENT_3D('',#5884,#4802,#4803);
#4424=AXIS2_PLACEMENT_3D('',#5897,#4810,#4811);
#4425=AXIS2_PLACEMENT_3D('',#5903,#4815,#4816);
#4426=AXIS2_PLACEMENT_3D('',#5909,#4820,#4821);
#4427=AXIS2_PLACEMENT_3D('',#5915,#4825,#4826);
#4428=AXIS2_PLACEMENT_3D('',#5921,#4830,#4831);
#4429=AXIS2_PLACEMENT_3D('',#5927,#4835,#4836);
#4430=AXIS2_PLACEMENT_3D('',#5933,#4840,#4841);
#4431=AXIS2_PLACEMENT_3D('',#5939,#4845,#4846);
#4432=AXIS2_PLACEMENT_3D('',#5944,#4850,#4851);
#4433=AXIS2_PLACEMENT_3D('',#5948,#4854,#4855);
#4434=AXIS2_PLACEMENT_3D('',#5952,#4858,#4859);
#4435=AXIS2_PLACEMENT_3D('',#5958,#4863,#4864);
#4436=AXIS2_PLACEMENT_3D('',#5967,#4869,#4870);
#4437=AXIS2_PLACEMENT_3D('',#5973,#4874,#4875);
#4438=AXIS2_PLACEMENT_3D('',#5981,#4880,#4881);
#4439=AXIS2_PLACEMENT_3D('',#5987,#4885,#4886);
#4440=AXIS2_PLACEMENT_3D('',#5996,#4891,#4892);
#4441=AXIS2_PLACEMENT_3D('',#6002,#4896,#4897);
#4442=AXIS2_PLACEMENT_3D('',#6008,#4901,#4902);
#4443=AXIS2_PLACEMENT_3D('',#6014,#4906,#4907);
#4444=AXIS2_PLACEMENT_3D('',#6017,#4910,#4911);
#4445=AXIS2_PLACEMENT_3D('',#6019,#4913,#4914);
#4446=AXIS2_PLACEMENT_3D('',#6023,#4917,#4918);
#4447=AXIS2_PLACEMENT_3D('',#6027,#4921,#4922);
#4448=AXIS2_PLACEMENT_3D('',#6033,#4926,#4927);
#4449=AXIS2_PLACEMENT_3D('',#6041,#4933,#4934);
#4450=AXIS2_PLACEMENT_3D('',#6050,#4939,#4940);
#4451=AXIS2_PLACEMENT_3D('',#6056,#4944,#4945);
#4452=AXIS2_PLACEMENT_3D('',#6062,#4949,#4950);
#4453=AXIS2_PLACEMENT_3D('',#6065,#4953,#4954);
#4454=AXIS2_PLACEMENT_3D('',#6074,#4959,#4960);
#4455=AXIS2_PLACEMENT_3D('',#6080,#4964,#4965);
#4456=AXIS2_PLACEMENT_3D('',#6086,#4969,#4970);
#4457=AXIS2_PLACEMENT_3D('',#6089,#4973,#4974);
#4458=AXIS2_PLACEMENT_3D('',#6098,#4979,#4980);
#4459=AXIS2_PLACEMENT_3D('',#6104,#4984,#4985);
#4460=AXIS2_PLACEMENT_3D('',#6110,#4989,#4990);
#4461=AXIS2_PLACEMENT_3D('',#6113,#4993,#4994);
#4462=AXIS2_PLACEMENT_3D('',#6122,#4999,#5000);
#4463=AXIS2_PLACEMENT_3D('',#6128,#5004,#5005);
#4464=AXIS2_PLACEMENT_3D('',#6137,#5010,#5011);
#4465=AXIS2_PLACEMENT_3D('',#6143,#5015,#5016);
#4466=AXIS2_PLACEMENT_3D('',#6150,#5021,#5022);
#4467=AXIS2_PLACEMENT_3D('',#6156,#5026,#5027);
#4468=AXIS2_PLACEMENT_3D('',#6160,#5031,#5032);
#4469=AXIS2_PLACEMENT_3D('',#6163,#5035,#5036);
#4470=AXIS2_PLACEMENT_3D('',#6166,#5039,#5040);
#4471=AXIS2_PLACEMENT_3D('',#6172,#5044,#5045);
#4472=AXIS2_PLACEMENT_3D('',#6178,#5049,#5050);
#4473=AXIS2_PLACEMENT_3D('',#6185,#5056,#5057);
#4474=AXIS2_PLACEMENT_3D('',#6194,#5062,#5063);
#4475=AXIS2_PLACEMENT_3D('',#6200,#5067,#5068);
#4476=AXIS2_PLACEMENT_3D('',#6206,#5072,#5073);
#4477=AXIS2_PLACEMENT_3D('',#6209,#5076,#5077);
#4478=AXIS2_PLACEMENT_3D('',#6215,#5081,#5082);
#4479=AXIS2_PLACEMENT_3D('',#6221,#5086,#5087);
#4480=AXIS2_PLACEMENT_3D('',#6227,#5091,#5092);
#4481=AXIS2_PLACEMENT_3D('',#6233,#5096,#5097);
#4482=AXIS2_PLACEMENT_3D('',#6236,#5100,#5101);
#4483=AXIS2_PLACEMENT_3D('',#6239,#5104,#5105);
#4484=AXIS2_PLACEMENT_3D('',#6250,#5112,#5113);
#4485=AXIS2_PLACEMENT_3D('',#6251,#5114,#5115);
#4486=AXIS2_PLACEMENT_3D('',#6252,#5116,#5117);
#4487=AXIS2_PLACEMENT_3D('',#6253,#5118,#5119);
#4488=AXIS2_PLACEMENT_3D('',#6254,#5120,#5121);
#4489=AXIS2_PLACEMENT_3D('',#6255,#5122,#5123);
#4490=AXIS2_PLACEMENT_3D('',#6256,#5124,#5125);
#4491=AXIS2_PLACEMENT_3D('',#6257,#5126,#5127);
#4492=AXIS2_PLACEMENT_3D('',#6258,#5128,#5129);
#4493=AXIS2_PLACEMENT_3D('',#6259,#5130,#5131);
#4494=AXIS2_PLACEMENT_3D('',#6268,#5136,#5137);
#4495=AXIS2_PLACEMENT_3D('',#6274,#5141,#5142);
#4496=AXIS2_PLACEMENT_3D('',#6280,#5146,#5147);
#4497=AXIS2_PLACEMENT_3D('',#6286,#5151,#5152);
#4498=AXIS2_PLACEMENT_3D('',#6292,#5156,#5157);
#4499=AXIS2_PLACEMENT_3D('',#6298,#5161,#5162);
#4500=AXIS2_PLACEMENT_3D('',#6304,#5166,#5167);
#4501=AXIS2_PLACEMENT_3D('',#6314,#5173,#5174);
#4502=AXIS2_PLACEMENT_3D('',#6317,#5175,#5176);
#4503=AXIS2_PLACEMENT_3D('',#6319,#5177,#5178);
#4504=AXIS2_PLACEMENT_3D('',#6320,#5179,#5180);
#4505=AXIS2_PLACEMENT_3D('',#6321,#5181,#5182);
#4506=AXIS2_PLACEMENT_3D('',#6322,#5183,#5184);
#4507=AXIS2_PLACEMENT_3D('',#6324,#5185,#5186);
#4508=AXIS2_PLACEMENT_3D('',#6325,#5187,#5188);
#4509=AXIS2_PLACEMENT_3D('',#6327,#5189,#5190);
#4510=AXIS2_PLACEMENT_3D('',#6329,#5192,#5193);
#4511=AXIS2_PLACEMENT_3D('',#6332,#5194,#5195);
#4512=AXIS2_PLACEMENT_3D('',#6336,#5197,#5198);
#4513=AXIS2_PLACEMENT_3D('',#6338,#5200,#5201);
#4514=AXIS2_PLACEMENT_3D('',#6372,#5220,#5221);
#4515=AXIS2_PLACEMENT_3D('',#6374,#5222,#5223);
#4516=AXIS2_PLACEMENT_3D('',#6377,#5225,#5226);
#4517=AXIS2_PLACEMENT_3D('',#6378,#5227,#5228);
#4518=AXIS2_PLACEMENT_3D('',#6380,#5229,#5230);
#4519=AXIS2_PLACEMENT_3D('',#6383,#5232,#5233);
#4520=AXIS2_PLACEMENT_3D('',#6384,#5234,#5235);
#4521=AXIS2_PLACEMENT_3D('',#6386,#5236,#5237);
#4522=AXIS2_PLACEMENT_3D('',#6388,#5238,#5239);
#4523=AXIS2_PLACEMENT_3D('',#6390,#5241,#5242);
#4524=AXIS2_PLACEMENT_3D('',#6392,#5244,#5245);
#4525=AXIS2_PLACEMENT_3D('',#6394,#5246,#5247);
#4526=AXIS2_PLACEMENT_3D('',#6397,#5249,#5250);
#4527=AXIS2_PLACEMENT_3D('',#6398,#5251,#5252);
#4528=AXIS2_PLACEMENT_3D('',#6400,#5253,#5254);
#4529=AXIS2_PLACEMENT_3D('',#6402,#5256,#5257);
#4530=AXIS2_PLACEMENT_3D('',#6404,#5259,#5260);
#4531=AXIS2_PLACEMENT_3D('',#6406,#5262,#5263);
#4532=AXIS2_PLACEMENT_3D('',#6408,#5264,#5265);
#4533=AXIS2_PLACEMENT_3D('',#6411,#5267,#5268);
#4534=AXIS2_PLACEMENT_3D('',#6412,#5269,#5270);
#4535=AXIS2_PLACEMENT_3D('',#6415,#5272,#5273);
#4536=AXIS2_PLACEMENT_3D('',#6416,#5274,#5275);
#4537=AXIS2_PLACEMENT_3D('',#6418,#5276,#5277);
#4538=AXIS2_PLACEMENT_3D('',#6420,#5279,#5280);
#4539=AXIS2_PLACEMENT_3D('',#6422,#5281,#5282);
#4540=AXIS2_PLACEMENT_3D('',#6425,#5284,#5285);
#4541=AXIS2_PLACEMENT_3D('',#6426,#5286,#5287);
#4542=AXIS2_PLACEMENT_3D('',#6428,#5289,#5290);
#4543=AXIS2_PLACEMENT_3D('',#6431,#5292,#5293);
#4544=AXIS2_PLACEMENT_3D('',#6432,#5294,#5295);
#4545=AXIS2_PLACEMENT_3D('',#6434,#5296,#5297);
#4546=AXIS2_PLACEMENT_3D('',#6436,#5299,#5300);
#4547=AXIS2_PLACEMENT_3D('',#6438,#5302,#5303);
#4548=AXIS2_PLACEMENT_3D('',#6440,#5304,#5305);
#4549=AXIS2_PLACEMENT_3D('',#6443,#5307,#5308);
#4550=AXIS2_PLACEMENT_3D('',#6444,#5309,#5310);
#4551=AXIS2_PLACEMENT_3D('',#6447,#5311,#5312);
#4552=AXIS2_PLACEMENT_3D('',#6451,#5314,#5315);
#4553=AXIS2_PLACEMENT_3D('',#6453,#5317,#5318);
#4554=AXIS2_PLACEMENT_3D('',#6468,#5327,#5328);
#4555=AXIS2_PLACEMENT_3D('',#6494,#5342,#5343);
#4556=AXIS2_PLACEMENT_3D('',#6497,#5345,#5346);
#4557=AXIS2_PLACEMENT_3D('',#6498,#5347,#5348);
#4558=AXIS2_PLACEMENT_3D('',#6500,#5350,#5351);
#4559=AXIS2_PLACEMENT_3D('',#6502,#5353,#5354);
#4560=AXIS2_PLACEMENT_3D('',#6505,#5356,#5357);
#4561=AXIS2_PLACEMENT_3D('',#6506,#5358,#5359);
#4562=AXIS2_PLACEMENT_3D('',#6509,#5361,#5362);
#4563=AXIS2_PLACEMENT_3D('',#6510,#5363,#5364);
#4564=AXIS2_PLACEMENT_3D('',#6512,#5366,#5367);
#4565=AXIS2_PLACEMENT_3D('',#6513,#5368,#5369);
#4566=AXIS2_PLACEMENT_3D('',#6522,#5374,#5375);
#4567=AXIS2_PLACEMENT_3D('',#6528,#5379,#5380);
#4568=AXIS2_PLACEMENT_3D('',#6534,#5384,#5385);
#4569=AXIS2_PLACEMENT_3D('',#6540,#5389,#5390);
#4570=AXIS2_PLACEMENT_3D('',#6544,#5393,#5394);
#4571=AXIS2_PLACEMENT_3D('',#6546,#5396,#5397);
#4572=AXIS2_PLACEMENT_3D('',#6555,#5402,#5403);
#4573=AXIS2_PLACEMENT_3D('',#6561,#5407,#5408);
#4574=AXIS2_PLACEMENT_3D('',#6567,#5412,#5413);
#4575=AXIS2_PLACEMENT_3D('',#6573,#5417,#5418);
#4576=AXIS2_PLACEMENT_3D('',#6577,#5421,#5422);
#4577=AXIS2_PLACEMENT_3D('',#6581,#5425,#5426);
#4578=AXIS2_PLACEMENT_3D('',#6590,#5431,#5432);
#4579=AXIS2_PLACEMENT_3D('',#6596,#5436,#5437);
#4580=AXIS2_PLACEMENT_3D('',#6602,#5441,#5442);
#4581=AXIS2_PLACEMENT_3D('',#6608,#5446,#5447);
#4582=AXIS2_PLACEMENT_3D('',#6612,#5450,#5451);
#4583=AXIS2_PLACEMENT_3D('',#6616,#5454,#5455);
#4584=AXIS2_PLACEMENT_3D('',#6622,#5460,#5461);
#4585=AXIS2_PLACEMENT_3D('',#6628,#5465,#5466);
#4586=AXIS2_PLACEMENT_3D('',#6629,#5467,#5468);
#4587=AXIS2_PLACEMENT_3D('',#6630,#5469,#5470);
#4588=AXIS2_PLACEMENT_3D('',#6639,#5477,#5478);
#4589=AXIS2_PLACEMENT_3D('',#6647,#5483,#5484);
#4590=AXIS2_PLACEMENT_3D('',#6649,#5486,#5487);
#4591=AXIS2_PLACEMENT_3D('',#6651,#5489,#5490);
#4592=AXIS2_PLACEMENT_3D('',#6674,#5503,#5504);
#4593=AXIS2_PLACEMENT_3D('',#6675,#5505,#5506);
#4594=AXIS2_PLACEMENT_3D('',#6679,#5509,#5510);
#4595=AXIS2_PLACEMENT_3D('',#6683,#5513,#5514);
#4596=AXIS2_PLACEMENT_3D('',#6687,#5517,#5518);
#4597=AXIS2_PLACEMENT_3D('',#6691,#5521,#5522);
#4598=AXIS2_PLACEMENT_3D('',#6695,#5525,#5526);
#4599=AXIS2_PLACEMENT_3D('',#6699,#5529,#5530);
#4600=AXIS2_PLACEMENT_3D('',#6703,#5533,#5534);
#4601=AXIS2_PLACEMENT_3D('',#6707,#5537,#5538);
#4602=AXIS2_PLACEMENT_3D('',#6711,#5541,#5542);
#4603=AXIS2_PLACEMENT_3D('',#6715,#5545,#5546);
#4604=AXIS2_PLACEMENT_3D('',#6717,#5548,#5549);
#4605=AXIS2_PLACEMENT_3D('',#6720,#5552,#5553);
#4606=AXIS2_PLACEMENT_3D('',#6722,#5555,#5556);
#4607=AXIS2_PLACEMENT_3D('',#6724,#5558,#5559);
#4608=AXIS2_PLACEMENT_3D('',#6726,#5561,#5562);
#4609=AXIS2_PLACEMENT_3D('',#6728,#5564,#5565);
#4610=AXIS2_PLACEMENT_3D('',#6729,#5566,#5567);
#4611=AXIS2_PLACEMENT_3D('',#6730,#5568,#5569);
#4612=AXIS2_PLACEMENT_3D('',#7658,#5571,#5572);
#4613=AXIS2_PLACEMENT_3D('',#7660,#5574,#5575);
#4614=AXIS2_PLACEMENT_3D('',#7662,#5577,#5578);
#4615=AXIS2_PLACEMENT_3D('',#7663,#5579,#5580);
#4616=AXIS2_PLACEMENT_3D('',#7664,#5581,#5582);
#4617=AXIS2_PLACEMENT_3D('',#7666,#5583,#5584);
#4618=AXIS2_PLACEMENT_3D('',#7667,#5585,#5586);
#4619=AXIS2_PLACEMENT_3D('',#7668,#5587,#5588);
#4620=AXIS2_PLACEMENT_3D('',#7669,#5589,#5590);
#4621=AXIS2_PLACEMENT_3D('',#7670,#5591,#5592);
#4622=AXIS2_PLACEMENT_3D('',#7671,#5593,#5594);
#4623=AXIS2_PLACEMENT_3D('',#7672,#5595,#5596);
#4624=AXIS2_PLACEMENT_3D('',#7673,#5597,#5598);
#4625=AXIS2_PLACEMENT_3D('',#7674,#5599,#5600);
#4626=AXIS2_PLACEMENT_3D('',#7675,#5601,#5602);
#4627=AXIS2_PLACEMENT_3D('',#7676,#5603,#5604);
#4628=AXIS2_PLACEMENT_3D('',#7677,#5605,#5606);
#4629=AXIS2_PLACEMENT_3D('',#7680,#5607,#5608);
#4630=AXIS2_PLACEMENT_3D('',#7681,#5609,#5610);
#4631=AXIS2_PLACEMENT_3D('',#7683,#5612,#5613);
#4632=AXIS2_PLACEMENT_3D('',#7686,#5614,#5615);
#4633=AXIS2_PLACEMENT_3D('',#7687,#5616,#5617);
#4634=AXIS2_PLACEMENT_3D('',#7688,#5618,#5619);
#4635=AXIS2_PLACEMENT_3D('',#7689,#5620,#5621);
#4636=AXIS2_PLACEMENT_3D('',#7691,#5623,#5624);
#4637=AXIS2_PLACEMENT_3D('',#7693,#5626,#5627);
#4638=AXIS2_PLACEMENT_3D('',#7694,#5628,#5629);
#4639=AXIS2_PLACEMENT_3D('',#7695,#5630,#5631);
#4640=AXIS2_PLACEMENT_3D('',#7696,#5632,#5633);
#4641=AXIS2_PLACEMENT_3D('',#7697,#5634,#5635);
#4642=AXIS2_PLACEMENT_3D('',#7698,#5636,#5637);
#4643=AXIS2_PLACEMENT_3D('',#7699,#5638,#5639);
#4644=DIRECTION('axis',(0.,0.,1.));
#4645=DIRECTION('refdir',(1.,0.,0.));
#4646=DIRECTION('center_axis',(0.,0.,-1.));
#4647=DIRECTION('ref_axis',(0.,1.,0.));
#4648=DIRECTION('',(0.,-1.,0.));
#4649=DIRECTION('',(1.,0.,0.));
#4650=DIRECTION('',(0.,1.,0.));
#4651=DIRECTION('',(1.,0.,0.));
#4652=DIRECTION('center_axis',(1.,0.,0.));
#4653=DIRECTION('ref_axis',(0.,0.,-1.));
#4654=DIRECTION('',(0.,0.,1.));
#4655=DIRECTION('',(0.,-1.,0.));
#4656=DIRECTION('',(0.,0.,-1.));
#4657=DIRECTION('center_axis',(1.,0.,0.));
#4658=DIRECTION('ref_axis',(0.,0.,-1.));
#4659=DIRECTION('',(0.,0.,1.));
#4660=DIRECTION('',(0.,1.,0.));
#4661=DIRECTION('',(0.,0.,-1.));
#4662=DIRECTION('',(0.,1.,0.));
#4663=DIRECTION('center_axis',(1.,0.,0.));
#4664=DIRECTION('ref_axis',(0.,0.,-1.));
#4665=DIRECTION('',(0.,0.,-1.));
#4666=DIRECTION('',(0.,-1.,0.));
#4667=DIRECTION('',(0.,0.,1.));
#4668=DIRECTION('center_axis',(0.,-1.,0.));
#4669=DIRECTION('ref_axis',(1.,0.,0.));
#4670=DIRECTION('',(-1.,0.,0.));
#4671=DIRECTION('',(0.,0.,1.));
#4672=DIRECTION('',(1.,0.,0.));
#4673=DIRECTION('',(0.,0.,1.));
#4674=DIRECTION('center_axis',(-0.999999828180781,-0.000586206795829999,
0.));
#4675=DIRECTION('ref_axis',(0.000586206795829999,-0.999999828180782,0.));
#4676=DIRECTION('',(-0.000586206795829999,0.999999828180782,0.));
#4677=DIRECTION('',(0.000586206795829999,-0.999999828180782,0.));
#4678=DIRECTION('',(0.,0.,1.));
#4679=DIRECTION('center_axis',(0.,-1.,0.));
#4680=DIRECTION('ref_axis',(1.,0.,0.));
#4681=DIRECTION('',(-1.,0.,0.));
#4682=DIRECTION('',(1.,0.,0.));
#4683=DIRECTION('',(0.,0.,1.));
#4684=DIRECTION('center_axis',(-1.,0.,0.));
#4685=DIRECTION('ref_axis',(0.,-1.,0.));
#4686=DIRECTION('',(0.,1.,0.));
#4687=DIRECTION('',(0.,-1.,0.));
#4688=DIRECTION('',(0.,0.,1.));
#4689=DIRECTION('center_axis',(2.48650034266533E-16,-1.,0.));
#4690=DIRECTION('ref_axis',(1.,2.48650034266533E-16,0.));
#4691=DIRECTION('',(-1.,-2.48650034266533E-16,0.));
#4692=DIRECTION('',(1.,2.48650034266533E-16,0.));
#4693=DIRECTION('',(0.,0.,1.));
#4694=DIRECTION('center_axis',(1.,2.41156236682087E-16,0.));
#4695=DIRECTION('ref_axis',(-2.41156236682087E-16,1.,0.));
#4696=DIRECTION('',(2.41156236682087E-16,-1.,0.));
#4697=DIRECTION('',(-2.41156236682087E-16,1.,0.));
#4698=DIRECTION('center_axis',(0.,0.,1.));
#4699=DIRECTION('ref_axis',(1.,0.,0.));
#4700=DIRECTION('',(1.,0.,0.));
#4701=DIRECTION('',(1.,0.,0.));
#4702=DIRECTION('',(-1.,0.,0.));
#4703=DIRECTION('center_axis',(0.,0.,1.));
#4704=DIRECTION('ref_axis',(1.,0.,0.));
#4705=DIRECTION('',(-1.,0.,0.));
#4706=DIRECTION('',(0.,1.,0.));
#4707=DIRECTION('',(-1.,0.,0.));
#4708=DIRECTION('center_axis',(0.,0.,1.));
#4709=DIRECTION('ref_axis',(1.,0.,0.));
#4710=DIRECTION('',(0.,1.,0.));
#4711=DIRECTION('',(1.,0.,0.));
#4712=DIRECTION('center_axis',(0.,0.,1.));
#4713=DIRECTION('ref_axis',(1.,0.,0.));
#4714=DIRECTION('',(0.,1.,0.));
#4715=DIRECTION('',(0.,1.,0.));
#4716=DIRECTION('center_axis',(-1.,0.,0.));
#4717=DIRECTION('ref_axis',(0.,0.,1.));
#4718=DIRECTION('',(0.,0.,1.));
#4719=DIRECTION('',(0.,0.,-1.));
#4720=DIRECTION('',(0.,-1.,0.));
#4721=DIRECTION('center_axis',(-1.,0.,0.));
#4722=DIRECTION('ref_axis',(0.,0.,1.));
#4723=DIRECTION('',(0.,0.,-1.));
#4724=DIRECTION('',(0.,1.,0.));
#4725=DIRECTION('',(0.,0.,1.));
#4726=DIRECTION('center_axis',(0.,1.,0.));
#4727=DIRECTION('ref_axis',(1.,0.,-1.20578118341043E-16));
#4728=DIRECTION('',(-1.,0.,1.20578118341043E-16));
#4729=DIRECTION('',(0.,0.,-1.));
#4730=DIRECTION('',(1.,0.,-1.20578118341043E-16));
#4731=DIRECTION('',(0.,0.,-1.));
#4732=DIRECTION('center_axis',(1.,0.,0.));
#4733=DIRECTION('ref_axis',(0.,-1.,0.));
#4734=DIRECTION('',(0.,1.,0.));
#4735=DIRECTION('',(0.,-1.,0.));
#4736=DIRECTION('',(0.,0.,-1.));
#4737=DIRECTION('center_axis',(4.86075581676544E-16,1.,0.));
#4738=DIRECTION('ref_axis',(1.,-4.86075581676544E-16,-1.20578118341043E-16));
#4739=DIRECTION('',(-1.,4.86075581676544E-16,1.20578118341043E-16));
#4740=DIRECTION('',(1.,-4.86075581676544E-16,-1.20578118341043E-16));
#4741=DIRECTION('',(0.,0.,-1.));
#4742=DIRECTION('center_axis',(1.,0.,0.));
#4743=DIRECTION('ref_axis',(0.,-1.,0.));
#4744=DIRECTION('',(0.,1.,0.));
#4745=DIRECTION('',(0.,-1.,0.));
#4746=DIRECTION('',(0.,0.,-1.));
#4747=DIRECTION('center_axis',(2.34100919320496E-16,-1.,0.));
#4748=DIRECTION('ref_axis',(-1.,-2.34100919320496E-16,1.20578118341043E-16));
#4749=DIRECTION('',(1.,2.34100919320496E-16,-1.20578118341043E-16));
#4750=DIRECTION('',(-1.,-2.34100919320496E-16,1.20578118341043E-16));
#4751=DIRECTION('',(0.,0.,-1.));
#4752=DIRECTION('center_axis',(-1.,6.11259159587588E-17,0.));
#4753=DIRECTION('ref_axis',(6.11259159587588E-17,1.,-7.37044792817989E-33));
#4754=DIRECTION('',(-6.11259159587588E-17,-1.,7.37044792817989E-33));
#4755=DIRECTION('',(6.11259159587588E-17,1.,-7.37044792817989E-33));
#4756=DIRECTION('',(0.,0.,-1.));
#4757=DIRECTION('center_axis',(0.,-1.,0.));
#4758=DIRECTION('ref_axis',(-1.,0.,1.20578118341043E-16));
#4759=DIRECTION('',(1.,0.,-1.20578118341043E-16));
#4760=DIRECTION('',(-1.,0.,1.20578118341043E-16));
#4761=DIRECTION('',(0.,0.,-1.));
#4762=DIRECTION('center_axis',(1.,8.03854122273622E-17,0.));
#4763=DIRECTION('ref_axis',(8.03854122273622E-17,-1.,-9.69272174844444E-33));
#4764=DIRECTION('',(-8.03854122273622E-17,1.,9.69272174844444E-33));
#4765=DIRECTION('',(8.03854122273622E-17,-1.,-9.69272174844444E-33));
#4766=DIRECTION('',(0.,0.,-1.));
#4767=DIRECTION('center_axis',(0.,-1.,0.));
#4768=DIRECTION('ref_axis',(-1.,0.,1.20578118341043E-16));
#4769=DIRECTION('',(1.,0.,-1.20578118341043E-16));
#4770=DIRECTION('',(-1.,0.,1.20578118341043E-16));
#4771=DIRECTION('center_axis',(-1.,0.,0.));
#4772=DIRECTION('ref_axis',(0.,1.,0.));
#4773=DIRECTION('',(0.,-1.,0.));
#4774=DIRECTION('',(0.,0.,1.));
#4775=DIRECTION('',(0.,1.,0.));
#4776=DIRECTION('',(0.,0.,-1.));
#4777=DIRECTION('center_axis',(4.86075581676544E-16,1.,0.));
#4778=DIRECTION('ref_axis',(1.,-4.86075581676544E-16,-1.20578118341043E-16));
#4779=DIRECTION('',(-1.,4.86075581676544E-16,1.20578118341043E-16));
#4780=DIRECTION('',(1.,-4.86075581676544E-16,-1.20578118341043E-16));
#4781=DIRECTION('',(0.,0.,-1.));
#4782=DIRECTION('center_axis',(-1.,0.,0.));
#4783=DIRECTION('ref_axis',(0.,1.,0.));
#4784=DIRECTION('',(0.,-1.,0.));
#4785=DIRECTION('',(0.,1.,0.));
#4786=DIRECTION('center_axis',(0.,0.,-1.));
#4787=DIRECTION('ref_axis',(-1.,0.,0.));
#4788=DIRECTION('',(-1.,0.,0.));
#4789=DIRECTION('',(1.,0.,-1.20578118341043E-16));
#4790=DIRECTION('',(-1.,0.,0.));
#4791=DIRECTION('',(-1.,0.,0.));
#4792=DIRECTION('center_axis',(-1.20578118341043E-16,0.,-1.));
#4793=DIRECTION('ref_axis',(-1.,0.,1.20578118341043E-16));
#4794=DIRECTION('',(-1.,0.,1.20578118341043E-16));
#4795=DIRECTION('center_axis',(-1.20578118341043E-16,0.,-1.));
#4796=DIRECTION('ref_axis',(-1.,0.,1.20578118341043E-16));
#4797=DIRECTION('',(0.,1.,0.));
#4798=DIRECTION('',(0.,1.,0.));
#4799=DIRECTION('center_axis',(-1.20578118341043E-16,0.,-1.));
#4800=DIRECTION('ref_axis',(-1.,0.,1.20578118341043E-16));
#4801=DIRECTION('',(-1.,0.,1.20578118341043E-16));
#4802=DIRECTION('center_axis',(0.,-0.000263705613463957,-0.999999965229674));
#4803=DIRECTION('ref_axis',(0.,0.999999965229674,-0.000263705613463957));
#4804=DIRECTION('',(0.,-0.999999965229674,0.000263705613463957));
#4805=DIRECTION('',(0.,0.999999965229674,-0.000263705613463957));
#4806=DIRECTION('',(0.,-0.999999965229674,0.000263705613463957));
#4807=DIRECTION('',(1.,0.,0.));
#4808=DIRECTION('',(0.,0.999999965229674,-0.000263705613463957));
#4809=DIRECTION('',(1.,0.,0.));
#4810=DIRECTION('center_axis',(0.,-1.,-2.41219787525634E-16));
#4811=DIRECTION('ref_axis',(0.,2.41219787525634E-16,-1.));
#4812=DIRECTION('',(0.,-2.41219787525634E-16,1.));
#4813=DIRECTION('',(0.,2.41219787525634E-16,-1.));
#4814=DIRECTION('',(1.,0.,0.));
#4815=DIRECTION('center_axis',(0.,0.,1.));
#4816=DIRECTION('ref_axis',(0.,-1.,0.));
#4817=DIRECTION('',(0.,1.,0.));
#4818=DIRECTION('',(0.,-1.,0.));
#4819=DIRECTION('',(1.,0.,0.));
#4820=DIRECTION('center_axis',(0.,-1.,0.));
#4821=DIRECTION('ref_axis',(0.,0.,-1.));
#4822=DIRECTION('',(0.,0.,1.));
#4823=DIRECTION('',(0.,0.,-1.));
#4824=DIRECTION('',(1.,0.,0.));
#4825=DIRECTION('center_axis',(0.,4.82312473364173E-16,-1.));
#4826=DIRECTION('ref_axis',(0.,1.,4.82312473364173E-16));
#4827=DIRECTION('',(0.,-1.,-4.82312473364173E-16));
#4828=DIRECTION('',(0.,1.,4.82312473364173E-16));
#4829=DIRECTION('',(1.,0.,0.));
#4830=DIRECTION('center_axis',(0.,-1.,-1.80867177511565E-16));
#4831=DIRECTION('ref_axis',(0.,1.80867177511565E-16,-1.));
#4832=DIRECTION('',(0.,-1.80867177511565E-16,1.));
#4833=DIRECTION('',(0.,1.80867177511565E-16,-1.));
#4834=DIRECTION('',(1.,0.,0.));
#4835=DIRECTION('center_axis',(0.,4.82312473364173E-16,-1.));
#4836=DIRECTION('ref_axis',(0.,1.,4.82312473364173E-16));
#4837=DIRECTION('',(0.,-1.,-4.82312473364173E-16));
#4838=DIRECTION('',(0.,1.,4.82312473364173E-16));
#4839=DIRECTION('',(1.,0.,0.));
#4840=DIRECTION('center_axis',(0.,1.,0.));
#4841=DIRECTION('ref_axis',(0.,0.,1.));
#4842=DIRECTION('',(0.,0.,-1.));
#4843=DIRECTION('',(1.,0.,0.));
#4844=DIRECTION('',(0.,0.,1.));
#4845=DIRECTION('center_axis',(1.,0.,0.));
#4846=DIRECTION('ref_axis',(0.,0.,-1.));
#4847=DIRECTION('',(0.,-1.,0.));
#4848=DIRECTION('',(0.,0.,-1.));
#4849=DIRECTION('',(0.,0.,-1.));
#4850=DIRECTION('center_axis',(1.,0.,0.));
#4851=DIRECTION('ref_axis',(0.,0.,-1.));
#4852=DIRECTION('',(0.,0.,-1.));
#4853=DIRECTION('',(0.,1.,0.));
#4854=DIRECTION('center_axis',(1.,0.,0.));
#4855=DIRECTION('ref_axis',(0.,0.,-1.));
#4856=DIRECTION('',(0.,0.,-1.));
#4857=DIRECTION('',(3.01445295852608E-16,1.,0.));
#4858=DIRECTION('center_axis',(1.,0.,0.));
#4859=DIRECTION('ref_axis',(0.,0.,-1.));
#4860=DIRECTION('',(3.01445295852608E-16,1.,0.));
#4861=DIRECTION('',(0.,0.,1.));
#4862=DIRECTION('',(0.,1.,0.));
#4863=DIRECTION('center_axis',(0.,-2.23995313711572E-32,1.));
#4864=DIRECTION('ref_axis',(1.20578118341043E-16,1.,2.23995313711572E-32));
#4865=DIRECTION('',(-1.20578118341043E-16,-1.,-2.23995313711572E-32));
#4866=DIRECTION('',(-1.,0.,0.));
#4867=DIRECTION('',(1.20578118341043E-16,1.,2.23995313711572E-32));
#4868=DIRECTION('',(-1.,0.,0.));
#4869=DIRECTION('center_axis',(0.,-1.,-4.82312473364173E-16));
#4870=DIRECTION('ref_axis',(-5.81563304906666E-32,-4.82312473364173E-16,
1.));
#4871=DIRECTION('',(5.81563304906666E-32,4.82312473364173E-16,-1.));
#4872=DIRECTION('',(-5.81563304906666E-32,-4.82312473364173E-16,1.));
#4873=DIRECTION('',(-1.,0.,0.));
#4874=DIRECTION('center_axis',(0.,-0.000263705613463992,-0.999999965229674));
#4875=DIRECTION('ref_axis',(-1.20578114148503E-16,-0.999999965229674,0.000263705613463992));
#4876=DIRECTION('',(1.20578114148503E-16,0.999999965229674,-0.000263705613463992));
#4877=DIRECTION('',(-1.20578114148503E-16,-0.999999965229674,0.000263705613463992));
#4878=DIRECTION('',(-1.20578114148503E-16,-0.999999965229674,0.000263705613463992));
#4879=DIRECTION('',(-1.,0.,0.));
#4880=DIRECTION('center_axis',(0.,1.,2.23995313711572E-32));
#4881=DIRECTION('ref_axis',(0.,2.23995313711572E-32,-1.));
#4882=DIRECTION('',(-2.70089334445531E-48,-2.23995313711572E-32,1.));
#4883=DIRECTION('',(0.,2.23995313711572E-32,-1.));
#4884=DIRECTION('',(-1.,0.,0.));
#4885=DIRECTION('center_axis',(0.,-1.,1.20578118341043E-16));
#4886=DIRECTION('ref_axis',(1.45390826226667E-32,1.20578118341043E-16,1.));
#4887=DIRECTION('',(-1.45390826226667E-32,-1.20578118341043E-16,-1.));
#4888=DIRECTION('',(-1.,0.,0.));
#4889=DIRECTION('',(1.45390826226667E-32,1.20578118341043E-16,1.));
#4890=DIRECTION('',(-1.,0.,0.));
#4891=DIRECTION('center_axis',(0.,-2.41156236682087E-16,-1.));
#4892=DIRECTION('ref_axis',(-1.20578118341043E-16,-1.,2.41156236682087E-16));
#4893=DIRECTION('',(1.20578118341043E-16,1.,-2.41156236682087E-16));
#4894=DIRECTION('',(-1.20578118341043E-16,-1.,2.41156236682087E-16));
#4895=DIRECTION('',(-1.,0.,0.));
#4896=DIRECTION('center_axis',(0.,-1.,-2.23995313711572E-32));
#4897=DIRECTION('ref_axis',(0.,-2.23995313711572E-32,1.));
#4898=DIRECTION('',(2.70089334445531E-48,2.23995313711572E-32,-1.));
#4899=DIRECTION('',(0.,-2.23995313711572E-32,1.));
#4900=DIRECTION('',(-1.,0.,0.));
#4901=DIRECTION('center_axis',(0.,2.23995313711572E-32,-1.));
#4902=DIRECTION('ref_axis',(-1.20578118341043E-16,-1.,-2.23995313711572E-32));
#4903=DIRECTION('',(1.20578118341043E-16,1.,2.23995313711572E-32));
#4904=DIRECTION('',(-1.20578118341043E-16,-1.,-2.23995313711572E-32));
#4905=DIRECTION('',(-1.,0.,0.));
#4906=DIRECTION('center_axis',(0.,-1.,4.82312473364174E-16));
#4907=DIRECTION('ref_axis',(5.81563304906666E-32,4.82312473364174E-16,1.));
#4908=DIRECTION('',(-5.81563304906666E-32,-4.82312473364174E-16,-1.));
#4909=DIRECTION('',(5.81563304906666E-32,4.82312473364174E-16,1.));
#4910=DIRECTION('center_axis',(-1.,0.,0.));
#4911=DIRECTION('ref_axis',(0.,0.,1.));
#4912=DIRECTION('',(1.20578118341043E-16,1.,2.23995313711572E-32));
#4913=DIRECTION('center_axis',(-1.,1.20578118341043E-16,0.));
#4914=DIRECTION('ref_axis',(0.,0.,1.));
#4915=DIRECTION('',(0.,1.,0.));
#4916=DIRECTION('',(0.,0.,-1.));
#4917=DIRECTION('center_axis',(-1.,1.20578118341043E-16,0.));
#4918=DIRECTION('ref_axis',(1.20578118341043E-16,1.,0.));
#4919=DIRECTION('',(-1.20578118341043E-16,-1.,0.));
#4920=DIRECTION('',(0.,0.,-1.));
#4921=DIRECTION('center_axis',(-1.,1.20578118341043E-16,0.));
#4922=DIRECTION('ref_axis',(1.20578118341043E-16,1.,0.));
#4923=DIRECTION('',(0.,1.,0.));
#4924=DIRECTION('',(0.,0.,-1.));
#4925=DIRECTION('',(-1.20578118341043E-16,-1.,0.));
#4926=DIRECTION('center_axis',(-1.,1.20578118341043E-16,0.));
#4927=DIRECTION('ref_axis',(1.20578118341043E-16,1.,0.));
#4928=DIRECTION('',(0.,1.,0.));
#4929=DIRECTION('',(0.,0.,1.));
#4930=DIRECTION('',(0.,0.,1.));
#4931=DIRECTION('',(0.,0.,1.));
#4932=DIRECTION('',(0.,1.,0.));
#4933=DIRECTION('center_axis',(1.,-6.02890591705217E-17,0.));
#4934=DIRECTION('ref_axis',(-6.02890591705217E-17,-1.,0.));
#4935=DIRECTION('',(6.02890591705217E-17,1.,0.));
#4936=DIRECTION('',(0.,0.,-1.));
#4937=DIRECTION('',(6.02890591705217E-17,1.,0.));
#4938=DIRECTION('',(0.,0.,-1.));
#4939=DIRECTION('center_axis',(2.41156236682087E-16,1.,0.));
#4940=DIRECTION('ref_axis',(1.,-2.41156236682087E-16,0.));
#4941=DIRECTION('',(-1.,2.41156236682087E-16,0.));
#4942=DIRECTION('',(0.,0.,1.));
#4943=DIRECTION('',(-1.,2.41156236682087E-16,0.));
#4944=DIRECTION('center_axis',(-1.,0.,0.));
#4945=DIRECTION('ref_axis',(0.,1.,0.));
#4946=DIRECTION('',(0.,-1.,0.));
#4947=DIRECTION('',(0.,0.,-1.));
#4948=DIRECTION('',(0.,-1.,0.));
#4949=DIRECTION('center_axis',(-2.41156236682087E-16,-1.,0.));
#4950=DIRECTION('ref_axis',(-1.,2.41156236682087E-16,0.));
#4951=DIRECTION('',(1.,-2.41156236682087E-16,0.));
#4952=DIRECTION('',(1.,-2.41156236682087E-16,0.));
#4953=DIRECTION('center_axis',(-1.,0.,0.));
#4954=DIRECTION('ref_axis',(0.,1.,0.));
#4955=DIRECTION('',(0.,-1.,0.));
#4956=DIRECTION('',(0.,0.,-1.));
#4957=DIRECTION('',(0.,-1.,0.));
#4958=DIRECTION('',(0.,0.,-1.));
#4959=DIRECTION('center_axis',(-2.41156236682087E-16,-1.,0.));
#4960=DIRECTION('ref_axis',(-1.,2.41156236682087E-16,0.));
#4961=DIRECTION('',(1.,-2.41156236682087E-16,0.));
#4962=DIRECTION('',(0.,0.,1.));
#4963=DIRECTION('',(1.,-2.41156236682087E-16,0.));
#4964=DIRECTION('center_axis',(1.,0.,0.));
#4965=DIRECTION('ref_axis',(0.,-1.,0.));
#4966=DIRECTION('',(0.,1.,0.));
#4967=DIRECTION('',(0.,0.,-1.));
#4968=DIRECTION('',(0.,1.,0.));
#4969=DIRECTION('center_axis',(2.41156236682087E-16,1.,0.));
#4970=DIRECTION('ref_axis',(1.,-2.41156236682087E-16,0.));
#4971=DIRECTION('',(-1.,2.41156236682087E-16,0.));
#4972=DIRECTION('',(-1.,2.41156236682087E-16,0.));
#4973=DIRECTION('center_axis',(1.,-1.80867177511565E-16,0.));
#4974=DIRECTION('ref_axis',(-1.80867177511565E-16,-1.,0.));
#4975=DIRECTION('',(1.80867177511565E-16,1.,0.));
#4976=DIRECTION('',(0.,0.,-1.));
#4977=DIRECTION('',(1.80867177511565E-16,1.,0.));
#4978=DIRECTION('',(0.,0.,-1.));
#4979=DIRECTION('center_axis',(2.41156236682087E-16,1.,0.));
#4980=DIRECTION('ref_axis',(1.,-2.41156236682087E-16,0.));
#4981=DIRECTION('',(-1.,2.41156236682087E-16,0.));
#4982=DIRECTION('',(0.,0.,1.));
#4983=DIRECTION('',(-1.,2.41156236682087E-16,0.));
#4984=DIRECTION('center_axis',(-1.,4.82312473364173E-16,0.));
#4985=DIRECTION('ref_axis',(4.82312473364173E-16,1.,0.));
#4986=DIRECTION('',(-4.82312473364173E-16,-1.,0.));
#4987=DIRECTION('',(0.,0.,-1.));
#4988=DIRECTION('',(-4.82312473364173E-16,-1.,0.));
#4989=DIRECTION('center_axis',(-2.41156236682087E-16,-1.,0.));
#4990=DIRECTION('ref_axis',(-1.,2.41156236682087E-16,0.));
#4991=DIRECTION('',(1.,-2.41156236682087E-16,0.));
#4992=DIRECTION('',(1.,-2.41156236682087E-16,0.));
#4993=DIRECTION('center_axis',(1.,-1.20578118341043E-16,0.));
#4994=DIRECTION('ref_axis',(-1.20578118341043E-16,-1.,0.));
#4995=DIRECTION('',(1.20578118341043E-16,1.,0.));
#4996=DIRECTION('',(0.,0.,-1.));
#4997=DIRECTION('',(1.20578118341043E-16,1.,0.));
#4998=DIRECTION('',(0.,0.,1.));
#4999=DIRECTION('center_axis',(2.41156236682087E-16,1.,0.));
#5000=DIRECTION('ref_axis',(1.,-2.41156236682087E-16,0.));
#5001=DIRECTION('',(-1.,2.41156236682087E-16,0.));
#5002=DIRECTION('',(0.,0.,1.));
#5003=DIRECTION('',(-1.,2.41156236682087E-16,0.));
#5004=DIRECTION('center_axis',(2.41156236682087E-16,1.,0.));
#5005=DIRECTION('ref_axis',(1.,-2.41156236682087E-16,0.));
#5006=DIRECTION('',(-1.,2.41156236682087E-16,0.));
#5007=DIRECTION('',(0.,0.,-1.));
#5008=DIRECTION('',(-1.,2.41156236682087E-16,0.));
#5009=DIRECTION('',(0.,0.,-1.));
#5010=DIRECTION('center_axis',(1.,-2.41156236682087E-16,0.));
#5011=DIRECTION('ref_axis',(-2.41156236682087E-16,-1.,0.));
#5012=DIRECTION('',(2.41156236682087E-16,1.,0.));
#5013=DIRECTION('',(0.,0.,-1.));
#5014=DIRECTION('',(2.41156236682087E-16,1.,0.));
#5015=DIRECTION('center_axis',(2.41156236682087E-16,1.,0.));
#5016=DIRECTION('ref_axis',(1.,-2.41156236682087E-16,0.));
#5017=DIRECTION('',(-1.,2.41156236682087E-16,0.));
#5018=DIRECTION('',(0.,0.,1.));
#5019=DIRECTION('',(-1.,2.41156236682087E-16,0.));
#5020=DIRECTION('',(0.,0.,-1.));
#5021=DIRECTION('center_axis',(1.,-6.02890591705217E-17,0.));
#5022=DIRECTION('ref_axis',(-6.02890591705217E-17,-1.,0.));
#5023=DIRECTION('',(6.02890591705217E-17,1.,0.));
#5024=DIRECTION('',(6.02890591705217E-17,1.,0.));
#5025=DIRECTION('',(0.,0.,-1.));
#5026=DIRECTION('center_axis',(-1.,2.41156236682087E-16,0.));
#5027=DIRECTION('ref_axis',(2.41156236682087E-16,1.,0.));
#5028=DIRECTION('',(-2.41156236682087E-16,-1.,0.));
#5029=DIRECTION('',(0.,0.,-1.));
#5030=DIRECTION('',(-2.41156236682087E-16,-1.,0.));
#5031=DIRECTION('center_axis',(-2.41156236682087E-16,-1.,0.));
#5032=DIRECTION('ref_axis',(-1.,2.41156236682087E-16,0.));
#5033=DIRECTION('',(1.,-2.41156236682087E-16,0.));
#5034=DIRECTION('',(1.,-2.41156236682087E-16,0.));
#5035=DIRECTION('center_axis',(-1.,1.20578118341043E-16,0.));
#5036=DIRECTION('ref_axis',(1.20578118341043E-16,1.,0.));
#5037=DIRECTION('',(-1.20578118341043E-16,-1.,0.));
#5038=DIRECTION('',(-1.20578118341043E-16,-1.,0.));
#5039=DIRECTION('center_axis',(2.41156236682087E-16,1.,0.));
#5040=DIRECTION('ref_axis',(1.,-2.41156236682087E-16,0.));
#5041=DIRECTION('',(-1.,2.41156236682087E-16,0.));
#5042=DIRECTION('',(0.,0.,-1.));
#5043=DIRECTION('',(-1.,2.41156236682087E-16,0.));
#5044=DIRECTION('center_axis',(-1.,0.,0.));
#5045=DIRECTION('ref_axis',(0.,1.,0.));
#5046=DIRECTION('',(0.,-1.,0.));
#5047=DIRECTION('',(0.,0.,-1.));
#5048=DIRECTION('',(0.,-1.,0.));
#5049=DIRECTION('center_axis',(0.,-1.,0.));
#5050=DIRECTION('ref_axis',(-1.,0.,0.));
#5051=DIRECTION('',(-1.,0.,0.));
#5052=DIRECTION('',(1.,0.,0.));
#5053=DIRECTION('',(-1.,0.,0.));
#5054=DIRECTION('',(0.,0.,-1.));
#5055=DIRECTION('',(-1.,0.,1.20578118341043E-16));
#5056=DIRECTION('center_axis',(-1.,2.41156236682087E-16,0.));
#5057=DIRECTION('ref_axis',(2.41156236682087E-16,1.,0.));
#5058=DIRECTION('',(-2.41156236682087E-16,-1.,0.));
#5059=DIRECTION('',(0.,0.,-1.));
#5060=DIRECTION('',(-2.41156236682087E-16,-1.,0.));
#5061=DIRECTION('',(0.,0.,-1.));
#5062=DIRECTION('center_axis',(-2.41156236682087E-16,-1.,0.));
#5063=DIRECTION('ref_axis',(-1.,2.41156236682087E-16,0.));
#5064=DIRECTION('',(1.,-2.41156236682087E-16,0.));
#5065=DIRECTION('',(0.,0.,1.));
#5066=DIRECTION('',(1.,-2.41156236682087E-16,0.));
#5067=DIRECTION('center_axis',(1.,9.64624946728347E-16,0.));
#5068=DIRECTION('ref_axis',(9.64624946728347E-16,-1.,0.));
#5069=DIRECTION('',(-9.64624946728347E-16,1.,0.));
#5070=DIRECTION('',(0.,0.,-1.));
#5071=DIRECTION('',(-9.64624946728347E-16,1.,0.));
#5072=DIRECTION('center_axis',(2.41156236682087E-16,1.,0.));
#5073=DIRECTION('ref_axis',(1.,-2.41156236682087E-16,0.));
#5074=DIRECTION('',(-1.,2.41156236682087E-16,0.));
#5075=DIRECTION('',(-1.,2.41156236682087E-16,0.));
#5076=DIRECTION('center_axis',(-2.41156236682087E-16,-1.,0.));
#5077=DIRECTION('ref_axis',(-1.,2.41156236682087E-16,0.));
#5078=DIRECTION('',(1.,-2.41156236682087E-16,0.));
#5079=DIRECTION('',(1.,-2.41156236682087E-16,0.));
#5080=DIRECTION('',(0.,0.,-1.));
#5081=DIRECTION('center_axis',(-1.,1.80867177511565E-16,0.));
#5082=DIRECTION('ref_axis',(1.80867177511565E-16,1.,0.));
#5083=DIRECTION('',(-1.80867177511565E-16,-1.,0.));
#5084=DIRECTION('',(-1.80867177511565E-16,-1.,0.));
#5085=DIRECTION('',(0.,0.,1.));
#5086=DIRECTION('center_axis',(-2.41156236682087E-16,-1.,0.));
#5087=DIRECTION('ref_axis',(-1.,2.41156236682087E-16,0.));
#5088=DIRECTION('',(1.,-2.41156236682087E-16,0.));
#5089=DIRECTION('',(0.,0.,-1.));
#5090=DIRECTION('',(1.,-2.41156236682087E-16,0.));
#5091=DIRECTION('center_axis',(1.,-2.41156236682087E-16,0.));
#5092=DIRECTION('ref_axis',(-2.41156236682087E-16,-1.,0.));
#5093=DIRECTION('',(2.41156236682087E-16,1.,0.));
#5094=DIRECTION('',(0.,0.,-1.));
#5095=DIRECTION('',(2.41156236682087E-16,1.,0.));
#5096=DIRECTION('center_axis',(-2.41156236682087E-16,-1.,0.));
#5097=DIRECTION('ref_axis',(-1.,2.41156236682087E-16,0.));
#5098=DIRECTION('',(1.,-2.41156236682087E-16,0.));
#5099=DIRECTION('',(1.,-2.41156236682087E-16,0.));
#5100=DIRECTION('center_axis',(1.,0.,0.));
#5101=DIRECTION('ref_axis',(0.,0.,-1.));
#5102=DIRECTION('',(0.,0.,-1.));
#5103=DIRECTION('',(0.,1.,0.));
#5104=DIRECTION('center_axis',(0.,-1.,0.));
#5105=DIRECTION('ref_axis',(1.,0.,0.));
#5106=DIRECTION('',(0.,0.,-1.));
#5107=DIRECTION('',(1.,0.,0.));
#5108=DIRECTION('',(0.,0.,1.));
#5109=DIRECTION('',(-1.,0.,0.));
#5110=DIRECTION('',(-1.,0.,0.));
#5111=DIRECTION('',(-1.,0.,0.));
#5112=DIRECTION('center_axis',(0.,0.,-1.));
#5113=DIRECTION('ref_axis',(-1.,0.,0.));
#5114=DIRECTION('center_axis',(0.,0.,-1.));
#5115=DIRECTION('ref_axis',(-1.,0.,0.));
#5116=DIRECTION('center_axis',(0.,0.,-1.));
#5117=DIRECTION('ref_axis',(-1.,0.,0.));
#5118=DIRECTION('center_axis',(0.,0.,-1.));
#5119=DIRECTION('ref_axis',(-1.,0.,0.));
#5120=DIRECTION('center_axis',(0.,0.,-1.));
#5121=DIRECTION('ref_axis',(-1.,0.,0.));
#5122=DIRECTION('center_axis',(0.,0.,-1.));
#5123=DIRECTION('ref_axis',(-1.,0.,0.));
#5124=DIRECTION('center_axis',(0.,0.,-1.));
#5125=DIRECTION('ref_axis',(-1.,0.,0.));
#5126=DIRECTION('center_axis',(0.,0.,-1.));
#5127=DIRECTION('ref_axis',(-1.,0.,0.));
#5128=DIRECTION('center_axis',(0.,0.,-1.));
#5129=DIRECTION('ref_axis',(-1.,0.,0.));
#5130=DIRECTION('center_axis',(1.,0.,0.));
#5131=DIRECTION('ref_axis',(0.,1.,0.));
#5132=DIRECTION('',(0.,0.,1.));
#5133=DIRECTION('',(0.,-1.,0.));
#5134=DIRECTION('',(0.,0.,1.));
#5135=DIRECTION('',(0.,-1.,0.));
#5136=DIRECTION('center_axis',(0.,1.,0.));
#5137=DIRECTION('ref_axis',(-1.,0.,0.));
#5138=DIRECTION('',(0.,0.,1.));
#5139=DIRECTION('',(1.,0.,0.));
#5140=DIRECTION('',(1.,0.,0.));
#5141=DIRECTION('center_axis',(-1.,0.,0.));
#5142=DIRECTION('ref_axis',(0.,-1.,0.));
#5143=DIRECTION('',(0.,0.,1.));
#5144=DIRECTION('',(0.,1.,0.));
#5145=DIRECTION('',(0.,1.,0.));
#5146=DIRECTION('center_axis',(0.,1.,0.));
#5147=DIRECTION('ref_axis',(-1.,0.,0.));
#5148=DIRECTION('',(0.,0.,1.));
#5149=DIRECTION('',(1.,0.,0.));
#5150=DIRECTION('',(1.,0.,0.));
#5151=DIRECTION('center_axis',(1.,0.,0.));
#5152=DIRECTION('ref_axis',(0.,1.,0.));
#5153=DIRECTION('',(0.,0.,1.));
#5154=DIRECTION('',(0.,-1.,0.));
#5155=DIRECTION('',(0.,-1.,0.));
#5156=DIRECTION('center_axis',(0.,1.,0.));
#5157=DIRECTION('ref_axis',(-1.,0.,0.));
#5158=DIRECTION('',(0.,0.,1.));
#5159=DIRECTION('',(1.,0.,0.));
#5160=DIRECTION('',(1.,0.,0.));
#5161=DIRECTION('center_axis',(-1.,0.,0.));
#5162=DIRECTION('ref_axis',(0.,-1.,0.));
#5163=DIRECTION('',(0.,0.,1.));
#5164=DIRECTION('',(0.,1.,0.));
#5165=DIRECTION('',(0.,1.,0.));
#5166=DIRECTION('center_axis',(0.,1.,0.));
#5167=DIRECTION('ref_axis',(-1.,0.,0.));
#5168=DIRECTION('',(0.,0.,1.));
#5169=DIRECTION('',(1.,0.,0.));
#5170=DIRECTION('',(1.,0.,0.));
#5171=DIRECTION('',(0.,0.,1.));
#5172=DIRECTION('',(1.,0.,0.));
#5173=DIRECTION('center_axis',(0.,-1.,0.));
#5174=DIRECTION('ref_axis',(0.,0.,-1.));
#5175=DIRECTION('center_axis',(0.,1.,0.));
#5176=DIRECTION('ref_axis',(1.,0.,0.));
#5177=DIRECTION('center_axis',(-1.,0.,-1.16558847729675E-16));
#5178=DIRECTION('ref_axis',(-1.16558847729675E-16,0.,1.));
#5179=DIRECTION('center_axis',(0.,-1.,0.));
#5180=DIRECTION('ref_axis',(1.,0.,0.));
#5181=DIRECTION('center_axis',(0.,1.,0.));
#5182=DIRECTION('ref_axis',(1.,0.,0.));
#5183=DIRECTION('center_axis',(0.,1.,0.));
#5184=DIRECTION('ref_axis',(0.,0.,1.));
#5185=DIRECTION('center_axis',(0.,-1.,0.));
#5186=DIRECTION('ref_axis',(1.,0.,0.));
#5187=DIRECTION('center_axis',(0.,-1.,0.));
#5188=DIRECTION('ref_axis',(-1.,0.,0.));
#5189=DIRECTION('center_axis',(0.,-1.,0.));
#5190=DIRECTION('ref_axis',(1.,0.,0.));
#5191=DIRECTION('',(0.,1.,0.));
#5192=DIRECTION('center_axis',(-1.,0.,0.));
#5193=DIRECTION('ref_axis',(0.,0.,-1.));
#5194=DIRECTION('center_axis',(0.707106781186559,0.707106781186536,0.));
#5195=DIRECTION('ref_axis',(0.707106781186536,-0.707106781186559,0.));
#5196=DIRECTION('',(1.,0.,0.));
#5197=DIRECTION('center_axis',(0.707106781186559,0.707106781186536,0.));
#5198=DIRECTION('ref_axis',(0.707106781186536,-0.707106781186559,0.));
#5199=DIRECTION('',(-1.,0.,0.));
#5200=DIRECTION('center_axis',(0.,0.,-1.));
#5201=DIRECTION('ref_axis',(-1.,0.,0.));
#5202=DIRECTION('',(0.,-1.,0.));
#5203=DIRECTION('',(0.,1.,0.));
#5204=DIRECTION('',(1.,0.,0.));
#5205=DIRECTION('',(0.,-1.,0.));
#5206=DIRECTION('',(1.,0.,0.));
#5207=DIRECTION('',(0.,1.,0.));
#5208=DIRECTION('',(1.,0.,0.));
#5209=DIRECTION('',(0.,1.,0.));
#5210=DIRECTION('',(1.,0.,0.));
#5211=DIRECTION('',(0.,-1.,0.));
#5212=DIRECTION('',(1.,0.,0.));
#5213=DIRECTION('',(0.,-1.,0.));
#5214=DIRECTION('',(1.,0.,0.));
#5215=DIRECTION('',(0.,-1.,0.));
#5216=DIRECTION('',(-1.,0.,0.));
#5217=DIRECTION('',(0.,-1.,0.));
#5218=DIRECTION('',(-1.,0.,0.));
#5219=DIRECTION('',(0.,1.,0.));
#5220=DIRECTION('center_axis',(-1.,0.,0.));
#5221=DIRECTION('ref_axis',(0.,0.,-1.));
#5222=DIRECTION('center_axis',(-0.707106781186536,0.707106781186559,0.));
#5223=DIRECTION('ref_axis',(-0.707106781186559,-0.707106781186536,0.));
#5224=DIRECTION('',(1.,0.,0.));
#5225=DIRECTION('center_axis',(0.707106781186536,0.707106781186559,0.));
#5226=DIRECTION('ref_axis',(0.707106781186559,-0.707106781186536,0.));
#5227=DIRECTION('center_axis',(1.,0.,0.));
#5228=DIRECTION('ref_axis',(0.,0.,-1.));
#5229=DIRECTION('center_axis',(0.707106781186559,-0.707106781186536,0.));
#5230=DIRECTION('ref_axis',(0.707106781186536,0.707106781186559,0.));
#5231=DIRECTION('',(-1.,0.,0.));
#5232=DIRECTION('center_axis',(0.707106781186559,-0.707106781186536,0.));
#5233=DIRECTION('ref_axis',(0.707106781186536,0.707106781186559,0.));
#5234=DIRECTION('center_axis',(1.,0.,0.));
#5235=DIRECTION('ref_axis',(0.,0.,-1.));
#5236=DIRECTION('center_axis',(-0.707106781186559,-0.707106781186536,0.));
#5237=DIRECTION('ref_axis',(-0.707106781186536,0.707106781186559,0.));
#5238=DIRECTION('center_axis',(0.707106781186565,-0.70710678118653,0.));
#5239=DIRECTION('ref_axis',(-0.70710678118653,-0.707106781186565,0.));
#5240=DIRECTION('',(-1.,0.,0.));
#5241=DIRECTION('center_axis',(0.,-1.,0.));
#5242=DIRECTION('ref_axis',(0.,0.,-1.));
#5243=DIRECTION('',(0.,1.,0.));
#5244=DIRECTION('center_axis',(1.,0.,0.));
#5245=DIRECTION('ref_axis',(0.,0.707106781186524,-0.707106781186571));
#5246=DIRECTION('center_axis',(0.707106781186539,-0.707106781186556,0.));
#5247=DIRECTION('ref_axis',(0.707106781186556,0.707106781186539,0.));
#5248=DIRECTION('',(-1.,0.,0.));
#5249=DIRECTION('center_axis',(0.707106781186539,0.707106781186556,0.));
#5250=DIRECTION('ref_axis',(-0.707106781186556,0.707106781186539,0.));
#5251=DIRECTION('center_axis',(0.,-1.,0.));
#5252=DIRECTION('ref_axis',(0.70710678118653,0.,-0.707106781186565));
#5253=DIRECTION('center_axis',(0.707106781186539,-0.707106781186556,0.));
#5254=DIRECTION('ref_axis',(-0.707106781186556,-0.707106781186539,0.));
#5255=DIRECTION('',(0.,1.,0.));
#5256=DIRECTION('center_axis',(0.,-1.,0.));
#5257=DIRECTION('ref_axis',(0.,0.,-1.));
#5258=DIRECTION('',(0.,1.,0.));
#5259=DIRECTION('center_axis',(0.,-1.,0.));
#5260=DIRECTION('ref_axis',(0.,0.,-1.));
#5261=DIRECTION('',(0.,1.,0.));
#5262=DIRECTION('center_axis',(0.,-1.,0.));
#5263=DIRECTION('ref_axis',(0.70710678118653,0.,-0.707106781186565));
#5264=DIRECTION('center_axis',(-0.707106781186539,-0.707106781186556,0.));
#5265=DIRECTION('ref_axis',(0.707106781186556,-0.707106781186539,0.));
#5266=DIRECTION('',(0.,1.,0.));
#5267=DIRECTION('center_axis',(-0.707106781186539,-0.707106781186556,0.));
#5268=DIRECTION('ref_axis',(-0.707106781186556,0.707106781186539,0.));
#5269=DIRECTION('center_axis',(0.,1.,0.));
#5270=DIRECTION('ref_axis',(0.,0.,-1.));
#5271=DIRECTION('',(0.,-1.,0.));
#5272=DIRECTION('center_axis',(-0.707106781186565,-0.70710678118653,0.));
#5273=DIRECTION('ref_axis',(0.70710678118653,-0.707106781186565,0.));
#5274=DIRECTION('center_axis',(1.,0.,0.));
#5275=DIRECTION('ref_axis',(0.,0.,-1.));
#5276=DIRECTION('center_axis',(-0.707106781186559,-0.707106781186536,0.));
#5277=DIRECTION('ref_axis',(-0.707106781186536,0.707106781186559,0.));
#5278=DIRECTION('',(-1.,0.,0.));
#5279=DIRECTION('center_axis',(1.,0.,0.));
#5280=DIRECTION('ref_axis',(0.,0.707106781186524,-0.707106781186571));
#5281=DIRECTION('center_axis',(0.707106781186539,0.707106781186556,0.));
#5282=DIRECTION('ref_axis',(0.707106781186556,-0.707106781186539,0.));
#5283=DIRECTION('',(-1.,0.,0.));
#5284=DIRECTION('center_axis',(0.707106781186539,0.707106781186556,0.));
#5285=DIRECTION('ref_axis',(-0.707106781186556,0.707106781186539,0.));
#5286=DIRECTION('center_axis',(0.,1.,0.));
#5287=DIRECTION('ref_axis',(-0.70710678118653,0.,-0.707106781186565));
#5288=DIRECTION('',(0.,-1.,0.));
#5289=DIRECTION('center_axis',(0.,1.,0.));
#5290=DIRECTION('ref_axis',(0.,0.,-1.));
#5291=DIRECTION('',(0.,-1.,0.));
#5292=DIRECTION('center_axis',(0.707106781186565,-0.70710678118653,0.));
#5293=DIRECTION('ref_axis',(-0.70710678118653,-0.707106781186565,0.));
#5294=DIRECTION('center_axis',(-1.,0.,0.));
#5295=DIRECTION('ref_axis',(0.,0.,-1.));
#5296=DIRECTION('center_axis',(-0.707106781186559,0.707106781186536,0.));
#5297=DIRECTION('ref_axis',(-0.707106781186536,-0.707106781186559,0.));
#5298=DIRECTION('',(1.,0.,0.));
#5299=DIRECTION('center_axis',(0.,1.,0.));
#5300=DIRECTION('ref_axis',(0.,0.,-1.));
#5301=DIRECTION('',(0.,-1.,0.));
#5302=DIRECTION('center_axis',(0.,1.,0.));
#5303=DIRECTION('ref_axis',(-0.70710678118653,0.,-0.707106781186565));
#5304=DIRECTION('center_axis',(-0.707106781186539,0.707106781186556,0.));
#5305=DIRECTION('ref_axis',(0.707106781186556,0.707106781186539,0.));
#5306=DIRECTION('',(0.,-1.,0.));
#5307=DIRECTION('center_axis',(-0.707106781186539,0.707106781186556,0.));
#5308=DIRECTION('ref_axis',(-0.707106781186556,-0.707106781186539,0.));
#5309=DIRECTION('center_axis',(0.,0.,1.));
#5310=DIRECTION('ref_axis',(0.707106781186559,-0.707106781186536,0.));
#5311=DIRECTION('center_axis',(0.,0.,-1.));
#5312=DIRECTION('ref_axis',(0.707106781186559,-0.707106781186536,0.));
#5313=DIRECTION('',(0.,0.,-1.));
#5314=DIRECTION('center_axis',(0.,0.,1.));
#5315=DIRECTION('ref_axis',(0.707106781186559,-0.707106781186536,0.));
#5316=DIRECTION('',(0.,0.,1.));
#5317=DIRECTION('center_axis',(0.,0.,-1.));
#5318=DIRECTION('ref_axis',(1.,0.,0.));
#5319=DIRECTION('',(0.,-1.,0.));
#5320=DIRECTION('',(1.,0.,0.));
#5321=DIRECTION('',(0.,1.,0.));
#5322=DIRECTION('',(1.,0.,0.));
#5323=DIRECTION('',(0.,-1.,0.));
#5324=DIRECTION('',(1.,0.,0.));
#5325=DIRECTION('',(0.,-1.,0.));
#5326=DIRECTION('',(1.,0.,0.));
#5327=DIRECTION('center_axis',(1.,0.,0.));
#5328=DIRECTION('ref_axis',(0.,0.,1.));
#5329=DIRECTION('',(0.,-1.,0.));
#5330=DIRECTION('',(0.,0.,1.));
#5331=DIRECTION('',(0.,-1.,-3.05858186514632E-16));
#5332=DIRECTION('',(0.,0.,-1.));
#5333=DIRECTION('',(0.,1.,6.11716373029262E-16));
#5334=DIRECTION('',(0.,0.,1.));
#5335=DIRECTION('',(0.,-1.,-6.11716373029261E-16));
#5336=DIRECTION('',(0.,0.,-1.));
#5337=DIRECTION('',(0.,1.,0.));
#5338=DIRECTION('',(0.,0.,1.));
#5339=DIRECTION('',(0.,-1.,0.));
#5340=DIRECTION('',(0.,0.,-1.));
#5341=DIRECTION('',(0.,1.,0.));
#5342=DIRECTION('center_axis',(0.,1.,0.));
#5343=DIRECTION('ref_axis',(-0.707106781186533,0.,-0.707106781186562));
#5344=DIRECTION('',(0.,-1.,0.));
#5345=DIRECTION('center_axis',(-0.707106781186539,0.707106781186556,0.));
#5346=DIRECTION('ref_axis',(-0.707106781186556,-0.707106781186539,0.));
#5347=DIRECTION('center_axis',(-1.,0.,0.));
#5348=DIRECTION('ref_axis',(0.,-0.707106781186524,-0.707106781186571));
#5349=DIRECTION('',(1.,0.,0.));
#5350=DIRECTION('center_axis',(-1.,0.,0.));
#5351=DIRECTION('ref_axis',(0.,-0.707106781186524,-0.707106781186571));
#5352=DIRECTION('',(1.,0.,0.));
#5353=DIRECTION('center_axis',(-1.,0.,0.));
#5354=DIRECTION('ref_axis',(0.,-0.707106781186524,-0.707106781186571));
#5355=DIRECTION('',(1.,0.,0.));
#5356=DIRECTION('center_axis',(-0.707106781186539,-0.707106781186556,0.));
#5357=DIRECTION('ref_axis',(0.707106781186556,-0.707106781186539,0.));
#5358=DIRECTION('center_axis',(0.,-1.,0.));
#5359=DIRECTION('ref_axis',(0.70710678118653,0.,-0.707106781186565));
#5360=DIRECTION('',(0.,1.,0.));
#5361=DIRECTION('center_axis',(0.707106781186539,-0.707106781186556,0.));
#5362=DIRECTION('ref_axis',(0.707106781186556,0.707106781186539,0.));
#5363=DIRECTION('center_axis',(1.,0.,0.));
#5364=DIRECTION('ref_axis',(0.,0.707106781186524,-0.707106781186571));
#5365=DIRECTION('',(-1.,0.,0.));
#5366=DIRECTION('center_axis',(0.,0.,-1.));
#5367=DIRECTION('ref_axis',(-1.,0.,0.));
#5368=DIRECTION('center_axis',(0.,0.,-1.));
#5369=DIRECTION('ref_axis',(0.,-1.,0.));
#5370=DIRECTION('',(0.,-1.,0.));
#5371=DIRECTION('',(1.,0.,0.));
#5372=DIRECTION('',(0.,1.,0.));
#5373=DIRECTION('',(-1.,0.,0.));
#5374=DIRECTION('center_axis',(0.,-1.,0.));
#5375=DIRECTION('ref_axis',(0.,0.,1.));
#5376=DIRECTION('',(0.,0.,1.));
#5377=DIRECTION('',(0.,0.,-1.));
#5378=DIRECTION('',(-1.,0.,0.));
#5379=DIRECTION('center_axis',(0.,0.,1.));
#5380=DIRECTION('ref_axis',(0.,1.,0.));
#5381=DIRECTION('',(0.,1.,0.));
#5382=DIRECTION('',(0.,-1.,0.));
#5383=DIRECTION('',(-1.,0.,0.));
#5384=DIRECTION('center_axis',(0.,0.,1.));
#5385=DIRECTION('ref_axis',(0.,1.,0.));
#5386=DIRECTION('',(-1.,0.,0.));
#5387=DIRECTION('',(0.,1.,0.));
#5388=DIRECTION('',(-1.,0.,0.));
#5389=DIRECTION('center_axis',(0.,-1.,0.));
#5390=DIRECTION('ref_axis',(0.,0.,1.));
#5391=DIRECTION('',(0.,0.,1.));
#5392=DIRECTION('',(-1.,0.,0.));
#5393=DIRECTION('center_axis',(0.,0.,-1.));
#5394=DIRECTION('ref_axis',(0.,-1.,0.));
#5395=DIRECTION('',(0.,-1.,0.));
#5396=DIRECTION('center_axis',(0.,0.,-1.));
#5397=DIRECTION('ref_axis',(0.,-1.,0.));
#5398=DIRECTION('',(0.,-1.,0.));
#5399=DIRECTION('',(1.,0.,0.));
#5400=DIRECTION('',(0.,1.,0.));
#5401=DIRECTION('',(-1.,0.,0.));
#5402=DIRECTION('center_axis',(0.,-1.,0.));
#5403=DIRECTION('ref_axis',(0.,0.,1.));
#5404=DIRECTION('',(0.,0.,1.));
#5405=DIRECTION('',(0.,0.,-1.));
#5406=DIRECTION('',(-1.,0.,0.));
#5407=DIRECTION('center_axis',(0.,-6.11716373029261E-16,1.));
#5408=DIRECTION('ref_axis',(0.,1.,6.11716373029261E-16));
#5409=DIRECTION('',(0.,1.,6.11716373029261E-16));
#5410=DIRECTION('',(0.,-1.,-6.11716373029261E-16));
#5411=DIRECTION('',(-1.,0.,0.));
#5412=DIRECTION('center_axis',(0.,-6.11716373029261E-16,1.));
#5413=DIRECTION('ref_axis',(0.,1.,6.11716373029261E-16));
#5414=DIRECTION('',(-1.,0.,0.));
#5415=DIRECTION('',(0.,1.,6.11716373029261E-16));
#5416=DIRECTION('',(-1.,0.,0.));
#5417=DIRECTION('center_axis',(0.,-1.,0.));
#5418=DIRECTION('ref_axis',(0.,0.,1.));
#5419=DIRECTION('',(0.,0.,1.));
#5420=DIRECTION('',(-1.,0.,0.));
#5421=DIRECTION('center_axis',(0.,0.,-1.));
#5422=DIRECTION('ref_axis',(0.,-1.,0.));
#5423=DIRECTION('',(0.,-1.,0.));
#5424=DIRECTION('',(1.,0.,0.));
#5425=DIRECTION('center_axis',(0.,6.11716373029262E-16,-1.));
#5426=DIRECTION('ref_axis',(0.,-1.,-6.11716373029262E-16));
#5427=DIRECTION('',(0.,-1.,-6.11716373029262E-16));
#5428=DIRECTION('',(1.,0.,0.));
#5429=DIRECTION('',(0.,1.,6.11716373029262E-16));
#5430=DIRECTION('',(-1.,0.,0.));
#5431=DIRECTION('center_axis',(0.,-1.,0.));
#5432=DIRECTION('ref_axis',(0.,0.,1.));
#5433=DIRECTION('',(0.,0.,1.));
#5434=DIRECTION('',(0.,0.,-1.));
#5435=DIRECTION('',(-1.,0.,0.));
#5436=DIRECTION('center_axis',(0.,-3.05858186514632E-16,1.));
#5437=DIRECTION('ref_axis',(0.,1.,3.05858186514632E-16));
#5438=DIRECTION('',(0.,1.,3.05858186514632E-16));
#5439=DIRECTION('',(0.,-1.,-3.05858186514632E-16));
#5440=DIRECTION('',(-1.,0.,0.));
#5441=DIRECTION('center_axis',(0.,-3.05858186514632E-16,1.));
#5442=DIRECTION('ref_axis',(0.,1.,3.05858186514632E-16));
#5443=DIRECTION('',(-1.,0.,0.));
#5444=DIRECTION('',(0.,1.,3.05858186514632E-16));
#5445=DIRECTION('',(-1.,0.,0.));
#5446=DIRECTION('center_axis',(0.,-1.,0.));
#5447=DIRECTION('ref_axis',(0.,0.,1.));
#5448=DIRECTION('',(0.,0.,1.));
#5449=DIRECTION('',(-1.,0.,0.));
#5450=DIRECTION('center_axis',(0.,6.11716373029262E-16,-1.));
#5451=DIRECTION('ref_axis',(0.,-1.,-6.11716373029262E-16));
#5452=DIRECTION('',(0.,-1.,-6.11716373029262E-16));
#5453=DIRECTION('',(1.,0.,0.));
#5454=DIRECTION('center_axis',(1.,0.,0.));
#5455=DIRECTION('ref_axis',(0.,1.,0.));
#5456=DIRECTION('',(0.,0.,1.));
#5457=DIRECTION('',(0.,0.,1.));
#5458=DIRECTION('',(0.,0.,1.));
#5459=DIRECTION('',(0.,1.,0.));
#5460=DIRECTION('center_axis',(0.,1.,0.));
#5461=DIRECTION('ref_axis',(-1.,0.,0.));
#5462=DIRECTION('',(-1.,0.,0.));
#5463=DIRECTION('',(0.,0.,1.));
#5464=DIRECTION('',(-1.,0.,0.));
#5465=DIRECTION('center_axis',(0.,1.,0.));
#5466=DIRECTION('ref_axis',(-1.,0.,0.));
#5467=DIRECTION('center_axis',(0.,1.,0.));
#5468=DIRECTION('ref_axis',(-1.,0.,0.));
#5469=DIRECTION('center_axis',(-1.,0.,0.));
#5470=DIRECTION('ref_axis',(0.,0.,-1.));
#5471=DIRECTION('',(0.,0.,-1.));
#5472=DIRECTION('',(0.,0.,-1.));
#5473=DIRECTION('',(0.,0.,-1.));
#5474=DIRECTION('',(0.,-1.,0.));
#5475=DIRECTION('',(0.,0.,-1.));
#5476=DIRECTION('',(0.,0.,-1.));
#5477=DIRECTION('center_axis',(0.,1.,0.));
#5478=DIRECTION('ref_axis',(-1.,0.,0.));
#5479=DIRECTION('',(0.,0.,1.));
#5480=DIRECTION('',(-1.,0.,0.));
#5481=DIRECTION('',(0.,0.,1.));
#5482=DIRECTION('',(-1.,0.,0.));
#5483=DIRECTION('center_axis',(0.,1.,0.));
#5484=DIRECTION('ref_axis',(-1.,0.,0.));
#5485=DIRECTION('',(0.,0.,1.));
#5486=DIRECTION('center_axis',(0.,1.,0.));
#5487=DIRECTION('ref_axis',(-1.,0.,0.));
#5488=DIRECTION('',(0.,0.,1.));
#5489=DIRECTION('center_axis',(0.,0.,1.));
#5490=DIRECTION('ref_axis',(-1.,0.,0.));
#5491=DIRECTION('',(-1.,0.,0.));
#5492=DIRECTION('',(0.,1.,0.));
#5493=DIRECTION('',(-1.,0.,0.));
#5494=DIRECTION('',(0.,-1.,0.));
#5495=DIRECTION('',(-1.,0.,0.));
#5496=DIRECTION('',(0.,1.,0.));
#5497=DIRECTION('',(-1.,0.,0.));
#5498=DIRECTION('',(0.,-1.,0.));
#5499=DIRECTION('',(-1.,0.,0.));
#5500=DIRECTION('',(0.,1.,0.));
#5501=DIRECTION('',(-1.,0.,0.));
#5502=DIRECTION('',(0.,-1.,0.));
#5503=DIRECTION('center_axis',(0.,-1.,0.));
#5504=DIRECTION('ref_axis',(0.,0.,-1.));
#5505=DIRECTION('center_axis',(-1.,0.,0.));
#5506=DIRECTION('ref_axis',(0.,-1.,0.));
#5507=DIRECTION('',(0.,0.,1.));
#5508=DIRECTION('',(0.,-1.,0.));
#5509=DIRECTION('center_axis',(0.,1.,0.));
#5510=DIRECTION('ref_axis',(-1.,0.,0.));
#5511=DIRECTION('',(0.,0.,1.));
#5512=DIRECTION('',(-1.,0.,0.));
#5513=DIRECTION('center_axis',(1.,0.,0.));
#5514=DIRECTION('ref_axis',(0.,1.,0.));
#5515=DIRECTION('',(0.,0.,1.));
#5516=DIRECTION('',(0.,1.,0.));
#5517=DIRECTION('center_axis',(0.,1.,0.));
#5518=DIRECTION('ref_axis',(-1.,0.,0.));
#5519=DIRECTION('',(0.,0.,1.));
#5520=DIRECTION('',(-1.,0.,0.));
#5521=DIRECTION('center_axis',(-1.,0.,0.));
#5522=DIRECTION('ref_axis',(0.,-1.,0.));
#5523=DIRECTION('',(0.,0.,1.));
#5524=DIRECTION('',(0.,-1.,0.));
#5525=DIRECTION('center_axis',(0.,1.,0.));
#5526=DIRECTION('ref_axis',(-1.,0.,0.));
#5527=DIRECTION('',(0.,0.,1.));
#5528=DIRECTION('',(-1.,0.,0.));
#5529=DIRECTION('center_axis',(1.,0.,0.));
#5530=DIRECTION('ref_axis',(0.,1.,0.));
#5531=DIRECTION('',(0.,0.,1.));
#5532=DIRECTION('',(0.,1.,0.));
#5533=DIRECTION('center_axis',(0.,1.,0.));
#5534=DIRECTION('ref_axis',(-1.,0.,0.));
#5535=DIRECTION('',(0.,0.,1.));
#5536=DIRECTION('',(-1.,0.,0.));
#5537=DIRECTION('center_axis',(-1.,0.,0.));
#5538=DIRECTION('ref_axis',(0.,-1.,0.));
#5539=DIRECTION('',(0.,0.,1.));
#5540=DIRECTION('',(0.,-1.,0.));
#5541=DIRECTION('center_axis',(0.,1.,0.));
#5542=DIRECTION('ref_axis',(-1.,0.,0.));
#5543=DIRECTION('',(0.,0.,1.));
#5544=DIRECTION('',(-1.,0.,0.));
#5545=DIRECTION('center_axis',(1.,0.,0.));
#5546=DIRECTION('ref_axis',(0.,1.,0.));
#5547=DIRECTION('',(0.,1.,0.));
#5548=DIRECTION('center_axis',(-1.,0.,0.));
#5549=DIRECTION('ref_axis',(0.,-1.,0.));
#5550=DIRECTION('',(0.,0.,1.));
#5551=DIRECTION('',(0.,-1.,0.));
#5552=DIRECTION('center_axis',(0.,1.,0.));
#5553=DIRECTION('ref_axis',(-1.,0.,0.));
#5554=DIRECTION('',(0.,0.,1.));
#5555=DIRECTION('center_axis',(1.,0.,0.));
#5556=DIRECTION('ref_axis',(0.,1.,0.));
#5557=DIRECTION('',(0.,0.,1.));
#5558=DIRECTION('center_axis',(0.,1.,0.));
#5559=DIRECTION('ref_axis',(-1.,0.,0.));
#5560=DIRECTION('',(0.,0.,1.));
#5561=DIRECTION('center_axis',(-1.,0.,0.));
#5562=DIRECTION('ref_axis',(0.,-1.,0.));
#5563=DIRECTION('',(0.,0.,1.));
#5564=DIRECTION('center_axis',(0.,1.,0.));
#5565=DIRECTION('ref_axis',(-1.,0.,0.));
#5566=DIRECTION('center_axis',(0.,0.,1.));
#5567=DIRECTION('ref_axis',(1.,0.,0.));
#5568=DIRECTION('center_axis',(0.,0.,1.));
#5569=DIRECTION('ref_axis',(1.,0.,0.));
#5570=DIRECTION('',(1.,0.,0.));
#5571=DIRECTION('center_axis',(-1.,0.,4.46281407004342E-17));
#5572=DIRECTION('ref_axis',(4.46281407004342E-17,0.,1.));
#5573=DIRECTION('',(4.46281407004342E-17,0.,1.));
#5574=DIRECTION('center_axis',(0.,0.,1.));
#5575=DIRECTION('ref_axis',(1.,0.,0.));
#5576=DIRECTION('',(1.,0.,0.));
#5577=DIRECTION('center_axis',(0.,-1.,0.));
#5578=DIRECTION('ref_axis',(-1.,0.,0.));
#5579=DIRECTION('center_axis',(0.,-1.,0.));
#5580=DIRECTION('ref_axis',(1.,0.,0.));
#5581=DIRECTION('center_axis',(0.,1.,0.));
#5582=DIRECTION('ref_axis',(0.,0.,1.));
#5583=DIRECTION('center_axis',(0.,-1.,0.));
#5584=DIRECTION('ref_axis',(1.,0.,0.));
#5585=DIRECTION('center_axis',(0.,-1.,0.));
#5586=DIRECTION('ref_axis',(1.,0.,0.));
#5587=DIRECTION('center_axis',(0.,-1.,0.));
#5588=DIRECTION('ref_axis',(1.,0.,0.));
#5589=DIRECTION('center_axis',(0.,-1.,0.));
#5590=DIRECTION('ref_axis',(1.,0.,0.));
#5591=DIRECTION('center_axis',(0.,-1.,0.));
#5592=DIRECTION('ref_axis',(1.,0.,0.));
#5593=DIRECTION('center_axis',(0.,-1.,0.));
#5594=DIRECTION('ref_axis',(1.,0.,8.45686739454872E-11));
#5595=DIRECTION('center_axis',(0.,-1.,0.));
#5596=DIRECTION('ref_axis',(-1.,0.,0.));
#5597=DIRECTION('center_axis',(0.,-1.,0.));
#5598=DIRECTION('ref_axis',(-1.,0.,0.));
#5599=DIRECTION('center_axis',(0.,-1.,0.));
#5600=DIRECTION('ref_axis',(1.,0.,0.));
#5601=DIRECTION('center_axis',(0.,-1.,0.));
#5602=DIRECTION('ref_axis',(-1.,0.,0.));
#5603=DIRECTION('center_axis',(0.,-1.,0.));
#5604=DIRECTION('ref_axis',(-1.,0.,0.));
#5605=DIRECTION('center_axis',(0.,-1.,0.));
#5606=DIRECTION('ref_axis',(-1.,0.,0.));
#5607=DIRECTION('center_axis',(0.,-1.,0.));
#5608=DIRECTION('ref_axis',(1.,0.,0.));
#5609=DIRECTION('center_axis',(0.,-1.,0.));
#5610=DIRECTION('ref_axis',(1.,0.,0.));
#5611=DIRECTION('',(-0.677906085597311,0.73514851500233,-8.30195517849259E-17));
#5612=DIRECTION('center_axis',(0.,-1.,0.));
#5613=DIRECTION('ref_axis',(0.,0.,-1.));
#5614=DIRECTION('center_axis',(0.,-1.,0.));
#5615=DIRECTION('ref_axis',(1.,0.,0.));
#5616=DIRECTION('center_axis',(-1.,0.,-1.4948859607769E-16));
#5617=DIRECTION('ref_axis',(-1.4948859607769E-16,0.,1.));
#5618=DIRECTION('center_axis',(0.,-1.,0.));
#5619=DIRECTION('ref_axis',(1.,0.,0.));
#5620=DIRECTION('center_axis',(0.,-1.,0.));
#5621=DIRECTION('ref_axis',(-1.,0.,0.));
#5622=DIRECTION('',(0.,1.,0.));
#5623=DIRECTION('center_axis',(1.,0.,0.));
#5624=DIRECTION('ref_axis',(0.,0.,-1.));
#5625=DIRECTION('',(0.,0.,-1.));
#5626=DIRECTION('center_axis',(-1.20578118341043E-16,0.,-1.));
#5627=DIRECTION('ref_axis',(-1.,0.,1.20578118341043E-16));
#5628=DIRECTION('center_axis',(0.,1.,0.));
#5629=DIRECTION('ref_axis',(0.,0.,1.));
#5630=DIRECTION('center_axis',(0.,1.,0.));
#5631=DIRECTION('ref_axis',(0.,0.,1.));
#5632=DIRECTION('center_axis',(0.,1.,0.));
#5633=DIRECTION('ref_axis',(0.,0.,1.));
#5634=DIRECTION('center_axis',(0.,1.,0.));
#5635=DIRECTION('ref_axis',(0.,0.,1.));
#5636=DIRECTION('center_axis',(0.,1.,0.));
#5637=DIRECTION('ref_axis',(0.,0.,1.));
#5638=DIRECTION('center_axis',(0.,1.,0.));
#5639=DIRECTION('ref_axis',(0.,0.,1.));
#5640=CARTESIAN_POINT('',(0.,0.,0.));
#5641=CARTESIAN_POINT('Origin',(0.948255509092573,1.8125,-0.426034532070566));
#5642=CARTESIAN_POINT('',(0.948255509092573,2.175,-0.426034532070566));
#5643=CARTESIAN_POINT('',(0.948255509092573,1.8125,-0.426034532070566));
#5644=CARTESIAN_POINT('',(0.948255509092573,1.45,-0.426034532070566));
#5645=CARTESIAN_POINT('',(0.948355509092573,2.175,-0.426034532070566));
#5646=CARTESIAN_POINT('',(0.948255509092573,2.175,-0.426034532070566));
#5647=CARTESIAN_POINT('',(0.948355509092573,1.8125,-0.426034532070566));
#5648=CARTESIAN_POINT('',(0.948355509092573,1.8125,-0.426034532070566));
#5649=CARTESIAN_POINT('',(0.948255509092573,1.8125,-0.426034532070566));
#5650=CARTESIAN_POINT('Origin',(0.948355509092573,1.99375,-0.181130236033296));
#5651=CARTESIAN_POINT('',(0.948355509092573,2.175,0.0637740600039741));
#5652=CARTESIAN_POINT('',(0.948355509092573,2.175,-0.426034532070566));
#5653=CARTESIAN_POINT('',(0.948355509092573,1.8125,0.0637740600039741));
#5654=CARTESIAN_POINT('',(0.948355509092573,2.175,0.063774060003974));
#5655=CARTESIAN_POINT('',(0.948355509092573,1.8125,0.0637740600039741));
#5656=CARTESIAN_POINT('Origin',(0.948255509092573,1.0875,0.063674060003974));
#5657=CARTESIAN_POINT('',(0.948255509092574,1.8125,0.063674060003974));
#5658=CARTESIAN_POINT('',(0.948255509092573,1.8125,0.063724060003974));
#5659=CARTESIAN_POINT('',(0.948255509092573,1.0875,0.063674060003974));
#5660=CARTESIAN_POINT('',(0.948255509092573,1.0875,0.063674060003974));
#5661=CARTESIAN_POINT('',(0.948255509092573,1.0875,-0.426034532070566));
#5662=CARTESIAN_POINT('',(0.948255509092573,1.0875,0.063674060003974));
#5663=CARTESIAN_POINT('',(0.948255509092573,1.0875,-0.426034532070566));
#5664=CARTESIAN_POINT('Origin',(0.948255509092573,1.0875,0.063674060003974));
#5665=CARTESIAN_POINT('',(0.948255509092573,1.8125,-0.426134532070566));
#5666=CARTESIAN_POINT('',(0.948255509092573,1.8125,-0.426034532070566));
#5667=CARTESIAN_POINT('',(0.948255509092573,2.175,-0.426134532070566));
#5668=CARTESIAN_POINT('',(0.948255509092573,2.175,-0.426134532070566));
#5669=CARTESIAN_POINT('',(0.948255509092573,2.175,0.063674060003974));
#5670=CARTESIAN_POINT('Origin',(-0.128319490907427,1.0875,0.063674060003974));
#5671=CARTESIAN_POINT('',(0.596680509092573,1.0875,0.063674060003974));
#5672=CARTESIAN_POINT('',(-0.128319490907426,1.0875,0.063674060003974));
#5673=CARTESIAN_POINT('',(-0.128319490907426,1.0875,0.063674060003974));
#5674=CARTESIAN_POINT('',(0.596680509092573,1.0875,0.063774060003974));
#5675=CARTESIAN_POINT('',(0.596680509092573,1.0875,0.063674060003974));
#5676=CARTESIAN_POINT('',(-0.128319490907427,1.0875,0.063774060003974));
#5677=CARTESIAN_POINT('',(-0.128319490907427,1.0875,0.063774060003974));
#5678=CARTESIAN_POINT('',(-0.128319490907427,1.0875,0.063674060003974));
#5679=CARTESIAN_POINT('Origin',(-0.128744490907426,1.8125,0.063674060003974));
#5680=CARTESIAN_POINT('',(-0.128744490907426,1.8125,0.063674060003974));
#5681=CARTESIAN_POINT('',(-0.128213241016961,0.906250186853384,0.063674060003974));
#5682=CARTESIAN_POINT('',(-0.128744490907426,1.8125,0.063774060003974));
#5683=CARTESIAN_POINT('',(-0.128744490907426,1.8125,0.063774060003974));
#5684=CARTESIAN_POINT('',(-0.128744490907426,1.8125,0.063674060003974));
#5685=CARTESIAN_POINT('Origin',(-0.501744490907426,1.8125,0.063674060003974));
#5686=CARTESIAN_POINT('',(-0.501744490907426,1.8125,0.063674060003974));
#5687=CARTESIAN_POINT('',(-0.315031990907426,1.8125,0.063674060003974));
#5688=CARTESIAN_POINT('',(-0.501744490907426,1.8125,0.063774060003974));
#5689=CARTESIAN_POINT('',(-0.501744490907426,1.8125,0.063774060003974));
#5690=CARTESIAN_POINT('',(-0.501744490907426,1.8125,0.063674060003974));
#5691=CARTESIAN_POINT('Origin',(-0.501744490907426,2.175,0.063674060003974));
#5692=CARTESIAN_POINT('',(-0.501744490907426,2.175,0.063674060003974));
#5693=CARTESIAN_POINT('',(-0.501744490907426,1.0875,0.063674060003974));
#5694=CARTESIAN_POINT('',(-0.501744490907426,2.175,0.063774060003974));
#5695=CARTESIAN_POINT('',(-0.501744490907426,2.175,0.063774060003974));
#5696=CARTESIAN_POINT('',(-0.501744490907426,2.175,0.063674060003974));
#5697=CARTESIAN_POINT('Origin',(0.596680509092573,1.8125,0.063674060003974));
#5698=CARTESIAN_POINT('',(0.596680509092573,1.8125,0.063674060003974));
#5699=CARTESIAN_POINT('',(0.234180509092573,1.8125,0.063674060003974));
#5700=CARTESIAN_POINT('',(0.596680509092573,1.8125,0.063774060003974));
#5701=CARTESIAN_POINT('',(0.596680509092573,1.8125,0.063774060003974));
#5702=CARTESIAN_POINT('',(0.596680509092573,1.8125,0.063674060003974));
#5703=CARTESIAN_POINT('Origin',(0.596680509092573,1.0875,0.063674060003974));
#5704=CARTESIAN_POINT('',(0.596680509092574,0.54375,0.063674060003974));
#5705=CARTESIAN_POINT('',(0.596680509092573,1.0875,0.063774060003974));
#5706=CARTESIAN_POINT('Origin',(0.223255509092574,1.63125,0.063774060003974));
#5707=CARTESIAN_POINT('',(0.586105509092574,2.175,0.063774060003974));
#5708=CARTESIAN_POINT('',(0.948255509092573,2.175,0.063774060003974));
#5709=CARTESIAN_POINT('',(-0.138994490907426,2.175,0.063774060003974));
#5710=CARTESIAN_POINT('',(0.223380509092574,2.175,0.0637740600039741));
#5711=CARTESIAN_POINT('',(0.948255509092573,2.175,0.063774060003974));
#5712=CARTESIAN_POINT('Origin',(-0.128319490907426,0.,0.063674060003974));
#5713=CARTESIAN_POINT('',(-0.501844490907426,2.175,0.063674060003974));
#5714=CARTESIAN_POINT('',(-0.501744490907426,2.175,0.063674060003974));
#5715=CARTESIAN_POINT('',(-0.501844490907426,1.8125,0.063674060003974));
#5716=CARTESIAN_POINT('',(-0.501844490907426,1.0875,0.063674060003974));
#5717=CARTESIAN_POINT('',(-0.501744490907426,1.8125,0.063674060003974));
#5718=CARTESIAN_POINT('Origin',(-0.128319490907426,0.,0.063674060003974));
#5719=CARTESIAN_POINT('',(-0.501744490907426,1.0875,0.063674060003974));
#5720=CARTESIAN_POINT('',(-0.501744490907426,1.0875,0.063674060003974));
#5721=CARTESIAN_POINT('',(-0.501744490907426,1.0875,0.063674060003974));
#5722=CARTESIAN_POINT('Origin',(-0.128319490907426,0.,0.063674060003974));
#5723=CARTESIAN_POINT('',(-0.128319490907426,0.537635845273499,0.063674060003974));
#5724=CARTESIAN_POINT('',(-0.128319490907426,0.,0.063674060003974));
#5725=CARTESIAN_POINT('',(-0.106756701728275,0.565889475975678,0.063674060003974));
#5726=CARTESIAN_POINT('Ctrl Pts',(-0.106756701728275,0.565889475975679,
0.063674060003974));
#5727=CARTESIAN_POINT('Ctrl Pts',(-0.113944298121326,0.556471599074952,
0.063674060003974));
#5728=CARTESIAN_POINT('Ctrl Pts',(-0.121131894514376,0.547053722174226,
0.063674060003974));
#5729=CARTESIAN_POINT('Ctrl Pts',(-0.128319490907427,0.537635845273499,
0.063674060003974));
#5730=CARTESIAN_POINT('',(-0.0658112083171656,0.576981995204784,0.063674060003974));
#5731=CARTESIAN_POINT('Ctrl Pts',(-0.0658112083171656,0.576981995204784,
0.063674060003974));
#5732=CARTESIAN_POINT('Ctrl Pts',(-0.0794597061208689,0.573284488795082,
0.063674060003974));
#5733=CARTESIAN_POINT('Ctrl Pts',(-0.0931082039245723,0.56958698238538,
0.063674060003974));
#5734=CARTESIAN_POINT('Ctrl Pts',(-0.106756701728276,0.565889475975678,
0.063674060003974));
#5735=CARTESIAN_POINT('',(0.534172226502313,0.576981995204784,0.063674060003974));
#5736=CARTESIAN_POINT('Ctrl Pts',(0.534172226502313,0.576981995204784,0.063674060003974));
#5737=CARTESIAN_POINT('Ctrl Pts',(0.494523877391548,0.587723105844182,0.063674060003974));
#5738=CARTESIAN_POINT('Ctrl Pts',(0.427694755146715,0.603794876911219,0.063674060003974));
#5739=CARTESIAN_POINT('Ctrl Pts',(0.317969178559515,0.622801134745133,0.063674060003974));
#5740=CARTESIAN_POINT('Ctrl Pts',(0.19869842501915,0.627975418159464,0.063674060003974));
#5741=CARTESIAN_POINT('Ctrl Pts',(0.073324958876737,0.611649579517365,0.063674060003974));
#5742=CARTESIAN_POINT('Ctrl Pts',(-0.0261628592064009,0.587723105844182,
0.063674060003974));
#5743=CARTESIAN_POINT('Ctrl Pts',(-0.0658112083171656,0.576981995204784,
0.063674060003974));
#5744=CARTESIAN_POINT('',(0.575117719913477,0.565889475975664,0.063674060003974));
#5745=CARTESIAN_POINT('Ctrl Pts',(0.575117719913477,0.565889475975663,0.063674060003974));
#5746=CARTESIAN_POINT('Ctrl Pts',(0.561469222109756,0.56958698238537,0.063674060003974));
#5747=CARTESIAN_POINT('Ctrl Pts',(0.547820724306034,0.573284488795077,0.063674060003974));
#5748=CARTESIAN_POINT('Ctrl Pts',(0.534172226502313,0.576981995204784,0.063674060003974));
#5749=CARTESIAN_POINT('',(0.596680509092573,0.537635845273509,0.063674060003974));
#5750=CARTESIAN_POINT('Ctrl Pts',(0.596680509092574,0.537635845273508,0.063674060003974));
#5751=CARTESIAN_POINT('Ctrl Pts',(0.589492912699541,0.547053722174227,0.063674060003974));
#5752=CARTESIAN_POINT('Ctrl Pts',(0.582305316306509,0.556471599074945,0.063674060003974));
#5753=CARTESIAN_POINT('Ctrl Pts',(0.575117719913477,0.565889475975664,0.063674060003974));
#5754=CARTESIAN_POINT('',(0.596680509092573,0.,0.063674060003974));
#5755=CARTESIAN_POINT('Origin',(-0.501844490907426,1.99375,-0.181230236033296));
#5756=CARTESIAN_POINT('',(-0.501844490907426,1.8125,-0.426134532070566));
#5757=CARTESIAN_POINT('',(-0.501844490907426,1.8125,-0.426134532070566));
#5758=CARTESIAN_POINT('',(-0.501844490907426,2.175,-0.426134532070566));
#5759=CARTESIAN_POINT('',(-0.501844490907426,2.175,0.063674060003974));
#5760=CARTESIAN_POINT('',(-0.501844490907426,2.175,-0.426134532070566));
#5761=CARTESIAN_POINT('Origin',(-0.501744490907426,1.0875,-0.426034532070566));
#5762=CARTESIAN_POINT('',(-0.501744490907426,1.8125,-0.426034532070566));
#5763=CARTESIAN_POINT('',(-0.501744490907426,1.8125,-0.426084532070566));
#5764=CARTESIAN_POINT('',(-0.501744490907426,1.0875,-0.426034532070566));
#5765=CARTESIAN_POINT('',(-0.501744490907426,1.0875,-0.426034532070566));
#5766=CARTESIAN_POINT('',(-0.501744490907426,1.0875,-0.426034532070566));
#5767=CARTESIAN_POINT('Origin',(0.132880509092573,1.99375,-0.426034532070566));
#5768=CARTESIAN_POINT('',(0.314130509092573,1.99375,-0.426034532070566));
#5769=CARTESIAN_POINT('',(0.132880509092573,1.99375,-0.426034532070566));
#5770=CARTESIAN_POINT('',(0.364780509092573,1.99375,-0.426034532070566));
#5771=CARTESIAN_POINT('',(0.314130509092573,1.99375,-0.426134532070566));
#5772=CARTESIAN_POINT('',(0.314130509092573,1.99375,-0.426034532070566));
#5773=CARTESIAN_POINT('',(0.132880509092573,1.99375,-0.426134532070566));
#5774=CARTESIAN_POINT('',(0.132880509092573,1.99375,-0.426134532070566));
#5775=CARTESIAN_POINT('',(0.132880509092573,1.99375,-0.426034532070566));
#5776=CARTESIAN_POINT('Origin',(0.132880509092573,2.084375,-0.426034532070566));
#5777=CARTESIAN_POINT('',(0.132880509092573,2.084375,-0.426034532070566));
#5778=CARTESIAN_POINT('',(0.132880509092573,1.0421875,-0.426034532070566));
#5779=CARTESIAN_POINT('',(0.132880509092573,2.084375,-0.426134532070566));
#5780=CARTESIAN_POINT('',(0.132880509092573,2.084375,-0.426134532070566));
#5781=CARTESIAN_POINT('',(0.132880509092573,2.084375,-0.426034532070566));
#5782=CARTESIAN_POINT('Origin',(0.0431881418287,2.084375,-0.426034532070566));
#5783=CARTESIAN_POINT('',(0.0431881418287,2.084375,-0.426034532070566));
#5784=CARTESIAN_POINT('',(0.319934325460637,2.084375,-0.426034532070566));
#5785=CARTESIAN_POINT('',(0.0431881418287,2.084375,-0.426134532070566));
#5786=CARTESIAN_POINT('',(0.0431881418287,2.084375,-0.426134532070566));
#5787=CARTESIAN_POINT('',(0.0431881418287,2.084375,-0.426034532070566));
#5788=CARTESIAN_POINT('Origin',(0.0431881418287,2.175,-0.426034532070566));
#5789=CARTESIAN_POINT('',(0.0431881418287,2.175,-0.426034532070566));
#5790=CARTESIAN_POINT('',(0.0431881418287,1.0875,-0.426034532070566));
#5791=CARTESIAN_POINT('',(0.0431881418287,2.175,-0.426134532070566));
#5792=CARTESIAN_POINT('',(0.0431881418287,2.175,-0.426134532070566));
#5793=CARTESIAN_POINT('',(0.0431881418287,2.175,-0.484857382070566));
#5794=CARTESIAN_POINT('Origin',(-0.128319490907426,1.8125,-0.426034532070566));
#5795=CARTESIAN_POINT('',(-0.128319490907426,1.8125,-0.426034532070566));
#5796=CARTESIAN_POINT('',(0.234180509092573,1.8125,-0.426034532070566));
#5797=CARTESIAN_POINT('',(-0.128319490907426,1.8125,-0.426134532070566));
#5798=CARTESIAN_POINT('',(-0.128319490907426,1.8125,-0.426134532070566));
#5799=CARTESIAN_POINT('',(-0.128319490907426,1.8125,-0.426034532070566));
#5800=CARTESIAN_POINT('Origin',(-0.128319490907427,1.0875,-0.426034532070566));
#5801=CARTESIAN_POINT('',(-0.128319490907426,1.0875,-0.426034532070566));
#5802=CARTESIAN_POINT('',(-0.128319490907427,0.54375,-0.426034532070566));
#5803=CARTESIAN_POINT('',(-0.128319490907427,1.0875,-0.426134532070566));
#5804=CARTESIAN_POINT('',(-0.128319490907427,1.0875,-0.426134532070566));
#5805=CARTESIAN_POINT('',(-0.128319490907427,1.0875,-0.426034532070566));
#5806=CARTESIAN_POINT('Origin',(0.596680509092573,1.0875,-0.426034532070566));
#5807=CARTESIAN_POINT('',(0.596680509092573,1.0875,-0.426034532070566));
#5808=CARTESIAN_POINT('',(0.596680509092573,1.0875,-0.426034532070566));
#5809=CARTESIAN_POINT('',(0.596680509092573,1.0875,-0.426134532070566));
#5810=CARTESIAN_POINT('',(0.596680509092573,1.0875,-0.426134532070566));
#5811=CARTESIAN_POINT('',(0.596680509092573,1.0875,-0.426034532070566));
#5812=CARTESIAN_POINT('Origin',(0.596680509092573,1.8125,-0.426034532070566));
#5813=CARTESIAN_POINT('',(0.596680509092573,1.8125,-0.426034532070566));
#5814=CARTESIAN_POINT('',(0.596680509092573,0.90625,-0.426034532070566));
#5815=CARTESIAN_POINT('',(0.596680509092573,1.8125,-0.426134532070566));
#5816=CARTESIAN_POINT('',(0.596680509092573,2.175,-0.426134532070566));
#5817=CARTESIAN_POINT('',(0.596680509092573,1.8125,-0.426034532070566));
#5818=CARTESIAN_POINT('Origin',(0.948255509092573,1.8125,-0.426034532070566));
#5819=CARTESIAN_POINT('',(0.772468009092573,1.8125,-0.426034532070566));
#5820=CARTESIAN_POINT('',(0.948255509092573,1.8125,-0.426134532070566));
#5821=CARTESIAN_POINT('Origin',(0.402881733083523,2.084375,-0.426034532070566));
#5822=CARTESIAN_POINT('',(0.402881733083523,2.175,-0.426034532070566));
#5823=CARTESIAN_POINT('',(0.402881733083523,2.084375,-0.426034532070566));
#5824=CARTESIAN_POINT('',(0.402881733083522,1.0421875,-0.426034532070566));
#5825=CARTESIAN_POINT('',(0.402881733083523,2.175,-0.426134532070566));
#5826=CARTESIAN_POINT('',(0.402881733083523,2.175,-0.484857382070566));
#5827=CARTESIAN_POINT('',(0.402881733083523,2.084375,-0.426134532070566));
#5828=CARTESIAN_POINT('',(0.402881733083523,2.084375,-0.426134532070566));
#5829=CARTESIAN_POINT('',(0.402881733083523,2.084375,-0.426034532070566));
#5830=CARTESIAN_POINT('Origin',(0.314130509092573,2.084375,-0.426034532070566));
#5831=CARTESIAN_POINT('',(0.314130509092573,2.084375,-0.426034532070566));
#5832=CARTESIAN_POINT('',(0.455405509092574,2.084375,-0.426034532070566));
#5833=CARTESIAN_POINT('',(0.314130509092573,2.084375,-0.426134532070566));
#5834=CARTESIAN_POINT('',(0.0431881418287,2.084375,-0.426134532070566));
#5835=CARTESIAN_POINT('',(0.314130509092573,2.084375,-0.426034532070566));
#5836=CARTESIAN_POINT('Origin',(0.314130509092573,1.99375,-0.426034532070566));
#5837=CARTESIAN_POINT('',(0.314130509092573,0.996875,-0.426034532070566));
#5838=CARTESIAN_POINT('',(0.314130509092573,1.99375,-0.426134532070566));
#5839=CARTESIAN_POINT('Origin',(0.223255509092573,1.63125,-0.426134532070566));
#5840=CARTESIAN_POINT('',(0.586005509092574,2.175,-0.426134532070566));
#5841=CARTESIAN_POINT('',(0.314005509092574,2.175,-0.426134532070566));
#5842=CARTESIAN_POINT('',(-0.138994490907426,2.175,-0.426134532070566));
#5843=CARTESIAN_POINT('',(-0.138994490907426,2.175,-0.426134532070566));
#5844=CARTESIAN_POINT('',(-0.501744490907426,2.175,-0.426134532070566));
#5845=CARTESIAN_POINT('',(0.314005509092574,2.175,-0.426134532070566));
#5846=CARTESIAN_POINT('Origin',(0.596680509092573,0.,-0.426034532070566));
#5847=CARTESIAN_POINT('',(0.948255509092573,1.0875,-0.426034532070566));
#5848=CARTESIAN_POINT('Origin',(0.596680509092573,0.,-0.426034532070566));
#5849=CARTESIAN_POINT('',(0.596680509092573,0.53763585493448,-0.426034532070566));
#5850=CARTESIAN_POINT('',(0.596680509092573,0.,-0.426034532070566));
#5851=CARTESIAN_POINT('',(0.575117728344206,0.565889475357179,-0.426034532070566));
#5852=CARTESIAN_POINT('Ctrl Pts',(0.575117728344206,0.565889475357179,-0.426034532070566));
#5853=CARTESIAN_POINT('Ctrl Pts',(0.582305321926995,0.556471601882946,-0.426034532070566));
#5854=CARTESIAN_POINT('Ctrl Pts',(0.589492915509784,0.547053728408713,-0.426034532070566));
#5855=CARTESIAN_POINT('Ctrl Pts',(0.596680509092573,0.53763585493448,-0.426034532070566));
#5856=CARTESIAN_POINT('',(0.534172234589096,0.576981994980739,-0.426034532070566));
#5857=CARTESIAN_POINT('Ctrl Pts',(0.534172234589096,0.576981994980739,-0.426034532070566));
#5858=CARTESIAN_POINT('Ctrl Pts',(0.547820732507466,0.573284488439552,-0.426034532070566));
#5859=CARTESIAN_POINT('Ctrl Pts',(0.561469230425836,0.569586981898366,-0.426034532070566));
#5860=CARTESIAN_POINT('Ctrl Pts',(0.575117728344206,0.565889475357179,-0.426034532070566));
#5861=CARTESIAN_POINT('',(-0.0658112164039492,0.576981994980739,-0.426034532070566));
#5862=CARTESIAN_POINT('Ctrl Pts',(-0.0658112164039491,0.576981994980739,
-0.426034532070566));
#5863=CARTESIAN_POINT('Ctrl Pts',(-0.0261628650707566,0.587723106513931,
-0.426034532070566));
#5864=CARTESIAN_POINT('Ctrl Pts',(0.0406059406902458,0.60381280186742,-0.426034532070566));
#5865=CARTESIAN_POINT('Ctrl Pts',(0.150540544965317,0.622761943458672,-0.426034532070566));
#5866=CARTESIAN_POINT('Ctrl Pts',(0.245467645948516,0.627039119280822,-0.426034532070566));
#5867=CARTESIAN_POINT('Ctrl Pts',(0.345262630591034,0.618074894324449,-0.426034532070566));
#5868=CARTESIAN_POINT('Ctrl Pts',(0.427776457951236,0.603778630310453,-0.426034532070566));
#5869=CARTESIAN_POINT('Ctrl Pts',(0.494523883255904,0.587723106513931,-0.426034532070566));
#5870=CARTESIAN_POINT('Ctrl Pts',(0.534172234589096,0.576981994980739,-0.426034532070566));
#5871=CARTESIAN_POINT('',(-0.106756710159114,0.565889475357164,-0.426034532070566));
#5872=CARTESIAN_POINT('Ctrl Pts',(-0.106756710159114,0.565889475357164,
-0.426034532070566));
#5873=CARTESIAN_POINT('Ctrl Pts',(-0.0931082122407257,0.569586981898356,
-0.426034532070566));
#5874=CARTESIAN_POINT('Ctrl Pts',(-0.0794597143223374,0.573284488439548,
-0.426034532070566));
#5875=CARTESIAN_POINT('Ctrl Pts',(-0.0658112164039492,0.576981994980739,
-0.426034532070566));
#5876=CARTESIAN_POINT('',(-0.128319490907426,0.537635854934489,-0.426034532070566));
#5877=CARTESIAN_POINT('Ctrl Pts',(-0.128319490907426,0.537635854934489,
-0.426034532070566));
#5878=CARTESIAN_POINT('Ctrl Pts',(-0.121131897324656,0.547053728408714,
-0.426034532070566));
#5879=CARTESIAN_POINT('Ctrl Pts',(-0.113944303741885,0.556471601882939,
-0.426034532070566));
#5880=CARTESIAN_POINT('Ctrl Pts',(-0.106756710159114,0.565889475357164,
-0.426034532070566));
#5881=CARTESIAN_POINT('',(-0.128319490907426,0.,-0.426034532070566));
#5882=CARTESIAN_POINT('Origin',(0.596680509092573,0.,-0.426034532070566));
#5883=CARTESIAN_POINT('',(0.948255509092573,1.0875,-0.426034532070566));
#5884=CARTESIAN_POINT('Origin',(0.586005509092574,2.35625,-0.543656356354334));
#5885=CARTESIAN_POINT('',(0.586005509092574,2.44678927630933,-0.543680232070566));
#5886=CARTESIAN_POINT('',(0.586005509092574,2.35625,-0.543656356354334));
#5887=CARTESIAN_POINT('',(0.586005509092574,2.26552941616864,-0.543632432826289));
#5888=CARTESIAN_POINT('',(0.586005509092574,2.628125,-0.543728051320488));
#5889=CARTESIAN_POINT('',(0.586005509092574,2.35625,-0.543656356354334));
#5890=CARTESIAN_POINT('',(0.586005509092574,2.826,-0.543780232070566));
#5891=CARTESIAN_POINT('',(0.586005509092574,2.26552941616864,-0.543632432826289));
#5892=CARTESIAN_POINT('',(0.586105509092574,2.826,-0.543780232070566));
#5893=CARTESIAN_POINT('',(0.586005509092574,2.826,-0.543780232070566));
#5894=CARTESIAN_POINT('',(0.586105509092574,2.35625,-0.543656356354334));
#5895=CARTESIAN_POINT('',(0.586105509092574,2.35625,-0.543656356354334));
#5896=CARTESIAN_POINT('',(0.586005509092574,2.35625,-0.543656356354334));
#5897=CARTESIAN_POINT('Origin',(0.586005509092574,2.35625,-0.453055232070566));
#5898=CARTESIAN_POINT('',(0.586005509092574,2.35625,-0.453055232070566));
#5899=CARTESIAN_POINT('',(0.586005509092574,2.35625,-0.135867732070566));
#5900=CARTESIAN_POINT('',(0.586105509092574,2.35625,-0.453055232070566));
#5901=CARTESIAN_POINT('',(0.586105509092574,2.35625,-0.453055232070566));
#5902=CARTESIAN_POINT('',(0.586005509092574,2.35625,-0.453055232070566));
#5903=CARTESIAN_POINT('Origin',(0.586005509092574,2.446875,-0.453055232070566));
#5904=CARTESIAN_POINT('',(0.586005509092574,2.446875,-0.453055232070566));
#5905=CARTESIAN_POINT('',(0.586005509092574,2.3109375,-0.453055232070566));
#5906=CARTESIAN_POINT('',(0.586105509092574,2.446875,-0.453055232070566));
#5907=CARTESIAN_POINT('',(0.586105509092574,2.446875,-0.453055232070566));
#5908=CARTESIAN_POINT('',(0.586005509092574,2.446875,-0.453055232070566));
#5909=CARTESIAN_POINT('Origin',(0.586005509092574,2.446875,-0.271805232070566));
#5910=CARTESIAN_POINT('',(0.586005509092574,2.446875,-0.271805232070566));
#5911=CARTESIAN_POINT('',(0.586005509092574,2.446875,-0.0452427320705663));
#5912=CARTESIAN_POINT('',(0.586105509092574,2.446875,-0.271805232070566));
#5913=CARTESIAN_POINT('',(0.586105509092574,2.446875,-0.271805232070566));
#5914=CARTESIAN_POINT('',(0.586005509092574,2.446875,-0.271805232070566));
#5915=CARTESIAN_POINT('Origin',(0.586005509092574,2.265625,-0.271805232070566));
#5916=CARTESIAN_POINT('',(0.586005509092574,2.265625,-0.271805232070566));
#5917=CARTESIAN_POINT('',(0.586005509092574,2.2203125,-0.271805232070566));
#5918=CARTESIAN_POINT('',(0.586105509092574,2.265625,-0.271805232070566));
#5919=CARTESIAN_POINT('',(0.586105509092574,2.265625,-0.271805232070566));
#5920=CARTESIAN_POINT('',(0.586005509092574,2.265625,-0.271805232070566));
#5921=CARTESIAN_POINT('Origin',(0.586005509092574,2.265625,-0.0905552320705663));
#5922=CARTESIAN_POINT('',(0.586005509092574,2.265625,-0.0905552320705663));
#5923=CARTESIAN_POINT('',(0.586005509092574,2.265625,0.0453822679294337));
#5924=CARTESIAN_POINT('',(0.586105509092574,2.265625,-0.0905552320705663));
#5925=CARTESIAN_POINT('',(0.586105509092574,2.265625,-0.0905552320705663));
#5926=CARTESIAN_POINT('',(0.586005509092574,2.265625,-0.0905552320705663));
#5927=CARTESIAN_POINT('Origin',(0.586005509092574,2.175,-0.0905552320705663));
#5928=CARTESIAN_POINT('',(0.586005509092574,2.175,-0.0905552320705663));
#5929=CARTESIAN_POINT('',(0.586005509092574,2.175,-0.0905552320705663));
#5930=CARTESIAN_POINT('',(0.586105509092574,2.175,-0.0905552320705663));
#5931=CARTESIAN_POINT('',(0.586105509092574,2.175,-0.0905552320705663));
#5932=CARTESIAN_POINT('',(0.404630509092573,2.175,-0.0905552320705663));
#5933=CARTESIAN_POINT('Origin',(0.586005509092574,2.826,-0.543780232070566));
#5934=CARTESIAN_POINT('',(0.586005509092574,2.826,0.181319767929434));
#5935=CARTESIAN_POINT('',(0.586005509092574,2.826,-0.181230232070566));
#5936=CARTESIAN_POINT('',(0.586105509092574,2.826,0.181319767929434));
#5937=CARTESIAN_POINT('',(0.586005509092574,2.826,0.181319767929434));
#5938=CARTESIAN_POINT('',(0.586105509092574,2.826,-0.543780232070566));
#5939=CARTESIAN_POINT('Origin',(0.586105509092574,2.5005,-0.181230232070566));
#5940=CARTESIAN_POINT('',(0.586105509092574,2.175,0.181319767929434));
#5941=CARTESIAN_POINT('',(0.586105509092574,2.8263671875,0.181319767929434));
#5942=CARTESIAN_POINT('',(0.586105509092574,2.175,0.181319767929434));
#5943=CARTESIAN_POINT('',(0.586105509092574,2.175,0.181319767929434));
#5944=CARTESIAN_POINT('Origin',(0.586005509092574,2.5005,-0.181230232070566));
#5945=CARTESIAN_POINT('',(0.586005509092574,2.628125,-0.543680232070566));
#5946=CARTESIAN_POINT('',(0.586005509092574,2.628125,-0.543680232070566));
#5947=CARTESIAN_POINT('',(0.586005509092574,2.175,-0.543680232070566));
#5948=CARTESIAN_POINT('Origin',(0.586005509092574,2.175,0.181319767929434));
#5949=CARTESIAN_POINT('',(0.586005509092574,2.628125,-0.543780232070566));
#5950=CARTESIAN_POINT('',(0.586005509092574,2.628125,-0.543680232070566));
#5951=CARTESIAN_POINT('',(0.586005509092574,2.71875,-0.543780232070566));
#5952=CARTESIAN_POINT('Origin',(0.586005509092574,2.175,0.181319767929434));
#5953=CARTESIAN_POINT('',(0.586005509092574,2.8263671875,-0.543780232070566));
#5954=CARTESIAN_POINT('',(0.586005509092574,2.71875,-0.543780232070566));
#5955=CARTESIAN_POINT('',(0.586005509092574,2.8263671875,0.181319767929434));
#5956=CARTESIAN_POINT('',(0.586005509092574,2.8263671875,6.97639667038898E-5));
#5957=CARTESIAN_POINT('',(0.586005509092574,2.175,0.181319767929434));
#5958=CARTESIAN_POINT('Origin',(-0.138994490907426,2.446875,-0.453055232070566));
#5959=CARTESIAN_POINT('',(-0.138994490907426,2.5375,-0.453055232070566));
#5960=CARTESIAN_POINT('',(-0.138994490907426,2.446875,-0.453055232070566));
#5961=CARTESIAN_POINT('',(-0.138994490907426,2.5375,-0.453055232070566));
#5962=CARTESIAN_POINT('',(-0.139094490907426,2.5375,-0.453055232070566));
#5963=CARTESIAN_POINT('',(-0.138994490907426,2.5375,-0.453055232070566));
#5964=CARTESIAN_POINT('',(-0.139094490907426,2.446875,-0.453055232070566));
#5965=CARTESIAN_POINT('',(-0.139094490907426,2.446875,-0.453055232070566));
#5966=CARTESIAN_POINT('',(-0.138994490907426,2.446875,-0.453055232070566));
#5967=CARTESIAN_POINT('Origin',(-0.138994490907426,2.446875,-0.543680232070566));
#5968=CARTESIAN_POINT('',(-0.138994490907426,2.446875,-0.543680232070566));
#5969=CARTESIAN_POINT('',(-0.138994490907426,2.446875,-0.543680232070566));
#5970=CARTESIAN_POINT('',(-0.139094490907426,2.446875,-0.543680232070566));
#5971=CARTESIAN_POINT('',(-0.139094490907426,2.446875,-0.543680232070566));
#5972=CARTESIAN_POINT('',(-0.138994490907426,2.446875,-0.543680232070566));
#5973=CARTESIAN_POINT('Origin',(-0.138994490907426,2.82608572369061,-0.543780232070566));
#5974=CARTESIAN_POINT('',(-0.138994490907426,2.628125,-0.543728028714669));
#5975=CARTESIAN_POINT('',(-0.138994490907426,2.82608572369061,-0.543780232070566));
#5976=CARTESIAN_POINT('',(-0.138994490907426,2.72710535554319,-0.543754130390955));
#5977=CARTESIAN_POINT('',(-0.138994490907426,2.82608572369061,-0.543780232070566));
#5978=CARTESIAN_POINT('',(-0.139094490907426,2.82608572369061,-0.543780232070566));
#5979=CARTESIAN_POINT('',(-0.139094490907426,2.82608572369061,-0.543780232070566));
#5980=CARTESIAN_POINT('',(-0.138994490907426,2.82608572369061,-0.543780232070566));
#5981=CARTESIAN_POINT('Origin',(-0.138994490907426,2.82608572369061,0.181319767929434));
#5982=CARTESIAN_POINT('',(-0.138994490907426,2.82608572369061,0.181319767929434));
#5983=CARTESIAN_POINT('',(-0.138994490907426,2.82608572369061,-0.181180232070566));
#5984=CARTESIAN_POINT('',(-0.139094490907426,2.82608572369061,0.181319767929434));
#5985=CARTESIAN_POINT('',(-0.139094490907426,2.82608572369061,0.181319767929434));
#5986=CARTESIAN_POINT('',(-0.138994490907426,2.82608572369061,0.181319767929434));
#5987=CARTESIAN_POINT('Origin',(-0.138994490907426,2.265625,-0.0905552320705662));
#5988=CARTESIAN_POINT('',(-0.138994490907426,2.265625,0.181319767929434));
#5989=CARTESIAN_POINT('',(-0.138994490907426,2.265625,-0.0905552320705662));
#5990=CARTESIAN_POINT('',(-0.138994490907426,2.265625,-0.317117732070566));
#5991=CARTESIAN_POINT('',(-0.139094490907426,2.265625,0.181319767929434));
#5992=CARTESIAN_POINT('',(-0.138994490907426,2.265625,0.181319767929434));
#5993=CARTESIAN_POINT('',(-0.139094490907426,2.265625,-0.0905552320705662));
#5994=CARTESIAN_POINT('',(-0.139094490907426,2.265625,-0.0905552320705662));
#5995=CARTESIAN_POINT('',(-0.138994490907426,2.265625,-0.0905552320705662));
#5996=CARTESIAN_POINT('Origin',(-0.138994490907426,2.35625,-0.0905552320705663));
#5997=CARTESIAN_POINT('',(-0.138994490907426,2.35625,-0.0905552320705663));
#5998=CARTESIAN_POINT('',(-0.138994490907426,2.4921875,-0.0905552320705663));
#5999=CARTESIAN_POINT('',(-0.139094490907426,2.35625,-0.0905552320705663));
#6000=CARTESIAN_POINT('',(-0.139094490907426,2.35625,-0.0905552320705663));
#6001=CARTESIAN_POINT('',(-0.138994490907426,2.35625,-0.0905552320705663));
#6002=CARTESIAN_POINT('Origin',(-0.138994490907426,2.35625,-0.271805232070566));
#6003=CARTESIAN_POINT('',(-0.138994490907426,2.35625,-0.271805232070566));
#6004=CARTESIAN_POINT('',(-0.138994490907426,2.35625,-0.407742732070566));
#6005=CARTESIAN_POINT('',(-0.139094490907426,2.35625,-0.271805232070566));
#6006=CARTESIAN_POINT('',(-0.139094490907426,2.35625,-0.271805232070566));
#6007=CARTESIAN_POINT('',(-0.138994490907426,2.35625,-0.271805232070566));
#6008=CARTESIAN_POINT('Origin',(-0.138994490907426,2.5375,-0.271805232070566));
#6009=CARTESIAN_POINT('',(-0.138994490907426,2.5375,-0.271805232070566));
#6010=CARTESIAN_POINT('',(-0.138994490907426,2.5828125,-0.271805232070566));
#6011=CARTESIAN_POINT('',(-0.139094490907426,2.5375,-0.271805232070566));
#6012=CARTESIAN_POINT('',(-0.139094490907426,2.5375,-0.271805232070566));
#6013=CARTESIAN_POINT('',(-0.138994490907426,2.5375,-0.271805232070566));
#6014=CARTESIAN_POINT('Origin',(-0.138994490907426,2.5375,-0.453055232070566));
#6015=CARTESIAN_POINT('',(-0.138994490907426,2.5375,-0.498367732070566));
#6016=CARTESIAN_POINT('',(-0.139094490907426,2.5375,-0.453055232070566));
#6017=CARTESIAN_POINT('Origin',(-0.139094490907426,2.54585536184531,-0.181230232070566));
#6018=CARTESIAN_POINT('',(-0.139094490907426,2.175,0.181319767929434));
#6019=CARTESIAN_POINT('Origin',(-0.138994490907426,2.54585536184531,-0.181230232070566));
#6020=CARTESIAN_POINT('',(-0.138994490907426,2.628125,-0.543680232070566));
#6021=CARTESIAN_POINT('',(-0.138994490907426,2.175,-0.543680232070566));
#6022=CARTESIAN_POINT('',(-0.138994490907426,2.628125,-0.543680232070566));
#6023=CARTESIAN_POINT('Origin',(-0.138994490907426,2.628125,-0.543680232070566));
#6024=CARTESIAN_POINT('',(-0.138994490907426,2.628125,-0.543780232070566));
#6025=CARTESIAN_POINT('',(-0.138994490907426,2.5828125,-0.543780232070566));
#6026=CARTESIAN_POINT('',(-0.138994490907426,2.628125,-0.543680232070566));
#6027=CARTESIAN_POINT('Origin',(-0.138994490907426,2.628125,-0.543680232070566));
#6028=CARTESIAN_POINT('',(-0.138994490907426,2.8263671875,0.181319767929434));
#6029=CARTESIAN_POINT('',(-0.138994490907426,2.175,0.181319767929434));
#6030=CARTESIAN_POINT('',(-0.138994490907426,2.8263671875,-0.543780232070566));
#6031=CARTESIAN_POINT('',(-0.138994490907426,2.8263671875,-0.362430236033296));
#6032=CARTESIAN_POINT('',(-0.138994490907426,2.5828125,-0.543780232070566));
#6033=CARTESIAN_POINT('Origin',(-0.138994490907426,2.628125,-0.543680232070566));
#6034=CARTESIAN_POINT('',(-0.138994490907426,2.175,-0.543680232070566));
#6035=CARTESIAN_POINT('',(-0.138994490907426,2.175,-0.543680232070566));
#6036=CARTESIAN_POINT('',(-0.138994490907426,2.175,-0.543680232070566));
#6037=CARTESIAN_POINT('',(-0.138994490907426,2.175,-0.543680232070566));
#6038=CARTESIAN_POINT('',(-0.138994490907426,2.175,0.181319767929434));
#6039=CARTESIAN_POINT('',(-0.138994490907426,2.175,-0.543680232070566));
#6040=CARTESIAN_POINT('',(-0.138994490907426,2.175,0.181319767929434));
#6041=CARTESIAN_POINT('Origin',(0.404755509092574,2.5375,-0.543680232070566));
#6042=CARTESIAN_POINT('',(0.404755509092574,2.446875,-0.543780232070566));
#6043=CARTESIAN_POINT('',(0.404755509092574,2.5375,-0.543780232070566));
#6044=CARTESIAN_POINT('',(0.404755509092574,2.5375,-0.543780232070566));
#6045=CARTESIAN_POINT('',(0.404755509092574,2.5375,-0.543680232070566));
#6046=CARTESIAN_POINT('',(0.404755509092574,2.5375,-0.543680232070566));
#6047=CARTESIAN_POINT('',(0.404755509092574,2.446875,-0.543680232070566));
#6048=CARTESIAN_POINT('',(0.404755509092574,2.35625,-0.543680232070566));
#6049=CARTESIAN_POINT('',(0.404755509092574,2.446875,-0.543680232070566));
#6050=CARTESIAN_POINT('Origin',(0.314230509092574,2.5375,-0.543680232070566));
#6051=CARTESIAN_POINT('',(0.314230509092574,2.5375,-0.543780232070566));
#6052=CARTESIAN_POINT('',(0.268868009092574,2.5375,-0.543780232070566));
#6053=CARTESIAN_POINT('',(0.314230509092574,2.5375,-0.543680232070566));
#6054=CARTESIAN_POINT('',(0.314230509092574,2.5375,-0.543680232070566));
#6055=CARTESIAN_POINT('',(0.450118009092573,2.5375,-0.543680232070566));
#6056=CARTESIAN_POINT('Origin',(0.314230509092574,2.446875,-0.543680232070566));
#6057=CARTESIAN_POINT('',(0.314230509092574,2.446875,-0.543780232070566));
#6058=CARTESIAN_POINT('',(0.314230509092574,2.4921875,-0.543780232070566));
#6059=CARTESIAN_POINT('',(0.314230509092574,2.446875,-0.543680232070566));
#6060=CARTESIAN_POINT('',(0.314230509092574,2.446875,-0.543680232070566));
#6061=CARTESIAN_POINT('',(0.314230509092574,2.3109375,-0.543680232070566));
#6062=CARTESIAN_POINT('Origin',(0.404755509092574,2.446875,-0.543680232070566));
#6063=CARTESIAN_POINT('',(0.314130509092574,2.446875,-0.543780232070566));
#6064=CARTESIAN_POINT('',(0.495380509092574,2.446875,-0.543680232070566));
#6065=CARTESIAN_POINT('Origin',(0.0422555090925736,2.446875,-0.543680232070566));
#6066=CARTESIAN_POINT('',(0.0422555090925736,2.5375,-0.543780232070566));
#6067=CARTESIAN_POINT('',(0.0422555090925736,2.446875,-0.543780232070566));
#6068=CARTESIAN_POINT('',(0.0422555090925736,2.4921875,-0.543780232070566));
#6069=CARTESIAN_POINT('',(0.0422555090925736,2.446875,-0.543680232070566));
#6070=CARTESIAN_POINT('',(0.0422555090925736,2.446875,-0.543680232070566));
#6071=CARTESIAN_POINT('',(0.0422555090925736,2.5375,-0.543680232070566));
#6072=CARTESIAN_POINT('',(0.0422555090925736,2.3109375,-0.543680232070566));
#6073=CARTESIAN_POINT('',(0.0422555090925736,2.5375,-0.543680232070566));
#6074=CARTESIAN_POINT('Origin',(0.132780509092574,2.446875,-0.543680232070566));
#6075=CARTESIAN_POINT('',(0.132780509092574,2.446875,-0.543780232070566));
#6076=CARTESIAN_POINT('',(0.178143009092574,2.446875,-0.543780232070566));
#6077=CARTESIAN_POINT('',(0.132780509092574,2.446875,-0.543680232070566));
#6078=CARTESIAN_POINT('',(0.132780509092574,2.446875,-0.543680232070566));
#6079=CARTESIAN_POINT('',(0.359393009092574,2.446875,-0.543680232070566));
#6080=CARTESIAN_POINT('Origin',(0.132780509092574,2.5375,-0.543680232070566));
#6081=CARTESIAN_POINT('',(0.132780509092574,2.5375,-0.543780232070566));
#6082=CARTESIAN_POINT('',(0.132780509092574,2.5375,-0.543780232070566));
#6083=CARTESIAN_POINT('',(0.132780509092574,2.5375,-0.543680232070566));
#6084=CARTESIAN_POINT('',(0.132780509092574,2.5375,-0.543680232070566));
#6085=CARTESIAN_POINT('',(0.132780509092574,2.35625,-0.543680232070566));
#6086=CARTESIAN_POINT('Origin',(0.0422555090925736,2.5375,-0.543680232070566));
#6087=CARTESIAN_POINT('',(0.132880509092574,2.5375,-0.543780232070566));
#6088=CARTESIAN_POINT('',(0.314130509092574,2.5375,-0.543680232070566));
#6089=CARTESIAN_POINT('Origin',(0.495380509092574,2.5375,-0.543680232070566));
#6090=CARTESIAN_POINT('',(0.495380509092574,2.446875,-0.543780232070566));
#6091=CARTESIAN_POINT('',(0.495380509092574,2.5375,-0.543780232070566));
#6092=CARTESIAN_POINT('',(0.495380509092574,2.5375,-0.543780232070566));
#6093=CARTESIAN_POINT('',(0.495380509092574,2.5375,-0.543680232070566));
#6094=CARTESIAN_POINT('',(0.495380509092574,2.5375,-0.543680232070566));
#6095=CARTESIAN_POINT('',(0.495380509092574,2.446875,-0.543680232070566));
#6096=CARTESIAN_POINT('',(0.495380509092574,2.35625,-0.543680232070566));
#6097=CARTESIAN_POINT('',(0.495380509092574,2.446875,-0.543680232070566));
#6098=CARTESIAN_POINT('Origin',(0.404855509092574,2.5375,-0.543680232070566));
#6099=CARTESIAN_POINT('',(0.404855509092574,2.5375,-0.543780232070566));
#6100=CARTESIAN_POINT('',(0.314180509092574,2.5375,-0.543780232070566));
#6101=CARTESIAN_POINT('',(0.404855509092574,2.5375,-0.543680232070566));
#6102=CARTESIAN_POINT('',(0.404855509092574,2.5375,-0.543680232070566));
#6103=CARTESIAN_POINT('',(0.495430509092574,2.5375,-0.543680232070566));
#6104=CARTESIAN_POINT('Origin',(0.404855509092574,2.446875,-0.543680232070566));
#6105=CARTESIAN_POINT('',(0.404855509092574,2.446875,-0.543780232070566));
#6106=CARTESIAN_POINT('',(0.404855509092574,2.4921875,-0.543780232070566));
#6107=CARTESIAN_POINT('',(0.404855509092574,2.446875,-0.543680232070566));
#6108=CARTESIAN_POINT('',(0.404855509092574,2.446875,-0.543680232070566));
#6109=CARTESIAN_POINT('',(0.404855509092573,2.3109375,-0.543680232070566));
#6110=CARTESIAN_POINT('Origin',(0.495380509092574,2.446875,-0.543680232070566));
#6111=CARTESIAN_POINT('',(0.359443009092574,2.446875,-0.543780232070566));
#6112=CARTESIAN_POINT('',(0.540693009092574,2.446875,-0.543680232070566));
#6113=CARTESIAN_POINT('Origin',(0.314130509092574,2.446875,-0.543680232070566));
#6114=CARTESIAN_POINT('',(0.314130509092574,2.35625,-0.543780232070566));
#6115=CARTESIAN_POINT('',(0.314130509092574,2.446875,-0.543780232070566));
#6116=CARTESIAN_POINT('',(0.314130509092574,2.4921875,-0.543780232070566));
#6117=CARTESIAN_POINT('',(0.314130509092574,2.446875,-0.543680232070566));
#6118=CARTESIAN_POINT('',(0.314130509092574,2.446875,-0.543680232070566));
#6119=CARTESIAN_POINT('',(0.314130509092574,2.35625,-0.543680232070566));
#6120=CARTESIAN_POINT('',(0.314130509092574,2.3109375,-0.543680232070566));
#6121=CARTESIAN_POINT('',(0.314130509092574,2.35625,-0.543680232070566));
#6122=CARTESIAN_POINT('Origin',(0.132880509092574,2.446875,-0.543680232070566));
#6123=CARTESIAN_POINT('',(0.132880509092574,2.446875,-0.543780232070566));
#6124=CARTESIAN_POINT('',(0.178193009092574,2.446875,-0.543780232070566));
#6125=CARTESIAN_POINT('',(0.132880509092574,2.446875,-0.543680232070566));
#6126=CARTESIAN_POINT('',(0.132880509092574,2.446875,-0.543680232070566));
#6127=CARTESIAN_POINT('',(0.359443009092574,2.446875,-0.543680232070566));
#6128=CARTESIAN_POINT('Origin',(0.132880509092573,2.265625,-0.543680232070566));
#6129=CARTESIAN_POINT('',(0.314130509092574,2.265625,-0.543780232070566));
#6130=CARTESIAN_POINT('',(0.132880509092573,2.265625,-0.543780232070566));
#6131=CARTESIAN_POINT('',(0.178193009092574,2.265625,-0.543780232070566));
#6132=CARTESIAN_POINT('',(0.132880509092573,2.265625,-0.543680232070566));
#6133=CARTESIAN_POINT('',(0.132880509092573,2.265625,-0.543680232070566));
#6134=CARTESIAN_POINT('',(0.314130509092574,2.265625,-0.543680232070566));
#6135=CARTESIAN_POINT('',(0.359443009092573,2.265625,-0.543680232070566));
#6136=CARTESIAN_POINT('',(0.314130509092574,2.265625,-0.543680232070566));
#6137=CARTESIAN_POINT('Origin',(0.132880509092574,2.35625,-0.543680232070566));
#6138=CARTESIAN_POINT('',(0.132880509092574,2.35625,-0.543780232070566));
#6139=CARTESIAN_POINT('',(0.132880509092574,2.446875,-0.543780232070566));
#6140=CARTESIAN_POINT('',(0.132880509092574,2.35625,-0.543680232070566));
#6141=CARTESIAN_POINT('',(0.132880509092574,2.35625,-0.543680232070566));
#6142=CARTESIAN_POINT('',(0.132880509092574,2.265625,-0.543680232070566));
#6143=CARTESIAN_POINT('Origin',(0.314130509092574,2.35625,-0.543680232070566));
#6144=CARTESIAN_POINT('',(0.404755509092574,2.35625,-0.543780232070566));
#6145=CARTESIAN_POINT('',(0.268818009092574,2.35625,-0.543780232070566));
#6146=CARTESIAN_POINT('',(0.314130509092574,2.35625,-0.543680232070566));
#6147=CARTESIAN_POINT('',(0.404755509092574,2.35625,-0.543680232070566));
#6148=CARTESIAN_POINT('',(0.450068009092573,2.35625,-0.543680232070566));
#6149=CARTESIAN_POINT('',(0.404755509092574,2.35625,-0.543680232070566));
#6150=CARTESIAN_POINT('Origin',(0.404755509092574,2.35625,-0.543680232070566));
#6151=CARTESIAN_POINT('',(0.404755509092574,2.175,-0.543780232070566));
#6152=CARTESIAN_POINT('',(0.404755509092574,2.446875,-0.543780232070566));
#6153=CARTESIAN_POINT('',(0.404755509092574,2.175,-0.543680232070566));
#6154=CARTESIAN_POINT('',(0.404755509092574,2.265625,-0.543680232070566));
#6155=CARTESIAN_POINT('',(0.404755509092574,2.175,-0.543680232070566));
#6156=CARTESIAN_POINT('Origin',(0.132880509092574,2.35625,-0.543680232070566));
#6157=CARTESIAN_POINT('',(0.132880509092574,2.446875,-0.543780232070566));
#6158=CARTESIAN_POINT('',(0.132880509092574,2.35625,-0.543680232070566));
#6159=CARTESIAN_POINT('',(0.132880509092574,2.265625,-0.543680232070566));
#6160=CARTESIAN_POINT('Origin',(0.314130509092574,2.35625,-0.543680232070566));
#6161=CARTESIAN_POINT('',(0.268818009092574,2.35625,-0.543780232070566));
#6162=CARTESIAN_POINT('',(0.450068009092573,2.35625,-0.543680232070566));
#6163=CARTESIAN_POINT('Origin',(0.314130509092574,2.265625,-0.543680232070566));
#6164=CARTESIAN_POINT('',(0.314130509092574,2.4015625,-0.543780232070566));
#6165=CARTESIAN_POINT('',(0.314130509092574,2.2203125,-0.543680232070566));
#6166=CARTESIAN_POINT('Origin',(0.0422555090925736,2.35625,-0.543680232070566));
#6167=CARTESIAN_POINT('',(0.0422555090925736,2.35625,-0.543780232070566));
#6168=CARTESIAN_POINT('',(0.132880509092574,2.35625,-0.543780232070566));
#6169=CARTESIAN_POINT('',(0.0422555090925736,2.35625,-0.543680232070566));
#6170=CARTESIAN_POINT('',(0.0422555090925736,2.35625,-0.543680232070566));
#6171=CARTESIAN_POINT('',(0.314130509092574,2.35625,-0.543680232070566));
#6172=CARTESIAN_POINT('Origin',(0.0422555090925736,2.175,-0.543680232070566));
#6173=CARTESIAN_POINT('',(0.0422555090925736,2.175,-0.543780232070566));
#6174=CARTESIAN_POINT('',(0.0422555090925736,2.35625,-0.543780232070566));
#6175=CARTESIAN_POINT('',(0.0422555090925736,2.175,-0.543680232070566));
#6176=CARTESIAN_POINT('',(0.0422555090925736,2.175,-0.543680232070566));
#6177=CARTESIAN_POINT('',(0.0422555090925736,2.175,-0.543680232070566));
#6178=CARTESIAN_POINT('Origin',(0.404755509092574,2.175,-0.543680232070566));
#6179=CARTESIAN_POINT('',(0.586005509092574,2.175,-0.543680232070566));
#6180=CARTESIAN_POINT('',(0.314130509092574,2.175,-0.543780232070566));
#6181=CARTESIAN_POINT('',(0.586005509092574,2.175,-0.543680232070566));
#6182=CARTESIAN_POINT('',(0.586005509092574,2.175,-0.543680232070566));
#6183=CARTESIAN_POINT('',(0.586005509092574,2.175,0.181319767929434));
#6184=CARTESIAN_POINT('',(0.948255509092573,2.175,-0.426034532070566));
#6185=CARTESIAN_POINT('Origin',(-0.0483694909074264,2.446875,-0.543680232070566));
#6186=CARTESIAN_POINT('',(-0.0483694909074263,2.5375,-0.543780232070566));
#6187=CARTESIAN_POINT('',(-0.0483694909074263,2.446875,-0.543780232070566));
#6188=CARTESIAN_POINT('',(-0.0483694909074263,2.4921875,-0.543780232070566));
#6189=CARTESIAN_POINT('',(-0.0483694909074263,2.446875,-0.543680232070566));
#6190=CARTESIAN_POINT('',(-0.0483694909074263,2.446875,-0.543680232070566));
#6191=CARTESIAN_POINT('',(-0.0483694909074263,2.5375,-0.543680232070566));
#6192=CARTESIAN_POINT('',(-0.0483694909074264,2.3109375,-0.543680232070566));
#6193=CARTESIAN_POINT('',(-0.0483694909074263,2.5375,-0.543680232070566));
#6194=CARTESIAN_POINT('Origin',(0.0421555090925737,2.446875,-0.543680232070566));
#6195=CARTESIAN_POINT('',(0.0421555090925737,2.446875,-0.543780232070566));
#6196=CARTESIAN_POINT('',(0.132830509092574,2.446875,-0.543780232070566));
#6197=CARTESIAN_POINT('',(0.0421555090925737,2.446875,-0.543680232070566));
#6198=CARTESIAN_POINT('',(0.0421555090925737,2.446875,-0.543680232070566));
#6199=CARTESIAN_POINT('',(0.314080509092574,2.446875,-0.543680232070566));
#6200=CARTESIAN_POINT('Origin',(0.0421555090925736,2.5375,-0.543680232070566));
#6201=CARTESIAN_POINT('',(0.0421555090925736,2.5375,-0.543780232070566));
#6202=CARTESIAN_POINT('',(0.0421555090925736,2.5375,-0.543780232070566));
#6203=CARTESIAN_POINT('',(0.0421555090925736,2.5375,-0.543680232070566));
#6204=CARTESIAN_POINT('',(0.0421555090925736,2.5375,-0.543680232070566));
#6205=CARTESIAN_POINT('',(0.0421555090925738,2.35625,-0.543680232070566));
#6206=CARTESIAN_POINT('Origin',(-0.0483694909074263,2.5375,-0.543680232070566));
#6207=CARTESIAN_POINT('',(0.0875680090925737,2.5375,-0.543780232070566));
#6208=CARTESIAN_POINT('',(0.268818009092574,2.5375,-0.543680232070566));
#6209=CARTESIAN_POINT('Origin',(0.586005509092574,2.628125,-0.543680232070566));
#6210=CARTESIAN_POINT('',(0.495380509092574,2.628125,-0.543780232070566));
#6211=CARTESIAN_POINT('',(0.404755509092574,2.628125,-0.543780232070566));
#6212=CARTESIAN_POINT('',(0.495380509092574,2.628125,-0.543680232070566));
#6213=CARTESIAN_POINT('',(0.586005509092574,2.628125,-0.543680232070566));
#6214=CARTESIAN_POINT('',(0.495380509092574,2.628125,-0.543680232070566));
#6215=CARTESIAN_POINT('Origin',(0.495380509092574,2.628125,-0.543680232070566));
#6216=CARTESIAN_POINT('',(0.495380509092574,2.71875,-0.543780232070566));
#6217=CARTESIAN_POINT('',(0.495380509092574,2.5828125,-0.543780232070566));
#6218=CARTESIAN_POINT('',(0.495380509092574,2.71875,-0.543680232070566));
#6219=CARTESIAN_POINT('',(0.495380509092574,2.4015625,-0.543680232070566));
#6220=CARTESIAN_POINT('',(0.495380509092574,2.71875,-0.543680232070566));
#6221=CARTESIAN_POINT('Origin',(-0.0483694909074263,2.628125,-0.543680232070566));
#6222=CARTESIAN_POINT('',(-0.0483694909074263,2.628125,-0.543780232070566));
#6223=CARTESIAN_POINT('',(0.0875680090925737,2.628125,-0.543780232070566));
#6224=CARTESIAN_POINT('',(-0.0483694909074263,2.628125,-0.543680232070566));
#6225=CARTESIAN_POINT('',(-0.0483694909074263,2.628125,-0.543680232070566));
#6226=CARTESIAN_POINT('',(0.268818009092574,2.628125,-0.543680232070566));
#6227=CARTESIAN_POINT('Origin',(-0.0483694909074263,2.71875,-0.543680232070566));
#6228=CARTESIAN_POINT('',(-0.0483694909074262,2.71875,-0.543780232070566));
#6229=CARTESIAN_POINT('',(-0.0483694909074263,2.628125,-0.543780232070566));
#6230=CARTESIAN_POINT('',(-0.0483694909074262,2.71875,-0.543680232070566));
#6231=CARTESIAN_POINT('',(-0.0483694909074262,2.71875,-0.543680232070566));
#6232=CARTESIAN_POINT('',(-0.0483694909074263,2.446875,-0.543680232070566));
#6233=CARTESIAN_POINT('Origin',(0.495380509092574,2.71875,-0.543680232070566));
#6234=CARTESIAN_POINT('',(0.359443009092574,2.71875,-0.543780232070566));
#6235=CARTESIAN_POINT('',(0.540693009092574,2.71875,-0.543680232070566));
#6236=CARTESIAN_POINT('Origin',(0.586005509092574,2.175,0.181319767929434));
#6237=CARTESIAN_POINT('',(0.586005509092574,2.175,0.181319767929434));
#6238=CARTESIAN_POINT('',(0.586005509092574,2.175,-0.543680232070566));
#6239=CARTESIAN_POINT('Origin',(-0.176494490907426,2.8263671875,-0.181180239996026));
#6240=CARTESIAN_POINT('',(0.623505509092573,2.8263671875,0.208819760003974));
#6241=CARTESIAN_POINT('',(0.623505509092573,2.8263671875,-0.571180239996026));
#6242=CARTESIAN_POINT('',(0.623505509092573,2.8263671875,-0.181180239996026));
#6243=CARTESIAN_POINT('',(-0.176494490907426,2.8263671875,0.208819760003974));
#6244=CARTESIAN_POINT('',(-0.176494490907426,2.8263671875,0.208819760003974));
#6245=CARTESIAN_POINT('',(-0.176494490907426,2.8263671875,-0.571180239996026));
#6246=CARTESIAN_POINT('',(-0.176494490907426,2.8263671875,-0.181180239996026));
#6247=CARTESIAN_POINT('',(-0.176494490907426,2.8263671875,-0.571180239996026));
#6248=CARTESIAN_POINT('',(0.0235055090925736,2.8263671875,-0.543780232070566));
#6249=CARTESIAN_POINT('',(-0.157744490907426,2.8263671875,0.181319767929434));
#6250=CARTESIAN_POINT('Origin',(0.223505509092574,2.5375,-0.543780232070566));
#6251=CARTESIAN_POINT('Origin',(0.223505509092574,2.5375,-0.543780232070566));
#6252=CARTESIAN_POINT('Origin',(0.223505509092574,2.5375,-0.543780232070566));
#6253=CARTESIAN_POINT('Origin',(0.223505509092574,2.5375,-0.543780232070566));
#6254=CARTESIAN_POINT('Origin',(0.223505509092574,2.5375,-0.543780232070566));
#6255=CARTESIAN_POINT('Origin',(0.223505509092574,2.5375,-0.543780232070566));
#6256=CARTESIAN_POINT('Origin',(0.223505509092574,2.5375,-0.543780232070566));
#6257=CARTESIAN_POINT('Origin',(0.586005509092574,2.175,-0.543680232070566));
#6258=CARTESIAN_POINT('Origin',(0.586005509092574,2.175,-0.543680232070566));
#6259=CARTESIAN_POINT('Origin',(0.166362651952574,2.92854602259185,-0.181180239996026));
#6260=CARTESIAN_POINT('',(0.166362651952574,2.92854602259185,-0.571180239996026));
#6261=CARTESIAN_POINT('',(0.166362651952574,2.92854602259185,-0.543680232070566));
#6262=CARTESIAN_POINT('',(0.166362651952574,2.92854602259185,-0.181180239996026));
#6263=CARTESIAN_POINT('',(0.166362651952574,3.,-0.571180239996026));
#6264=CARTESIAN_POINT('',(0.166362651952574,2.92854602259185,-0.571180239996026));
#6265=CARTESIAN_POINT('',(0.166362651952574,3.,-0.543680232070566));
#6266=CARTESIAN_POINT('',(0.166362651952574,3.,-0.181180239996026));
#6267=CARTESIAN_POINT('',(0.166362651952574,2.96427301129592,-0.543680232070566));
#6268=CARTESIAN_POINT('Origin',(0.280648366242573,2.92854602259185,-0.181180239996026));
#6269=CARTESIAN_POINT('',(0.280648366242573,2.92854602259185,-0.571180239996026));
#6270=CARTESIAN_POINT('',(0.280648366242573,2.92854602259185,-0.543680232070566));
#6271=CARTESIAN_POINT('',(0.280648366242573,2.92854602259185,-0.181180239996026));
#6272=CARTESIAN_POINT('',(0.280648366242573,2.92854602259185,-0.571180239996026));
#6273=CARTESIAN_POINT('',(0.0708269376675735,2.92854602259185,-0.543680232070566));
#6274=CARTESIAN_POINT('Origin',(0.280648366242573,3.,-0.181180239996026));
#6275=CARTESIAN_POINT('',(0.280648366242573,3.,-0.571180239996026));
#6276=CARTESIAN_POINT('',(0.280648366242573,3.,-0.543680232070566));
#6277=CARTESIAN_POINT('',(0.280648366242573,3.,-0.181180239996026));
#6278=CARTESIAN_POINT('',(0.280648366242573,3.,-0.571180239996026));
#6279=CARTESIAN_POINT('',(0.280648366242573,3.,-0.543680232070566));
#6280=CARTESIAN_POINT('Origin',(0.394934080522574,3.,-0.181180239996026));
#6281=CARTESIAN_POINT('',(0.394934080522574,3.,-0.571180239996026));
#6282=CARTESIAN_POINT('',(0.394934080522574,3.,-0.543680232070566));
#6283=CARTESIAN_POINT('',(0.394934080522574,3.,-0.181180239996026));
#6284=CARTESIAN_POINT('',(0.394934080522574,3.,-0.571180239996026));
#6285=CARTESIAN_POINT('',(0.127969794807574,3.,-0.543680232070566));
#6286=CARTESIAN_POINT('Origin',(0.394934080522574,2.92854602259185,-0.181180239996026));
#6287=CARTESIAN_POINT('',(0.394934080522574,2.92854602259185,-0.571180239996026));
#6288=CARTESIAN_POINT('',(0.394934080522574,2.92854602259185,-0.543680232070566));
#6289=CARTESIAN_POINT('',(0.394934080522574,2.92854602259185,-0.181180239996026));
#6290=CARTESIAN_POINT('',(0.394934080522574,2.92854602259185,-0.571180239996026));
#6291=CARTESIAN_POINT('',(0.394934080522574,2.96427301129592,-0.543680232070566));
#6292=CARTESIAN_POINT('Origin',(0.509219794812574,2.92854602259185,-0.181180239996026));
#6293=CARTESIAN_POINT('',(0.509219794812574,2.92854602259185,-0.571180239996026));
#6294=CARTESIAN_POINT('',(0.509219794812574,2.92854602259185,-0.543680232070566));
#6295=CARTESIAN_POINT('',(0.509219794812574,2.92854602259185,-0.181180239996026));
#6296=CARTESIAN_POINT('',(0.509219794812574,2.92854602259185,-0.571180239996026));
#6297=CARTESIAN_POINT('',(0.185112651952574,2.92854602259185,-0.543680232070566));
#6298=CARTESIAN_POINT('Origin',(0.509219794812574,3.,-0.181180239996026));
#6299=CARTESIAN_POINT('',(0.509219794812574,3.,-0.571180239996026));
#6300=CARTESIAN_POINT('',(0.509219794812574,3.,-0.543680232070566));
#6301=CARTESIAN_POINT('',(0.509219794812574,3.,-0.181180239996026));
#6302=CARTESIAN_POINT('',(0.509219794812574,3.,-0.571180239996026));
#6303=CARTESIAN_POINT('',(0.509219794812574,3.,-0.543680232070566));
#6304=CARTESIAN_POINT('Origin',(0.623505509092573,3.,-0.181180239996026));
#6305=CARTESIAN_POINT('',(0.623505509092573,3.,-0.571180239996026));
#6306=CARTESIAN_POINT('',(0.623505509092573,3.,-0.459751668516026));
#6307=CARTESIAN_POINT('',(0.623505509092573,3.,-0.181180239996026));
#6308=CARTESIAN_POINT('',(0.623505509092573,3.,-0.571180239996026));
#6309=CARTESIAN_POINT('',(0.586005509092574,3.,-0.543680232070566));
#6310=CARTESIAN_POINT('',(0.242255509092574,3.,-0.543680232070566));
#6311=CARTESIAN_POINT('',(0.586005509092574,3.,-0.459751668516026));
#6312=CARTESIAN_POINT('',(0.586005509092573,3.,-0.362430236033296));
#6313=CARTESIAN_POINT('',(0.623505509092573,3.,-0.459751668516026));
#6314=CARTESIAN_POINT('Origin',(0.234180509092574,0.0616046843305936,-0.181180239996026));
#6315=CARTESIAN_POINT('',(0.984180509092573,0.0616046843305936,-0.181180239996026));
#6316=CARTESIAN_POINT('',(0.234180509092573,0.0616046843305936,0.568819760003974));
#6317=CARTESIAN_POINT('Origin',(0.234180509092574,0.0616046843305936,-0.181180239996026));
#6318=CARTESIAN_POINT('',(0.234180509092573,0.134104684330594,0.496319760003974));
#6319=CARTESIAN_POINT('Origin',(0.234180509092573,0.0616046843305936,0.496319760003974));
#6320=CARTESIAN_POINT('Origin',(0.234180509092574,0.134104684330594,-0.181180239996026));
#6321=CARTESIAN_POINT('Origin',(0.234180509092574,0.0616046843305936,-0.181180239996026));
#6322=CARTESIAN_POINT('Origin',(-0.515819490907426,0.134104684330594,-0.181180239996026));
#6323=CARTESIAN_POINT('',(0.818968500223513,0.134104684330594,-0.181180239996026));
#6324=CARTESIAN_POINT('Origin',(0.234180509092574,0.134104684330594,-0.181180239996026));
#6325=CARTESIAN_POINT('Origin',(0.234180509092574,0.0670523421652968,-0.181180239996026));
#6326=CARTESIAN_POINT('',(0.984180509092573,0.,-0.181180239996026));
#6327=CARTESIAN_POINT('Origin',(0.234180509092574,0.,-0.181180239996026));
#6328=CARTESIAN_POINT('',(0.984180509092573,0.0670523421652968,-0.181180239996026));
#6329=CARTESIAN_POINT('Origin',(0.238505509092573,2.88204176556101,-0.576430239996026));
#6330=CARTESIAN_POINT('',(0.230999553333424,2.88728580980186,-0.576180239996026));
#6331=CARTESIAN_POINT('',(0.236243597574275,2.88204176556101,-0.571180239996026));
#6332=CARTESIAN_POINT('Origin',(0.236243597574275,2.88204176556101,-0.576430239996026));
#6333=CARTESIAN_POINT('',(0.253499553333424,2.88728580980186,-0.576180239996026));
#6334=CARTESIAN_POINT('',(0.238505509092573,2.88728580980186,-0.576180239996026));
#6335=CARTESIAN_POINT('',(0.258743597574275,2.88204176556101,-0.571180239996026));
#6336=CARTESIAN_POINT('Origin',(0.258743597574275,2.88204176556101,-0.576430239996026));
#6337=CARTESIAN_POINT('',(0.238505509092573,2.88204176556101,-0.571180239996026));
#6338=CARTESIAN_POINT('Origin',(0.223505509092573,2.91318359375,-0.571180239996026));
#6339=CARTESIAN_POINT('',(0.623505509092573,2.8263671875,-0.571180239996026));
#6340=CARTESIAN_POINT('',(-0.176494490907426,3.,-0.571180239996026));
#6341=CARTESIAN_POINT('',(-0.176494490907426,3.,-0.571180239996026));
#6342=CARTESIAN_POINT('',(-0.0622087766074266,3.,-0.571180239996026));
#6343=CARTESIAN_POINT('',(-0.0622087766074266,3.,-0.571180239996026));
#6344=CARTESIAN_POINT('',(-0.0622087766074266,2.92854602259185,-0.571180239996026));
#6345=CARTESIAN_POINT('',(-0.0622087766074266,2.92854602259185,-0.571180239996026));
#6346=CARTESIAN_POINT('',(0.0520769376725735,2.92854602259185,-0.571180239996026));
#6347=CARTESIAN_POINT('',(0.0520769376725735,2.92854602259185,-0.571180239996026));
#6348=CARTESIAN_POINT('',(0.0520769376725735,3.,-0.571180239996026));
#6349=CARTESIAN_POINT('',(0.0520769376725735,3.,-0.571180239996026));
#6350=CARTESIAN_POINT('',(0.166362651952574,3.,-0.571180239996026));
#6351=CARTESIAN_POINT('',(0.258743597574275,2.9052380884817,-0.571180239996026));
#6352=CARTESIAN_POINT('',(0.258743597574275,2.90190684740722,-0.571180239996026));
#6353=CARTESIAN_POINT('',(0.236243597574275,2.9052380884817,-0.571180239996026));
#6354=CARTESIAN_POINT('',(0.227255509092573,2.9052380884817,-0.571180239996026));
#6355=CARTESIAN_POINT('',(0.236243597574275,2.92558562406787,-0.571180239996026));
#6356=CARTESIAN_POINT('',(0.236243597574275,2.9120806152003,-0.571180239996026));
#6357=CARTESIAN_POINT('',(0.210767420610872,2.92558562406787,-0.571180239996026));
#6358=CARTESIAN_POINT('',(0.219755509092573,2.92558562406787,-0.571180239996026));
#6359=CARTESIAN_POINT('',(0.210767420610872,2.9052380884817,-0.571180239996026));
#6360=CARTESIAN_POINT('',(0.210767420610872,2.90190684740722,-0.571180239996026));
#6361=CARTESIAN_POINT('',(0.188267420610872,2.9052380884817,-0.571180239996026));
#6362=CARTESIAN_POINT('',(0.208505509092573,2.9052380884817,-0.571180239996026));
#6363=CARTESIAN_POINT('',(0.188267420610872,2.88204176556101,-0.571180239996026));
#6364=CARTESIAN_POINT('',(0.188267420610872,2.89554677442857,-0.571180239996026));
#6365=CARTESIAN_POINT('',(0.210767420610872,2.88204176556101,-0.571180239996026));
#6366=CARTESIAN_POINT('',(0.219755509092573,2.88204176556101,-0.571180239996026));
#6367=CARTESIAN_POINT('',(0.210767420610872,2.83276195859121,-0.571180239996026));
#6368=CARTESIAN_POINT('',(0.210767420610872,2.87090687094367,-0.571180239996026));
#6369=CARTESIAN_POINT('',(0.236243597574275,2.83276195859121,-0.571180239996026));
#6370=CARTESIAN_POINT('',(0.227255509092573,2.83276195859121,-0.571180239996026));
#6371=CARTESIAN_POINT('',(0.236243597574275,2.89554677442857,-0.571180239996026));
#6372=CARTESIAN_POINT('Origin',(0.227255509092573,2.83276195859121,-0.576430239996026));
#6373=CARTESIAN_POINT('',(0.216011464851723,2.83800600283206,-0.576180239996026));
#6374=CARTESIAN_POINT('Origin',(0.210767420610872,2.83276195859121,-0.576430239996026));
#6375=CARTESIAN_POINT('',(0.230999553333424,2.83800600283206,-0.576180239996026));
#6376=CARTESIAN_POINT('',(0.227255509092573,2.83800600283206,-0.576180239996026));
#6377=CARTESIAN_POINT('Origin',(0.236243597574275,2.83276195859121,-0.576430239996026));
#6378=CARTESIAN_POINT('Origin',(0.227255509092573,2.9052380884817,-0.576430239996026));
#6379=CARTESIAN_POINT('',(0.253499553333424,2.89999404424085,-0.576180239996026));
#6380=CARTESIAN_POINT('Origin',(0.258743597574275,2.9052380884817,-0.576430239996026));
#6381=CARTESIAN_POINT('',(0.230999553333424,2.89999404424085,-0.576180239996026));
#6382=CARTESIAN_POINT('',(0.227255509092573,2.89999404424085,-0.576180239996026));
#6383=CARTESIAN_POINT('Origin',(0.236243597574275,2.9052380884817,-0.576430239996026));
#6384=CARTESIAN_POINT('Origin',(0.219755509092573,2.92558562406787,-0.576430239996026));
#6385=CARTESIAN_POINT('',(0.216011464851723,2.92034157982702,-0.576180239996026));
#6386=CARTESIAN_POINT('Origin',(0.210767420610872,2.92558562406787,-0.576430239996026));
#6387=CARTESIAN_POINT('',(0.230999553333424,2.92034157982702,-0.576180239996026));
#6388=CARTESIAN_POINT('Origin',(0.236243597574275,2.92558562406787,-0.576430239996026));
#6389=CARTESIAN_POINT('',(0.219755509092573,2.92034157982702,-0.576180239996026));
#6390=CARTESIAN_POINT('Origin',(0.236243597574275,2.9120806152003,-0.576430239996026));
#6391=CARTESIAN_POINT('',(0.230999553333424,2.9120806152003,-0.576180239996026));
#6392=CARTESIAN_POINT('Origin',(0.219755509092573,2.91509753558617,-0.575930239996026));
#6393=CARTESIAN_POINT('',(0.225755509092573,2.91509753558617,-0.581180239996026));
#6394=CARTESIAN_POINT('Origin',(0.225755509092573,2.91509753558617,-0.575930239996026));
#6395=CARTESIAN_POINT('',(0.221255509092573,2.91509753558617,-0.581180239996026));
#6396=CARTESIAN_POINT('',(0.219755509092573,2.91509753558617,-0.581180239996026));
#6397=CARTESIAN_POINT('Origin',(0.221255509092573,2.91509753558617,-0.575930239996026));
#6398=CARTESIAN_POINT('Origin',(0.225755509092573,2.9120806152003,-0.575930239996026));
#6399=CARTESIAN_POINT('',(0.225755509092573,2.89475,-0.581180239996026));
#6400=CARTESIAN_POINT('Origin',(0.225755509092573,2.89475,-0.575930239996026));
#6401=CARTESIAN_POINT('',(0.225755509092573,2.9120806152003,-0.581180239996026));
#6402=CARTESIAN_POINT('Origin',(0.258743597574275,2.90190684740722,-0.576430239996026));
#6403=CARTESIAN_POINT('',(0.253499553333424,2.90190684740722,-0.576180239996026));
#6404=CARTESIAN_POINT('Origin',(0.236243597574275,2.89554677442857,-0.576430239996026));
#6405=CARTESIAN_POINT('',(0.230999553333424,2.89554677442857,-0.576180239996026));
#6406=CARTESIAN_POINT('Origin',(0.225755509092573,2.89554677442857,-0.575930239996026));
#6407=CARTESIAN_POINT('',(0.225755509092573,2.84325004707291,-0.581180239996026));
#6408=CARTESIAN_POINT('Origin',(0.225755509092573,2.84325004707291,-0.575930239996026));
#6409=CARTESIAN_POINT('',(0.225755509092573,2.89252985404271,-0.581180239996026));
#6410=CARTESIAN_POINT('',(0.225755509092573,2.89554677442857,-0.581180239996026));
#6411=CARTESIAN_POINT('Origin',(0.225755509092573,2.89252985404271,-0.575930239996026));
#6412=CARTESIAN_POINT('Origin',(0.210767420610872,2.90190684740722,-0.576430239996026));
#6413=CARTESIAN_POINT('',(0.216011464851723,2.89999404424085,-0.576180239996026));
#6414=CARTESIAN_POINT('',(0.216011464851723,2.90190684740722,-0.576180239996026));
#6415=CARTESIAN_POINT('Origin',(0.210767420610872,2.9052380884817,-0.576430239996026));
#6416=CARTESIAN_POINT('Origin',(0.208505509092573,2.9052380884817,-0.576430239996026));
#6417=CARTESIAN_POINT('',(0.193511464851723,2.89999404424085,-0.576180239996026));
#6418=CARTESIAN_POINT('Origin',(0.188267420610872,2.9052380884817,-0.576430239996026));
#6419=CARTESIAN_POINT('',(0.208505509092573,2.89999404424085,-0.576180239996026));
#6420=CARTESIAN_POINT('Origin',(0.208505509092573,2.89475,-0.575930239996026));
#6421=CARTESIAN_POINT('',(0.221255509092573,2.89475,-0.581180239996026));
#6422=CARTESIAN_POINT('Origin',(0.221255509092573,2.89475,-0.575930239996026));
#6423=CARTESIAN_POINT('',(0.198755509092573,2.89475,-0.581180239996026));
#6424=CARTESIAN_POINT('',(0.208505509092573,2.89475,-0.581180239996026));
#6425=CARTESIAN_POINT('Origin',(0.198755509092573,2.89475,-0.575930239996026));
#6426=CARTESIAN_POINT('Origin',(0.221255509092573,2.90190684740722,-0.575930239996026));
#6427=CARTESIAN_POINT('',(0.221255509092573,2.90190684740722,-0.581180239996026));
#6428=CARTESIAN_POINT('Origin',(0.188267420610872,2.89554677442857,-0.576430239996026));
#6429=CARTESIAN_POINT('',(0.193511464851723,2.88728580980186,-0.576180239996026));
#6430=CARTESIAN_POINT('',(0.193511464851723,2.89554677442857,-0.576180239996026));
#6431=CARTESIAN_POINT('Origin',(0.188267420610872,2.88204176556101,-0.576430239996026));
#6432=CARTESIAN_POINT('Origin',(0.219755509092573,2.88204176556101,-0.576430239996026));
#6433=CARTESIAN_POINT('',(0.216011464851723,2.88728580980186,-0.576180239996026));
#6434=CARTESIAN_POINT('Origin',(0.210767420610872,2.88204176556101,-0.576430239996026));
#6435=CARTESIAN_POINT('',(0.219755509092573,2.88728580980186,-0.576180239996026));
#6436=CARTESIAN_POINT('Origin',(0.210767420610872,2.87090687094367,-0.576430239996026));
#6437=CARTESIAN_POINT('',(0.216011464851723,2.87090687094367,-0.576180239996026));
#6438=CARTESIAN_POINT('Origin',(0.221255509092573,2.87090687094367,-0.575930239996026));
#6439=CARTESIAN_POINT('',(0.221255509092573,2.89252985404271,-0.581180239996026));
#6440=CARTESIAN_POINT('Origin',(0.221255509092573,2.89252985404271,-0.575930239996026));
#6441=CARTESIAN_POINT('',(0.221255509092573,2.84325004707291,-0.581180239996026));
#6442=CARTESIAN_POINT('',(0.221255509092573,2.87090687094367,-0.581180239996026));
#6443=CARTESIAN_POINT('Origin',(0.221255509092573,2.84325004707291,-0.575930239996026));
#6444=CARTESIAN_POINT('Origin',(0.580755509092573,2.90525,-0.362430232070566));
#6445=CARTESIAN_POINT('',(0.586005509092574,2.90525,0.181319767929434));
#6446=CARTESIAN_POINT('',(0.580755509092573,2.9,0.181319767929434));
#6447=CARTESIAN_POINT('Origin',(0.580755509092573,2.90525,0.181319767929434));
#6448=CARTESIAN_POINT('',(0.586005509092574,2.90525,-0.543680232070566));
#6449=CARTESIAN_POINT('',(0.586005509092574,2.90525,-0.362430232070566));
#6450=CARTESIAN_POINT('',(0.580755509092573,2.9,-0.543680232070566));
#6451=CARTESIAN_POINT('Origin',(0.580755509092573,2.90525,-0.543680232070566));
#6452=CARTESIAN_POINT('',(0.580755509092573,2.9,-0.362430232070566));
#6453=CARTESIAN_POINT('Origin',(-0.138994490907426,3.,-0.543680232070566));
#6454=CARTESIAN_POINT('',(0.586005509092574,3.,-0.543680232070566));
#6455=CARTESIAN_POINT('',(0.0520769376725735,3.,-0.543680232070566));
#6456=CARTESIAN_POINT('',(0.0136840805225736,3.,-0.543680232070566));
#6457=CARTESIAN_POINT('',(0.0520769376725735,2.92854602259185,-0.543680232070566));
#6458=CARTESIAN_POINT('',(0.0520769376725735,3.,-0.543680232070566));
#6459=CARTESIAN_POINT('',(-0.0622087766074266,2.92854602259185,-0.543680232070566));
#6460=CARTESIAN_POINT('',(-0.0434587766174265,2.92854602259185,-0.543680232070566));
#6461=CARTESIAN_POINT('',(-0.0622087766074266,3.,-0.543680232070566));
#6462=CARTESIAN_POINT('',(-0.0622087766074266,2.96427301129592,-0.543680232070566));
#6463=CARTESIAN_POINT('',(-0.138994490907426,3.,-0.543680232070566));
#6464=CARTESIAN_POINT('',(-0.100601633757426,3.,-0.543680232070566));
#6465=CARTESIAN_POINT('',(-0.138994490907426,2.9,-0.543680232070566));
#6466=CARTESIAN_POINT('',(-0.138994490907426,3.,-0.543680232070566));
#6467=CARTESIAN_POINT('',(0.586005509092574,2.9,-0.543680232070566));
#6468=CARTESIAN_POINT('Origin',(0.586005509092574,3.,-0.543680232070566));
#6469=CARTESIAN_POINT('',(0.586005509092574,3.,0.181319767929434));
#6470=CARTESIAN_POINT('',(0.586005509092574,3.,0.181319767929434));
#6471=CARTESIAN_POINT('',(0.586005509092574,3.,0.0973911885839741));
#6472=CARTESIAN_POINT('',(0.586005509092573,3.,-0.362430236033296));
#6473=CARTESIAN_POINT('',(0.586005509092574,2.92854602259185,0.0973911885839741));
#6474=CARTESIAN_POINT('',(0.586005509092574,2.96427301129592,0.0973911885839741));
#6475=CARTESIAN_POINT('',(0.586005509092574,2.92854602259185,-0.0140373828360259));
#6476=CARTESIAN_POINT('',(0.586005509092574,2.92854602259185,-0.278858807453296));
#6477=CARTESIAN_POINT('',(0.586005509092574,3.,-0.0140373828360258));
#6478=CARTESIAN_POINT('',(0.586005509092574,3.,-0.0140373828360258));
#6479=CARTESIAN_POINT('',(0.586005509092574,3.,-0.125465954256026));
#6480=CARTESIAN_POINT('',(0.586005509092573,3.,-0.362430236033296));
#6481=CARTESIAN_POINT('',(0.586005509092574,2.92854602259185,-0.125465954256026));
#6482=CARTESIAN_POINT('',(0.586005509092574,2.96427301129592,-0.125465954256026));
#6483=CARTESIAN_POINT('',(0.586005509092574,2.92854602259185,-0.236894525676026));
#6484=CARTESIAN_POINT('',(0.586005509092574,2.92854602259185,-0.390287378873296));
#6485=CARTESIAN_POINT('',(0.586005509092574,3.,-0.236894525676026));
#6486=CARTESIAN_POINT('',(0.586005509092574,3.,-0.236894525676026));
#6487=CARTESIAN_POINT('',(0.586005509092574,3.,-0.348323097096026));
#6488=CARTESIAN_POINT('',(0.586005509092573,3.,-0.362430236033296));
#6489=CARTESIAN_POINT('',(0.586005509092574,2.92854602259185,-0.348323097096026));
#6490=CARTESIAN_POINT('',(0.586005509092574,2.96427301129592,-0.348323097096026));
#6491=CARTESIAN_POINT('',(0.586005509092574,2.92854602259185,-0.459751668516026));
#6492=CARTESIAN_POINT('',(0.586005509092574,2.92854602259185,-0.501715950293296));
#6493=CARTESIAN_POINT('',(0.586005509092574,3.,-0.459751668516026));
#6494=CARTESIAN_POINT('Origin',(0.198755509092573,2.89554677442857,-0.575930239996026));
#6495=CARTESIAN_POINT('',(0.198755509092573,2.89252985404271,-0.581180239996026));
#6496=CARTESIAN_POINT('',(0.198755509092573,2.89554677442857,-0.581180239996026));
#6497=CARTESIAN_POINT('Origin',(0.198755509092573,2.89252985404271,-0.575930239996026));
#6498=CARTESIAN_POINT('Origin',(0.219755509092573,2.89252985404271,-0.575930239996026));
#6499=CARTESIAN_POINT('',(0.219755509092573,2.89252985404271,-0.581180239996026));
#6500=CARTESIAN_POINT('Origin',(0.227255509092573,2.84325004707291,-0.575930239996026));
#6501=CARTESIAN_POINT('',(0.227255509092573,2.84325004707291,-0.581180239996026));
#6502=CARTESIAN_POINT('Origin',(0.238505509092573,2.89252985404271,-0.575930239996026));
#6503=CARTESIAN_POINT('',(0.248255509092573,2.89252985404271,-0.581180239996026));
#6504=CARTESIAN_POINT('',(0.238505509092573,2.89252985404271,-0.581180239996026));
#6505=CARTESIAN_POINT('Origin',(0.248255509092573,2.89252985404271,-0.575930239996026));
#6506=CARTESIAN_POINT('Origin',(0.248255509092573,2.90190684740722,-0.575930239996026));
#6507=CARTESIAN_POINT('',(0.248255509092573,2.89475,-0.581180239996026));
#6508=CARTESIAN_POINT('',(0.248255509092573,2.90190684740722,-0.581180239996026));
#6509=CARTESIAN_POINT('Origin',(0.248255509092573,2.89475,-0.575930239996026));
#6510=CARTESIAN_POINT('Origin',(0.227255509092573,2.89475,-0.575930239996026));
#6511=CARTESIAN_POINT('',(0.227255509092573,2.89475,-0.581180239996026));
#6512=CARTESIAN_POINT('Origin',(0.223505509092573,2.90381369481444,-0.581180239996026));
#6513=CARTESIAN_POINT('Origin',(0.623505509092573,3.,-0.459751668516026));
#6514=CARTESIAN_POINT('',(-0.138994490907426,3.,-0.459751668516026));
#6515=CARTESIAN_POINT('',(-0.138994490907426,2.92854602259185,-0.459751668516026));
#6516=CARTESIAN_POINT('',(-0.138994490907426,3.,-0.459751668516026));
#6517=CARTESIAN_POINT('',(-0.176494490907426,3.,-0.459751668516026));
#6518=CARTESIAN_POINT('',(0.280648366242573,3.,-0.459751668516026));
#6519=CARTESIAN_POINT('',(-0.176494490907426,2.92854602259185,-0.459751668516026));
#6520=CARTESIAN_POINT('',(-0.176494490907426,3.,-0.459751668516026));
#6521=CARTESIAN_POINT('',(0.623505509092573,2.92854602259185,-0.459751668516026));
#6522=CARTESIAN_POINT('Origin',(0.623505509092573,2.92854602259185,-0.459751668516026));
#6523=CARTESIAN_POINT('',(-0.138994490907426,2.92854602259185,-0.348323097096026));
#6524=CARTESIAN_POINT('',(-0.138994490907426,2.92854602259185,-0.139215950293296));
#6525=CARTESIAN_POINT('',(-0.176494490907426,2.92854602259185,-0.348323097096026));
#6526=CARTESIAN_POINT('',(-0.176494490907426,2.92854602259185,-0.320465954256026));
#6527=CARTESIAN_POINT('',(0.623505509092573,2.92854602259185,-0.348323097096026));
#6528=CARTESIAN_POINT('Origin',(0.623505509092573,2.92854602259185,-0.348323097096026));
#6529=CARTESIAN_POINT('',(-0.138994490907426,3.,-0.348323097096026));
#6530=CARTESIAN_POINT('',(-0.138994490907426,2.96427301129592,-0.348323097096026));
#6531=CARTESIAN_POINT('',(-0.176494490907426,3.,-0.348323097096026));
#6532=CARTESIAN_POINT('',(-0.176494490907426,2.96427301129592,-0.348323097096026));
#6533=CARTESIAN_POINT('',(0.280648366242573,3.,-0.348323097096026));
#6534=CARTESIAN_POINT('Origin',(0.623505509092573,2.92854602259185,-0.348323097096026));
#6535=CARTESIAN_POINT('',(0.623505509092573,3.,-0.348323097096026));
#6536=CARTESIAN_POINT('',(0.623505509092573,3.,-0.348323097096026));
#6537=CARTESIAN_POINT('',(0.623505509092573,2.92854602259185,-0.348323097096026));
#6538=CARTESIAN_POINT('',(0.623505509092573,2.87745660504592,-0.348323097096026));
#6539=CARTESIAN_POINT('',(0.623505509092573,2.92854602259185,-0.348323097096026));
#6540=CARTESIAN_POINT('Origin',(0.623505509092573,2.92854602259185,-0.459751668516026));
#6541=CARTESIAN_POINT('',(0.623505509092573,2.92854602259185,-0.459751668516026));
#6542=CARTESIAN_POINT('',(0.623505509092573,2.92854602259185,-0.320465954256026));
#6543=CARTESIAN_POINT('',(0.623505509092573,2.92854602259185,-0.459751668516026));
#6544=CARTESIAN_POINT('Origin',(0.623505509092573,3.,-0.459751668516026));
#6545=CARTESIAN_POINT('',(0.623505509092573,2.91318359375,-0.459751668516026));
#6546=CARTESIAN_POINT('Origin',(0.623505509092573,3.,-0.236894525676026));
#6547=CARTESIAN_POINT('',(-0.138994490907426,3.,-0.236894525676026));
#6548=CARTESIAN_POINT('',(-0.138994490907426,2.92854602259185,-0.236894525676026));
#6549=CARTESIAN_POINT('',(-0.138994490907426,3.,-0.236894525676026));
#6550=CARTESIAN_POINT('',(-0.176494490907426,3.,-0.236894525676026));
#6551=CARTESIAN_POINT('',(0.280648366242573,3.,-0.236894525676026));
#6552=CARTESIAN_POINT('',(-0.176494490907426,2.92854602259185,-0.236894525676026));
#6553=CARTESIAN_POINT('',(-0.176494490907426,3.,-0.236894525676026));
#6554=CARTESIAN_POINT('',(0.623505509092573,2.92854602259185,-0.236894525676026));
#6555=CARTESIAN_POINT('Origin',(0.623505509092573,2.92854602259185,-0.236894525676026));
#6556=CARTESIAN_POINT('',(-0.138994490907426,2.92854602259185,-0.125465954256026));
#6557=CARTESIAN_POINT('',(-0.138994490907426,2.92854602259185,-0.027787378873296));
#6558=CARTESIAN_POINT('',(-0.176494490907426,2.92854602259185,-0.125465954256026));
#6559=CARTESIAN_POINT('',(-0.176494490907426,2.92854602259185,-0.209037382836026));
#6560=CARTESIAN_POINT('',(0.623505509092573,2.92854602259185,-0.125465954256026));
#6561=CARTESIAN_POINT('Origin',(0.623505509092573,2.92854602259185,-0.125465954256026));
#6562=CARTESIAN_POINT('',(-0.138994490907426,3.,-0.125465954256026));
#6563=CARTESIAN_POINT('',(-0.138994490907426,2.96427301129592,-0.125465954256026));
#6564=CARTESIAN_POINT('',(-0.176494490907426,3.,-0.125465954256026));
#6565=CARTESIAN_POINT('',(-0.176494490907426,2.96427301129592,-0.125465954256026));
#6566=CARTESIAN_POINT('',(0.280648366242573,3.,-0.125465954256026));
#6567=CARTESIAN_POINT('Origin',(0.623505509092573,2.92854602259185,-0.125465954256026));
#6568=CARTESIAN_POINT('',(0.623505509092573,3.,-0.125465954256026));
#6569=CARTESIAN_POINT('',(0.623505509092573,3.,-0.125465954256026));
#6570=CARTESIAN_POINT('',(0.623505509092573,2.92854602259185,-0.125465954256026));
#6571=CARTESIAN_POINT('',(0.623505509092573,2.87745660504592,-0.125465954256026));
#6572=CARTESIAN_POINT('',(0.623505509092573,2.92854602259185,-0.125465954256026));
#6573=CARTESIAN_POINT('Origin',(0.623505509092573,2.92854602259185,-0.236894525676026));
#6574=CARTESIAN_POINT('',(0.623505509092573,2.92854602259185,-0.236894525676026));
#6575=CARTESIAN_POINT('',(0.623505509092573,2.92854602259185,-0.209037382836026));
#6576=CARTESIAN_POINT('',(0.623505509092573,2.92854602259185,-0.236894525676026));
#6577=CARTESIAN_POINT('Origin',(0.623505509092573,3.,-0.236894525676026));
#6578=CARTESIAN_POINT('',(0.623505509092573,3.,-0.236894525676026));
#6579=CARTESIAN_POINT('',(0.623505509092573,2.91318359375,-0.236894525676026));
#6580=CARTESIAN_POINT('',(0.623505509092573,3.,-0.236894525676026));
#6581=CARTESIAN_POINT('Origin',(0.623505509092573,3.,-0.0140373828360258));
#6582=CARTESIAN_POINT('',(-0.138994490907426,3.,-0.0140373828360258));
#6583=CARTESIAN_POINT('',(-0.138994490907426,2.92854602259185,-0.0140373828360259));
#6584=CARTESIAN_POINT('',(-0.138994490907426,3.,-0.0140373828360258));
#6585=CARTESIAN_POINT('',(-0.176494490907426,3.,-0.0140373828360258));
#6586=CARTESIAN_POINT('',(0.280648366242573,3.,-0.0140373828360258));
#6587=CARTESIAN_POINT('',(-0.176494490907426,2.92854602259185,-0.0140373828360259));
#6588=CARTESIAN_POINT('',(-0.176494490907426,3.,-0.0140373828360258));
#6589=CARTESIAN_POINT('',(0.623505509092573,2.92854602259185,-0.0140373828360259));
#6590=CARTESIAN_POINT('Origin',(0.623505509092573,2.92854602259185,-0.0140373828360259));
#6591=CARTESIAN_POINT('',(-0.138994490907426,2.92854602259185,0.0973911885839741));
#6592=CARTESIAN_POINT('',(-0.138994490907426,2.92854602259185,0.0836411925467039));
#6593=CARTESIAN_POINT('',(-0.176494490907426,2.92854602259185,0.0973911885839741));
#6594=CARTESIAN_POINT('',(-0.176494490907426,2.92854602259185,-0.0976088114160259));
#6595=CARTESIAN_POINT('',(0.623505509092573,2.92854602259185,0.0973911885839741));
#6596=CARTESIAN_POINT('Origin',(0.623505509092573,2.92854602259185,0.0973911885839741));
#6597=CARTESIAN_POINT('',(-0.138994490907426,3.,0.0973911885839741));
#6598=CARTESIAN_POINT('',(-0.138994490907426,2.96427301129592,0.0973911885839741));
#6599=CARTESIAN_POINT('',(-0.176494490907426,3.,0.0973911885839741));
#6600=CARTESIAN_POINT('',(-0.176494490907426,2.96427301129592,0.0973911885839741));
#6601=CARTESIAN_POINT('',(0.280648366242573,3.,0.0973911885839742));
#6602=CARTESIAN_POINT('Origin',(0.623505509092573,2.92854602259185,0.0973911885839741));
#6603=CARTESIAN_POINT('',(0.623505509092573,3.,0.0973911885839741));
#6604=CARTESIAN_POINT('',(0.623505509092573,3.,0.0973911885839742));
#6605=CARTESIAN_POINT('',(0.623505509092573,2.92854602259185,0.0973911885839741));
#6606=CARTESIAN_POINT('',(0.623505509092573,2.87745660504592,0.0973911885839741));
#6607=CARTESIAN_POINT('',(0.623505509092573,2.92854602259185,0.0973911885839741));
#6608=CARTESIAN_POINT('Origin',(0.623505509092573,2.92854602259185,-0.0140373828360259));
#6609=CARTESIAN_POINT('',(0.623505509092573,2.92854602259185,-0.0140373828360259));
#6610=CARTESIAN_POINT('',(0.623505509092573,2.92854602259185,-0.0976088114160259));
#6611=CARTESIAN_POINT('',(0.623505509092573,2.92854602259185,-0.0140373828360259));
#6612=CARTESIAN_POINT('Origin',(0.623505509092573,3.,-0.0140373828360258));
#6613=CARTESIAN_POINT('',(0.623505509092573,3.,-0.0140373828360258));
#6614=CARTESIAN_POINT('',(0.623505509092573,2.91318359375,-0.0140373828360259));
#6615=CARTESIAN_POINT('',(0.623505509092573,3.,-0.0140373828360258));
#6616=CARTESIAN_POINT('Origin',(0.623505509092573,2.8263671875,-0.181180239996026));
#6617=CARTESIAN_POINT('',(0.623505509092573,3.,-0.181180239996026));
#6618=CARTESIAN_POINT('',(0.623505509092573,3.,-0.181180239996026));
#6619=CARTESIAN_POINT('',(0.623505509092573,3.,0.208819760003974));
#6620=CARTESIAN_POINT('',(0.623505509092573,3.,-0.181180239996026));
#6621=CARTESIAN_POINT('',(0.623505509092573,2.8263671875,0.208819760003974));
#6622=CARTESIAN_POINT('Origin',(0.623505509092573,3.,-0.181180239996026));
#6623=CARTESIAN_POINT('',(0.509219794812574,3.,0.181319767929434));
#6624=CARTESIAN_POINT('',(0.604755509092573,3.,0.181319767929434));
#6625=CARTESIAN_POINT('',(0.509219794812574,3.,0.208819760003974));
#6626=CARTESIAN_POINT('',(0.509219794812574,3.,-0.181180239996026));
#6627=CARTESIAN_POINT('',(0.623505509092573,3.,0.208819760003974));
#6628=CARTESIAN_POINT('Origin',(0.623505509092573,3.,-0.181180239996026));
#6629=CARTESIAN_POINT('Origin',(0.623505509092573,3.,-0.181180239996026));
#6630=CARTESIAN_POINT('Origin',(-0.138994490907426,3.,0.181319767929434));
#6631=CARTESIAN_POINT('',(-0.138994490907426,3.,6.97639667039116E-5));
#6632=CARTESIAN_POINT('',(-0.138994490907426,3.,6.97639667039116E-5));
#6633=CARTESIAN_POINT('',(-0.138994490907426,3.,0.181319767929434));
#6634=CARTESIAN_POINT('',(-0.138994490907426,3.,6.97639667039116E-5));
#6635=CARTESIAN_POINT('',(-0.138994490907426,2.9,0.181319767929434));
#6636=CARTESIAN_POINT('',(-0.138994490907426,3.,0.181319767929434));
#6637=CARTESIAN_POINT('',(-0.138994490907426,2.9,-0.543680232070566));
#6638=CARTESIAN_POINT('',(-0.138994490907426,3.,6.97639667039116E-5));
#6639=CARTESIAN_POINT('Origin',(-0.0622087766074266,3.,-0.181180239996026));
#6640=CARTESIAN_POINT('',(-0.176494490907426,3.,0.208819760003974));
#6641=CARTESIAN_POINT('',(-0.176494490907426,3.,-0.181180239996026));
#6642=CARTESIAN_POINT('',(-0.0622087766074266,3.,0.208819760003974));
#6643=CARTESIAN_POINT('',(-0.0622087766074266,3.,0.208819760003974));
#6644=CARTESIAN_POINT('',(-0.0622087766074266,3.,0.181319767929434));
#6645=CARTESIAN_POINT('',(-0.0622087766074266,3.,-0.181180239996026));
#6646=CARTESIAN_POINT('',(0.261898366242573,3.,0.181319767929434));
#6647=CARTESIAN_POINT('Origin',(-0.0622087766074266,3.,-0.181180239996026));
#6648=CARTESIAN_POINT('',(-0.176494490907426,3.,-0.181180239996026));
#6649=CARTESIAN_POINT('Origin',(-0.0622087766074266,3.,-0.181180239996026));
#6650=CARTESIAN_POINT('',(-0.176494490907426,3.,-0.181180239996026));
#6651=CARTESIAN_POINT('Origin',(0.586005509092574,3.,0.181319767929434));
#6652=CARTESIAN_POINT('',(-0.138994490907426,2.9,0.181319767929434));
#6653=CARTESIAN_POINT('',(-0.0622087766074266,2.92854602259185,0.181319767929434));
#6654=CARTESIAN_POINT('',(-0.0622087766074266,2.96427301129592,0.181319767929434));
#6655=CARTESIAN_POINT('',(0.0520769376725735,2.92854602259185,0.181319767929434));
#6656=CARTESIAN_POINT('',(0.319041223382573,2.92854602259185,0.181319767929434));
#6657=CARTESIAN_POINT('',(0.0520769376725735,3.,0.181319767929434));
#6658=CARTESIAN_POINT('',(0.0520769376725735,3.,0.181319767929434));
#6659=CARTESIAN_POINT('',(0.166362651952574,3.,0.181319767929434));
#6660=CARTESIAN_POINT('',(0.376184080522574,3.,0.181319767929434));
#6661=CARTESIAN_POINT('',(0.166362651952574,2.92854602259185,0.181319767929434));
#6662=CARTESIAN_POINT('',(0.166362651952574,2.96427301129592,0.181319767929434));
#6663=CARTESIAN_POINT('',(0.280648366242573,2.92854602259185,0.181319767929434));
#6664=CARTESIAN_POINT('',(0.433326937667573,2.92854602259185,0.181319767929434));
#6665=CARTESIAN_POINT('',(0.280648366242573,3.,0.181319767929434));
#6666=CARTESIAN_POINT('',(0.280648366242573,3.,0.181319767929434));
#6667=CARTESIAN_POINT('',(0.394934080522574,3.,0.181319767929434));
#6668=CARTESIAN_POINT('',(0.490469794807573,3.,0.181319767929434));
#6669=CARTESIAN_POINT('',(0.394934080522574,2.92854602259185,0.181319767929434));
#6670=CARTESIAN_POINT('',(0.394934080522574,2.96427301129592,0.181319767929434));
#6671=CARTESIAN_POINT('',(0.509219794812574,2.92854602259185,0.181319767929434));
#6672=CARTESIAN_POINT('',(0.547612651952574,2.92854602259185,0.181319767929434));
#6673=CARTESIAN_POINT('',(0.509219794812574,3.,0.181319767929434));
#6674=CARTESIAN_POINT('Origin',(0.223505509092574,2.9,-0.181180232070566));
#6675=CARTESIAN_POINT('Origin',(0.509219794812574,3.,-0.181180239996026));
#6676=CARTESIAN_POINT('',(0.509219794812574,2.92854602259185,0.208819760003974));
#6677=CARTESIAN_POINT('',(0.509219794812574,2.92854602259185,-0.181180239996026));
#6678=CARTESIAN_POINT('',(0.509219794812574,3.,0.208819760003974));
#6679=CARTESIAN_POINT('Origin',(0.509219794812574,2.92854602259185,-0.181180239996026));
#6680=CARTESIAN_POINT('',(0.394934080522574,2.92854602259185,0.208819760003974));
#6681=CARTESIAN_POINT('',(0.394934080522574,2.92854602259185,-0.181180239996026));
#6682=CARTESIAN_POINT('',(0.509219794812574,2.92854602259185,0.208819760003974));
#6683=CARTESIAN_POINT('Origin',(0.394934080522574,2.92854602259185,-0.181180239996026));
#6684=CARTESIAN_POINT('',(0.394934080522574,3.,0.208819760003974));
#6685=CARTESIAN_POINT('',(0.394934080522574,3.,-0.181180239996026));
#6686=CARTESIAN_POINT('',(0.394934080522574,2.92854602259185,0.208819760003974));
#6687=CARTESIAN_POINT('Origin',(0.394934080522574,3.,-0.181180239996026));
#6688=CARTESIAN_POINT('',(0.280648366242573,3.,0.208819760003974));
#6689=CARTESIAN_POINT('',(0.280648366242573,3.,-0.181180239996026));
#6690=CARTESIAN_POINT('',(0.394934080522574,3.,0.208819760003974));
#6691=CARTESIAN_POINT('Origin',(0.280648366242573,3.,-0.181180239996026));
#6692=CARTESIAN_POINT('',(0.280648366242573,2.92854602259185,0.208819760003974));
#6693=CARTESIAN_POINT('',(0.280648366242573,2.92854602259185,-0.181180239996026));
#6694=CARTESIAN_POINT('',(0.280648366242573,3.,0.208819760003974));
#6695=CARTESIAN_POINT('Origin',(0.280648366242573,2.92854602259185,-0.181180239996026));
#6696=CARTESIAN_POINT('',(0.166362651952574,2.92854602259185,0.208819760003974));
#6697=CARTESIAN_POINT('',(0.166362651952574,2.92854602259185,-0.181180239996026));
#6698=CARTESIAN_POINT('',(0.280648366242573,2.92854602259185,0.208819760003974));
#6699=CARTESIAN_POINT('Origin',(0.166362651952574,2.92854602259185,-0.181180239996026));
#6700=CARTESIAN_POINT('',(0.166362651952574,3.,0.208819760003974));
#6701=CARTESIAN_POINT('',(0.166362651952574,3.,-0.181180239996026));
#6702=CARTESIAN_POINT('',(0.166362651952574,2.92854602259185,0.208819760003974));
#6703=CARTESIAN_POINT('Origin',(0.166362651952574,3.,-0.181180239996026));
#6704=CARTESIAN_POINT('',(0.0520769376725735,3.,0.208819760003974));
#6705=CARTESIAN_POINT('',(0.0520769376725735,3.,-0.181180239996026));
#6706=CARTESIAN_POINT('',(0.166362651952574,3.,0.208819760003974));
#6707=CARTESIAN_POINT('Origin',(0.0520769376725735,3.,-0.181180239996026));
#6708=CARTESIAN_POINT('',(0.0520769376725735,2.92854602259185,0.208819760003974));
#6709=CARTESIAN_POINT('',(0.0520769376725735,2.92854602259185,-0.181180239996026));
#6710=CARTESIAN_POINT('',(0.0520769376725735,3.,0.208819760003974));
#6711=CARTESIAN_POINT('Origin',(0.0520769376725735,2.92854602259185,-0.181180239996026));
#6712=CARTESIAN_POINT('',(-0.0622087766074266,2.92854602259185,0.208819760003974));
#6713=CARTESIAN_POINT('',(-0.0622087766074266,2.92854602259185,-0.181180239996026));
#6714=CARTESIAN_POINT('',(0.0520769376725735,2.92854602259185,0.208819760003974));
#6715=CARTESIAN_POINT('Origin',(-0.0622087766074266,2.92854602259185,-0.181180239996026));
#6716=CARTESIAN_POINT('',(-0.0622087766074266,2.92854602259185,0.208819760003974));
#6717=CARTESIAN_POINT('Origin',(-0.176494490907426,3.,-0.181180239996026));
#6718=CARTESIAN_POINT('',(-0.176494490907426,3.,-0.181180239996026));
#6719=CARTESIAN_POINT('',(-0.176494490907426,3.,0.208819760003974));
#6720=CARTESIAN_POINT('Origin',(-0.0622087766074266,3.,-0.181180239996026));
#6721=CARTESIAN_POINT('',(-0.0622087766074266,3.,-0.181180239996026));
#6722=CARTESIAN_POINT('Origin',(-0.0622087766074266,2.92854602259185,-0.181180239996026));
#6723=CARTESIAN_POINT('',(-0.0622087766074266,2.92854602259185,-0.181180239996026));
#6724=CARTESIAN_POINT('Origin',(0.0520769376725735,2.92854602259185,-0.181180239996026));
#6725=CARTESIAN_POINT('',(0.0520769376725735,2.92854602259185,-0.181180239996026));
#6726=CARTESIAN_POINT('Origin',(0.0520769376725735,3.,-0.181180239996026));
#6727=CARTESIAN_POINT('',(0.0520769376725735,3.,-0.181180239996026));
#6728=CARTESIAN_POINT('Origin',(0.166362651952574,3.,-0.181180239996026));
#6729=CARTESIAN_POINT('Origin',(0.223505509092573,2.91318359375,0.208819760003974));
#6730=CARTESIAN_POINT('Origin',(-0.138994490907426,2.175,0.181319767929434));
#6731=CARTESIAN_POINT('',(-0.138994490907426,2.175,0.181319767929434));
#6732=CARTESIAN_POINT('Ctrl Pts',(-0.157125820864997,0.342719156912009,
-0.47262999825211));
#6733=CARTESIAN_POINT('Ctrl Pts',(-0.168281298550225,0.327357116891807,
-0.473054105275109));
#6734=CARTESIAN_POINT('Ctrl Pts',(-0.179384508742621,0.311959580755031,
-0.473416496024144));
#6735=CARTESIAN_POINT('Ctrl Pts',(-0.190440008927118,0.296529643599757,
-0.473730968235692));
#6736=CARTESIAN_POINT('Ctrl Pts',(-0.128038672863276,0.3229653722875,-0.490797565912263));
#6737=CARTESIAN_POINT('Ctrl Pts',(-0.139387003327909,0.307734303246934,
-0.491387032221624));
#6738=CARTESIAN_POINT('Ctrl Pts',(-0.150662687209417,0.292453898157449,
-0.4918907190879));
#6739=CARTESIAN_POINT('Ctrl Pts',(-0.161872058955661,0.277128458895554,
-0.492327803983658));
#6740=CARTESIAN_POINT('Ctrl Pts',(-0.0989515248615553,0.303211587662992,
-0.508965133572415));
#6741=CARTESIAN_POINT('Ctrl Pts',(-0.110492708105592,0.288111489602061,
-0.509719959168138));
#6742=CARTESIAN_POINT('Ctrl Pts',(-0.121940865676214,0.272948215559866,
-0.510364942151656));
#6743=CARTESIAN_POINT('Ctrl Pts',(-0.133304108984205,0.257727274191351,
-0.510924639731624));
#6744=CARTESIAN_POINT('Ctrl Pts',(-0.0698643768598345,0.283457803038483,
-0.527132701232568));
#6745=CARTESIAN_POINT('Ctrl Pts',(-0.0815984128832753,0.268488675957188,
-0.528052886114653));
#6746=CARTESIAN_POINT('Ctrl Pts',(-0.0932190441430099,0.253442532962284,
-0.528839165215412));
#6747=CARTESIAN_POINT('Ctrl Pts',(-0.104736159012749,0.238326089487148,
-0.52952147547959));
#6748=CARTESIAN_POINT('',(-0.0698645005163545,0.283457887016612,-0.527132623997832));
#6749=CARTESIAN_POINT('',(-0.157125820864997,0.342719156912009,-0.47262999825211));
#6750=CARTESIAN_POINT('Ctrl Pts',(-0.0698645005163545,0.283457887016612,
-0.527132623997832));
#6751=CARTESIAN_POINT('Ctrl Pts',(-0.0989516072992353,0.303211643648411,
-0.508965082082591));
#6752=CARTESIAN_POINT('Ctrl Pts',(-0.128038714082116,0.32296540028021,-0.490797540167351));
#6753=CARTESIAN_POINT('Ctrl Pts',(-0.157125820864997,0.342719156912009,
-0.47262999825211));
#6754=CARTESIAN_POINT('',(-0.171192045581688,0.283457886880382,-0.486260786247131));
#6755=CARTESIAN_POINT('Ctrl Pts',(-0.171192045548975,0.283457887016612,
-0.486260786170004));
#6756=CARTESIAN_POINT('Ctrl Pts',(-0.13770317667903,0.283457887016612,-0.500464726645827));
#6757=CARTESIAN_POINT('Ctrl Pts',(-0.103821181061054,0.283457887016612,
-0.514216911401999));
#6758=CARTESIAN_POINT('Ctrl Pts',(-0.0698645005204611,0.283457887016612,
-0.52713262399627));
#6759=CARTESIAN_POINT('Ctrl Pts',(-0.171192045552382,0.283457886866663,
-0.486260786218642));
#6760=CARTESIAN_POINT('Ctrl Pts',(-0.166626020714181,0.302545557056633,
-0.481822081201113));
#6761=CARTESIAN_POINT('Ctrl Pts',(-0.162261363813726,0.320700493876168,
-0.477641743411495));
#6762=CARTESIAN_POINT('Ctrl Pts',(-0.157125820864997,0.342719156912009,
-0.47262999825211));
#6763=CARTESIAN_POINT('Ctrl Pts',(-0.128319490907426,0.52898160464955,-0.428330466815393));
#6764=CARTESIAN_POINT('Ctrl Pts',(-0.159151660418255,0.488750908263479,
-0.42842504015119));
#6765=CARTESIAN_POINT('Ctrl Pts',(-0.191720571122219,0.443318136636621,
-0.428510469632197));
#6766=CARTESIAN_POINT('Ctrl Pts',(-0.227643641021273,0.390609511493162,
-0.428585210194518));
#6767=CARTESIAN_POINT('Ctrl Pts',(-0.0740996034618869,0.487601720312743,
-0.458156055229742));
#6768=CARTESIAN_POINT('Ctrl Pts',(-0.104999500830755,0.449472041348576,
-0.459479193704342));
#6769=CARTESIAN_POINT('Ctrl Pts',(-0.138042652963861,0.405777733688493,
-0.460674404090355));
#6770=CARTESIAN_POINT('Ctrl Pts',(-0.174593139746965,0.354581634977634,
-0.461720070004389));
#6771=CARTESIAN_POINT('Ctrl Pts',(-0.0198797160163473,0.446221835975936,
-0.48798164364409));
#6772=CARTESIAN_POINT('Ctrl Pts',(-0.0508473412432557,0.410193174433674,
-0.490533347257493));
#6773=CARTESIAN_POINT('Ctrl Pts',(-0.0843647348055024,0.368237330740366,
-0.492838338548514));
#6774=CARTESIAN_POINT('Ctrl Pts',(-0.121542638472656,0.318553758462105,
-0.494854929814261));
#6775=CARTESIAN_POINT('Ctrl Pts',(0.0343401714291923,0.404841951639129,
-0.517807232058438));
#6776=CARTESIAN_POINT('Ctrl Pts',(0.00330481834424401,0.370914307518772,
-0.521587500810644));
#6777=CARTESIAN_POINT('Ctrl Pts',(-0.030686816647144,0.330696927792238,
-0.525002273006672));
#6778=CARTESIAN_POINT('Ctrl Pts',(-0.068492137198347,0.282525881946576,
-0.527989789624133));
#6779=CARTESIAN_POINT('',(-0.151999526134817,0.364948932037705,-0.467601899369467));
#6780=CARTESIAN_POINT('Ctrl Pts',(-0.157125735486068,0.342719522614741,
-0.472629915372119));
#6781=CARTESIAN_POINT('Ctrl Pts',(-0.155498290772572,0.349690341875658,
-0.471050103787686));
#6782=CARTESIAN_POINT('Ctrl Pts',(-0.15379542656375,0.357049717670453,-0.469385928785197));
#6783=CARTESIAN_POINT('Ctrl Pts',(-0.151998232905497,0.364951794825087,
-0.467601713251361));
#6784=CARTESIAN_POINT('',(-0.128319490907426,0.47588579430339,-0.443050506305099));
#6785=CARTESIAN_POINT('Ctrl Pts',(-0.151999497298399,0.364949061632927,
-0.467601869851572));
#6786=CARTESIAN_POINT('Ctrl Pts',(-0.15059260980636,0.37127182719298,-0.466161733990937));
#6787=CARTESIAN_POINT('Ctrl Pts',(-0.149119575449399,0.37794067227141,-0.464647676880205));
#6788=CARTESIAN_POINT('Ctrl Pts',(-0.140836209795455,0.415782212035695,
-0.456098239957232));
#6789=CARTESIAN_POINT('Ctrl Pts',(-0.134569455087846,0.445576568257987,
-0.449499693162816));
#6790=CARTESIAN_POINT('Ctrl Pts',(-0.128319490907423,0.475885794303405,
-0.443050506305096));
#6791=CARTESIAN_POINT('',(-0.128319490907426,0.52898160464955,-0.428330466815393));
#6792=CARTESIAN_POINT('Ctrl Pts',(-0.128319490907426,0.475885794303415,
-0.443050506305092));
#6793=CARTESIAN_POINT('Ctrl Pts',(-0.128319490907426,0.498271038079329,
-0.436630499979546));
#6794=CARTESIAN_POINT('Ctrl Pts',(-0.128319490907426,0.516054329695999,
-0.431788257185716));
#6795=CARTESIAN_POINT('Ctrl Pts',(-0.128319490907426,0.52898160464955,-0.428330466815393));
#6796=CARTESIAN_POINT('',(0.0343401714291922,0.404841951639129,-0.517807232058438));
#6797=CARTESIAN_POINT('Ctrl Pts',(0.0343401714291923,0.404841951639129,
-0.517807232058438));
#6798=CARTESIAN_POINT('Ctrl Pts',(-0.0198797160163473,0.446221835975936,
-0.48798164364409));
#6799=CARTESIAN_POINT('Ctrl Pts',(-0.0740996034618869,0.487601720312743,
-0.458156055229742));
#6800=CARTESIAN_POINT('Ctrl Pts',(-0.128319490907426,0.52898160464955,-0.428330466815393));
#6801=CARTESIAN_POINT('',(-0.067760381537948,0.283457886985473,-0.527931873569253));
#6802=CARTESIAN_POINT('Ctrl Pts',(0.0343401714291923,0.404841951639129,
-0.517807232058438));
#6803=CARTESIAN_POINT('Ctrl Pts',(0.00350519014704586,0.371133352657347,
-0.521563094474332));
#6804=CARTESIAN_POINT('Ctrl Pts',(-0.0302480233156215,0.33121597202557,
-0.524958164568701));
#6805=CARTESIAN_POINT('Ctrl Pts',(-0.0677603727783221,0.283457899828049,
-0.527931871806753));
#6806=CARTESIAN_POINT('Ctrl Pts',(-0.0698645005190343,0.283457887018432,
-0.527132623996158));
#6807=CARTESIAN_POINT('Ctrl Pts',(-0.0691631582726921,0.283457887016611,
-0.527399398056834));
#6808=CARTESIAN_POINT('Ctrl Pts',(-0.0684617813352277,0.283457891341788,
-0.527665814957395));
#6809=CARTESIAN_POINT('Ctrl Pts',(-0.0677603727444941,0.283457899871117,
-0.527931871804071));
#6810=CARTESIAN_POINT('Ctrl Pts',(0.600854285036759,0.532166973966271,-0.426034532070566));
#6811=CARTESIAN_POINT('Ctrl Pts',(0.568259177771371,0.574876205167036,-0.426034532070566));
#6812=CARTESIAN_POINT('Ctrl Pts',(0.535664070505984,0.617585436367801,-0.426034532070566));
#6813=CARTESIAN_POINT('Ctrl Pts',(0.503068963240597,0.660294667568566,-0.426034532070566));
#6814=CARTESIAN_POINT('Ctrl Pts',(0.545243138943173,0.489725299857206,-0.456625432066526));
#6815=CARTESIAN_POINT('Ctrl Pts',(0.511377373291455,0.531464781773433,-0.45514724088167));
#6816=CARTESIAN_POINT('Ctrl Pts',(0.47700646898027,0.572818748700833,-0.452971256790386));
#6817=CARTESIAN_POINT('Ctrl Pts',(0.442377771551481,0.613975971409609,-0.449129891031237));
#6818=CARTESIAN_POINT('Ctrl Pts',(0.489631992849587,0.447283625748142,-0.487216332062485));
#6819=CARTESIAN_POINT('Ctrl Pts',(0.454495568811538,0.488053358379831,-0.484259949692775));
#6820=CARTESIAN_POINT('Ctrl Pts',(0.418348867454556,0.528052061033864,-0.479907981510206));
#6821=CARTESIAN_POINT('Ctrl Pts',(0.381686579862366,0.567657275250652,-0.472225249991907));
#6822=CARTESIAN_POINT('Ctrl Pts',(0.434020846756001,0.404841951639078,-0.517807232058444));
#6823=CARTESIAN_POINT('Ctrl Pts',(0.397613764331622,0.444641934986229,-0.513372658503879));
#6824=CARTESIAN_POINT('Ctrl Pts',(0.359691265928842,0.483285373366896,-0.506844706230025));
#6825=CARTESIAN_POINT('Ctrl Pts',(0.320995388173251,0.521338579091695,-0.495320608952577));
#6826=CARTESIAN_POINT('',(0.434020846756001,0.404841951639078,-0.517807232058444));
#6827=CARTESIAN_POINT('',(0.596680509092573,0.528981604649672,-0.428330466815361));
#6828=CARTESIAN_POINT('Ctrl Pts',(0.434020846756001,0.404841951639078,-0.517807232058444));
#6829=CARTESIAN_POINT('Ctrl Pts',(0.488240734201525,0.446221835975943,-0.487981643644083));
#6830=CARTESIAN_POINT('Ctrl Pts',(0.542460621647049,0.487601720312808,-0.458156055229722));
#6831=CARTESIAN_POINT('Ctrl Pts',(0.596680509092573,0.528981604649672,-0.428330466815361));
#6832=CARTESIAN_POINT('',(0.385613237275853,0.456331014866295,-0.510534728102209));
#6833=CARTESIAN_POINT('Ctrl Pts',(0.434020846756001,0.404841951639078,-0.517807232058444));
#6834=CARTESIAN_POINT('Ctrl Pts',(0.418141716308117,0.422200912734236,-0.515873070701243));
#6835=CARTESIAN_POINT('Ctrl Pts',(0.401974306505682,0.439339862927306,-0.513540683461097));
#6836=CARTESIAN_POINT('Ctrl Pts',(0.38558018433,0.456305789305227,-0.510569227027325));
#6837=CARTESIAN_POINT('',(0.320995388185224,0.52133857907992,-0.495320608956143));
#6838=CARTESIAN_POINT('Ctrl Pts',(0.320995388173251,0.521338579091695,-0.495320608952577));
#6839=CARTESIAN_POINT('Ctrl Pts',(0.342813865990171,0.499882468696337,-0.501818413767761));
#6840=CARTESIAN_POINT('Ctrl Pts',(0.364386470113485,0.478238710825445,-0.506727838157013));
#6841=CARTESIAN_POINT('Ctrl Pts',(0.38558018433,0.456305789305227,-0.510569227027325));
#6842=CARTESIAN_POINT('',(0.528273891353226,0.555209613826207,-0.443320744422904));
#6843=CARTESIAN_POINT('Ctrl Pts',(0.528273891305462,0.555209613934382,-0.443320744351926));
#6844=CARTESIAN_POINT('Ctrl Pts',(0.498420913526615,0.548891157405995,-0.453780484937653));
#6845=CARTESIAN_POINT('Ctrl Pts',(0.471326382906595,0.543501574819652,-0.462284462354385));
#6846=CARTESIAN_POINT('Ctrl Pts',(0.401167866877789,0.530490003484906,-0.482209517727849));
#6847=CARTESIAN_POINT('Ctrl Pts',(0.358064365172125,0.523807196441419,-0.491243360252328));
#6848=CARTESIAN_POINT('Ctrl Pts',(0.320995388174603,0.521338579079213,-0.495320608957311));
#6849=CARTESIAN_POINT('Ctrl Pts',(0.575117728344206,0.565889475357179,-0.426034532070566));
#6850=CARTESIAN_POINT('Ctrl Pts',(0.558934194017871,0.56194143338462,-0.43229248819353));
#6851=CARTESIAN_POINT('Ctrl Pts',(0.543272238078804,0.558395829887603,-0.438062556786892));
#6852=CARTESIAN_POINT('Ctrl Pts',(0.528273891670177,0.555209614011575,-0.443320744224139));
#6853=CARTESIAN_POINT('Ctrl Pts',(0.596680509092573,0.537635854934479,-0.426034532070566));
#6854=CARTESIAN_POINT('Ctrl Pts',(0.59668050270499,0.534885854643089,-0.42675733998423));
#6855=CARTESIAN_POINT('Ctrl Pts',(0.596680509092499,0.532001011048246,-0.427522131507618));
#6856=CARTESIAN_POINT('Ctrl Pts',(0.596680509092573,0.528981647116007,-0.428330455446557));
#6857=CARTESIAN_POINT('Ctrl Pts',(0.696004659206494,0.390609511493178,-0.428585210194482));
#6858=CARTESIAN_POINT('Ctrl Pts',(0.660081589307202,0.443318136637015,-0.428510469632161));
#6859=CARTESIAN_POINT('Ctrl Pts',(0.62751267860323,0.48875090826389,-0.428425040151155));
#6860=CARTESIAN_POINT('Ctrl Pts',(0.596680509092573,0.528981604649672,-0.428330466815361));
#6861=CARTESIAN_POINT('Ctrl Pts',(0.642954157932157,0.354581634977648,-0.461720070004365));
#6862=CARTESIAN_POINT('Ctrl Pts',(0.606403671148805,0.405777733688877,-0.460674404090322));
#6863=CARTESIAN_POINT('Ctrl Pts',(0.573360519015693,0.449472041348963,-0.4594791937043));
#6864=CARTESIAN_POINT('Ctrl Pts',(0.542460621647049,0.487601720312808,-0.458156055229722));
#6865=CARTESIAN_POINT('Ctrl Pts',(0.58990365665782,0.318553758462119,-0.494854929814249));
#6866=CARTESIAN_POINT('Ctrl Pts',(0.552725752990409,0.368237330740739,-0.492838338548483));
#6867=CARTESIAN_POINT('Ctrl Pts',(0.519208359428156,0.410193174434036,-0.490533347257445));
#6868=CARTESIAN_POINT('Ctrl Pts',(0.488240734201525,0.446221835975943,-0.487981643644083));
#6869=CARTESIAN_POINT('Ctrl Pts',(0.536853155383484,0.282525881946589,-0.527989789624132));
#6870=CARTESIAN_POINT('Ctrl Pts',(0.499047834832013,0.330696927792601,-0.525002273006644));
#6871=CARTESIAN_POINT('Ctrl Pts',(0.465056199840618,0.37091430751911,-0.521587500810589));
#6872=CARTESIAN_POINT('Ctrl Pts',(0.434020846756001,0.404841951639078,-0.517807232058444));
#6873=CARTESIAN_POINT('',(0.596680509092573,0.475885794303383,-0.443050506305108));
#6874=CARTESIAN_POINT('Ctrl Pts',(0.596680509092573,0.528981604649672,-0.428330466815361));
#6875=CARTESIAN_POINT('Ctrl Pts',(0.596680509092573,0.514416249242131,-0.432226411308654));
#6876=CARTESIAN_POINT('Ctrl Pts',(0.596680509092573,0.496706040638132,-0.43707933554161));
#6877=CARTESIAN_POINT('Ctrl Pts',(0.596680509092573,0.475885794303383,-0.443050506305108));
#6878=CARTESIAN_POINT('',(0.620360544319964,0.364948932037705,-0.467601899369467));
#6879=CARTESIAN_POINT('Ctrl Pts',(0.62036054419487,0.364948932599896,-0.467601899241417));
#6880=CARTESIAN_POINT('Ctrl Pts',(0.613218675635493,0.397045568639765,-0.460291250391777));
#6881=CARTESIAN_POINT('Ctrl Pts',(0.605032214168766,0.435384167460159,-0.451668428754272));
#6882=CARTESIAN_POINT('Ctrl Pts',(0.59668050909257,0.475885794303398,-0.443050506305105));
#6883=CARTESIAN_POINT('',(0.625486839050146,0.342719156912,-0.472629998252111));
#6884=CARTESIAN_POINT('Ctrl Pts',(0.625486839050146,0.342719156912,-0.472629998252111));
#6885=CARTESIAN_POINT('Ctrl Pts',(0.62385198668343,0.349721702874637,-0.471042996249445));
#6886=CARTESIAN_POINT('Ctrl Pts',(0.622133319780738,0.357151395796093,-0.469362970810013));
#6887=CARTESIAN_POINT('Ctrl Pts',(0.620359251090644,0.364951794825088,-0.467601713251361));
#6888=CARTESIAN_POINT('',(0.538225518701472,0.283457887016612,-0.527132623997843));
#6889=CARTESIAN_POINT('Ctrl Pts',(0.538225518701472,0.283457887016612,-0.527132623997843));
#6890=CARTESIAN_POINT('Ctrl Pts',(0.567312625484363,0.303211643648408,-0.508965082082599));
#6891=CARTESIAN_POINT('Ctrl Pts',(0.596399732267255,0.322965400280204,-0.490797540167355));
#6892=CARTESIAN_POINT('Ctrl Pts',(0.625486839050146,0.342719156912,-0.472629998252111));
#6893=CARTESIAN_POINT('',(0.536121399723095,0.283457886985473,-0.527931873569253));
#6894=CARTESIAN_POINT('Ctrl Pts',(0.536121390929641,0.283457899871117,-0.527931871804071));
#6895=CARTESIAN_POINT('Ctrl Pts',(0.536822800209153,0.283457891341779,-0.527665814696129));
#6896=CARTESIAN_POINT('Ctrl Pts',(0.537524177143823,0.283457887016611,-0.527399397795902));
#6897=CARTESIAN_POINT('Ctrl Pts',(0.538225518703947,0.283457887018293,-0.527132623996297));
#6898=CARTESIAN_POINT('Ctrl Pts',(0.536121390963469,0.283457899828049,-0.527931871806753));
#6899=CARTESIAN_POINT('Ctrl Pts',(0.4986090415005,0.331215972025922,-0.524958164568673));
#6900=CARTESIAN_POINT('Ctrl Pts',(0.464855828037823,0.371133352657678,-0.521563094474278));
#6901=CARTESIAN_POINT('Ctrl Pts',(0.434020846756001,0.404841951639078,-0.517807232058444));
#6902=CARTESIAN_POINT('Ctrl Pts',(-0.132493258598519,0.532166975267813,
0.063674060003974));
#6903=CARTESIAN_POINT('Ctrl Pts',(-0.0998981471464536,0.574876210794423,
0.063674060003974));
#6904=CARTESIAN_POINT('Ctrl Pts',(-0.0673030356943884,0.617585446321034,
0.063674060003974));
#6905=CARTESIAN_POINT('Ctrl Pts',(-0.0347079242423232,0.660294681847645,
0.063674060003974));
#6906=CARTESIAN_POINT('Ctrl Pts',(-0.0768821125530173,0.489725300042772,
0.0942649594091636));
#6907=CARTESIAN_POINT('Ctrl Pts',(-0.0430163425762889,0.531464786152933,
0.0927867679866794));
#6908=CARTESIAN_POINT('Ctrl Pts',(-0.0086454337919164,0.57281875715071,
0.0906107834615708));
#6909=CARTESIAN_POINT('Ctrl Pts',(0.0259832680684339,0.613975983956289,
0.0867694166443691));
#6910=CARTESIAN_POINT('Ctrl Pts',(-0.0212709665075159,0.447283624817731,
0.124855858814353));
#6911=CARTESIAN_POINT('Ctrl Pts',(0.0138654619938758,0.488053361511444,
0.121899475969385));
#6912=CARTESIAN_POINT('Ctrl Pts',(0.0500121681105556,0.528052067980386,
0.117547506919167));
#6913=CARTESIAN_POINT('Ctrl Pts',(0.0866744603791911,0.567657286064933,
0.109864773284764));
#6914=CARTESIAN_POINT('Ctrl Pts',(0.0343401795379856,0.40484194959269,0.155446758219543));
#6915=CARTESIAN_POINT('Ctrl Pts',(0.0707472665640405,0.444641936869954,
0.15101218395209));
#6916=CARTESIAN_POINT('Ctrl Pts',(0.108669770013028,0.483285378810062,0.144484230376764));
#6917=CARTESIAN_POINT('Ctrl Pts',(0.147365652689948,0.521338588173577,0.132960129925159));
#6918=CARTESIAN_POINT('',(0.0343401795379856,0.40484194959269,0.155446758219543));
#6919=CARTESIAN_POINT('',(-0.128319490907426,0.528981612163352,0.065969990166506));
#6920=CARTESIAN_POINT('Ctrl Pts',(0.0343401795379856,0.40484194959269,0.155446758219543));
#6921=CARTESIAN_POINT('Ctrl Pts',(-0.0198797106104851,0.446221837116244,
0.125621168868531));
#6922=CARTESIAN_POINT('Ctrl Pts',(-0.0740996007589558,0.487601724639798,
0.0957955795175182));
#6923=CARTESIAN_POINT('Ctrl Pts',(-0.128319490907427,0.528981612163352,
0.065969990166506));
#6924=CARTESIAN_POINT('',(0.082747792384624,0.456331014866295,0.148174253386357));
#6925=CARTESIAN_POINT('Ctrl Pts',(0.0343401795379856,0.40484194959269,0.155446758219543));
#6926=CARTESIAN_POINT('Ctrl Pts',(0.0502193110760663,0.422200911399695,
0.153512596663089));
#6927=CARTESIAN_POINT('Ctrl Pts',(0.0663867220199716,0.439339862259505,
0.15118020915771));
#6928=CARTESIAN_POINT('Ctrl Pts',(0.0827808453518187,0.456305789288254,
0.148208752327899));
#6929=CARTESIAN_POINT('',(0.147365652677975,0.521338588161803,0.132960129928725));
#6930=CARTESIAN_POINT('Ctrl Pts',(0.147365652689948,0.521338588173577,0.132960129925159));
#6931=CARTESIAN_POINT('Ctrl Pts',(0.125547171123675,0.499882474768246,0.139457936820289));
#6932=CARTESIAN_POINT('Ctrl Pts',(0.103974563233269,0.478238713895822,0.144367362552237));
#6933=CARTESIAN_POINT('Ctrl Pts',(0.0827808453518188,0.456305789288254,
0.148208752327899));
#6934=CARTESIAN_POINT('',(-0.0599128659177426,0.555209615561903,0.080960270961666));
#6935=CARTESIAN_POINT('Ctrl Pts',(-0.0599128659177429,0.555209615561904,
0.0809602709616659));
#6936=CARTESIAN_POINT('Ctrl Pts',(-0.0300598566668657,0.548891152911995,
0.0914200219835574));
#6937=CARTESIAN_POINT('Ctrl Pts',(-0.00296529543825866,0.543501565230362,
0.0999240072861083));
#6938=CARTESIAN_POINT('Ctrl Pts',(0.0671932144278446,0.530489999754945,
0.119849053141339));
#6939=CARTESIAN_POINT('Ctrl Pts',(0.110296691210368,0.523807200207923,0.128882886544101));
#6940=CARTESIAN_POINT('Ctrl Pts',(0.147365652688596,0.521338588161096,0.132960129929893));
#6941=CARTESIAN_POINT('Ctrl Pts',(-0.106756701728275,0.565889475975678,
0.063674060003974));
#6942=CARTESIAN_POINT('Ctrl Pts',(-0.0905731688853986,0.561941434584153,
0.0699320152688757));
#6943=CARTESIAN_POINT('Ctrl Pts',(-0.0749112131737512,0.558395831345673,
0.0757020835281052));
#6944=CARTESIAN_POINT('Ctrl Pts',(-0.0599128659177428,0.555209615561904,
0.0809602709616659));
#6945=CARTESIAN_POINT('Ctrl Pts',(-0.128319490907426,0.537635845273499,
0.0636740600039741));
#6946=CARTESIAN_POINT('Ctrl Pts',(-0.128319484519876,0.53488585023388,0.0643968665424841));
#6947=CARTESIAN_POINT('Ctrl Pts',(-0.128319490907352,0.532001012364796,
0.0651616565411589));
#6948=CARTESIAN_POINT('Ctrl Pts',(-0.128319490907426,0.528981654629526,
0.0659699787977455));
#6949=CARTESIAN_POINT('Ctrl Pts',(-0.227643648752693,0.390609509545068,
0.0662247330673476));
#6950=CARTESIAN_POINT('Ctrl Pts',(-0.19172057594903,0.44331813878719,0.0661499926455276));
#6951=CARTESIAN_POINT('Ctrl Pts',(-0.159151662811751,0.488750913411703,
0.0660645633246143));
#6952=CARTESIAN_POINT('Ctrl Pts',(-0.128319490907426,0.528981612163352,
0.0659699901665059));
#6953=CARTESIAN_POINT('Ctrl Pts',(-0.174593144668016,0.354581630755609,
0.0993595943093698));
#6954=CARTESIAN_POINT('Ctrl Pts',(-0.138042654940039,0.405777733327413,
0.0983139283927313));
#6955=CARTESIAN_POINT('Ctrl Pts',(-0.104999500378486,0.449472043695232,
0.097118717996733));
#6956=CARTESIAN_POINT('Ctrl Pts',(-0.0740996007589558,0.487601724639798,
0.0957955795175182));
#6957=CARTESIAN_POINT('Ctrl Pts',(-0.121542640583339,0.318553751966151,
0.132494455551392));
#6958=CARTESIAN_POINT('Ctrl Pts',(-0.0843647339310481,0.368237327867635,
0.130477864139935));
#6959=CARTESIAN_POINT('Ctrl Pts',(-0.0508473379452206,0.41019317397876,
0.128172872668852));
#6960=CARTESIAN_POINT('Ctrl Pts',(-0.0198797106104851,0.446221837116244,
0.12562116886853));
#6961=CARTESIAN_POINT('Ctrl Pts',(-0.0684921364986621,0.282525873176692,
0.165629316793414));
#6962=CARTESIAN_POINT('Ctrl Pts',(-0.0306868129220574,0.330696922407858,
0.162641799887139));
#6963=CARTESIAN_POINT('Ctrl Pts',(0.00330482448804444,0.370914304262289,
0.15922702734097));
#6964=CARTESIAN_POINT('Ctrl Pts',(0.0343401795379856,0.40484194959269,0.155446758219543));
#6965=CARTESIAN_POINT('',(-0.128319490907426,0.475885788971691,0.080690032953511));
#6966=CARTESIAN_POINT('Ctrl Pts',(-0.128319490907426,0.528981612163352,
0.0659699901665059));
#6967=CARTESIAN_POINT('Ctrl Pts',(-0.128319490907426,0.514416255102251,
0.0698659349955897));
#6968=CARTESIAN_POINT('Ctrl Pts',(-0.128319490907426,0.496706042242103,
0.0747188602566504));
#6969=CARTESIAN_POINT('Ctrl Pts',(-0.128319490907426,0.475885788971691,
0.080690032953511));
#6970=CARTESIAN_POINT('',(-0.151999526968163,0.364948922744743,0.105241426824142));
#6971=CARTESIAN_POINT('Ctrl Pts',(-0.151999526843075,0.364948923306905,
0.105241426696098));
#6972=CARTESIAN_POINT('Ctrl Pts',(-0.144857658003875,0.397045560564834,
0.0979307775798552));
#6973=CARTESIAN_POINT('Ctrl Pts',(-0.136671196325514,0.435384160349635,
0.0893079557428919));
#6974=CARTESIAN_POINT('Ctrl Pts',(-0.128319490907427,0.475885788971691,
0.080690032953511));
#6975=CARTESIAN_POINT('',(-0.157125821257862,0.342719149494493,0.110269525278944));
#6976=CARTESIAN_POINT('Ctrl Pts',(-0.157125821257862,0.342719149494493,
0.110269525278944));
#6977=CARTESIAN_POINT('Ctrl Pts',(-0.155490969008997,0.349721694971539,
0.108682523387396));
#6978=CARTESIAN_POINT('Ctrl Pts',(-0.153772302257953,0.357151387255165,
0.107002498093303));
#6979=CARTESIAN_POINT('Ctrl Pts',(-0.151998233738855,0.364951785532172,
0.105241240706014));
#6980=CARTESIAN_POINT('',(-0.0698645127162732,0.283457887016612,0.164772143118499));
#6981=CARTESIAN_POINT('Ctrl Pts',(-0.0698645127162731,0.283457887016612,
0.164772143118499));
#6982=CARTESIAN_POINT('Ctrl Pts',(-0.0989516155634695,0.303211641175905,
0.146604603838647));
#6983=CARTESIAN_POINT('Ctrl Pts',(-0.128038718410666,0.322965395335199,
0.128437064558796));
#6984=CARTESIAN_POINT('Ctrl Pts',(-0.157125821257862,0.342719149494493,
0.110269525278944));
#6985=CARTESIAN_POINT('',(-0.0677603739426512,0.283457886985473,0.165571400190958));
#6986=CARTESIAN_POINT('Ctrl Pts',(-0.0677603651490311,0.283457899871359,
0.165571398425743));
#6987=CARTESIAN_POINT('Ctrl Pts',(-0.0684617810276986,0.283457891341861,
0.165305338824201));
#6988=CARTESIAN_POINT('Ctrl Pts',(-0.0691631645608666,0.283457887016611,
0.165038919423609));
#6989=CARTESIAN_POINT('Ctrl Pts',(-0.0698645127187493,0.283457887018293,
0.164772143116952));
#6990=CARTESIAN_POINT('Ctrl Pts',(-0.0677603651828597,0.283457899828291,
0.165571398428424));
#6991=CARTESIAN_POINT('Ctrl Pts',(-0.0302480154579292,0.331215971519037,
0.162597691032106));
#6992=CARTESIAN_POINT('Ctrl Pts',(0.00350519817693033,0.371133351456662,
0.159202620774085));
#6993=CARTESIAN_POINT('Ctrl Pts',(0.0343401795379856,0.40484194959269,0.155446758219543));
#6994=CARTESIAN_POINT('Ctrl Pts',(0.620360544319964,0.364948932037705,-0.467601899369467));
#6995=CARTESIAN_POINT('Ctrl Pts',(0.620997808799574,0.34870252154932,-0.48467989827746));
#6996=CARTESIAN_POINT('Ctrl Pts',(0.621459857856184,0.332377164354033,-0.501679376414384));
#6997=CARTESIAN_POINT('Ctrl Pts',(0.621789091299532,0.315971807893667,-0.518599286900857));
#6998=CARTESIAN_POINT('Ctrl Pts',(0.634094870070052,0.337785250364007,-0.440584772071741));
#6999=CARTESIAN_POINT('Ctrl Pts',(0.635101745399811,0.321754438571932,-0.457877206470969));
#7000=CARTESIAN_POINT('Ctrl Pts',(0.635831781061806,0.305598891298613,-0.475045578365863));
#7001=CARTESIAN_POINT('Ctrl Pts',(0.636351968585896,0.289316945506334,-0.492088233691187));
#7002=CARTESIAN_POINT('Ctrl Pts',(0.64782919582014,0.31062156869031,-0.413567644774015));
#7003=CARTESIAN_POINT('Ctrl Pts',(0.649205682000047,0.294806355594545,-0.431074514664477));
#7004=CARTESIAN_POINT('Ctrl Pts',(0.650203704267428,0.278820618243192,-0.448411780317343));
#7005=CARTESIAN_POINT('Ctrl Pts',(0.650914845872259,0.262662083119002,-0.465577180481517));
#7006=CARTESIAN_POINT('Ctrl Pts',(0.661563521570229,0.283457887016612,-0.386550517476289));
#7007=CARTESIAN_POINT('Ctrl Pts',(0.663309618600284,0.267858272617158,-0.404271822857986));
#7008=CARTESIAN_POINT('Ctrl Pts',(0.66457562747305,0.252042345187771,-0.421777982268822));
#7009=CARTESIAN_POINT('Ctrl Pts',(0.665477723158622,0.236007220731669,-0.439066127271847));
#7010=CARTESIAN_POINT('',(0.661563521570228,0.283457887016612,-0.386550517476289));
#7011=CARTESIAN_POINT('Ctrl Pts',(0.661563521570229,0.283457887016612,-0.386550517476289));
#7012=CARTESIAN_POINT('Ctrl Pts',(0.64782919582014,0.31062156869031,-0.413567644774015));
#7013=CARTESIAN_POINT('Ctrl Pts',(0.634094870070052,0.337785250364007,-0.440584772071741));
#7014=CARTESIAN_POINT('Ctrl Pts',(0.620360544319964,0.364948932037705,-0.467601899369467));
#7015=CARTESIAN_POINT('',(0.639553063701659,0.283457887016613,-0.48626078618377));
#7016=CARTESIAN_POINT('Ctrl Pts',(0.63955306370166,0.283457887016612,-0.48626078618377));
#7017=CARTESIAN_POINT('Ctrl Pts',(0.646911542531301,0.283457887016612,-0.456860362501336));
#7018=CARTESIAN_POINT('Ctrl Pts',(0.654864699197714,0.283457887016612,-0.422804709405183));
#7019=CARTESIAN_POINT('Ctrl Pts',(0.661563521570228,0.283457887016612,-0.386550517476289));
#7020=CARTESIAN_POINT('Ctrl Pts',(0.639553063701659,0.283457887016613,-0.48626078618377));
#7021=CARTESIAN_POINT('Ctrl Pts',(0.636958497420599,0.294304132320446,-0.483738567234601));
#7022=CARTESIAN_POINT('Ctrl Pts',(0.631898023623186,0.315231174787483,-0.478886634321683));
#7023=CARTESIAN_POINT('Ctrl Pts',(0.625486839050146,0.342719156912,-0.472629998252111));
#7024=CARTESIAN_POINT('Ctrl Pts',(0.596680509092573,0.411783179959668,0.151823003371616));
#7025=CARTESIAN_POINT('Ctrl Pts',(0.596680509092573,0.441541835834174,0.121902922367559));
#7026=CARTESIAN_POINT('Ctrl Pts',(0.596680509092573,0.517490987343889,0.0354513200395437));
#7027=CARTESIAN_POINT('Ctrl Pts',(0.596680509092574,0.582072243509954,-0.0887192983872789));
#7028=CARTESIAN_POINT('Ctrl Pts',(0.596680509092573,0.582768389362786,-0.236484623616274));
#7029=CARTESIAN_POINT('Ctrl Pts',(0.596680509092574,0.548889821107834,-0.336171704850947));
#7030=CARTESIAN_POINT('Ctrl Pts',(0.596680509092573,0.492907556697763,-0.426158126820514));
#7031=CARTESIAN_POINT('Ctrl Pts',(0.596680509092573,0.441541843869063,-0.484263393616102));
#7032=CARTESIAN_POINT('Ctrl Pts',(0.596680509092573,0.411783188821999,-0.514183474453263));
#7033=CARTESIAN_POINT('Ctrl Pts',(0.623152528023299,0.359426952949707,0.0997492492174832));
#7034=CARTESIAN_POINT('Ctrl Pts',(0.62212672324579,0.386643989191252,0.0711878274085409));
#7035=CARTESIAN_POINT('Ctrl Pts',(0.619081516695657,0.454558015188203,-0.00983006113061175));
#7036=CARTESIAN_POINT('Ctrl Pts',(0.617023668770289,0.504030128220819,-0.111673604886151));
#7037=CARTESIAN_POINT('Ctrl Pts',(0.617087330837604,0.504442876363343,-0.222845905041787));
#7038=CARTESIAN_POINT('Ctrl Pts',(0.617983442760219,0.47877353843423,-0.301714015926222));
#7039=CARTESIAN_POINT('Ctrl Pts',(0.620154724146623,0.432346608218099,-0.379419140260497));
#7040=CARTESIAN_POINT('Ctrl Pts',(0.622126722948312,0.386643996416387,-0.433548299190766));
#7041=CARTESIAN_POINT('Ctrl Pts',(0.623152527717807,0.359426961055127,-0.462109720703748));
#7042=CARTESIAN_POINT('Ctrl Pts',(0.649624546954024,0.307070725939746,0.0476754950633507));
#7043=CARTESIAN_POINT('Ctrl Pts',(0.647572937399006,0.33174614254833,0.0204727324495226));
#7044=CARTESIAN_POINT('Ctrl Pts',(0.641482524298741,0.391625043032516,-0.0551114423007672));
#7045=CARTESIAN_POINT('Ctrl Pts',(0.637366828448005,0.425988012931685,-0.134627911385022));
#7046=CARTESIAN_POINT('Ctrl Pts',(0.637494152582635,0.426117363363901,-0.2092071864673));
#7047=CARTESIAN_POINT('Ctrl Pts',(0.639286376427864,0.408657255760626,-0.267256327001499));
#7048=CARTESIAN_POINT('Ctrl Pts',(0.643628939200673,0.371785659738435,-0.332680153700481));
#7049=CARTESIAN_POINT('Ctrl Pts',(0.647572936804051,0.33174614896371,-0.382833204765429));
#7050=CARTESIAN_POINT('Ctrl Pts',(0.649624546343041,0.307070733288254,-0.410035966954234));
#7051=CARTESIAN_POINT('Ctrl Pts',(0.676096565884749,0.254714498929786,-0.00439825909078178));
#7052=CARTESIAN_POINT('Ctrl Pts',(0.673019151552223,0.276848295905408,-0.0302423625094957));
#7053=CARTESIAN_POINT('Ctrl Pts',(0.663883531901825,0.32869207087683,-0.100392823470923));
#7054=CARTESIAN_POINT('Ctrl Pts',(0.65770998812572,0.34794589764255,-0.157582217883894));
#7055=CARTESIAN_POINT('Ctrl Pts',(0.657900974327666,0.347791850364458,-0.195568467892813));
#7056=CARTESIAN_POINT('Ctrl Pts',(0.66058931009551,0.338540973087022,-0.232798638076775));
#7057=CARTESIAN_POINT('Ctrl Pts',(0.667103154254723,0.311224711258771,-0.285941167140464));
#7058=CARTESIAN_POINT('Ctrl Pts',(0.673019150659789,0.276848301511034,-0.332118110340093));
#7059=CARTESIAN_POINT('Ctrl Pts',(0.676096564968274,0.254714505521382,-0.357962213204719));
#7060=CARTESIAN_POINT('',(0.596680509092573,0.489126850169064,-0.426034532070276));
#7061=CARTESIAN_POINT('Ctrl Pts',(0.596680509092574,0.475901375206953,-0.443063963425966));
#7062=CARTESIAN_POINT('Ctrl Pts',(0.596680509092574,0.480443415912627,-0.437401477391276));
#7063=CARTESIAN_POINT('Ctrl Pts',(0.596680509092574,0.484851004441403,-0.431731267865182));
#7064=CARTESIAN_POINT('Ctrl Pts',(0.596680509092574,0.489128179659633,-0.42604375976375));
#7065=CARTESIAN_POINT('',(0.596680509092573,0.489126844216116,0.0636740599927427));
#7066=CARTESIAN_POINT('Ctrl Pts',(0.596680509092574,0.489128179659633,-0.42604375976375));
#7067=CARTESIAN_POINT('Ctrl Pts',(0.596680509092573,0.48921767882612,-0.425924749620726));
#7068=CARTESIAN_POINT('Ctrl Pts',(0.596680509092573,0.511493081201206,-0.396283578727177));
#7069=CARTESIAN_POINT('Ctrl Pts',(0.596680509092574,0.548889821107834,-0.336171704850947));
#7070=CARTESIAN_POINT('Ctrl Pts',(0.596680509092573,0.582768389362786,-0.236484623616274));
#7071=CARTESIAN_POINT('Ctrl Pts',(0.596680509092574,0.582072243509954,-0.0887192983872789));
#7072=CARTESIAN_POINT('Ctrl Pts',(0.596680509092574,0.533571212173017,0.00453381270055943));
#7073=CARTESIAN_POINT('Ctrl Pts',(0.596680509092573,0.488938055045983,0.0637650229088975));
#7074=CARTESIAN_POINT('Ctrl Pts',(0.596680509092573,0.48884821782982,0.0638841649634269));
#7075=CARTESIAN_POINT('',(0.596680509092573,0.475885788971698,0.0806900329535024));
#7076=CARTESIAN_POINT('Ctrl Pts',(0.596680509092574,0.475617240109384,0.0808970550026036));
#7077=CARTESIAN_POINT('Ctrl Pts',(0.596680509092574,0.480147853295733,0.0752445565232654));
#7078=CARTESIAN_POINT('Ctrl Pts',(0.596680509092574,0.48455487694198,0.0695779907075873));
#7079=CARTESIAN_POINT('Ctrl Pts',(0.596680509092574,0.48884821782982,0.0638841649634269));
#7080=CARTESIAN_POINT('',(0.62036054515331,0.364948922744743,0.105241426824142));
#7081=CARTESIAN_POINT('Ctrl Pts',(0.620360512545359,0.364949069289808,0.105241393445582));
#7082=CARTESIAN_POINT('Ctrl Pts',(0.618953630197121,0.371271811812982,0.103801262843199));
#7083=CARTESIAN_POINT('Ctrl Pts',(0.617480594044136,0.377940664880209,0.102287203907626));
#7084=CARTESIAN_POINT('Ctrl Pts',(0.609197228096758,0.415782206023988,0.093737766698334));
#7085=CARTESIAN_POINT('Ctrl Pts',(0.602930473327179,0.445576562573113,0.0871392198577205));
#7086=CARTESIAN_POINT('Ctrl Pts',(0.596680509092574,0.475885788971698,0.0806900329535023));
#7087=CARTESIAN_POINT('',(0.661563518776086,0.283457887016612,0.0241900523722549));
#7088=CARTESIAN_POINT('Ctrl Pts',(0.661563518776086,0.283457887016612,0.0241900523722549));
#7089=CARTESIAN_POINT('Ctrl Pts',(0.64782919423516,0.310621565592656,0.0512071771895505));
#7090=CARTESIAN_POINT('Ctrl Pts',(0.634094869694235,0.337785244168699,0.0782243020068461));
#7091=CARTESIAN_POINT('Ctrl Pts',(0.620360545153309,0.364948922744743,0.105241426824142));
#7092=CARTESIAN_POINT('',(0.671745752403503,0.283457886984263,-0.0399653163230882));
#7093=CARTESIAN_POINT('Ctrl Pts',(0.671745752392824,0.283457887016612,-0.0399653164085467));
#7094=CARTESIAN_POINT('Ctrl Pts',(0.668972108109749,0.283457887016612,-0.0181361153305885));
#7095=CARTESIAN_POINT('Ctrl Pts',(0.66546386550327,0.283457887016612,0.00340785431997798));
#7096=CARTESIAN_POINT('Ctrl Pts',(0.661563519292023,0.283457887016612,0.0241900496231902));
#7097=CARTESIAN_POINT('',(0.671745752392862,0.283457887016496,-0.322395163583812));
#7098=CARTESIAN_POINT('Ctrl Pts',(0.671706766517651,0.28350437456279,-0.0401074859862552));
#7099=CARTESIAN_POINT('Ctrl Pts',(0.670190484624358,0.292593070792392,-0.0521538299478658));
#7100=CARTESIAN_POINT('Ctrl Pts',(0.66313703495417,0.331020218766039,-0.107308091251599));
#7101=CARTESIAN_POINT('Ctrl Pts',(0.65770998812572,0.34794589764255,-0.157582217883894));
#7102=CARTESIAN_POINT('Ctrl Pts',(0.657900974327666,0.347791850364458,-0.195568467892813));
#7103=CARTESIAN_POINT('Ctrl Pts',(0.66058931009551,0.338540973087022,-0.232798638076775));
#7104=CARTESIAN_POINT('Ctrl Pts',(0.666052960293567,0.315628773209316,-0.277373267488723));
#7105=CARTESIAN_POINT('Ctrl Pts',(0.670249755393173,0.292529854229833,-0.310412124006375));
#7106=CARTESIAN_POINT('Ctrl Pts',(0.671745968303589,0.283462557695101,-0.322388012444851));
#7107=CARTESIAN_POINT('Ctrl Pts',(0.661563530117829,0.283457887016612,-0.386550471932146));
#7108=CARTESIAN_POINT('Ctrl Pts',(0.665470593803979,0.283457887016612,-0.365732478626309));
#7109=CARTESIAN_POINT('Ctrl Pts',(0.668976334327971,0.283457887016612,-0.344191103378489));
#7110=CARTESIAN_POINT('Ctrl Pts',(0.671745752392824,0.283457887016612,-0.322395163583505));
#7111=CARTESIAN_POINT('Ctrl Pts',(0.625486839443007,0.342719149494501,0.110269525278943));
#7112=CARTESIAN_POINT('Ctrl Pts',(0.636642315773423,0.327357111480405,0.110693632252447));
#7113=CARTESIAN_POINT('Ctrl Pts',(0.647745524624444,0.3119595773585,0.111056022966395));
#7114=CARTESIAN_POINT('Ctrl Pts',(0.658801023479009,0.296529642225541,0.111370495152403));
#7115=CARTESIAN_POINT('Ctrl Pts',(0.596399695376406,0.322965367342104,0.128437090304062));
#7116=CARTESIAN_POINT('Ctrl Pts',(0.607748024434564,0.307734300273887,0.129026556523863));
#7117=CARTESIAN_POINT('Ctrl Pts',(0.619023706930836,0.292453897170672,0.129530243323627));
#7118=CARTESIAN_POINT('Ctrl Pts',(0.630233077310084,0.277128459906981,0.12996732816849));
#7119=CARTESIAN_POINT('Ctrl Pts',(0.567312551309805,0.303211585189707,0.146604655329181));
#7120=CARTESIAN_POINT('Ctrl Pts',(0.578853733095705,0.288111489067369,0.147359480795279));
#7121=CARTESIAN_POINT('Ctrl Pts',(0.590301889237228,0.272948216982845,0.148004463680859));
#7122=CARTESIAN_POINT('Ctrl Pts',(0.601665131141159,0.257727277588421,0.148564161184576));
#7123=CARTESIAN_POINT('Ctrl Pts',(0.538225407243204,0.28345780303731,0.1647722203543));
#7124=CARTESIAN_POINT('Ctrl Pts',(0.549959441756847,0.268488677860851,0.165692405066695));
#7125=CARTESIAN_POINT('Ctrl Pts',(0.56158007154362,0.253442536795017,0.166478684038092));
#7126=CARTESIAN_POINT('Ctrl Pts',(0.573097184972234,0.238326095269861,0.167160994200662));
#7127=CARTESIAN_POINT('',(0.538225530901451,0.283457887016612,0.164772143118487));
#7128=CARTESIAN_POINT('',(0.625486839443007,0.342719149494501,0.110269525278943));
#7129=CARTESIAN_POINT('Ctrl Pts',(0.53822553090145,0.283457887016612,0.164772143118487));
#7130=CARTESIAN_POINT('Ctrl Pts',(0.567312633748636,0.303211641175909,0.146604603838639));
#7131=CARTESIAN_POINT('Ctrl Pts',(0.596399736595822,0.322965395335205,0.128437064558791));
#7132=CARTESIAN_POINT('Ctrl Pts',(0.625486839443007,0.342719149494501,0.110269525278943));
#7133=CARTESIAN_POINT('',(0.639553062352287,0.283457886880382,0.12390031154668));
#7134=CARTESIAN_POINT('Ctrl Pts',(0.639553062319574,0.283457887016612,0.123900311469552));
#7135=CARTESIAN_POINT('Ctrl Pts',(0.606064197867748,0.283457887016612,0.138104249763567));
#7136=CARTESIAN_POINT('Ctrl Pts',(0.572182206923684,0.283457887016613,0.151856432373437));
#7137=CARTESIAN_POINT('Ctrl Pts',(0.538225530905556,0.283457887016612,0.164772143116925));
#7138=CARTESIAN_POINT('Ctrl Pts',(0.63955306232298,0.283457886866663,0.123900311518191));
#7139=CARTESIAN_POINT('Ctrl Pts',(0.634987041843821,0.302545538853799,0.119461610748273));
#7140=CARTESIAN_POINT('Ctrl Pts',(0.6306223513046,0.320700619682174,0.11528124011293));
#7141=CARTESIAN_POINT('Ctrl Pts',(0.625486839443007,0.342719149494501,0.110269525278944));
#7142=CARTESIAN_POINT('Ctrl Pts',(0.596680509092573,0.528981612163229,0.0659699901665384));
#7143=CARTESIAN_POINT('Ctrl Pts',(0.627512680997073,0.488750913411287,0.0660645633246497));
#7144=CARTESIAN_POINT('Ctrl Pts',(0.660081594134342,0.443318138786794,0.0661499926455635));
#7145=CARTESIAN_POINT('Ctrl Pts',(0.696004666937766,0.390609509545052,0.0662247330673838));
#7146=CARTESIAN_POINT('Ctrl Pts',(0.542460618944087,0.487601724639733,0.0957955795175379));
#7147=CARTESIAN_POINT('Ctrl Pts',(0.573360518563846,0.44947204369484,0.097118717996775));
#7148=CARTESIAN_POINT('Ctrl Pts',(0.60640367312539,0.405777733327027,0.0983139283927649));
#7149=CARTESIAN_POINT('Ctrl Pts',(0.642954162853117,0.354581630755594,0.0993595943093942));
#7150=CARTESIAN_POINT('Ctrl Pts',(0.488240728795601,0.446221837116237,0.125621168868537));
#7151=CARTESIAN_POINT('Ctrl Pts',(0.519208356130619,0.410193173978393,0.1281728726689));
#7152=CARTESIAN_POINT('Ctrl Pts',(0.552725752116437,0.36823732786726,0.130477864139966));
#7153=CARTESIAN_POINT('Ctrl Pts',(0.589903658768468,0.318553751966137,0.132494455551405));
#7154=CARTESIAN_POINT('Ctrl Pts',(0.434020838647114,0.404841949592741,0.155446758219537));
#7155=CARTESIAN_POINT('Ctrl Pts',(0.465056193697391,0.370914304261947,0.159227027341026));
#7156=CARTESIAN_POINT('Ctrl Pts',(0.499047831107484,0.330696922407493,0.162641799887168));
#7157=CARTESIAN_POINT('Ctrl Pts',(0.53685315468382,0.282525873176679,0.165629316793415));
#7158=CARTESIAN_POINT('Ctrl Pts',(0.625486741525067,0.342719568905473,0.11026943022694));
#7159=CARTESIAN_POINT('Ctrl Pts',(0.623859306008503,0.349690349148126,0.108689627505118));
#7160=CARTESIAN_POINT('Ctrl Pts',(0.622156437141723,0.357049745489829,0.107025447858649));
#7161=CARTESIAN_POINT('Ctrl Pts',(0.620359251924002,0.364951785532172,0.105241240706014));
#7162=CARTESIAN_POINT('',(0.596680509092573,0.528981612163229,0.0659699901665385));
#7163=CARTESIAN_POINT('Ctrl Pts',(0.596680509092573,0.475885788971723,0.0806900329534951));
#7164=CARTESIAN_POINT('Ctrl Pts',(0.596680509092573,0.498271041297209,0.0742700242359149));
#7165=CARTESIAN_POINT('Ctrl Pts',(0.596680509092573,0.516054337293253,0.0694277804199803));
#7166=CARTESIAN_POINT('Ctrl Pts',(0.596680509092573,0.528981612163229,0.0659699901665384));
#7167=CARTESIAN_POINT('',(0.434020838647114,0.404841949592741,0.155446758219537));
#7168=CARTESIAN_POINT('Ctrl Pts',(0.434020838647114,0.404841949592741,0.155446758219537));
#7169=CARTESIAN_POINT('Ctrl Pts',(0.488240728795601,0.446221837116237,0.125621168868537));
#7170=CARTESIAN_POINT('Ctrl Pts',(0.542460618944087,0.487601724639733,0.0957955795175379));
#7171=CARTESIAN_POINT('Ctrl Pts',(0.596680509092573,0.528981612163229,0.0659699901665384));
#7172=CARTESIAN_POINT('',(0.536121392127798,0.283457886985473,0.165571400190958));
#7173=CARTESIAN_POINT('Ctrl Pts',(0.434020838647114,0.404841949592741,0.155446758219537));
#7174=CARTESIAN_POINT('Ctrl Pts',(0.464855820008499,0.371133351456327,0.159202620774139));
#7175=CARTESIAN_POINT('Ctrl Pts',(0.498609033643346,0.331215971518684,0.162597691032135));
#7176=CARTESIAN_POINT('Ctrl Pts',(0.536121383368007,0.283457899828291,0.165571398428424));
#7177=CARTESIAN_POINT('Ctrl Pts',(0.53822553090413,0.283457887018432,0.164772143116813));
#7178=CARTESIAN_POINT('Ctrl Pts',(0.537524182060016,0.283457887016611,0.165038919684546));
#7179=CARTESIAN_POINT('Ctrl Pts',(0.536822798524054,0.283457891341869,0.165305339085472));
#7180=CARTESIAN_POINT('Ctrl Pts',(0.536121383334178,0.283457899871359,0.165571398425743));
#7181=CARTESIAN_POINT('Ctrl Pts',(0.534172226502313,0.576981995204784,0.063674060003974));
#7182=CARTESIAN_POINT('Ctrl Pts',(0.547820724306034,0.573284488795077,0.063674060003974));
#7183=CARTESIAN_POINT('Ctrl Pts',(0.561469222109756,0.56958698238537,0.063674060003974));
#7184=CARTESIAN_POINT('Ctrl Pts',(0.575117719913477,0.565889475975663,0.063674060003974));
#7185=CARTESIAN_POINT('Ctrl Pts',(0.532206112357421,0.569724535280448,0.069436130357643));
#7186=CARTESIAN_POINT('Ctrl Pts',(0.545863677937605,0.566060500490104,0.0694454691129729));
#7187=CARTESIAN_POINT('Ctrl Pts',(0.559519526185469,0.562390126560943,0.0694527199805117));
#7188=CARTESIAN_POINT('Ctrl Pts',(0.573173907007254,0.558714335964603,0.0694584237246438));
#7189=CARTESIAN_POINT('Ctrl Pts',(0.530239998212529,0.562467075356112,0.075198200711312));
#7190=CARTESIAN_POINT('Ctrl Pts',(0.543906631569176,0.558836512185131,0.0752168782219718));
#7191=CARTESIAN_POINT('Ctrl Pts',(0.557569830261182,0.555193270736517,0.0752313799570494));
#7192=CARTESIAN_POINT('Ctrl Pts',(0.57123009410103,0.551539195953542,0.0752427874453135));
#7193=CARTESIAN_POINT('Ctrl Pts',(0.528273884067637,0.555209615431776,0.080960271064981));
#7194=CARTESIAN_POINT('Ctrl Pts',(0.541949585200747,0.551612523880157,0.0809882873309707));
#7195=CARTESIAN_POINT('Ctrl Pts',(0.555620134336895,0.54799641491209,0.081010039933587));
#7196=CARTESIAN_POINT('Ctrl Pts',(0.569286281194806,0.544364055942481,0.0810271511659833));
#7197=CARTESIAN_POINT('',(0.528273884102884,0.555209615561883,0.0809602709616822));
#7198=CARTESIAN_POINT('Ctrl Pts',(0.528273884102884,0.555209615561883,0.0809602709616822));
#7199=CARTESIAN_POINT('Ctrl Pts',(0.530239998236027,0.56246707544285,0.0751982006424462));
#7200=CARTESIAN_POINT('Ctrl Pts',(0.53220611236917,0.569724535323817,0.0694361303232101));
#7201=CARTESIAN_POINT('Ctrl Pts',(0.534172226502313,0.576981995204784,0.063674060003974));
#7202=CARTESIAN_POINT('Ctrl Pts',(0.528273884103067,0.555209615561922,0.080960270961618));
#7203=CARTESIAN_POINT('Ctrl Pts',(0.543156375082809,0.5583712190941,0.0757427009378009));
#7204=CARTESIAN_POINT('Ctrl Pts',(0.55881041822107,0.561911240649004,0.069979875024286));
#7205=CARTESIAN_POINT('Ctrl Pts',(0.575117719913477,0.565889475975664,0.063674060003974));
#7206=CARTESIAN_POINT('Ctrl Pts',(-0.0658112083171656,0.576981995204784,
0.063674060003974));
#7207=CARTESIAN_POINT('Ctrl Pts',(-0.0261628592064009,0.587723105844182,
0.063674060003974));
#7208=CARTESIAN_POINT('Ctrl Pts',(0.073324958876737,0.611649579517365,0.063674060003974));
#7209=CARTESIAN_POINT('Ctrl Pts',(0.19869842501915,0.627975418159464,0.063674060003974));
#7210=CARTESIAN_POINT('Ctrl Pts',(0.317969178559515,0.622801134745133,0.063674060003974));
#7211=CARTESIAN_POINT('Ctrl Pts',(0.427694755146715,0.603794876911219,0.063674060003974));
#7212=CARTESIAN_POINT('Ctrl Pts',(0.494523877391548,0.587723105844182,0.063674060003974));
#7213=CARTESIAN_POINT('Ctrl Pts',(0.534172226502313,0.576981995204784,0.063674060003974));
#7214=CARTESIAN_POINT('Ctrl Pts',(-0.0520829341335743,0.526307216237061,
0.103907370916174));
#7215=CARTESIAN_POINT('Ctrl Pts',(-0.0130848573342414,0.536188773069316,
0.103729738635393));
#7216=CARTESIAN_POINT('Ctrl Pts',(0.0838976510073526,0.557683344221186,
0.103205706258832));
#7217=CARTESIAN_POINT('Ctrl Pts',(0.201556240015704,0.571343137628903,0.102664112279768));
#7218=CARTESIAN_POINT('Ctrl Pts',(0.311705783933636,0.567122278184585,0.102853064731693));
#7219=CARTESIAN_POINT('Ctrl Pts',(0.416336578841378,0.550645857343546,0.103383353199754));
#7220=CARTESIAN_POINT('Ctrl Pts',(0.481445875519388,0.536188773069316,0.103729738635393));
#7221=CARTESIAN_POINT('Ctrl Pts',(0.520443952318721,0.526307216237061,0.103907370916174));
#7222=CARTESIAN_POINT('Ctrl Pts',(-0.038354659949983,0.475632437269338,
0.144140681828374));
#7223=CARTESIAN_POINT('Ctrl Pts',(-6.85546208174431E-6,0.48465444029445,
0.143785417266811));
#7224=CARTESIAN_POINT('Ctrl Pts',(0.0944703431379679,0.503717108925007,
0.142737352513689));
#7225=CARTESIAN_POINT('Ctrl Pts',(0.204414055012258,0.514710857098342,0.141654164555563));
#7226=CARTESIAN_POINT('Ctrl Pts',(0.305442389307757,0.511443421624037,0.142032069459413));
#7227=CARTESIAN_POINT('Ctrl Pts',(0.404978402536042,0.497496837775873,0.143092646395535));
#7228=CARTESIAN_POINT('Ctrl Pts',(0.468367873647229,0.48465444029445,0.143785417266811));
#7229=CARTESIAN_POINT('Ctrl Pts',(0.50671567813513,0.475632437269338,0.144140681828374));
#7230=CARTESIAN_POINT('Ctrl Pts',(-0.0246263857663917,0.424957658301615,
0.184373992740574));
#7231=CARTESIAN_POINT('Ctrl Pts',(0.0130711464100778,0.433120107519584,
0.18384109589823));
#7232=CARTESIAN_POINT('Ctrl Pts',(0.105043035268583,0.449750873628828,0.182268998768547));
#7233=CARTESIAN_POINT('Ctrl Pts',(0.207271870008813,0.458078576567781,0.180644216831357));
#7234=CARTESIAN_POINT('Ctrl Pts',(0.299178994681878,0.455764565063488,0.181211074187132));
#7235=CARTESIAN_POINT('Ctrl Pts',(0.393620226230705,0.444347818208199,0.182801939591315));
#7236=CARTESIAN_POINT('Ctrl Pts',(0.455289871775069,0.433120107519584,0.18384109589823));
#7237=CARTESIAN_POINT('Ctrl Pts',(0.492987403951539,0.424957658301615,0.184373992740574));
#7238=CARTESIAN_POINT('Ctrl Pts',(-0.0599128659177426,0.555209615561903,
0.080960270961666));
#7239=CARTESIAN_POINT('Ctrl Pts',(-0.0618789800508836,0.562467075442864,
0.0751982006424353));
#7240=CARTESIAN_POINT('Ctrl Pts',(-0.0638450941840246,0.569724535323824,
0.0694361303232047));
#7241=CARTESIAN_POINT('Ctrl Pts',(-0.0658112083171656,0.576981995204784,
0.063674060003974));
#7242=CARTESIAN_POINT('',(0.219602417144446,0.456331014867173,0.181026509299389));
#7243=CARTESIAN_POINT('Ctrl Pts',(0.147365652677952,0.521338588161844,0.132960129928695));
#7244=CARTESIAN_POINT('Ctrl Pts',(0.150358297491499,0.516070140402473,0.136863235357916));
#7245=CARTESIAN_POINT('Ctrl Pts',(0.153451242495974,0.51111027175398,0.140540297334263));
#7246=CARTESIAN_POINT('Ctrl Pts',(0.167554965000859,0.490448076759775,0.155858320174017));
#7247=CARTESIAN_POINT('Ctrl Pts',(0.179703160707654,0.477724683396948,0.165278965157418));
#7248=CARTESIAN_POINT('Ctrl Pts',(0.197457140270305,0.465402956936918,0.17436219542053));
#7249=CARTESIAN_POINT('Ctrl Pts',(0.202960714512611,0.462257603583626,0.176675814949528));
#7250=CARTESIAN_POINT('Ctrl Pts',(0.212317376823758,0.458392486484508,0.179514604997415));
#7251=CARTESIAN_POINT('Ctrl Pts',(0.215895315415667,0.457208855197139,0.180382882829581));
#7252=CARTESIAN_POINT('Ctrl Pts',(0.219602417144451,0.456331014867173,0.18102650929939));
#7253=CARTESIAN_POINT('',(0.248758601040699,0.456331014867173,0.181026509299389));
#7254=CARTESIAN_POINT('Ctrl Pts',(0.219527786855774,0.456296675113674,0.181024064315551));
#7255=CARTESIAN_POINT('Ctrl Pts',(0.229248734618637,0.456463613606244,0.180997741594787));
#7256=CARTESIAN_POINT('Ctrl Pts',(0.23890914076474,0.456486173162079,0.180998961221046));
#7257=CARTESIAN_POINT('Ctrl Pts',(0.24865497247671,0.456347228195284,0.181026766877733));
#7258=CARTESIAN_POINT('',(0.32099536550722,0.521338588161888,0.132960129928662));
#7259=CARTESIAN_POINT('Ctrl Pts',(0.248758601040697,0.456331014867173,0.18102650929939));
#7260=CARTESIAN_POINT('Ctrl Pts',(0.254376504980669,0.457661332460049,0.180051129624066));
#7261=CARTESIAN_POINT('Ctrl Pts',(0.259692021893606,0.459692547204019,0.178560770788694));
#7262=CARTESIAN_POINT('Ctrl Pts',(0.271895596272379,0.465791371763667,0.174076602906907));
#7263=CARTESIAN_POINT('Ctrl Pts',(0.278481000988594,0.470400810489936,0.170680227713441));
#7264=CARTESIAN_POINT('Ctrl Pts',(0.294698481554405,0.484140402650099,0.160531884642532));
#7265=CARTESIAN_POINT('Ctrl Pts',(0.303560737540317,0.49466320050327,0.152733403488112));
#7266=CARTESIAN_POINT('Ctrl Pts',(0.314372773314166,0.510253087620002,0.141175781326273));
#7267=CARTESIAN_POINT('Ctrl Pts',(0.317742421411297,0.515611892512622,0.137202726211484));
#7268=CARTESIAN_POINT('Ctrl Pts',(0.32099536550722,0.521338588161888,0.132960129928662));
#7269=CARTESIAN_POINT('Ctrl Pts',(0.320995365496599,0.521338588161181,0.132960129929831));
#7270=CARTESIAN_POINT('Ctrl Pts',(0.359801357590325,0.523922877975372,0.128691829219932));
#7271=CARTESIAN_POINT('Ctrl Pts',(0.405669886993712,0.531164782448178,0.118931273229549));
#7272=CARTESIAN_POINT('Ctrl Pts',(0.477251631976153,0.544686971323886,0.0980466528643723));
#7273=CARTESIAN_POINT('Ctrl Pts',(0.501456900606418,0.549533735211546,0.0903562741643715));
#7274=CARTESIAN_POINT('Ctrl Pts',(0.528273884103067,0.555209615561922,0.0809602709616181));
#7275=CARTESIAN_POINT('Ctrl Pts',(-0.151999526968163,0.364948922744743,
0.105241426824142));
#7276=CARTESIAN_POINT('Ctrl Pts',(-0.15263679137954,0.348702513817022,0.122319423726411));
#7277=CARTESIAN_POINT('Ctrl Pts',(-0.153098840409253,0.332377158200877,
0.139318899874245));
#7278=CARTESIAN_POINT('Ctrl Pts',(-0.153428073853378,0.315971803338294,
0.156238808388399));
#7279=CARTESIAN_POINT('Ctrl Pts',(-0.165733851509088,0.337785244168699,
0.078224302006846));
#7280=CARTESIAN_POINT('Ctrl Pts',(-0.166740726685491,0.321754433889425,
0.095516734357511));
#7281=CARTESIAN_POINT('Ctrl Pts',(-0.167470762271966,0.305598888163742,
0.112685104235734));
#7282=CARTESIAN_POINT('Ctrl Pts',(-0.167990949773751,0.289316943954271,
0.129727757576573));
#7283=CARTESIAN_POINT('Ctrl Pts',(-0.179468176050013,0.310621565592656,
0.0512071771895504));
#7284=CARTESIAN_POINT('Ctrl Pts',(-0.180844661991443,0.294806353961827,
0.0687140449886105));
#7285=CARTESIAN_POINT('Ctrl Pts',(-0.181842684134678,0.278820618126606,
0.0860513085972237));
#7286=CARTESIAN_POINT('Ctrl Pts',(-0.182553825694123,0.262662084570249,
0.103216706764747));
#7287=CARTESIAN_POINT('Ctrl Pts',(-0.193202500590939,0.283457887016612,
0.0241900523722548));
#7288=CARTESIAN_POINT('Ctrl Pts',(-0.194948597297394,0.26785827403423,0.04191135561971));
#7289=CARTESIAN_POINT('Ctrl Pts',(-0.19621460599739,0.252042348089471,0.0594175129587133));
#7290=CARTESIAN_POINT('Ctrl Pts',(-0.197116701614495,0.236007225186227,
0.0767056559529215));
#7291=CARTESIAN_POINT('',(-0.193202500590939,0.283457887016612,0.0241900523722549));
#7292=CARTESIAN_POINT('Ctrl Pts',(-0.193202500590939,0.283457887016612,
0.0241900523722548));
#7293=CARTESIAN_POINT('Ctrl Pts',(-0.179468176050013,0.310621565592656,
0.0512071771895504));
#7294=CARTESIAN_POINT('Ctrl Pts',(-0.165733851509088,0.337785244168699,
0.078224302006846));
#7295=CARTESIAN_POINT('Ctrl Pts',(-0.151999526968163,0.364948922744743,
0.105241426824142));
#7296=CARTESIAN_POINT('',(-0.171192044101964,0.283457887016613,0.123900311483319));
#7297=CARTESIAN_POINT('Ctrl Pts',(-0.171192044101964,0.283457887016612,
0.123900311483319));
#7298=CARTESIAN_POINT('Ctrl Pts',(-0.178550522302288,0.283457887016612,
0.0944998908146455));
#7299=CARTESIAN_POINT('Ctrl Pts',(-0.186503678375898,0.283457887016612,
0.0604442410685788));
#7300=CARTESIAN_POINT('Ctrl Pts',(-0.193202500590939,0.283457887016612,
0.0241900523722549));
#7301=CARTESIAN_POINT('Ctrl Pts',(-0.171192044101964,0.283457887016613,
0.123900311483319));
#7302=CARTESIAN_POINT('Ctrl Pts',(-0.168597475838312,0.294304140619531,
0.121378090612591));
#7303=CARTESIAN_POINT('Ctrl Pts',(-0.163537003187078,0.315231178627084,
0.11652615878384));
#7304=CARTESIAN_POINT('Ctrl Pts',(-0.157125821257863,0.342719149494493,
0.110269525278944));
#7305=CARTESIAN_POINT('Ctrl Pts',(-0.128319490907426,0.411783188821999,
-0.514183474453263));
#7306=CARTESIAN_POINT('Ctrl Pts',(-0.128319490907426,0.471300498916127,
-0.454343312778941));
#7307=CARTESIAN_POINT('Ctrl Pts',(-0.128319490907427,0.537619638629324,
-0.369556913057909));
#7308=CARTESIAN_POINT('Ctrl Pts',(-0.128319490907426,0.582776742263049,
-0.236359136195894));
#7309=CARTESIAN_POINT('Ctrl Pts',(-0.128319490907426,0.582561719419565,
-0.126011428097926));
#7310=CARTESIAN_POINT('Ctrl Pts',(-0.128319490907426,0.549021548369579,
-0.0261077319304173));
#7311=CARTESIAN_POINT('Ctrl Pts',(-0.128319490907426,0.492864627062563,
0.0637674270114325));
#7312=CARTESIAN_POINT('Ctrl Pts',(-0.128319490907426,0.441541835834174,
0.121902922367559));
#7313=CARTESIAN_POINT('Ctrl Pts',(-0.128319490907426,0.411783179959668,
0.151823003371616));
#7314=CARTESIAN_POINT('Ctrl Pts',(-0.15479150953266,0.359426961055127,-0.462109720703748));
#7315=CARTESIAN_POINT('Ctrl Pts',(-0.15273989999367,0.413861031777647,-0.404986877677783));
#7316=CARTESIAN_POINT('Ctrl Pts',(-0.149935798984935,0.470229288852031,
-0.32808520164984));
#7317=CARTESIAN_POINT('Ctrl Pts',(-0.14871572694267,0.504443865990441,-0.222787634971411));
#7318=CARTESIAN_POINT('Ctrl Pts',(-0.148711318265171,0.504321715591086,
-0.139553899136709));
#7319=CARTESIAN_POINT('Ctrl Pts',(-0.149631678365304,0.478850436398653,
-0.0606226589123952));
#7320=CARTESIAN_POINT('Ctrl Pts',(-0.151790628574463,0.432321306898621,
0.0170495454717231));
#7321=CARTESIAN_POINT('Ctrl Pts',(-0.153765705060643,0.386643989191252,
0.0711878274085408));
#7322=CARTESIAN_POINT('Ctrl Pts',(-0.154791509838152,0.359426952949707,
0.0997492492174831));
#7323=CARTESIAN_POINT('Ctrl Pts',(-0.181263528157894,0.307070733288254,
-0.410035966954234));
#7324=CARTESIAN_POINT('Ctrl Pts',(-0.177160309079914,0.356421564639167,
-0.355630442576624));
#7325=CARTESIAN_POINT('Ctrl Pts',(-0.171552107062443,0.402838939074738,
-0.286613490241771));
#7326=CARTESIAN_POINT('Ctrl Pts',(-0.169111962977913,0.426110989717833,
-0.209216133746928));
#7327=CARTESIAN_POINT('Ctrl Pts',(-0.169103145622916,0.426081711762607,
-0.153096370175492));
#7328=CARTESIAN_POINT('Ctrl Pts',(-0.170943865823182,0.408679324427726,
-0.0951375858943729));
#7329=CARTESIAN_POINT('Ctrl Pts',(-0.1752617662415,0.371777986734678,-0.0296683360679864));
#7330=CARTESIAN_POINT('Ctrl Pts',(-0.179211919213859,0.33174614254833,0.0204727324495225));
#7331=CARTESIAN_POINT('Ctrl Pts',(-0.181263528768877,0.307070725939746,
0.0476754950633506));
#7332=CARTESIAN_POINT('Ctrl Pts',(-0.207735546783127,0.254714505521382,
-0.357962213204719));
#7333=CARTESIAN_POINT('Ctrl Pts',(-0.201580718166157,0.298982097500686,
-0.306274007475466));
#7334=CARTESIAN_POINT('Ctrl Pts',(-0.193168415139951,0.335448589297445,
-0.245141778833702));
#7335=CARTESIAN_POINT('Ctrl Pts',(-0.189508199013157,0.347778113445225,
-0.195644632522445));
#7336=CARTESIAN_POINT('Ctrl Pts',(-0.189494972980661,0.347841707934127,
-0.166638841214276));
#7337=CARTESIAN_POINT('Ctrl Pts',(-0.192256053281059,0.3385082124568,-0.129652512876351));
#7338=CARTESIAN_POINT('Ctrl Pts',(-0.198732903908536,0.311234666570735,
-0.0763862176076958));
#7339=CARTESIAN_POINT('Ctrl Pts',(-0.204658133367076,0.276848295905408,
-0.0302423625094958));
#7340=CARTESIAN_POINT('Ctrl Pts',(-0.207735547699602,0.254714498929786,
-0.00439825909078185));
#7341=CARTESIAN_POINT('',(-0.128319490907426,0.489126844216116,0.0636740599927427));
#7342=CARTESIAN_POINT('Ctrl Pts',(-0.128319490907426,0.475891599500467,
0.0806955952040734));
#7343=CARTESIAN_POINT('Ctrl Pts',(-0.128319490907426,0.480434618212878,
0.0750335552840606));
#7344=CARTESIAN_POINT('Ctrl Pts',(-0.128319490907426,0.484844216029716,
0.0693644598076604));
#7345=CARTESIAN_POINT('Ctrl Pts',(-0.128319490907426,0.489124870221949,
0.0636790284479674));
#7346=CARTESIAN_POINT('',(-0.128319490907426,0.489126850169064,-0.426034532070276));
#7347=CARTESIAN_POINT('Ctrl Pts',(-0.128319490907426,0.489124870221949,
0.0636790284479674));
#7348=CARTESIAN_POINT('Ctrl Pts',(-0.128319490907426,0.489214441971789,
0.0635600620440914));
#7349=CARTESIAN_POINT('Ctrl Pts',(-0.128319490907426,0.511508136009007,
0.0339298167792975));
#7350=CARTESIAN_POINT('Ctrl Pts',(-0.128319490907426,0.549021548369579,
-0.0261077319304173));
#7351=CARTESIAN_POINT('Ctrl Pts',(-0.128319490907426,0.582561719419565,
-0.126011428097926));
#7352=CARTESIAN_POINT('Ctrl Pts',(-0.128319490907426,0.582776742263049,
-0.236359136195894));
#7353=CARTESIAN_POINT('Ctrl Pts',(-0.128319490907427,0.548863402144427,
-0.336391714600505));
#7354=CARTESIAN_POINT('Ctrl Pts',(-0.128319490907426,0.511758328876007,
-0.396381329832265));
#7355=CARTESIAN_POINT('Ctrl Pts',(-0.128319490907426,0.489422081438943,
-0.426013074777676));
#7356=CARTESIAN_POINT('Ctrl Pts',(-0.128319490907426,0.476149077537758,
-0.443033455418167));
#7357=CARTESIAN_POINT('Ctrl Pts',(-0.128319490907427,0.480711887597855,
-0.437369606836158));
#7358=CARTESIAN_POINT('Ctrl Pts',(-0.128319490907427,0.485135959485254,
-0.431699136095474));
#7359=CARTESIAN_POINT('Ctrl Pts',(-0.128319490907427,0.489422081438943,
-0.426013074777677));
#7360=CARTESIAN_POINT('',(-0.193202503385082,0.283457887016612,-0.386550517476289));
#7361=CARTESIAN_POINT('Ctrl Pts',(-0.193202503385082,0.283457887016612,
-0.386550517476289));
#7362=CARTESIAN_POINT('Ctrl Pts',(-0.179468177634993,0.31062156869031,-0.413567644774015));
#7363=CARTESIAN_POINT('Ctrl Pts',(-0.165733851884905,0.337785250364008,
-0.440584772071741));
#7364=CARTESIAN_POINT('Ctrl Pts',(-0.151999526134817,0.364948932037705,
-0.467601899369467));
#7365=CARTESIAN_POINT('',(-0.203384734207715,0.283457887016496,-0.322395163583813));
#7366=CARTESIAN_POINT('Ctrl Pts',(-0.203384734207676,0.283457887016612,
-0.322395163583505));
#7367=CARTESIAN_POINT('Ctrl Pts',(-0.200611090588838,0.283457887016612,
-0.344224359433778));
#7368=CARTESIAN_POINT('Ctrl Pts',(-0.197102848996349,0.283457887016612,
-0.365768324000615));
#7369=CARTESIAN_POINT('Ctrl Pts',(-0.193202503901033,0.283457887016612,
-0.386550514727147));
#7370=CARTESIAN_POINT('',(-0.203384734218356,0.283457886984263,-0.0399653163230881));
#7371=CARTESIAN_POINT('Ctrl Pts',(-0.203393946257518,0.283440834758107,
-0.322376408028895));
#7372=CARTESIAN_POINT('Ctrl Pts',(-0.199015481183875,0.310033186074302,
-0.287186017801266));
#7373=CARTESIAN_POINT('Ctrl Pts',(-0.192725826618612,0.336939459145659,
-0.239156648984112));
#7374=CARTESIAN_POINT('Ctrl Pts',(-0.189508199013157,0.347778113445225,
-0.195644632522445));
#7375=CARTESIAN_POINT('Ctrl Pts',(-0.189494972980661,0.347841707934127,
-0.166638841214276));
#7376=CARTESIAN_POINT('Ctrl Pts',(-0.192256053281059,0.3385082124568,-0.129652512876351));
#7377=CARTESIAN_POINT('Ctrl Pts',(-0.197688674014184,0.315631842540549,
-0.0849740731998805));
#7378=CARTESIAN_POINT('Ctrl Pts',(-0.201886254145232,0.29253242139146,-0.0519391100842225));
#7379=CARTESIAN_POINT('Ctrl Pts',(-0.203383191367002,0.283464401654139,
-0.0399659981870311));
#7380=CARTESIAN_POINT('Ctrl Pts',(-0.193202509138531,0.283457887016612,
0.0241900068281591));
#7381=CARTESIAN_POINT('Ctrl Pts',(-0.197109573943866,0.283457887016612,
0.00337200893065832));
#7382=CARTESIAN_POINT('Ctrl Pts',(-0.200615315479884,0.283457887016612,
-0.0181693713960719));
#7383=CARTESIAN_POINT('Ctrl Pts',(-0.203384734207676,0.283457887016612,
-0.0399653164085469));
#7384=CARTESIAN_POINT('Ctrl Pts',(-0.0658112164039492,0.576981994980739,
-0.426034532070566));
#7385=CARTESIAN_POINT('Ctrl Pts',(-0.0794597143223374,0.573284488439548,
-0.426034532070566));
#7386=CARTESIAN_POINT('Ctrl Pts',(-0.0931082122407257,0.569586981898356,
-0.426034532070566));
#7387=CARTESIAN_POINT('Ctrl Pts',(-0.106756710159114,0.565889475357164,
-0.426034532070566));
#7388=CARTESIAN_POINT('Ctrl Pts',(-0.063845102085892,0.569724534614309,
-0.431796602822862));
#7389=CARTESIAN_POINT('Ctrl Pts',(-0.0775026677817404,0.566060499695252,
-0.431805941578753));
#7390=CARTESIAN_POINT('Ctrl Pts',(-0.0911585161451257,0.562390125637026,
-0.431813192446762));
#7391=CARTESIAN_POINT('Ctrl Pts',(-0.10481289708232,0.558714334911354,-0.431818896191315));
#7392=CARTESIAN_POINT('Ctrl Pts',(-0.0618789877678347,0.562467074247878,
-0.437558673575158));
#7393=CARTESIAN_POINT('Ctrl Pts',(-0.0755456212411433,0.558836510950957,
-0.437577351086939));
#7394=CARTESIAN_POINT('Ctrl Pts',(-0.0892088200495258,0.555193269375695,
-0.437591852822958));
#7395=CARTESIAN_POINT('Ctrl Pts',(-0.102869084005527,0.551539194465544,
-0.437603260312063));
#7396=CARTESIAN_POINT('Ctrl Pts',(-0.0599128734497775,0.555209613881447,
-0.443320744327453));
#7397=CARTESIAN_POINT('Ctrl Pts',(-0.0735885747005462,0.551612522206661,
-0.443348760595125));
#7398=CARTESIAN_POINT('Ctrl Pts',(-0.0872591239539259,0.547996413114365,
-0.443370513199154));
#7399=CARTESIAN_POINT('Ctrl Pts',(-0.100925270928733,0.544364054019735,
-0.443387624432812));
#7400=CARTESIAN_POINT('',(-0.0599128734850248,0.555209614011554,-0.443320744224155));
#7401=CARTESIAN_POINT('Ctrl Pts',(-0.0599128734850247,0.555209614011554,
-0.443320744224155));
#7402=CARTESIAN_POINT('Ctrl Pts',(-0.0618789877913329,0.562467074334616,
-0.437558673506292));
#7403=CARTESIAN_POINT('Ctrl Pts',(-0.0638451020976411,0.569724534657678,
-0.431796602788429));
#7404=CARTESIAN_POINT('Ctrl Pts',(-0.0658112164039492,0.576981994980739,
-0.426034532070566));
#7405=CARTESIAN_POINT('Ctrl Pts',(-0.0599128734852076,0.555209614011593,
-0.443320744224091));
#7406=CARTESIAN_POINT('Ctrl Pts',(-0.0747953646794293,0.558371217859506,
-0.438103173826639));
#7407=CARTESIAN_POINT('Ctrl Pts',(-0.0904494081089688,0.561911239722419,
-0.432340347515815));
#7408=CARTESIAN_POINT('Ctrl Pts',(-0.106756710159114,0.565889475357164,
-0.426034532070566));
#7409=CARTESIAN_POINT('Ctrl Pts',(0.534172234589096,0.576981994980739,-0.426034532070566));
#7410=CARTESIAN_POINT('Ctrl Pts',(0.494523883255904,0.587723106513931,-0.426034532070566));
#7411=CARTESIAN_POINT('Ctrl Pts',(0.427776457951236,0.603778630310453,-0.426034532070566));
#7412=CARTESIAN_POINT('Ctrl Pts',(0.345262630591034,0.618074894324449,-0.426034532070566));
#7413=CARTESIAN_POINT('Ctrl Pts',(0.245467645948516,0.627039119280822,-0.426034532070566));
#7414=CARTESIAN_POINT('Ctrl Pts',(0.150540544965317,0.622761943458672,-0.426034532070566));
#7415=CARTESIAN_POINT('Ctrl Pts',(0.0406059406902458,0.60381280186742,-0.426034532070566));
#7416=CARTESIAN_POINT('Ctrl Pts',(-0.0261628650707566,0.587723106513931,
-0.426034532070566));
#7417=CARTESIAN_POINT('Ctrl Pts',(-0.0658112164039491,0.576981994980739,
-0.426034532070566));
#7418=CARTESIAN_POINT('Ctrl Pts',(0.52044396012325,0.526307216347414,-0.46626784304981));
#7419=CARTESIAN_POINT('Ctrl Pts',(0.481445881072354,0.536188774027755,-0.466090210761048));
#7420=CARTESIAN_POINT('Ctrl Pts',(0.416409867628234,0.550619482311003,-0.465743086779353));
#7421=CARTESIAN_POINT('Ctrl Pts',(0.337740091696039,0.56304338541494,-0.465347239007898));
#7422=CARTESIAN_POINT('Ctrl Pts',(0.244466504677876,0.570597240240389,-0.465064568415525));
#7423=CARTESIAN_POINT('Ctrl Pts',(0.156789665770524,0.567083875785383,-0.465212679539561));
#7424=CARTESIAN_POINT('Ctrl Pts',(0.0519699464437685,0.550663709903513,
-0.465744215449005));
#7425=CARTESIAN_POINT('Ctrl Pts',(-0.0130848628872072,0.536188774027755,
-0.466090210761048));
#7426=CARTESIAN_POINT('Ctrl Pts',(-0.052082941938103,0.526307216347414,
-0.46626784304981));
#7427=CARTESIAN_POINT('Ctrl Pts',(0.506715685657404,0.475632437714089,-0.506501154029054));
#7428=CARTESIAN_POINT('Ctrl Pts',(0.468367878888805,0.484654441541579,-0.506145889451529));
#7429=CARTESIAN_POINT('Ctrl Pts',(0.405043277305232,0.497460334311553,-0.505451641488141));
#7430=CARTESIAN_POINT('Ctrl Pts',(0.330217552801045,0.508011876505431,-0.504659945945229));
#7431=CARTESIAN_POINT('Ctrl Pts',(0.243465363407237,0.514155361199955,-0.504094604760483));
#7432=CARTESIAN_POINT('Ctrl Pts',(0.163038786575731,0.511405808112094,-0.504390827008555));
#7433=CARTESIAN_POINT('Ctrl Pts',(0.0633339521972912,0.497514617939607,
-0.505453898827443));
#7434=CARTESIAN_POINT('Ctrl Pts',(-6.8607036576239E-6,0.484654441541579,
-0.506145889451529));
#7435=CARTESIAN_POINT('Ctrl Pts',(-0.0383546674722569,0.475632437714089,
-0.506501154029054));
#7436=CARTESIAN_POINT('Ctrl Pts',(0.492987411191558,0.424957659080764,-0.546734465008298));
#7437=CARTESIAN_POINT('Ctrl Pts',(0.455289876705255,0.433120109055403,-0.54620156814201));
#7438=CARTESIAN_POINT('Ctrl Pts',(0.39367668698223,0.444301186312103,-0.545160196196928));
#7439=CARTESIAN_POINT('Ctrl Pts',(0.32269501390605,0.452980367595922,-0.54397265288256));
#7440=CARTESIAN_POINT('Ctrl Pts',(0.242464222136597,0.457713482159522,-0.543124641105441));
#7441=CARTESIAN_POINT('Ctrl Pts',(0.169287907380939,0.455727740438805,-0.54356897447755));
#7442=CARTESIAN_POINT('Ctrl Pts',(0.0746979579508138,0.4443655259757,-0.545163582205881));
#7443=CARTESIAN_POINT('Ctrl Pts',(0.0130711414798919,0.433120109055403,
-0.54620156814201));
#7444=CARTESIAN_POINT('Ctrl Pts',(-0.0246263930064108,0.424957659080764,
-0.546734465008298));
#7445=CARTESIAN_POINT('Ctrl Pts',(0.528273891601956,0.555209613759752,-0.443320744424074));
#7446=CARTESIAN_POINT('Ctrl Pts',(0.530240005931003,0.562467074166748,-0.437558673639571));
#7447=CARTESIAN_POINT('Ctrl Pts',(0.53220612026005,0.569724534573744,-0.431796602855069));
#7448=CARTESIAN_POINT('Ctrl Pts',(0.534172234589096,0.576981994980739,-0.426034532070566));
#7449=CARTESIAN_POINT('',(0.248758785264548,0.456331014867173,-0.543386981876755));
#7450=CARTESIAN_POINT('Ctrl Pts',(0.320995388185247,0.521338579079961,-0.495320608956113));
#7451=CARTESIAN_POINT('Ctrl Pts',(0.318002685383911,0.516070027530535,-0.499223791286413));
#7452=CARTESIAN_POINT('Ctrl Pts',(0.31490967855319,0.511110067254973,-0.502900921251211));
#7453=CARTESIAN_POINT('Ctrl Pts',(0.300805841697294,0.490447771748937,-0.518219018662293));
#7454=CARTESIAN_POINT('Ctrl Pts',(0.288657586169823,0.477724374861335,-0.527639665643079));
#7455=CARTESIAN_POINT('Ctrl Pts',(0.270903643804677,0.465402780575574,-0.536722797687473));
#7456=CARTESIAN_POINT('Ctrl Pts',(0.265400194020527,0.462257517819845,-0.539036350492798));
#7457=CARTESIAN_POINT('Ctrl Pts',(0.256043722013379,0.458392474203377,-0.541875086562195));
#7458=CARTESIAN_POINT('Ctrl Pts',(0.252465833710608,0.457208853704722,-0.542743356493401));
#7459=CARTESIAN_POINT('Ctrl Pts',(0.24875878526455,0.456331014867174,-0.543386981876755));
#7460=CARTESIAN_POINT('',(0.219602232920601,0.456331014867173,-0.543386981876755));
#7461=CARTESIAN_POINT('Ctrl Pts',(0.248760322663379,0.456328285365147,-0.543386637371028));
#7462=CARTESIAN_POINT('Ctrl Pts',(0.239027017682208,0.456500072317542,-0.543360638902857));
#7463=CARTESIAN_POINT('Ctrl Pts',(0.229369027070842,0.456521742621799,-0.543361794813297));
#7464=CARTESIAN_POINT('Ctrl Pts',(0.219633057277013,0.456378985688163,-0.543389340087205));
#7465=CARTESIAN_POINT('',(0.147365629999875,0.521338579080004,-0.49532060895608));
#7466=CARTESIAN_POINT('Ctrl Pts',(0.219602232920597,0.456331014867174,-0.543386981876755));
#7467=CARTESIAN_POINT('Ctrl Pts',(0.213984243707979,0.457661369512258,-0.542411575023226));
#7468=CARTESIAN_POINT('Ctrl Pts',(0.208668652363531,0.459692641400909,-0.540921174204852));
#7469=CARTESIAN_POINT('Ctrl Pts',(0.196464959456194,0.465791608339694,-0.536436901281327));
#7470=CARTESIAN_POINT('Ctrl Pts',(0.189879509925261,0.470401136652656,-0.533040459673295));
#7471=CARTESIAN_POINT('Ctrl Pts',(0.173661904350903,0.484140998550409,-0.522891916180701));
#7472=CARTESIAN_POINT('Ctrl Pts',(0.164799587516407,0.494664005084365,-0.515093279401171));
#7473=CARTESIAN_POINT('Ctrl Pts',(0.153987763903824,0.51025380378232,-0.503535722691346));
#7474=CARTESIAN_POINT('Ctrl Pts',(0.15061835277629,0.51561227120343,-0.499562917968723));
#7475=CARTESIAN_POINT('Ctrl Pts',(0.147365629999875,0.521338579080004,-0.49532060895608));
#7476=CARTESIAN_POINT('Ctrl Pts',(0.147365630010496,0.521338579079297,-0.495320608957249));
#7477=CARTESIAN_POINT('Ctrl Pts',(0.10855964372737,0.523922872989044,-0.491052305104986));
#7478=CARTESIAN_POINT('Ctrl Pts',(0.062691119299641,0.531164778557892,-0.481291748505152));
#7479=CARTESIAN_POINT('Ctrl Pts',(-0.00889062463268506,0.5446869693956,
-0.460407126187491));
#7480=CARTESIAN_POINT('Ctrl Pts',(-0.0330958917048598,0.5495337335373,-0.452716747363258));
#7481=CARTESIAN_POINT('Ctrl Pts',(-0.0599128734852076,0.555209614011593,
-0.443320744224091));
#7482=CARTESIAN_POINT('Ctrl Pts',(0.575117728344206,0.565889475357179,-0.426034532070566));
#7483=CARTESIAN_POINT('Ctrl Pts',(0.561469230425836,0.569586981898366,-0.426034532070566));
#7484=CARTESIAN_POINT('Ctrl Pts',(0.547820732507466,0.573284488439552,-0.426034532070566));
#7485=CARTESIAN_POINT('Ctrl Pts',(0.534172234589096,0.576981994980739,-0.426034532070566));
#7486=CARTESIAN_POINT('Ctrl Pts',(0.573173915256548,0.558714334871264,-0.431818896223646));
#7487=CARTESIAN_POINT('Ctrl Pts',(0.559519534319339,0.562390125596809,-0.431813192479062));
#7488=CARTESIAN_POINT('Ctrl Pts',(0.54586368595593,0.566060499654879,-0.431805941611012));
#7489=CARTESIAN_POINT('Ctrl Pts',(0.53220612026005,0.569724534573744,-0.431796602855069));
#7490=CARTESIAN_POINT('Ctrl Pts',(0.57123010216889,0.551539194385349,-0.437603260376726));
#7491=CARTESIAN_POINT('Ctrl Pts',(0.557569838212841,0.555193269295252,-0.437591852887557));
#7492=CARTESIAN_POINT('Ctrl Pts',(0.543906639404395,0.558836510870206,-0.437577351151457));
#7493=CARTESIAN_POINT('Ctrl Pts',(0.530240005931003,0.562467074166748,-0.437558673639571));
#7494=CARTESIAN_POINT('Ctrl Pts',(0.569286289081231,0.544364053899434,-0.443387624529806));
#7495=CARTESIAN_POINT('Ctrl Pts',(0.555620142106343,0.547996412993696,-0.443370513296052));
#7496=CARTESIAN_POINT('Ctrl Pts',(0.541949592852859,0.551612522085532,-0.443348760691902));
#7497=CARTESIAN_POINT('Ctrl Pts',(0.528273891601956,0.555209613759752,-0.443320744424074));
#7498=CARTESIAN_POINT('Ctrl Pts',(-0.153428073116371,0.315971807794722,
-0.518599287002905));
#7499=CARTESIAN_POINT('Ctrl Pts',(-0.1530988396729,0.332377164288388,-0.501679376482732));
#7500=CARTESIAN_POINT('Ctrl Pts',(-0.152636790615708,0.348702521516658,
-0.484679898311794));
#7501=CARTESIAN_POINT('Ctrl Pts',(-0.151999526134817,0.364948932037705,
-0.467601899369467));
#7502=CARTESIAN_POINT('Ctrl Pts',(-0.167990950403886,0.289316945408134,
-0.492088233793975));
#7503=CARTESIAN_POINT('Ctrl Pts',(-0.167470762879603,0.305598891233648,
-0.475045578434888));
#7504=CARTESIAN_POINT('Ctrl Pts',(-0.166740727216688,0.321754438539703,
-0.457877206505733));
#7505=CARTESIAN_POINT('Ctrl Pts',(-0.165733851884905,0.337785250364007,
-0.440584772071741));
#7506=CARTESIAN_POINT('Ctrl Pts',(-0.182553827691402,0.262662083021545,
-0.465577180585045));
#7507=CARTESIAN_POINT('Ctrl Pts',(-0.181842686086306,0.278820618178908,
-0.448411780387044));
#7508=CARTESIAN_POINT('Ctrl Pts',(-0.180844663817668,0.294806355562749,
-0.431074514699672));
#7509=CARTESIAN_POINT('Ctrl Pts',(-0.179468177634994,0.310621568690309,
-0.413567644774014));
#7510=CARTESIAN_POINT('Ctrl Pts',(-0.197116704978917,0.236007220634957,
-0.439066127376115));
#7511=CARTESIAN_POINT('Ctrl Pts',(-0.196214609293009,0.252042345124167,
-0.4217779823392));
#7512=CARTESIAN_POINT('Ctrl Pts',(-0.194948600418648,0.267858272585795,
-0.404271822893611));
#7513=CARTESIAN_POINT('Ctrl Pts',(-0.193202503385082,0.283457887016611,
-0.386550517476288));
#7514=CARTESIAN_POINT('Ctrl Pts',(-0.193202503385082,0.283457887016611,
-0.386550517476288));
#7515=CARTESIAN_POINT('Ctrl Pts',(-0.189092471257677,0.283457887016642,
-0.408794112737432));
#7516=CARTESIAN_POINT('Ctrl Pts',(-0.184512458746457,0.283457800738585,
-0.430163247076287));
#7517=CARTESIAN_POINT('Ctrl Pts',(-0.179913279926877,0.283457636777731,
-0.450077444124546));
#7518=CARTESIAN_POINT('Ctrl Pts',(-0.176979491360069,0.283457532188087,
-0.46278059090558));
#7519=CARTESIAN_POINT('Ctrl Pts',(-0.174037429871389,0.28345788701661,-0.474892199346397));
#7520=CARTESIAN_POINT('Ctrl Pts',(-0.171192045505431,0.283457887016612,
-0.486260786228045));
#7521=CARTESIAN_POINT('Ctrl Pts',(-0.106756701728276,0.565889475975678,
0.063674060003974));
#7522=CARTESIAN_POINT('Ctrl Pts',(-0.0931082039245723,0.56958698238538,
0.063674060003974));
#7523=CARTESIAN_POINT('Ctrl Pts',(-0.0794597061208689,0.573284488795082,
0.063674060003974));
#7524=CARTESIAN_POINT('Ctrl Pts',(-0.0658112083171656,0.576981995204784,
0.063674060003974));
#7525=CARTESIAN_POINT('Ctrl Pts',(-0.104812888833541,0.558714336007028,
0.0694584236904537));
#7526=CARTESIAN_POINT('Ctrl Pts',(-0.0911585080118096,0.562390126603492,
0.0694527199463553));
#7527=CARTESIAN_POINT('Ctrl Pts',(-0.0775026597640074,0.566060500532808,
0.0694454690788594));
#7528=CARTESIAN_POINT('Ctrl Pts',(-0.0638450941838949,0.569724535323345,
0.0694361303235847));
#7529=CARTESIAN_POINT('Ctrl Pts',(-0.102869075938807,0.551539196038378,
0.0752427873769334));
#7530=CARTESIAN_POINT('Ctrl Pts',(-0.0892088120990469,0.555193270821605,
0.0752313798887366));
#7531=CARTESIAN_POINT('Ctrl Pts',(-0.075545613407146,0.558836512270534,
0.0752168781537448));
#7532=CARTESIAN_POINT('Ctrl Pts',(-0.0618789800506243,0.562467075441906,
0.0751982006431955));
#7533=CARTESIAN_POINT('Ctrl Pts',(-0.100925263044072,0.544364056069728,
0.081027151063413));
#7534=CARTESIAN_POINT('Ctrl Pts',(-0.0872591161862843,0.547996415039717,
0.0810100398311179));
#7535=CARTESIAN_POINT('Ctrl Pts',(-0.0735885670502845,0.55161252400826,
0.0809882872286302));
#7536=CARTESIAN_POINT('Ctrl Pts',(-0.0599128659173536,0.555209615560467,
0.0809602709628062));
#7537=CARTESIAN_POINT('Ctrl Pts',(0.503068942427665,0.660294681847607,0.063674060003974));
#7538=CARTESIAN_POINT('Ctrl Pts',(0.535664053879686,0.617585446320982,0.063674060003974));
#7539=CARTESIAN_POINT('Ctrl Pts',(0.568259165331707,0.574876210794356,0.063674060003974));
#7540=CARTESIAN_POINT('Ctrl Pts',(0.600854276783728,0.532166975267731,0.063674060003974));
#7541=CARTESIAN_POINT('Ctrl Pts',(0.442377750116859,0.613975983956292,0.0867694166443482));
#7542=CARTESIAN_POINT('Ctrl Pts',(0.477006451977166,0.572818757150697,0.0906107834615549));
#7543=CARTESIAN_POINT('Ctrl Pts',(0.511377360761499,0.531464786152907,0.0927867679866706));
#7544=CARTESIAN_POINT('Ctrl Pts',(0.54524313073819,0.489725300042735,0.0942649594091617));
#7545=CARTESIAN_POINT('Ctrl Pts',(0.381686557806053,0.567657286064977,0.109864773284722));
#7546=CARTESIAN_POINT('Ctrl Pts',(0.418348850074647,0.528052067980412,0.117547506919136));
#7547=CARTESIAN_POINT('Ctrl Pts',(0.454495556191292,0.488053361511458,0.121899475969367));
#7548=CARTESIAN_POINT('Ctrl Pts',(0.489631984692652,0.447283624817738,0.124855858814349));
#7549=CARTESIAN_POINT('Ctrl Pts',(0.320995365495247,0.521338588173662,0.132960129925096));
#7550=CARTESIAN_POINT('Ctrl Pts',(0.359691248172127,0.483285378810128,0.144484230376717));
#7551=CARTESIAN_POINT('Ctrl Pts',(0.397613751621084,0.444641936870009,0.151012183952064));
#7552=CARTESIAN_POINT('Ctrl Pts',(0.434020838647114,0.404841949592741,0.155446758219537));
#7553=CARTESIAN_POINT('Ctrl Pts',(0.596680509092573,0.528981692304909,0.0659699687115438));
#7554=CARTESIAN_POINT('Ctrl Pts',(0.596680509092426,0.532160551050065,0.0651189459773406));
#7555=CARTESIAN_POINT('Ctrl Pts',(0.596680503078246,0.535046531552649,0.0643546331907344));
#7556=CARTESIAN_POINT('Ctrl Pts',(0.596680509092573,0.537635845273509,0.063674060003974));
#7557=CARTESIAN_POINT('',(0.38561322580057,0.456331014866295,0.148174253386336));
#7558=CARTESIAN_POINT('Ctrl Pts',(0.385580172833375,0.456305789288254,0.148208752327877));
#7559=CARTESIAN_POINT('Ctrl Pts',(0.364386454951924,0.478238713895848,0.144367362552202));
#7560=CARTESIAN_POINT('Ctrl Pts',(0.342813847061518,0.4998824747683,0.139457936820241));
#7561=CARTESIAN_POINT('Ctrl Pts',(0.320995365495247,0.521338588173662,0.132960129925096));
#7562=CARTESIAN_POINT('Ctrl Pts',(0.385580172833375,0.456305789288254,0.148208752327877));
#7563=CARTESIAN_POINT('Ctrl Pts',(0.401974296165189,0.439339862259521,0.151180209157691));
#7564=CARTESIAN_POINT('Ctrl Pts',(0.418141707109063,0.422200911399728,0.153512596663076));
#7565=CARTESIAN_POINT('Ctrl Pts',(0.434020838647114,0.404841949592741,0.155446758219537));
#7566=CARTESIAN_POINT('Ctrl Pts',(0.621789092040511,0.315971803239349,0.156238808490447));
#7567=CARTESIAN_POINT('Ctrl Pts',(0.621459858596264,0.332377158135232,0.139318899942593));
#7568=CARTESIAN_POINT('Ctrl Pts',(0.620997809565969,0.34870251378436,0.122319423760745));
#7569=CARTESIAN_POINT('Ctrl Pts',(0.62036054515331,0.364948922744743,0.105241426824142));
#7570=CARTESIAN_POINT('Ctrl Pts',(0.636351967962035,0.289316943856071,0.129727757679361));
#7571=CARTESIAN_POINT('Ctrl Pts',(0.635831780460057,0.305598888098777,0.112685104304759));
#7572=CARTESIAN_POINT('Ctrl Pts',(0.635101744872663,0.321754433857196,0.0955167343922754));
#7573=CARTESIAN_POINT('Ctrl Pts',(0.634094869694235,0.337785244168699,0.0782243020068457));
#7574=CARTESIAN_POINT('Ctrl Pts',(0.650914843883559,0.262662084472792,0.103216706868275));
#7575=CARTESIAN_POINT('Ctrl Pts',(0.65020370232385,0.278820618062322,0.0860513086669251));
#7576=CARTESIAN_POINT('Ctrl Pts',(0.649205680179357,0.294806353930031,0.0687140450238057));
#7577=CARTESIAN_POINT('Ctrl Pts',(0.647829194235161,0.310621565592655,0.0512071771895497));
#7578=CARTESIAN_POINT('Ctrl Pts',(0.665477719805084,0.236007225089514,0.076705656057189));
#7579=CARTESIAN_POINT('Ctrl Pts',(0.664575624187644,0.252042348025867,0.0594175130290912));
#7580=CARTESIAN_POINT('Ctrl Pts',(0.663309615486052,0.267858274002867,0.0419113556553359));
#7581=CARTESIAN_POINT('Ctrl Pts',(0.661563518776086,0.283457887016611,0.0241900523722536));
#7582=CARTESIAN_POINT('Ctrl Pts',(0.661563518776086,0.283457887016611,0.0241900523722536));
#7583=CARTESIAN_POINT('Ctrl Pts',(0.657453486518035,0.283457887016642,0.0464336468800224));
#7584=CARTESIAN_POINT('Ctrl Pts',(0.652873473989512,0.283457800738056,0.0678027803277955));
#7585=CARTESIAN_POINT('Ctrl Pts',(0.648274295245697,0.283457636777455,0.0877169763487301));
#7586=CARTESIAN_POINT('Ctrl Pts',(0.645340507139363,0.283457532187987,0.100420120689876));
#7587=CARTESIAN_POINT('Ctrl Pts',(0.64239844615086,0.283457887016611,0.112531726801314));
#7588=CARTESIAN_POINT('Ctrl Pts',(0.63955306227603,0.283457887016612,0.123900311527594));
#7589=CARTESIAN_POINT('Ctrl Pts',(-0.190440005206082,0.296529642348032,
0.11137049514991));
#7590=CARTESIAN_POINT('Ctrl Pts',(-0.179384506380525,0.311959577439987,
0.111056022964478));
#7591=CARTESIAN_POINT('Ctrl Pts',(-0.168281297558752,0.32735711152105,0.110693632251327));
#7592=CARTESIAN_POINT('Ctrl Pts',(-0.157125821257862,0.342719149494493,
0.110269525278944));
#7593=CARTESIAN_POINT('Ctrl Pts',(-0.161872060268263,0.277128460865556,
0.129967327362815));
#7594=CARTESIAN_POINT('Ctrl Pts',(-0.150662689924969,0.29245389809296,0.129530242524042));
#7595=CARTESIAN_POINT('Ctrl Pts',(-0.139387007465788,0.307734301160658,
0.129026555731481));
#7596=CARTESIAN_POINT('Ctrl Pts',(-0.128038678445984,0.322965368194218,
0.128437089520372));
#7597=CARTESIAN_POINT('Ctrl Pts',(-0.133304115330444,0.257727279383079,
0.148564159575721));
#7598=CARTESIAN_POINT('Ctrl Pts',(-0.121940873469413,0.272948218745933,
0.148004462083607));
#7599=CARTESIAN_POINT('Ctrl Pts',(-0.110492717372823,0.288111490800267,
0.147359479211635));
#7600=CARTESIAN_POINT('Ctrl Pts',(-0.0989515356341058,0.303211586893944,
0.146604653761799));
#7601=CARTESIAN_POINT('Ctrl Pts',(-0.104736170392625,0.238326097900603,
0.167160991788626));
#7602=CARTESIAN_POINT('Ctrl Pts',(-0.0932190570138568,0.253442539398906,
0.166478681643172));
#7603=CARTESIAN_POINT('Ctrl Pts',(-0.0815984272798582,0.268488680439875,
0.165692402691789));
#7604=CARTESIAN_POINT('Ctrl Pts',(-0.0698643928222275,0.283457805593669,
0.164772218003226));
#7605=CARTESIAN_POINT('Ctrl Pts',(-0.0698645127200673,0.283457887016612,
0.164772143117055));
#7606=CARTESIAN_POINT('Ctrl Pts',(-0.103822514752598,0.283457887016612,
0.151855928012709));
#7607=CARTESIAN_POINT('Ctrl Pts',(-0.137704230437935,0.283457887016612,
0.138103804096698));
#7608=CARTESIAN_POINT('Ctrl Pts',(-0.171192044101964,0.283457887016612,
0.123900311483319));
#7609=CARTESIAN_POINT('Ctrl Pts',(0.658801027024484,0.296529643722248,-0.473730968233199));
#7610=CARTESIAN_POINT('Ctrl Pts',(0.647745526868996,0.311959580836518,-0.473416496022227));
#7611=CARTESIAN_POINT('Ctrl Pts',(0.636642316705849,0.327357116932452,-0.473054105273989));
#7612=CARTESIAN_POINT('Ctrl Pts',(0.625486839050146,0.342719156912,-0.472629998252111));
#7613=CARTESIAN_POINT('Ctrl Pts',(0.630233078284123,0.277128459854121,-0.492327803177991));
#7614=CARTESIAN_POINT('Ctrl Pts',(0.619023706573833,0.292453899079728,-0.491890718288323));
#7615=CARTESIAN_POINT('Ctrl Pts',(0.607748022729415,0.307734304133698,-0.491387031429249));
#7616=CARTESIAN_POINT('Ctrl Pts',(0.596399692303137,0.322965373139606,-0.490797565128579));
#7617=CARTESIAN_POINT('Ctrl Pts',(0.601665129543762,0.257727275985994,-0.510924638122783));
#7618=CARTESIAN_POINT('Ctrl Pts',(0.59030188627867,0.272948217322939,-0.510364940554418));
#7619=CARTESIAN_POINT('Ctrl Pts',(0.578853728752981,0.288111491334944,-0.509719957584508));
#7620=CARTESIAN_POINT('Ctrl Pts',(0.567312545556127,0.303211589367213,-0.508965132005047));
#7621=CARTESIAN_POINT('Ctrl Pts',(0.5730971808034,0.238326092117867,-0.529521473067575));
#7622=CARTESIAN_POINT('Ctrl Pts',(0.561580065983507,0.25344253556615,-0.528839162820514));
#7623=CARTESIAN_POINT('Ctrl Pts',(0.549959434776546,0.268488678536189,-0.528052883739768));
#7624=CARTESIAN_POINT('Ctrl Pts',(0.538225398809118,0.283457805594819,-0.527132698881515));
#7625=CARTESIAN_POINT('Ctrl Pts',(0.538225518705265,0.283457887016612,-0.5271326239964));
#7626=CARTESIAN_POINT('Ctrl Pts',(0.572183525261876,0.283457887016612,-0.514216407040652));
#7627=CARTESIAN_POINT('Ctrl Pts',(0.606065245622589,0.283457887016612,-0.500464280977643));
#7628=CARTESIAN_POINT('Ctrl Pts',(0.63955306370166,0.283457887016612,-0.486260786183771));
#7629=CARTESIAN_POINT('Ctrl Pts',(-0.0347079450556438,0.660294667568528,
-0.426034532070566));
#7630=CARTESIAN_POINT('Ctrl Pts',(-0.0673030523209871,0.617585436367749,
-0.426034532070566));
#7631=CARTESIAN_POINT('Ctrl Pts',(-0.0998981595863303,0.574876205166969,
-0.426034532070566));
#7632=CARTESIAN_POINT('Ctrl Pts',(-0.132493266851674,0.53216697396619,-0.426034532070566));
#7633=CARTESIAN_POINT('Ctrl Pts',(0.0259832466335202,0.613975971409611,
-0.449129891031216));
#7634=CARTESIAN_POINT('Ctrl Pts',(-0.00864545079522555,0.572818748700819,
-0.45297125679037));
#7635=CARTESIAN_POINT('Ctrl Pts',(-0.0430163551063711,0.531464781773407,
-0.455147240881662));
#7636=CARTESIAN_POINT('Ctrl Pts',(-0.0768821207580517,0.489725299857169,
-0.456625432066524));
#7637=CARTESIAN_POINT('Ctrl Pts',(0.0866744383226843,0.567657275250695,
-0.472225249991865));
#7638=CARTESIAN_POINT('Ctrl Pts',(0.050012150730536,0.52805206103389,-0.479907981510174));
#7639=CARTESIAN_POINT('Ctrl Pts',(0.0138654493735881,0.488053358379845,
-0.484259949692757));
#7640=CARTESIAN_POINT('Ctrl Pts',(-0.0212709746644298,0.447283625748149,
-0.487216332062481));
#7641=CARTESIAN_POINT('Ctrl Pts',(0.147365630011848,0.521338579091779,-0.495320608952515));
#7642=CARTESIAN_POINT('Ctrl Pts',(0.108669752256298,0.483285373366961,-0.506844706229978));
#7643=CARTESIAN_POINT('Ctrl Pts',(0.0707472538535474,0.444641934986284,
-0.513372658503853));
#7644=CARTESIAN_POINT('Ctrl Pts',(0.0343401714291921,0.404841951639129,
-0.517807232058439));
#7645=CARTESIAN_POINT('Ctrl Pts',(-0.128319490907427,0.528981684791476,
-0.428330445360332));
#7646=CARTESIAN_POINT('Ctrl Pts',(-0.128319490907279,0.532160550227631,
-0.427479420810285));
#7647=CARTESIAN_POINT('Ctrl Pts',(-0.128319484893068,0.535046536461541,
-0.426715106501448));
#7648=CARTESIAN_POINT('Ctrl Pts',(-0.128319490907427,0.537635854934489,
-0.426034532070566));
#7649=CARTESIAN_POINT('',(0.0827477809092476,0.456331014866295,-0.510534728102187));
#7650=CARTESIAN_POINT('Ctrl Pts',(0.0827808338551,0.456305789305227,-0.510569227027303));
#7651=CARTESIAN_POINT('Ctrl Pts',(0.103974548071616,0.478238710825471,-0.506727838156979));
#7652=CARTESIAN_POINT('Ctrl Pts',(0.125547152194931,0.499882468696391,-0.501818413767713));
#7653=CARTESIAN_POINT('Ctrl Pts',(0.147365630011848,0.521338579091779,-0.495320608952515));
#7654=CARTESIAN_POINT('Ctrl Pts',(0.0827808338551,0.456305789305227,-0.510569227027303));
#7655=CARTESIAN_POINT('Ctrl Pts',(0.0663867116794506,0.439339862927321,
-0.513540683461079));
#7656=CARTESIAN_POINT('Ctrl Pts',(0.0502193018770468,0.422200912734268,
-0.515873070701231));
#7657=CARTESIAN_POINT('Ctrl Pts',(0.0343401714291921,0.404841951639129,
-0.517807232058439));
#7658=CARTESIAN_POINT('Origin',(-0.128319490907426,0.,-0.426034532070566));
#7659=CARTESIAN_POINT('',(-0.128319490907426,1.0875,-0.426034532070566));
#7660=CARTESIAN_POINT('Origin',(-0.128319490907426,0.,0.063674060003974));
#7661=CARTESIAN_POINT('',(-0.501744490907426,1.0875,0.063674060003974));
#7662=CARTESIAN_POINT('Origin',(0.234180509092574,0.522919789504476,-0.181180239996026));
#7663=CARTESIAN_POINT('Origin',(0.234180509092574,0.456331014867173,-0.181180239996026));
#7664=CARTESIAN_POINT('Origin',(-0.295185046127895,0.283457887016612,-0.181180239996026));
#7665=CARTESIAN_POINT('',(0.763546064313043,0.283457887016612,-0.181180239996026));
#7666=CARTESIAN_POINT('Origin',(0.234180509092574,0.283457887016612,-0.181180239996026));
#7667=CARTESIAN_POINT('Origin',(0.234180509092574,0.283457887016612,-0.181180239996026));
#7668=CARTESIAN_POINT('Origin',(0.234180509092574,0.283457887016612,-0.181180239996026));
#7669=CARTESIAN_POINT('Origin',(0.234180509092574,0.283457887016612,-0.181180239996026));
#7670=CARTESIAN_POINT('Origin',(0.234180509092574,0.283457887016612,-0.181180239996026));
#7671=CARTESIAN_POINT('Origin',(0.234180509092574,0.369894450941893,-0.181180239996026));
#7672=CARTESIAN_POINT('Origin',(0.234180509092574,0.369894450941893,-0.181180239996026));
#7673=CARTESIAN_POINT('Origin',(0.234180509092574,0.369894450941893,-0.181180239996026));
#7674=CARTESIAN_POINT('Origin',(0.234180509092574,0.456331014867173,-0.181180239996026));
#7675=CARTESIAN_POINT('Origin',(0.234180509092574,0.522919789504476,-0.181180239996026));
#7676=CARTESIAN_POINT('Origin',(0.234180509092574,0.369894450941893,-0.181180239996026));
#7677=CARTESIAN_POINT('Origin',(0.234180509092574,0.271357704690904,-0.181180239996026));
#7678=CARTESIAN_POINT('',(0.234180509092573,0.259257522365196,0.370501315510204));
#7679=CARTESIAN_POINT('',(0.785862064598804,0.259257522365196,-0.181180239996026));
#7680=CARTESIAN_POINT('Origin',(0.234180509092574,0.259257522365196,-0.181180239996026));
#7681=CARTESIAN_POINT('Origin',(0.234180509092574,0.259257522365196,-0.181180239996026));
#7682=CARTESIAN_POINT('',(0.774704064455923,0.271357704690904,-0.181180239996026));
#7683=CARTESIAN_POINT('Origin',(0.234180509092574,0.174519261665532,-0.181180239996026));
#7684=CARTESIAN_POINT('',(0.234180509092573,0.174519261665532,0.403607751134913));
#7685=CARTESIAN_POINT('',(0.818968500223513,0.174519261665532,-0.181180239996026));
#7686=CARTESIAN_POINT('Origin',(0.234180509092574,0.174519261665532,-0.181180239996026));
#7687=CARTESIAN_POINT('Origin',(0.234180509092573,0.174519261665532,0.278607751134913));
#7688=CARTESIAN_POINT('Origin',(0.234180509092574,0.174519261665532,-0.181180239996026));
#7689=CARTESIAN_POINT('Origin',(0.234180509092574,0.154311972998063,-0.181180239996026));
#7690=CARTESIAN_POINT('',(0.818968500223513,0.154311972998063,-0.181180239996026));
#7691=CARTESIAN_POINT('Origin',(0.596680509092573,0.,0.063674060003974));
#7692=CARTESIAN_POINT('',(0.596680509092573,1.0875,0.063674060003974));
#7693=CARTESIAN_POINT('Origin',(0.596680509092573,0.,-0.426034532070566));
#7694=CARTESIAN_POINT('Origin',(0.223505509092574,2.175,-0.181180232070566));
#7695=CARTESIAN_POINT('Origin',(0.223255509092573,2.175,-0.181180236033296));
#7696=CARTESIAN_POINT('Origin',(0.223255509092573,2.175,-0.181180236033296));
#7697=CARTESIAN_POINT('Origin',(0.223255509092573,1.0875,-0.181180236033296));
#7698=CARTESIAN_POINT('Origin',(0.223255509092573,1.0875,-0.181180236033296));
#7699=CARTESIAN_POINT('Origin',(0.234180509092573,0.,-0.181180236033296));
#7700=CARTESIAN_POINT('',(-4.37095678986282E-17,0.,-0.426034532070566));
#7701=UNCERTAINTY_MEASURE_WITH_UNIT(LENGTH_MEASURE(0.000393700787401575),
#7707,'DISTANCE_ACCURACY_VALUE',
'Maximum model space distance between geometric entities at asserted c
onnectivities');
#7702=UNCERTAINTY_MEASURE_WITH_UNIT(LENGTH_MEASURE(0.000393700787401575),
#7707,'DISTANCE_ACCURACY_VALUE',
'Maximum model space distance between geometric entities at asserted c
onnectivities');
#7703=(
GEOMETRIC_REPRESENTATION_CONTEXT(3)
GLOBAL_UNCERTAINTY_ASSIGNED_CONTEXT((#7701))
GLOBAL_UNIT_ASSIGNED_CONTEXT((#7707,#7711,#7712))
REPRESENTATION_CONTEXT('','3D')
);
#7704=(
GEOMETRIC_REPRESENTATION_CONTEXT(3)
GLOBAL_UNCERTAINTY_ASSIGNED_CONTEXT((#7702))
GLOBAL_UNIT_ASSIGNED_CONTEXT((#7707,#7711,#7712))
REPRESENTATION_CONTEXT('','3D')
);
#7705=DIMENSIONAL_EXPONENTS(1.,0.,0.,0.,0.,0.,0.);
#7706=DIMENSIONAL_EXPONENTS(0.,1.,0.,0.,0.,0.,0.);
#7707=(
CONVERSION_BASED_UNIT('inch',#7710)
LENGTH_UNIT()
NAMED_UNIT(#7705)
);
#7708=(
LENGTH_UNIT()
NAMED_UNIT(*)
SI_UNIT(.MILLI.,.METRE.)
);
#7709=(
LENGTH_UNIT()
NAMED_UNIT(*)
SI_UNIT(.CENTI.,.METRE.)
);
#7710=LENGTH_MEASURE_WITH_UNIT(LENGTH_MEASURE(25.4),#7708);
#7711=(
NAMED_UNIT(*)
PLANE_ANGLE_UNIT()
SI_UNIT($,.RADIAN.)
);
#7712=(
NAMED_UNIT(*)
SI_UNIT($,.STERADIAN.)
SOLID_ANGLE_UNIT()
);
#7713=SHAPE_DEFINITION_REPRESENTATION(#7714,#7715);
#7714=PRODUCT_DEFINITION_SHAPE('',$,#7717);
#7715=SHAPE_REPRESENTATION('',(#4390),#7703);
#7716=PRODUCT_DEFINITION_CONTEXT('part definition',#7721,'design');
#7717=PRODUCT_DEFINITION('steve','steve',#7718,#7716);
#7718=PRODUCT_DEFINITION_FORMATION('',$,#7723);
#7719=PRODUCT_RELATED_PRODUCT_CATEGORY('steve','steve',(#7723));
#7720=APPLICATION_PROTOCOL_DEFINITION('international standard',
'automotive_design',2009,#7721);
#7721=APPLICATION_CONTEXT(
'Core Data for Automotive Mechanical Design Process');
#7722=PRODUCT_CONTEXT('part definition',#7721,'mechanical');
#7723=PRODUCT('steve','steve',$,(#7722));
#7724=PRESENTATION_STYLE_ASSIGNMENT((#7726));
#7725=PRESENTATION_STYLE_ASSIGNMENT((#7727));
#7726=SURFACE_STYLE_USAGE(.BOTH.,#7730);
#7727=SURFACE_STYLE_USAGE(.BOTH.,#7731);
#7728=SURFACE_STYLE_RENDERING_WITH_PROPERTIES($,#7738,(#7729));
#7729=SURFACE_STYLE_TRANSPARENT(0.);
#7730=SURFACE_SIDE_STYLE('',(#7732,#7728));
#7731=SURFACE_SIDE_STYLE('',(#7733));
#7732=SURFACE_STYLE_FILL_AREA(#7734);
#7733=SURFACE_STYLE_FILL_AREA(#7735);
#7734=FILL_AREA_STYLE('',(#7736));
#7735=FILL_AREA_STYLE('',(#7737));
#7736=FILL_AREA_STYLE_COLOUR('',#7738);
#7737=FILL_AREA_STYLE_COLOUR('',#7739);
#7738=COLOUR_RGB('',0.749019607843137,0.749019607843137,0.749019607843137);
#7739=COLOUR_RGB('',1.,1.,0.);
ENDSEC;
END-ISO-10303-21;
