ISO-10303-21;
HEADER;
/* Generated by software containing ST-Developer
 * from STEP Tools, Inc. (www.steptools.com) 
 */

FILE_DESCRIPTION(
/* description */ (''),
/* implementation_level */ '2;1');

FILE_NAME(
/* name */ 'Star Box Lid.stp',
/* time_stamp */ '2025-04-24T16:19:22-07:00',
/* author */ ('623129'),
/* organization */ (''),
/* preprocessor_version */ 'ST-DEVELOPER v19.2',
/* originating_system */ 'Autodesk Inventor 2024',
/* authorisation */ '');

FILE_SCHEMA (('AUTOMOTIVE_DESIGN { 1 0 10303 214 3 1 1 }'));
ENDSEC;

DATA;
#10=MECHANICAL_DESIGN_GEOMETRIC_PRESENTATION_REPRESENTATION('',(#1573,#1574,
#1575,#1576,#1577,#1578,#1579,#1580,#1581,#1582,#1583,#1584,#1585,#1586,
#1587,#1588,#1589,#1590,#1591,#1592,#1593,#1594,#1595,#1596,#1597,#1598,
#1599,#1600,#1601,#1602,#1603,#1604,#1605,#1606,#1607,#1608,#1609,#1610,
#1611,#1612,#1613,#1614,#1615,#1616,#1617,#1618,#1619,#1620,#1621,#1622,
#1623,#1624,#1625,#1626,#1627,#1628,#1629,#1630,#1631,#1632,#1633,#1634,
#1635,#1636,#1637,#1638,#1639,#1640,#1641,#1642,#1643,#1644,#1645,#1646,
#1647,#1648,#1649,#1650,#1651,#1652,#1653,#1654,#1655,#1656,#1657,#1658,
#1659,#1660,#1661,#1662,#1663,#1664,#1665,#1666,#1667,#1668,#1669,#1670,
#1671,#1672,#1673,#1674),#3358);
#11=SHAPE_REPRESENTATION_RELATIONSHIP('SRR','None',#3369,#12);
#12=ADVANCED_BREP_SHAPE_REPRESENTATION('',(#13),#3357);
#13=MANIFOLD_SOLID_BREP('Solid1',#1776);
#14=TOROIDAL_SURFACE('',#1871,0.375,0.125);
#15=TOROIDAL_SURFACE('',#1882,0.375,0.125);
#16=TOROIDAL_SURFACE('',#1893,0.375,0.125);
#17=TOROIDAL_SURFACE('',#1904,0.375,0.125);
#18=TOROIDAL_SURFACE('',#1915,0.375,0.125);
#19=TOROIDAL_SURFACE('',#1942,0.375,0.125);
#20=TOROIDAL_SURFACE('',#1950,0.375,0.125);
#21=TOROIDAL_SURFACE('',#1957,0.375,0.125);
#22=TOROIDAL_SURFACE('',#1965,0.375,0.125);
#23=TOROIDAL_SURFACE('',#1974,0.375,0.125);
#24=(
BOUNDED_SURFACE()
B_SPLINE_SURFACE(2,2,((#2953,#2954,#2955,#2956,#2957),(#2958,#2959,#2960,
#2961,#2962),(#2963,#2964,#2965,#2966,#2967)),.UNSPECIFIED.,.F.,.F.,.F.)
B_SPLINE_SURFACE_WITH_KNOTS((3,3),(3,2,3),(-1.5707963267949,0.),(-1.18034731790386,
-2.22044604925031E-16,1.18034731790386),.UNSPECIFIED.)
GEOMETRIC_REPRESENTATION_ITEM()
RATIONAL_B_SPLINE_SURFACE(((1.,0.830844049498998,1.,0.830844049498998,1.),
(0.707106781186538,0.587495461509225,0.707106781186538,0.587495461509225,
0.707106781186538),(1.,0.830844049498998,1.,0.830844049498998,1.)))
REPRESENTATION_ITEM('')
SURFACE()
);
#25=(
BOUNDED_SURFACE()
B_SPLINE_SURFACE(2,2,((#2988,#2989,#2990,#2991,#2992),(#2993,#2994,#2995,
#2996,#2997),(#2998,#2999,#3000,#3001,#3002)),.UNSPECIFIED.,.F.,.F.,.F.)
B_SPLINE_SURFACE_WITH_KNOTS((3,3),(3,2,3),(-1.5707963267949,0.),(-3.06530291005773,
-1.88495559215387,-0.704608274250018),.UNSPECIFIED.)
GEOMETRIC_REPRESENTATION_ITEM()
RATIONAL_B_SPLINE_SURFACE(((1.,0.830844049498998,1.,0.830844049498998,1.),
(0.70710678118655,0.587495461509235,0.70710678118655,0.587495461509235,
0.70710678118655),(1.,0.830844049498998,1.,0.830844049498998,1.)))
REPRESENTATION_ITEM('')
SURFACE()
);
#26=(
BOUNDED_SURFACE()
B_SPLINE_SURFACE(2,2,((#3026,#3027,#3028,#3029,#3030),(#3031,#3032,#3033,
#3034,#3035),(#3036,#3037,#3038,#3039,#3040)),.UNSPECIFIED.,.F.,.F.,.F.)
B_SPLINE_SURFACE_WITH_KNOTS((3,3),(3,2,3),(-1.5707963267949,0.),(-1.80866584862181,
-0.628318530717957,0.552028787185899),.UNSPECIFIED.)
GEOMETRIC_REPRESENTATION_ITEM()
RATIONAL_B_SPLINE_SURFACE(((1.,0.830844049498998,1.,0.830844049498998,1.),
(0.707106781186542,0.587495461509228,0.707106781186542,0.587495461509228,
0.707106781186542),(1.,0.830844049498998,1.,0.830844049498998,1.)))
REPRESENTATION_ITEM('')
SURFACE()
);
#27=(
BOUNDED_SURFACE()
B_SPLINE_SURFACE(2,2,((#3064,#3065,#3066,#3067,#3068),(#3069,#3070,#3071,
#3072,#3073),(#3074,#3075,#3076,#3077,#3078)),.UNSPECIFIED.,.F.,.F.,.F.)
B_SPLINE_SURFACE_WITH_KNOTS((3,3),(3,2,3),(-1.5707963267949,0.),(-0.552028787185897,
0.628318530717958,1.80866584862181),.UNSPECIFIED.)
GEOMETRIC_REPRESENTATION_ITEM()
RATIONAL_B_SPLINE_SURFACE(((1.,0.830844049498998,1.,0.830844049498998,1.),
(0.707106781186537,0.587495461509224,0.707106781186537,0.587495461509224,
0.707106781186537),(1.,0.830844049498998,1.,0.830844049498998,1.)))
REPRESENTATION_ITEM('')
SURFACE()
);
#28=(
BOUNDED_SURFACE()
B_SPLINE_SURFACE(2,2,((#3102,#3103,#3104,#3105,#3106),(#3107,#3108,#3109,
#3110,#3111),(#3112,#3113,#3114,#3115,#3116)),.UNSPECIFIED.,.F.,.F.,.F.)
B_SPLINE_SURFACE_WITH_KNOTS((3,3),(3,2,3),(-1.5707963267949,0.),(0.70460827425002,
1.88495559215388,3.06530291005773),.UNSPECIFIED.)
GEOMETRIC_REPRESENTATION_ITEM()
RATIONAL_B_SPLINE_SURFACE(((1.,0.830844049498998,1.,0.830844049498998,1.),
(0.707106781186548,0.587495461509233,0.707106781186548,0.587495461509233,
0.707106781186548),(1.,0.830844049498998,1.,0.830844049498998,1.)))
REPRESENTATION_ITEM('')
SURFACE()
);
#29=(
BOUNDED_SURFACE()
B_SPLINE_SURFACE(2,2,((#3202,#3203,#3204,#3205,#3206),(#3207,#3208,#3209,
#3210,#3211),(#3212,#3213,#3214,#3215,#3216)),.UNSPECIFIED.,.F.,.F.,.F.)
B_SPLINE_SURFACE_WITH_KNOTS((3,3),(3,2,3),(-1.5707963267949,0.),(-1.18034731790386,
2.22044604925031E-16,1.18034731790386),.UNSPECIFIED.)
GEOMETRIC_REPRESENTATION_ITEM()
RATIONAL_B_SPLINE_SURFACE(((1.,0.830844049498997,1.,0.830844049498997,1.),
(0.707106781186538,0.587495461509225,0.707106781186538,0.587495461509225,
0.707106781186538),(1.,0.830844049498997,1.,0.830844049498997,1.)))
REPRESENTATION_ITEM('')
SURFACE()
);
#30=(
BOUNDED_SURFACE()
B_SPLINE_SURFACE(2,2,((#3224,#3225,#3226,#3227,#3228),(#3229,#3230,#3231,
#3232,#3233),(#3234,#3235,#3236,#3237,#3238)),.UNSPECIFIED.,.F.,.F.,.F.)
B_SPLINE_SURFACE_WITH_KNOTS((3,3),(3,2,3),(-1.5707963267949,0.),(0.0762897435320616,
1.25663706143592,2.43698437933977),.UNSPECIFIED.)
GEOMETRIC_REPRESENTATION_ITEM()
RATIONAL_B_SPLINE_SURFACE(((1.,0.830844049498998,1.,0.830844049498998,1.),
(0.707106781186548,0.587495461509234,0.707106781186548,0.587495461509234,
0.707106781186548),(1.,0.830844049498998,1.,0.830844049498998,1.)))
REPRESENTATION_ITEM('')
SURFACE()
);
#31=(
BOUNDED_SURFACE()
B_SPLINE_SURFACE(2,2,((#3246,#3247,#3248,#3249,#3250),(#3251,#3252,#3253,
#3254,#3255),(#3256,#3257,#3258,#3259,#3260)),.UNSPECIFIED.,.F.,.F.,.F.)
B_SPLINE_SURFACE_WITH_KNOTS((3,3),(3,2,3),(-1.5707963267949,0.),(-1.18034731790386,
0.,1.18034731790386),.UNSPECIFIED.)
GEOMETRIC_REPRESENTATION_ITEM()
RATIONAL_B_SPLINE_SURFACE(((1.,0.830844049498998,1.,0.830844049498998,1.),
(0.707106781186549,0.587495461509235,0.707106781186549,0.587495461509235,
0.707106781186549),(1.,0.830844049498998,1.,0.830844049498998,1.)))
REPRESENTATION_ITEM('')
SURFACE()
);
#32=(
BOUNDED_SURFACE()
B_SPLINE_SURFACE(2,2,((#3276,#3277,#3278,#3279,#3280),(#3281,#3282,#3283,
#3284,#3285),(#3286,#3287,#3288,#3289,#3290)),.UNSPECIFIED.,.F.,.F.,.F.)
B_SPLINE_SURFACE_WITH_KNOTS((3,3),(3,2,3),(-1.5707963267949,0.),(-1.18034731790386,
-2.22044604925031E-16,1.18034731790386),.UNSPECIFIED.)
GEOMETRIC_REPRESENTATION_ITEM()
RATIONAL_B_SPLINE_SURFACE(((1.,0.830844049498998,1.,0.830844049498998,1.),
(0.707106781186545,0.587495461509231,0.707106781186545,0.587495461509231,
0.707106781186545),(1.,0.830844049498998,1.,0.830844049498998,1.)))
REPRESENTATION_ITEM('')
SURFACE()
);
#33=(
BOUNDED_SURFACE()
B_SPLINE_SURFACE(2,2,((#3306,#3307,#3308,#3309,#3310),(#3311,#3312,#3313,
#3314,#3315),(#3316,#3317,#3318,#3319,#3320)),.UNSPECIFIED.,.F.,.F.,.F.)
B_SPLINE_SURFACE_WITH_KNOTS((3,3),(3,2,3),(-1.5707963267949,0.),(-2.43698437933977,
-1.25663706143592,-0.0762897435320622),.UNSPECIFIED.)
GEOMETRIC_REPRESENTATION_ITEM()
RATIONAL_B_SPLINE_SURFACE(((1.,0.830844049498998,1.,0.830844049498998,1.),
(0.707106781186545,0.587495461509231,0.707106781186545,0.587495461509231,
0.707106781186545),(1.,0.830844049498998,1.,0.830844049498998,1.)))
REPRESENTATION_ITEM('')
SURFACE()
);
#34=B_SPLINE_CURVE_WITH_KNOTS('',3,(#2726,#2727,#2728,#2729,#2730,#2731,
#2732,#2733,#2734,#2735,#2736,#2737,#2738,#2739,#2740,#2741),
 .UNSPECIFIED.,.F.,.F.,(4,2,2,2,2,2,2,4),(0.,0.155089647161643,0.358879805371046,
0.504892341447353,0.596607277624476,0.672477391836724,0.75291514725383,
0.865802767947867),.UNSPECIFIED.);
#35=B_SPLINE_CURVE_WITH_KNOTS('',3,(#2742,#2743,#2744,#2745,#2746,#2747),
 .UNSPECIFIED.,.F.,.F.,(4,1,1,4),(-0.525032996873907,-0.36124781311835,
-0.180623906559175,0.),.UNSPECIFIED.);
#36=B_SPLINE_CURVE_WITH_KNOTS('',3,(#2748,#2749,#2750,#2751,#2752),
 .UNSPECIFIED.,.F.,.F.,(4,1,4),(0.,0.180623906559175,0.228398411417801),
 .UNSPECIFIED.);
#37=B_SPLINE_CURVE_WITH_KNOTS('',3,(#2812,#2813,#2814,#2815,#2816,#2817,
#2818,#2819,#2820,#2821,#2822,#2823,#2824,#2825,#2826,#2827),
 .UNSPECIFIED.,.F.,.F.,(4,2,2,2,2,2,2,4),(0.,0.129441684489213,0.21201046335177,
0.283042704874819,0.372394841016034,0.527911272861659,0.709928352573074,
0.91288160212543),.UNSPECIFIED.);
#38=B_SPLINE_CURVE_WITH_KNOTS('',3,(#2828,#2829,#2830,#2831,#2832),
 .UNSPECIFIED.,.F.,.F.,(4,1,4),(-0.228376259412331,-0.135159752643159,0.),
 .UNSPECIFIED.);
#39=B_SPLINE_CURVE_WITH_KNOTS('',3,(#2833,#2834,#2835,#2836,#2837,#2838),
 .UNSPECIFIED.,.F.,.F.,(4,1,1,4),(0.,0.135159752643159,0.270319505286317,
0.52542962647991),.UNSPECIFIED.);
#40=B_SPLINE_CURVE_WITH_KNOTS('',3,(#2850,#2851,#2852,#2853),
 .UNSPECIFIED.,.F.,.F.,(4,4),(4.60230230030478,4.85575654015002),
 .UNSPECIFIED.);
#41=B_SPLINE_CURVE_WITH_KNOTS('',3,(#2895,#2896,#2897,#2898),
 .UNSPECIFIED.,.F.,.F.,(4,4),(4.60242309333095,4.85577498482113),
 .UNSPECIFIED.);
#42=B_SPLINE_CURVE_WITH_KNOTS('',3,(#2927,#2928,#2929,#2930,#2931),
 .UNSPECIFIED.,.F.,.F.,(4,1,4),(1.8798328846875,2.08051275419524,2.23102265706698),
 .UNSPECIFIED.);
#43=B_SPLINE_SURFACE_WITH_KNOTS('',3,3,((#2682,#2683,#2684,#2685,#2686,
#2687),(#2688,#2689,#2690,#2691,#2692,#2693),(#2694,#2695,#2696,#2697,#2698,
#2699),(#2700,#2701,#2702,#2703,#2704,#2705),(#2706,#2707,#2708,#2709,#2710,
#2711),(#2712,#2713,#2714,#2715,#2716,#2717),(#2718,#2719,#2720,#2721,#2722,
#2723)),.UNSPECIFIED.,.F.,.F.,.F.,(4,1,1,1,4),(4,1,1,4),(0.,0.285714285714286,
0.571428571428571,0.714285714285714,1.),(0.,0.180623906559175,0.36124781311835,
0.632183672957112),.UNSPECIFIED.);
#44=B_SPLINE_SURFACE_WITH_KNOTS('',3,3,((#2768,#2769,#2770,#2771,#2772,
#2773),(#2774,#2775,#2776,#2777,#2778,#2779),(#2780,#2781,#2782,#2783,#2784,
#2785),(#2786,#2787,#2788,#2789,#2790,#2791),(#2792,#2793,#2794,#2795,#2796,
#2797),(#2798,#2799,#2800,#2801,#2802,#2803),(#2804,#2805,#2806,#2807,#2808,
#2809)),.UNSPECIFIED.,.F.,.F.,.F.,(4,1,1,1,4),(4,1,1,4),(0.,0.285714285714286,
0.571428571428571,0.714285714285714,1.),(0.,0.135159752643159,0.270319505286317,
0.63074551233474),.UNSPECIFIED.);
#45=B_SPLINE_SURFACE_WITH_KNOTS('',3,3,((#2876,#2877,#2878,#2879),(#2880,
#2881,#2882,#2883),(#2884,#2885,#2886,#2887),(#2888,#2889,#2890,#2891)),
 .UNSPECIFIED.,.F.,.F.,.F.,(4,4),(4,4),(0.,1.),(-4.85577498482113,-4.60242309333095),
 .UNSPECIFIED.);
#46=B_SPLINE_SURFACE_WITH_KNOTS('',3,3,((#2900,#2901,#2902,#2903,#2904),
(#2905,#2906,#2907,#2908,#2909),(#2910,#2911,#2912,#2913,#2914),(#2915,
#2916,#2917,#2918,#2919),(#2920,#2921,#2922,#2923,#2924)),.UNSPECIFIED.,
 .F.,.F.,.F.,(4,1,4),(4,1,4),(0.,0.571428571428571,1.),(-2.23102265706698,
-2.08051275419524,-1.87983288369958),.UNSPECIFIED.);
#47=B_SPLINE_SURFACE_WITH_KNOTS('',3,3,((#2933,#2934,#2935,#2936),(#2937,
#2938,#2939,#2940),(#2941,#2942,#2943,#2944),(#2945,#2946,#2947,#2948)),
 .UNSPECIFIED.,.F.,.F.,.F.,(4,4),(4,4),(0.,1.),(-4.85575661260846,-4.60230230030478),
 .UNSPECIFIED.);
#48=FACE_BOUND('',#290,.T.);
#49=CIRCLE('',#1819,0.375);
#50=CIRCLE('',#1820,0.125);
#51=CIRCLE('',#1821,0.375);
#52=CIRCLE('',#1822,0.125);
#53=CIRCLE('',#1823,0.375);
#54=CIRCLE('',#1824,0.125);
#55=CIRCLE('',#1825,0.375);
#56=CIRCLE('',#1826,0.125);
#57=CIRCLE('',#1827,0.375);
#58=CIRCLE('',#1828,0.125);
#59=CIRCLE('',#1831,0.125);
#60=CIRCLE('',#1832,0.125);
#61=CIRCLE('',#1835,0.125);
#62=CIRCLE('',#1836,0.125);
#63=CIRCLE('',#1839,0.125);
#64=CIRCLE('',#1840,0.125);
#65=CIRCLE('',#1843,0.125);
#66=CIRCLE('',#1844,0.125);
#67=CIRCLE('',#1847,0.125);
#68=CIRCLE('',#1848,0.125);
#69=CIRCLE('',#1850,0.125);
#70=CIRCLE('',#1853,0.25);
#71=CIRCLE('',#1854,0.25);
#72=CIRCLE('',#1855,0.25);
#73=CIRCLE('',#1856,0.25);
#74=CIRCLE('',#1857,0.25);
#75=CIRCLE('',#1859,0.125);
#76=CIRCLE('',#1860,0.125);
#77=CIRCLE('',#1861,0.375);
#78=CIRCLE('',#1862,0.125);
#79=CIRCLE('',#1863,0.375);
#80=CIRCLE('',#1864,0.375);
#81=CIRCLE('',#1867,0.125);
#82=CIRCLE('',#1868,0.125);
#83=CIRCLE('',#1869,0.25);
#84=CIRCLE('',#1870,0.125);
#85=CIRCLE('',#1872,0.125);
#86=CIRCLE('',#1873,0.125);
#87=CIRCLE('',#1874,0.25);
#88=CIRCLE('',#1876,0.125);
#89=CIRCLE('',#1877,0.125);
#90=CIRCLE('',#1878,0.125);
#91=CIRCLE('',#1879,0.25);
#92=CIRCLE('',#1881,0.125);
#93=CIRCLE('',#1883,0.125);
#94=CIRCLE('',#1884,0.25);
#95=CIRCLE('',#1885,0.375);
#96=CIRCLE('',#1887,0.125);
#97=CIRCLE('',#1888,0.125);
#98=CIRCLE('',#1889,0.125);
#99=CIRCLE('',#1890,0.25);
#100=CIRCLE('',#1892,0.125);
#101=CIRCLE('',#1894,0.125);
#102=CIRCLE('',#1895,0.25);
#103=CIRCLE('',#1896,0.375);
#104=CIRCLE('',#1898,0.125);
#105=CIRCLE('',#1899,0.125);
#106=CIRCLE('',#1900,0.125);
#107=CIRCLE('',#1901,0.25);
#108=CIRCLE('',#1903,0.125);
#109=CIRCLE('',#1905,0.125);
#110=CIRCLE('',#1906,0.25);
#111=CIRCLE('',#1907,0.375);
#112=CIRCLE('',#1909,0.125);
#113=CIRCLE('',#1910,0.125);
#114=CIRCLE('',#1911,0.125);
#115=CIRCLE('',#1912,0.25);
#116=CIRCLE('',#1914,0.125);
#117=CIRCLE('',#1916,0.125);
#118=CIRCLE('',#1917,0.25);
#119=CIRCLE('',#1918,0.375);
#120=CIRCLE('',#1923,0.25);
#121=CIRCLE('',#1926,0.25);
#122=CIRCLE('',#1929,0.25);
#123=CIRCLE('',#1932,0.25);
#124=CIRCLE('',#1935,0.25);
#125=CIRCLE('',#1938,0.25);
#126=CIRCLE('',#1939,0.25);
#127=CIRCLE('',#1940,0.25);
#128=CIRCLE('',#1941,0.25);
#129=CIRCLE('',#1943,0.124999999999999);
#130=CIRCLE('',#1944,0.125);
#131=CIRCLE('',#1946,0.125);
#132=CIRCLE('',#1947,0.125);
#133=CIRCLE('',#1949,0.125);
#134=CIRCLE('',#1951,0.125);
#135=CIRCLE('',#1953,0.125);
#136=CIRCLE('',#1954,0.125);
#137=CIRCLE('',#1956,0.125);
#138=CIRCLE('',#1958,0.125);
#139=CIRCLE('',#1960,0.125);
#140=CIRCLE('',#1961,0.125);
#141=CIRCLE('',#1962,0.25);
#142=CIRCLE('',#1964,0.125);
#143=CIRCLE('',#1966,0.125);
#144=CIRCLE('',#1967,0.25);
#145=CIRCLE('',#1969,0.125);
#146=CIRCLE('',#1970,0.125);
#147=CIRCLE('',#1971,0.25);
#148=CIRCLE('',#1973,0.125);
#149=CIRCLE('',#1975,0.125);
#150=CIRCLE('',#1976,0.25);
#151=CIRCLE('',#1978,0.125);
#152=CIRCLE('',#1979,0.125);
#153=CIRCLE('',#1980,0.25);
#154=PLANE('',#1818);
#155=PLANE('',#1829);
#156=PLANE('',#1833);
#157=PLANE('',#1837);
#158=PLANE('',#1841);
#159=PLANE('',#1845);
#160=PLANE('',#1851);
#161=PLANE('',#1852);
#162=PLANE('',#1865);
#163=PLANE('',#1921);
#164=PLANE('',#1924);
#165=PLANE('',#1927);
#166=PLANE('',#1930);
#167=PLANE('',#1933);
#168=PLANE('',#1936);
#169=PLANE('',#1937);
#170=PLANE('',#1982);
#171=PLANE('',#1984);
#172=PLANE('',#1986);
#173=PLANE('',#1988);
#174=PLANE('',#1990);
#175=PLANE('',#1996);
#176=PLANE('',#1997);
#177=PLANE('',#1998);
#178=FACE_OUTER_BOUND('',#279,.T.);
#179=FACE_OUTER_BOUND('',#280,.T.);
#180=FACE_OUTER_BOUND('',#281,.T.);
#181=FACE_OUTER_BOUND('',#282,.T.);
#182=FACE_OUTER_BOUND('',#283,.T.);
#183=FACE_OUTER_BOUND('',#284,.T.);
#184=FACE_OUTER_BOUND('',#285,.T.);
#185=FACE_OUTER_BOUND('',#286,.T.);
#186=FACE_OUTER_BOUND('',#287,.T.);
#187=FACE_OUTER_BOUND('',#288,.T.);
#188=FACE_OUTER_BOUND('',#289,.T.);
#189=FACE_OUTER_BOUND('',#291,.T.);
#190=FACE_OUTER_BOUND('',#292,.T.);
#191=FACE_OUTER_BOUND('',#293,.T.);
#192=FACE_OUTER_BOUND('',#294,.T.);
#193=FACE_OUTER_BOUND('',#295,.T.);
#194=FACE_OUTER_BOUND('',#296,.T.);
#195=FACE_OUTER_BOUND('',#297,.T.);
#196=FACE_OUTER_BOUND('',#298,.T.);
#197=FACE_OUTER_BOUND('',#299,.T.);
#198=FACE_OUTER_BOUND('',#300,.T.);
#199=FACE_OUTER_BOUND('',#301,.T.);
#200=FACE_OUTER_BOUND('',#302,.T.);
#201=FACE_OUTER_BOUND('',#303,.T.);
#202=FACE_OUTER_BOUND('',#304,.T.);
#203=FACE_OUTER_BOUND('',#305,.T.);
#204=FACE_OUTER_BOUND('',#306,.T.);
#205=FACE_OUTER_BOUND('',#307,.T.);
#206=FACE_OUTER_BOUND('',#308,.T.);
#207=FACE_OUTER_BOUND('',#309,.T.);
#208=FACE_OUTER_BOUND('',#310,.T.);
#209=FACE_OUTER_BOUND('',#311,.T.);
#210=FACE_OUTER_BOUND('',#312,.T.);
#211=FACE_OUTER_BOUND('',#313,.T.);
#212=FACE_OUTER_BOUND('',#314,.T.);
#213=FACE_OUTER_BOUND('',#315,.T.);
#214=FACE_OUTER_BOUND('',#316,.T.);
#215=FACE_OUTER_BOUND('',#317,.T.);
#216=FACE_OUTER_BOUND('',#318,.T.);
#217=FACE_OUTER_BOUND('',#319,.T.);
#218=FACE_OUTER_BOUND('',#320,.T.);
#219=FACE_OUTER_BOUND('',#321,.T.);
#220=FACE_OUTER_BOUND('',#322,.T.);
#221=FACE_OUTER_BOUND('',#323,.T.);
#222=FACE_OUTER_BOUND('',#324,.T.);
#223=FACE_OUTER_BOUND('',#325,.T.);
#224=FACE_OUTER_BOUND('',#326,.T.);
#225=FACE_OUTER_BOUND('',#327,.T.);
#226=FACE_OUTER_BOUND('',#328,.T.);
#227=FACE_OUTER_BOUND('',#329,.T.);
#228=FACE_OUTER_BOUND('',#330,.T.);
#229=FACE_OUTER_BOUND('',#331,.T.);
#230=FACE_OUTER_BOUND('',#332,.T.);
#231=FACE_OUTER_BOUND('',#333,.T.);
#232=FACE_OUTER_BOUND('',#334,.T.);
#233=FACE_OUTER_BOUND('',#335,.T.);
#234=FACE_OUTER_BOUND('',#336,.T.);
#235=FACE_OUTER_BOUND('',#337,.T.);
#236=FACE_OUTER_BOUND('',#338,.T.);
#237=FACE_OUTER_BOUND('',#339,.T.);
#238=FACE_OUTER_BOUND('',#340,.T.);
#239=FACE_OUTER_BOUND('',#341,.T.);
#240=FACE_OUTER_BOUND('',#342,.T.);
#241=FACE_OUTER_BOUND('',#343,.T.);
#242=FACE_OUTER_BOUND('',#344,.T.);
#243=FACE_OUTER_BOUND('',#345,.T.);
#244=FACE_OUTER_BOUND('',#346,.T.);
#245=FACE_OUTER_BOUND('',#347,.T.);
#246=FACE_OUTER_BOUND('',#348,.T.);
#247=FACE_OUTER_BOUND('',#349,.T.);
#248=FACE_OUTER_BOUND('',#350,.T.);
#249=FACE_OUTER_BOUND('',#351,.T.);
#250=FACE_OUTER_BOUND('',#352,.T.);
#251=FACE_OUTER_BOUND('',#353,.T.);
#252=FACE_OUTER_BOUND('',#354,.T.);
#253=FACE_OUTER_BOUND('',#355,.T.);
#254=FACE_OUTER_BOUND('',#356,.T.);
#255=FACE_OUTER_BOUND('',#357,.T.);
#256=FACE_OUTER_BOUND('',#358,.T.);
#257=FACE_OUTER_BOUND('',#359,.T.);
#258=FACE_OUTER_BOUND('',#360,.T.);
#259=FACE_OUTER_BOUND('',#361,.T.);
#260=FACE_OUTER_BOUND('',#362,.T.);
#261=FACE_OUTER_BOUND('',#363,.T.);
#262=FACE_OUTER_BOUND('',#364,.T.);
#263=FACE_OUTER_BOUND('',#365,.T.);
#264=FACE_OUTER_BOUND('',#366,.T.);
#265=FACE_OUTER_BOUND('',#367,.T.);
#266=FACE_OUTER_BOUND('',#368,.T.);
#267=FACE_OUTER_BOUND('',#369,.T.);
#268=FACE_OUTER_BOUND('',#370,.T.);
#269=FACE_OUTER_BOUND('',#371,.T.);
#270=FACE_OUTER_BOUND('',#372,.T.);
#271=FACE_OUTER_BOUND('',#373,.T.);
#272=FACE_OUTER_BOUND('',#374,.T.);
#273=FACE_OUTER_BOUND('',#375,.T.);
#274=FACE_OUTER_BOUND('',#376,.T.);
#275=FACE_OUTER_BOUND('',#377,.T.);
#276=FACE_OUTER_BOUND('',#378,.T.);
#277=FACE_OUTER_BOUND('',#379,.T.);
#278=FACE_OUTER_BOUND('',#380,.T.);
#279=EDGE_LOOP('',(#1029,#1030,#1031,#1032));
#280=EDGE_LOOP('',(#1033,#1034,#1035,#1036));
#281=EDGE_LOOP('',(#1037,#1038,#1039,#1040));
#282=EDGE_LOOP('',(#1041,#1042,#1043,#1044));
#283=EDGE_LOOP('',(#1045,#1046,#1047,#1048));
#284=EDGE_LOOP('',(#1049,#1050,#1051,#1052));
#285=EDGE_LOOP('',(#1053,#1054,#1055,#1056));
#286=EDGE_LOOP('',(#1057,#1058,#1059,#1060));
#287=EDGE_LOOP('',(#1061,#1062,#1063,#1064));
#288=EDGE_LOOP('',(#1065,#1066,#1067,#1068));
#289=EDGE_LOOP('',(#1069,#1070,#1071,#1072,#1073,#1074,#1075,#1076,#1077,
#1078,#1079,#1080,#1081,#1082,#1083,#1084,#1085,#1086,#1087,#1088));
#290=EDGE_LOOP('',(#1089,#1090,#1091,#1092,#1093,#1094,#1095,#1096,#1097,
#1098));
#291=EDGE_LOOP('',(#1099,#1100,#1101,#1102,#1103,#1104,#1105,#1106,#1107,
#1108));
#292=EDGE_LOOP('',(#1109,#1110,#1111,#1112));
#293=EDGE_LOOP('',(#1113,#1114,#1115,#1116));
#294=EDGE_LOOP('',(#1117,#1118,#1119,#1120));
#295=EDGE_LOOP('',(#1121,#1122,#1123,#1124));
#296=EDGE_LOOP('',(#1125,#1126,#1127,#1128));
#297=EDGE_LOOP('',(#1129,#1130,#1131,#1132));
#298=EDGE_LOOP('',(#1133,#1134,#1135,#1136));
#299=EDGE_LOOP('',(#1137,#1138,#1139,#1140));
#300=EDGE_LOOP('',(#1141,#1142,#1143,#1144,#1145));
#301=EDGE_LOOP('',(#1146,#1147,#1148,#1149));
#302=EDGE_LOOP('',(#1150,#1151,#1152,#1153));
#303=EDGE_LOOP('',(#1154,#1155,#1156,#1157));
#304=EDGE_LOOP('',(#1158,#1159,#1160,#1161,#1162));
#305=EDGE_LOOP('',(#1163,#1164,#1165,#1166,#1167,#1168,#1169,#1170,#1171,
#1172,#1173,#1174,#1175,#1176,#1177,#1178,#1179,#1180,#1181,#1182));
#306=EDGE_LOOP('',(#1183,#1184,#1185,#1186));
#307=EDGE_LOOP('',(#1187,#1188,#1189,#1190));
#308=EDGE_LOOP('',(#1191,#1192,#1193,#1194));
#309=EDGE_LOOP('',(#1195,#1196,#1197,#1198));
#310=EDGE_LOOP('',(#1199,#1200,#1201,#1202,#1203));
#311=EDGE_LOOP('',(#1204,#1205,#1206,#1207));
#312=EDGE_LOOP('',(#1208,#1209,#1210,#1211));
#313=EDGE_LOOP('',(#1212,#1213,#1214,#1215,#1216,#1217));
#314=EDGE_LOOP('',(#1218,#1219,#1220,#1221,#1222));
#315=EDGE_LOOP('',(#1223,#1224,#1225,#1226));
#316=EDGE_LOOP('',(#1227,#1228,#1229,#1230));
#317=EDGE_LOOP('',(#1231,#1232,#1233,#1234));
#318=EDGE_LOOP('',(#1235,#1236,#1237,#1238));
#319=EDGE_LOOP('',(#1239,#1240,#1241,#1242));
#320=EDGE_LOOP('',(#1243,#1244,#1245,#1246));
#321=EDGE_LOOP('',(#1247,#1248,#1249,#1250));
#322=EDGE_LOOP('',(#1251,#1252,#1253,#1254));
#323=EDGE_LOOP('',(#1255,#1256,#1257,#1258));
#324=EDGE_LOOP('',(#1259,#1260,#1261,#1262));
#325=EDGE_LOOP('',(#1263,#1264,#1265,#1266));
#326=EDGE_LOOP('',(#1267,#1268,#1269,#1270));
#327=EDGE_LOOP('',(#1271,#1272,#1273,#1274));
#328=EDGE_LOOP('',(#1275,#1276,#1277,#1278));
#329=EDGE_LOOP('',(#1279,#1280,#1281,#1282));
#330=EDGE_LOOP('',(#1283,#1284,#1285,#1286));
#331=EDGE_LOOP('',(#1287,#1288,#1289,#1290,#1291));
#332=EDGE_LOOP('',(#1292,#1293,#1294,#1295));
#333=EDGE_LOOP('',(#1296,#1297,#1298,#1299));
#334=EDGE_LOOP('',(#1300,#1301,#1302,#1303));
#335=EDGE_LOOP('',(#1304,#1305,#1306,#1307));
#336=EDGE_LOOP('',(#1308,#1309,#1310,#1311));
#337=EDGE_LOOP('',(#1312,#1313,#1314,#1315));
#338=EDGE_LOOP('',(#1316,#1317,#1318,#1319));
#339=EDGE_LOOP('',(#1320,#1321,#1322,#1323));
#340=EDGE_LOOP('',(#1324,#1325,#1326,#1327));
#341=EDGE_LOOP('',(#1328,#1329,#1330,#1331));
#342=EDGE_LOOP('',(#1332,#1333,#1334,#1335));
#343=EDGE_LOOP('',(#1336,#1337,#1338,#1339,#1340,#1341,#1342,#1343,#1344,
#1345,#1346,#1347,#1348,#1349,#1350,#1351,#1352,#1353,#1354,#1355,#1356,
#1357,#1358,#1359,#1360,#1361,#1362,#1363,#1364,#1365,#1366,#1367,#1368,
#1369,#1370,#1371));
#344=EDGE_LOOP('',(#1372,#1373,#1374,#1375));
#345=EDGE_LOOP('',(#1376,#1377,#1378,#1379));
#346=EDGE_LOOP('',(#1380,#1381,#1382,#1383));
#347=EDGE_LOOP('',(#1384,#1385,#1386,#1387));
#348=EDGE_LOOP('',(#1388,#1389,#1390,#1391));
#349=EDGE_LOOP('',(#1392,#1393,#1394,#1395));
#350=EDGE_LOOP('',(#1396,#1397,#1398,#1399));
#351=EDGE_LOOP('',(#1400,#1401,#1402,#1403));
#352=EDGE_LOOP('',(#1404,#1405,#1406,#1407));
#353=EDGE_LOOP('',(#1408,#1409,#1410,#1411));
#354=EDGE_LOOP('',(#1412,#1413,#1414,#1415));
#355=EDGE_LOOP('',(#1416,#1417,#1418,#1419));
#356=EDGE_LOOP('',(#1420,#1421,#1422,#1423));
#357=EDGE_LOOP('',(#1424,#1425,#1426,#1427));
#358=EDGE_LOOP('',(#1428,#1429,#1430,#1431));
#359=EDGE_LOOP('',(#1432,#1433,#1434,#1435));
#360=EDGE_LOOP('',(#1436,#1437,#1438,#1439));
#361=EDGE_LOOP('',(#1440,#1441,#1442,#1443));
#362=EDGE_LOOP('',(#1444,#1445,#1446,#1447));
#363=EDGE_LOOP('',(#1448,#1449,#1450,#1451));
#364=EDGE_LOOP('',(#1452,#1453,#1454,#1455));
#365=EDGE_LOOP('',(#1456,#1457,#1458,#1459));
#366=EDGE_LOOP('',(#1460,#1461,#1462,#1463));
#367=EDGE_LOOP('',(#1464,#1465,#1466,#1467));
#368=EDGE_LOOP('',(#1468,#1469,#1470,#1471));
#369=EDGE_LOOP('',(#1472,#1473,#1474,#1475));
#370=EDGE_LOOP('',(#1476,#1477,#1478,#1479));
#371=EDGE_LOOP('',(#1480,#1481,#1482,#1483));
#372=EDGE_LOOP('',(#1484,#1485,#1486,#1487));
#373=EDGE_LOOP('',(#1488,#1489,#1490,#1491));
#374=EDGE_LOOP('',(#1492,#1493,#1494,#1495));
#375=EDGE_LOOP('',(#1496,#1497,#1498,#1499));
#376=EDGE_LOOP('',(#1500,#1501,#1502,#1503));
#377=EDGE_LOOP('',(#1504,#1505,#1506,#1507));
#378=EDGE_LOOP('',(#1508,#1509,#1510,#1511));
#379=EDGE_LOOP('',(#1512,#1513,#1514,#1515));
#380=EDGE_LOOP('',(#1516,#1517,#1518,#1519,#1520));
#381=ELLIPSE('',#1799,2.99802928844644,0.99);
#382=ELLIPSE('',#1800,1.2044314585232,0.99);
#383=ELLIPSE('',#1802,2.99802928844644,0.99);
#384=ELLIPSE('',#1804,1.2044314585232,0.99);
#385=ELLIPSE('',#1806,2.99802928844644,0.99);
#386=ELLIPSE('',#1808,1.2044314585232,0.99);
#387=ELLIPSE('',#1810,2.99802928844644,0.99);
#388=ELLIPSE('',#1812,1.2044314585232,0.99);
#389=ELLIPSE('',#1814,2.99802928844644,0.99);
#390=ELLIPSE('',#1816,1.2044314585232,0.99);
#391=LINE('',#2529,#513);
#392=LINE('',#2533,#514);
#393=LINE('',#2537,#515);
#394=LINE('',#2540,#516);
#395=LINE('',#2543,#517);
#396=LINE('',#2546,#518);
#397=LINE('',#2549,#519);
#398=LINE('',#2552,#520);
#399=LINE('',#2555,#521);
#400=LINE('',#2558,#522);
#401=LINE('',#2561,#523);
#402=LINE('',#2563,#524);
#403=LINE('',#2567,#525);
#404=LINE('',#2569,#526);
#405=LINE('',#2573,#527);
#406=LINE('',#2575,#528);
#407=LINE('',#2579,#529);
#408=LINE('',#2581,#530);
#409=LINE('',#2584,#531);
#410=LINE('',#2585,#532);
#411=LINE('',#2591,#533);
#412=LINE('',#2595,#534);
#413=LINE('',#2599,#535);
#414=LINE('',#2603,#536);
#415=LINE('',#2607,#537);
#416=LINE('',#2611,#538);
#417=LINE('',#2615,#539);
#418=LINE('',#2619,#540);
#419=LINE('',#2623,#541);
#420=LINE('',#2626,#542);
#421=LINE('',#2633,#543);
#422=LINE('',#2636,#544);
#423=LINE('',#2639,#545);
#424=LINE('',#2641,#546);
#425=LINE('',#2642,#547);
#426=LINE('',#2648,#548);
#427=LINE('',#2651,#549);
#428=LINE('',#2654,#550);
#429=LINE('',#2656,#551);
#430=LINE('',#2657,#552);
#431=LINE('',#2663,#553);
#432=LINE('',#2666,#554);
#433=LINE('',#2669,#555);
#434=LINE('',#2671,#556);
#435=LINE('',#2672,#557);
#436=LINE('',#2678,#558);
#437=LINE('',#2681,#559);
#438=LINE('',#2755,#560);
#439=LINE('',#2757,#561);
#440=LINE('',#2758,#562);
#441=LINE('',#2764,#563);
#442=LINE('',#2767,#564);
#443=LINE('',#2841,#565);
#444=LINE('',#2844,#566);
#445=LINE('',#2847,#567);
#446=LINE('',#2849,#568);
#447=LINE('',#2856,#569);
#448=LINE('',#2859,#570);
#449=LINE('',#2862,#571);
#450=LINE('',#2865,#572);
#451=LINE('',#2868,#573);
#452=LINE('',#2872,#574);
#453=LINE('',#2875,#575);
#454=LINE('',#2951,#576);
#455=LINE('',#2986,#577);
#456=LINE('',#2987,#578);
#457=LINE('',#3012,#579);
#458=LINE('',#3013,#580);
#459=LINE('',#3024,#581);
#460=LINE('',#3025,#582);
#461=LINE('',#3050,#583);
#462=LINE('',#3051,#584);
#463=LINE('',#3062,#585);
#464=LINE('',#3063,#586);
#465=LINE('',#3088,#587);
#466=LINE('',#3089,#588);
#467=LINE('',#3100,#589);
#468=LINE('',#3101,#590);
#469=LINE('',#3126,#591);
#470=LINE('',#3127,#592);
#471=LINE('',#3135,#593);
#472=LINE('',#3136,#594);
#473=LINE('',#3138,#595);
#474=LINE('',#3139,#596);
#475=LINE('',#3142,#597);
#476=LINE('',#3144,#598);
#477=LINE('',#3145,#599);
#478=LINE('',#3148,#600);
#479=LINE('',#3152,#601);
#480=LINE('',#3153,#602);
#481=LINE('',#3156,#603);
#482=LINE('',#3160,#604);
#483=LINE('',#3161,#605);
#484=LINE('',#3164,#606);
#485=LINE('',#3168,#607);
#486=LINE('',#3169,#608);
#487=LINE('',#3172,#609);
#488=LINE('',#3176,#610);
#489=LINE('',#3177,#611);
#490=LINE('',#3180,#612);
#491=LINE('',#3184,#613);
#492=LINE('',#3185,#614);
#493=LINE('',#3190,#615);
#494=LINE('',#3193,#616);
#495=LINE('',#3196,#617);
#496=LINE('',#3267,#618);
#497=LINE('',#3275,#619);
#498=LINE('',#3297,#620);
#499=LINE('',#3305,#621);
#500=LINE('',#3325,#622);
#501=LINE('',#3327,#623);
#502=LINE('',#3328,#624);
#503=LINE('',#3330,#625);
#504=LINE('',#3332,#626);
#505=LINE('',#3334,#627);
#506=LINE('',#3336,#628);
#507=LINE('',#3338,#629);
#508=LINE('',#3340,#630);
#509=LINE('',#3342,#631);
#510=LINE('',#3345,#632);
#511=LINE('',#3348,#633);
#512=LINE('',#3350,#634);
#513=VECTOR('',#2003,0.99);
#514=VECTOR('',#2006,0.393700787401575);
#515=VECTOR('',#2011,0.393700787401575);
#516=VECTOR('',#2014,0.99);
#517=VECTOR('',#2017,0.393700787401575);
#518=VECTOR('',#2020,0.99);
#519=VECTOR('',#2023,0.393700787401575);
#520=VECTOR('',#2026,0.99);
#521=VECTOR('',#2029,0.393700787401575);
#522=VECTOR('',#2032,0.99);
#523=VECTOR('',#2035,0.99);
#524=VECTOR('',#2036,0.393700787401575);
#525=VECTOR('',#2041,0.99);
#526=VECTOR('',#2042,0.393700787401575);
#527=VECTOR('',#2047,0.99);
#528=VECTOR('',#2048,0.393700787401575);
#529=VECTOR('',#2053,0.99);
#530=VECTOR('',#2054,0.393700787401575);
#531=VECTOR('',#2059,0.99);
#532=VECTOR('',#2060,0.393700787401575);
#533=VECTOR('',#2065,0.393700787401575);
#534=VECTOR('',#2068,0.393700787401575);
#535=VECTOR('',#2071,0.393700787401575);
#536=VECTOR('',#2074,0.393700787401575);
#537=VECTOR('',#2077,0.393700787401575);
#538=VECTOR('',#2080,0.393700787401575);
#539=VECTOR('',#2083,0.393700787401575);
#540=VECTOR('',#2086,0.393700787401575);
#541=VECTOR('',#2089,0.393700787401575);
#542=VECTOR('',#2092,0.393700787401575);
#543=VECTOR('',#2099,0.393700787401575);
#544=VECTOR('',#2102,0.393700787401575);
#545=VECTOR('',#2105,0.393700787401575);
#546=VECTOR('',#2106,0.393700787401575);
#547=VECTOR('',#2107,0.393700787401575);
#548=VECTOR('',#2112,0.393700787401575);
#549=VECTOR('',#2115,0.393700787401575);
#550=VECTOR('',#2118,0.393700787401575);
#551=VECTOR('',#2119,0.393700787401575);
#552=VECTOR('',#2120,0.393700787401575);
#553=VECTOR('',#2125,0.393700787401575);
#554=VECTOR('',#2128,0.393700787401575);
#555=VECTOR('',#2131,0.393700787401575);
#556=VECTOR('',#2132,0.393700787401575);
#557=VECTOR('',#2133,0.393700787401575);
#558=VECTOR('',#2138,0.393700787401575);
#559=VECTOR('',#2141,0.393700787401575);
#560=VECTOR('',#2144,0.393700787401575);
#561=VECTOR('',#2145,0.393700787401575);
#562=VECTOR('',#2146,0.393700787401575);
#563=VECTOR('',#2151,0.393700787401575);
#564=VECTOR('',#2154,0.393700787401575);
#565=VECTOR('',#2157,0.125);
#566=VECTOR('',#2160,0.393700787401575);
#567=VECTOR('',#2163,0.393700787401575);
#568=VECTOR('',#2164,0.393700787401575);
#569=VECTOR('',#2167,0.393700787401575);
#570=VECTOR('',#2170,0.393700787401575);
#571=VECTOR('',#2173,0.393700787401575);
#572=VECTOR('',#2176,0.393700787401575);
#573=VECTOR('',#2179,0.393700787401575);
#574=VECTOR('',#2184,0.393700787401575);
#575=VECTOR('',#2187,0.125);
#576=VECTOR('',#2200,0.393700787401575);
#577=VECTOR('',#2223,0.393700787401575);
#578=VECTOR('',#2224,0.393700787401575);
#579=VECTOR('',#2235,0.393700787401575);
#580=VECTOR('',#2236,0.393700787401575);
#581=VECTOR('',#2249,0.393700787401575);
#582=VECTOR('',#2250,0.393700787401575);
#583=VECTOR('',#2261,0.393700787401575);
#584=VECTOR('',#2262,0.393700787401575);
#585=VECTOR('',#2275,0.393700787401575);
#586=VECTOR('',#2276,0.393700787401575);
#587=VECTOR('',#2287,0.393700787401575);
#588=VECTOR('',#2288,0.393700787401575);
#589=VECTOR('',#2301,0.393700787401575);
#590=VECTOR('',#2302,0.393700787401575);
#591=VECTOR('',#2313,0.393700787401575);
#592=VECTOR('',#2314,0.393700787401575);
#593=VECTOR('',#2325,0.393700787401575);
#594=VECTOR('',#2326,0.393700787401575);
#595=VECTOR('',#2329,0.393700787401575);
#596=VECTOR('',#2330,0.393700787401575);
#597=VECTOR('',#2333,0.393700787401575);
#598=VECTOR('',#2334,0.393700787401575);
#599=VECTOR('',#2335,0.393700787401575);
#600=VECTOR('',#2338,0.393700787401575);
#601=VECTOR('',#2343,0.393700787401575);
#602=VECTOR('',#2344,0.393700787401575);
#603=VECTOR('',#2347,0.393700787401575);
#604=VECTOR('',#2352,0.393700787401575);
#605=VECTOR('',#2353,0.393700787401575);
#606=VECTOR('',#2356,0.393700787401575);
#607=VECTOR('',#2361,0.393700787401575);
#608=VECTOR('',#2362,0.393700787401575);
#609=VECTOR('',#2365,0.393700787401575);
#610=VECTOR('',#2370,0.393700787401575);
#611=VECTOR('',#2371,0.393700787401575);
#612=VECTOR('',#2374,0.393700787401575);
#613=VECTOR('',#2379,0.393700787401575);
#614=VECTOR('',#2380,0.393700787401575);
#615=VECTOR('',#2387,0.393700787401575);
#616=VECTOR('',#2390,0.393700787401575);
#617=VECTOR('',#2393,0.393700787401575);
#618=VECTOR('',#2440,0.393700787401575);
#619=VECTOR('',#2451,0.393700787401575);
#620=VECTOR('',#2460,0.393700787401575);
#621=VECTOR('',#2471,0.393700787401575);
#622=VECTOR('',#2478,0.393700787401575);
#623=VECTOR('',#2481,0.393700787401575);
#624=VECTOR('',#2482,0.393700787401575);
#625=VECTOR('',#2485,0.393700787401575);
#626=VECTOR('',#2488,0.393700787401575);
#627=VECTOR('',#2491,0.393700787401575);
#628=VECTOR('',#2494,0.393700787401575);
#629=VECTOR('',#2497,0.393700787401575);
#630=VECTOR('',#2500,0.393700787401575);
#631=VECTOR('',#2503,0.393700787401575);
#632=VECTOR('',#2508,0.393700787401575);
#633=VECTOR('',#2513,0.393700787401575);
#634=VECTOR('',#2516,0.393700787401575);
#635=VERTEX_POINT('',#2527);
#636=VERTEX_POINT('',#2528);
#637=VERTEX_POINT('',#2530);
#638=VERTEX_POINT('',#2532);
#639=VERTEX_POINT('',#2536);
#640=VERTEX_POINT('',#2538);
#641=VERTEX_POINT('',#2542);
#642=VERTEX_POINT('',#2544);
#643=VERTEX_POINT('',#2548);
#644=VERTEX_POINT('',#2550);
#645=VERTEX_POINT('',#2554);
#646=VERTEX_POINT('',#2556);
#647=VERTEX_POINT('',#2560);
#648=VERTEX_POINT('',#2562);
#649=VERTEX_POINT('',#2566);
#650=VERTEX_POINT('',#2568);
#651=VERTEX_POINT('',#2572);
#652=VERTEX_POINT('',#2574);
#653=VERTEX_POINT('',#2578);
#654=VERTEX_POINT('',#2580);
#655=VERTEX_POINT('',#2587);
#656=VERTEX_POINT('',#2588);
#657=VERTEX_POINT('',#2590);
#658=VERTEX_POINT('',#2592);
#659=VERTEX_POINT('',#2594);
#660=VERTEX_POINT('',#2596);
#661=VERTEX_POINT('',#2598);
#662=VERTEX_POINT('',#2600);
#663=VERTEX_POINT('',#2602);
#664=VERTEX_POINT('',#2604);
#665=VERTEX_POINT('',#2606);
#666=VERTEX_POINT('',#2608);
#667=VERTEX_POINT('',#2610);
#668=VERTEX_POINT('',#2612);
#669=VERTEX_POINT('',#2614);
#670=VERTEX_POINT('',#2616);
#671=VERTEX_POINT('',#2618);
#672=VERTEX_POINT('',#2620);
#673=VERTEX_POINT('',#2622);
#674=VERTEX_POINT('',#2624);
#675=VERTEX_POINT('',#2629);
#676=VERTEX_POINT('',#2630);
#677=VERTEX_POINT('',#2632);
#678=VERTEX_POINT('',#2634);
#679=VERTEX_POINT('',#2638);
#680=VERTEX_POINT('',#2640);
#681=VERTEX_POINT('',#2644);
#682=VERTEX_POINT('',#2645);
#683=VERTEX_POINT('',#2647);
#684=VERTEX_POINT('',#2649);
#685=VERTEX_POINT('',#2653);
#686=VERTEX_POINT('',#2655);
#687=VERTEX_POINT('',#2659);
#688=VERTEX_POINT('',#2660);
#689=VERTEX_POINT('',#2662);
#690=VERTEX_POINT('',#2664);
#691=VERTEX_POINT('',#2668);
#692=VERTEX_POINT('',#2670);
#693=VERTEX_POINT('',#2674);
#694=VERTEX_POINT('',#2675);
#695=VERTEX_POINT('',#2677);
#696=VERTEX_POINT('',#2679);
#697=VERTEX_POINT('',#2724);
#698=VERTEX_POINT('',#2725);
#699=VERTEX_POINT('',#2754);
#700=VERTEX_POINT('',#2756);
#701=VERTEX_POINT('',#2760);
#702=VERTEX_POINT('',#2761);
#703=VERTEX_POINT('',#2763);
#704=VERTEX_POINT('',#2765);
#705=VERTEX_POINT('',#2810);
#706=VERTEX_POINT('',#2811);
#707=VERTEX_POINT('',#2840);
#708=VERTEX_POINT('',#2842);
#709=VERTEX_POINT('',#2846);
#710=VERTEX_POINT('',#2848);
#711=VERTEX_POINT('',#2855);
#712=VERTEX_POINT('',#2858);
#713=VERTEX_POINT('',#2861);
#714=VERTEX_POINT('',#2864);
#715=VERTEX_POINT('',#2867);
#716=VERTEX_POINT('',#2871);
#717=VERTEX_POINT('',#2873);
#718=VERTEX_POINT('',#2892);
#719=VERTEX_POINT('',#2893);
#720=VERTEX_POINT('',#2925);
#721=VERTEX_POINT('',#2968);
#722=VERTEX_POINT('',#2969);
#723=VERTEX_POINT('',#2971);
#724=VERTEX_POINT('',#2973);
#725=VERTEX_POINT('',#2977);
#726=VERTEX_POINT('',#2979);
#727=VERTEX_POINT('',#2983);
#728=VERTEX_POINT('',#2984);
#729=VERTEX_POINT('',#3003);
#730=VERTEX_POINT('',#3005);
#731=VERTEX_POINT('',#3009);
#732=VERTEX_POINT('',#3010);
#733=VERTEX_POINT('',#3015);
#734=VERTEX_POINT('',#3016);
#735=VERTEX_POINT('',#3021);
#736=VERTEX_POINT('',#3022);
#737=VERTEX_POINT('',#3041);
#738=VERTEX_POINT('',#3043);
#739=VERTEX_POINT('',#3047);
#740=VERTEX_POINT('',#3048);
#741=VERTEX_POINT('',#3053);
#742=VERTEX_POINT('',#3054);
#743=VERTEX_POINT('',#3059);
#744=VERTEX_POINT('',#3060);
#745=VERTEX_POINT('',#3079);
#746=VERTEX_POINT('',#3081);
#747=VERTEX_POINT('',#3085);
#748=VERTEX_POINT('',#3086);
#749=VERTEX_POINT('',#3091);
#750=VERTEX_POINT('',#3092);
#751=VERTEX_POINT('',#3097);
#752=VERTEX_POINT('',#3098);
#753=VERTEX_POINT('',#3117);
#754=VERTEX_POINT('',#3119);
#755=VERTEX_POINT('',#3123);
#756=VERTEX_POINT('',#3124);
#757=VERTEX_POINT('',#3129);
#758=VERTEX_POINT('',#3130);
#759=VERTEX_POINT('',#3141);
#760=VERTEX_POINT('',#3143);
#761=VERTEX_POINT('',#3147);
#762=VERTEX_POINT('',#3151);
#763=VERTEX_POINT('',#3155);
#764=VERTEX_POINT('',#3159);
#765=VERTEX_POINT('',#3163);
#766=VERTEX_POINT('',#3167);
#767=VERTEX_POINT('',#3171);
#768=VERTEX_POINT('',#3175);
#769=VERTEX_POINT('',#3179);
#770=VERTEX_POINT('',#3183);
#771=VERTEX_POINT('',#3188);
#772=VERTEX_POINT('',#3191);
#773=VERTEX_POINT('',#3194);
#774=VERTEX_POINT('',#3261);
#775=VERTEX_POINT('',#3265);
#776=VERTEX_POINT('',#3269);
#777=VERTEX_POINT('',#3273);
#778=VERTEX_POINT('',#3291);
#779=VERTEX_POINT('',#3295);
#780=VERTEX_POINT('',#3299);
#781=VERTEX_POINT('',#3303);
#782=VERTEX_POINT('',#3321);
#783=EDGE_CURVE('',#635,#636,#391,.T.);
#784=EDGE_CURVE('',#636,#637,#381,.T.);
#785=EDGE_CURVE('',#638,#637,#392,.T.);
#786=EDGE_CURVE('',#638,#635,#382,.T.);
#787=EDGE_CURVE('',#639,#638,#393,.T.);
#788=EDGE_CURVE('',#639,#640,#383,.T.);
#789=EDGE_CURVE('',#640,#635,#394,.T.);
#790=EDGE_CURVE('',#641,#639,#395,.T.);
#791=EDGE_CURVE('',#641,#642,#384,.T.);
#792=EDGE_CURVE('',#642,#640,#396,.T.);
#793=EDGE_CURVE('',#643,#641,#397,.T.);
#794=EDGE_CURVE('',#643,#644,#385,.T.);
#795=EDGE_CURVE('',#644,#642,#398,.T.);
#796=EDGE_CURVE('',#645,#643,#399,.T.);
#797=EDGE_CURVE('',#645,#646,#386,.T.);
#798=EDGE_CURVE('',#646,#644,#400,.T.);
#799=EDGE_CURVE('',#647,#646,#401,.T.);
#800=EDGE_CURVE('',#648,#645,#402,.T.);
#801=EDGE_CURVE('',#648,#647,#387,.T.);
#802=EDGE_CURVE('',#649,#647,#403,.T.);
#803=EDGE_CURVE('',#650,#648,#404,.T.);
#804=EDGE_CURVE('',#650,#649,#388,.T.);
#805=EDGE_CURVE('',#651,#649,#405,.T.);
#806=EDGE_CURVE('',#652,#650,#406,.T.);
#807=EDGE_CURVE('',#652,#651,#389,.T.);
#808=EDGE_CURVE('',#653,#651,#407,.T.);
#809=EDGE_CURVE('',#654,#652,#408,.T.);
#810=EDGE_CURVE('',#654,#653,#390,.T.);
#811=EDGE_CURVE('',#636,#653,#409,.T.);
#812=EDGE_CURVE('',#637,#654,#410,.T.);
#813=EDGE_CURVE('',#655,#656,#49,.T.);
#814=EDGE_CURVE('',#657,#655,#411,.T.);
#815=EDGE_CURVE('',#658,#657,#50,.T.);
#816=EDGE_CURVE('',#659,#658,#412,.T.);
#817=EDGE_CURVE('',#660,#659,#51,.T.);
#818=EDGE_CURVE('',#661,#660,#413,.T.);
#819=EDGE_CURVE('',#662,#661,#52,.T.);
#820=EDGE_CURVE('',#663,#662,#414,.T.);
#821=EDGE_CURVE('',#664,#663,#53,.T.);
#822=EDGE_CURVE('',#665,#664,#415,.T.);
#823=EDGE_CURVE('',#666,#665,#54,.T.);
#824=EDGE_CURVE('',#667,#666,#416,.T.);
#825=EDGE_CURVE('',#668,#667,#55,.T.);
#826=EDGE_CURVE('',#669,#668,#417,.T.);
#827=EDGE_CURVE('',#670,#669,#56,.T.);
#828=EDGE_CURVE('',#671,#670,#418,.T.);
#829=EDGE_CURVE('',#672,#671,#57,.T.);
#830=EDGE_CURVE('',#673,#672,#419,.T.);
#831=EDGE_CURVE('',#674,#673,#58,.T.);
#832=EDGE_CURVE('',#656,#674,#420,.T.);
#833=EDGE_CURVE('',#675,#676,#59,.T.);
#834=EDGE_CURVE('',#675,#677,#421,.T.);
#835=EDGE_CURVE('',#677,#678,#60,.T.);
#836=EDGE_CURVE('',#678,#676,#422,.T.);
#837=EDGE_CURVE('',#675,#679,#423,.F.);
#838=EDGE_CURVE('',#680,#679,#424,.T.);
#839=EDGE_CURVE('',#677,#680,#425,.T.);
#840=EDGE_CURVE('',#681,#682,#61,.T.);
#841=EDGE_CURVE('',#681,#683,#426,.T.);
#842=EDGE_CURVE('',#683,#684,#62,.T.);
#843=EDGE_CURVE('',#684,#682,#427,.T.);
#844=EDGE_CURVE('',#681,#685,#428,.F.);
#845=EDGE_CURVE('',#686,#685,#429,.T.);
#846=EDGE_CURVE('',#683,#686,#430,.T.);
#847=EDGE_CURVE('',#687,#688,#63,.T.);
#848=EDGE_CURVE('',#687,#689,#431,.T.);
#849=EDGE_CURVE('',#689,#690,#64,.T.);
#850=EDGE_CURVE('',#690,#688,#432,.T.);
#851=EDGE_CURVE('',#687,#691,#433,.F.);
#852=EDGE_CURVE('',#692,#691,#434,.T.);
#853=EDGE_CURVE('',#689,#692,#435,.T.);
#854=EDGE_CURVE('',#693,#694,#65,.T.);
#855=EDGE_CURVE('',#693,#695,#436,.T.);
#856=EDGE_CURVE('',#695,#696,#66,.T.);
#857=EDGE_CURVE('',#696,#694,#437,.T.);
#858=EDGE_CURVE('',#697,#698,#34,.T.);
#859=EDGE_CURVE('',#698,#696,#35,.T.);
#860=EDGE_CURVE('',#695,#697,#36,.T.);
#861=EDGE_CURVE('',#693,#699,#438,.F.);
#862=EDGE_CURVE('',#700,#699,#439,.T.);
#863=EDGE_CURVE('',#697,#700,#440,.T.);
#864=EDGE_CURVE('',#701,#702,#67,.T.);
#865=EDGE_CURVE('',#701,#703,#441,.T.);
#866=EDGE_CURVE('',#703,#704,#68,.T.);
#867=EDGE_CURVE('',#704,#702,#442,.T.);
#868=EDGE_CURVE('',#705,#706,#37,.F.);
#869=EDGE_CURVE('',#705,#704,#38,.T.);
#870=EDGE_CURVE('',#703,#706,#39,.T.);
#871=EDGE_CURVE('',#703,#707,#443,.T.);
#872=EDGE_CURVE('',#708,#707,#69,.T.);
#873=EDGE_CURVE('',#706,#708,#444,.T.);
#874=EDGE_CURVE('',#701,#709,#445,.F.);
#875=EDGE_CURVE('',#710,#709,#446,.T.);
#876=EDGE_CURVE('',#707,#710,#40,.T.);
#877=EDGE_CURVE('',#711,#676,#447,.F.);
#878=EDGE_CURVE('',#685,#711,#70,.F.);
#879=EDGE_CURVE('',#712,#682,#448,.F.);
#880=EDGE_CURVE('',#691,#712,#71,.F.);
#881=EDGE_CURVE('',#713,#688,#449,.F.);
#882=EDGE_CURVE('',#699,#713,#72,.F.);
#883=EDGE_CURVE('',#714,#694,#450,.F.);
#884=EDGE_CURVE('',#709,#714,#73,.F.);
#885=EDGE_CURVE('',#715,#702,#451,.F.);
#886=EDGE_CURVE('',#679,#715,#74,.F.);
#887=EDGE_CURVE('',#716,#698,#452,.T.);
#888=EDGE_CURVE('',#716,#717,#75,.T.);
#889=EDGE_CURVE('',#717,#696,#453,.T.);
#890=EDGE_CURVE('',#718,#719,#76,.T.);
#891=EDGE_CURVE('',#719,#717,#41,.T.);
#892=EDGE_CURVE('',#718,#716,#77,.T.);
#893=EDGE_CURVE('',#720,#710,#78,.T.);
#894=EDGE_CURVE('',#710,#719,#42,.T.);
#895=EDGE_CURVE('',#720,#718,#79,.T.);
#896=EDGE_CURVE('',#708,#720,#80,.T.);
#897=EDGE_CURVE('',#714,#719,#454,.T.);
#898=EDGE_CURVE('',#721,#722,#81,.T.);
#899=EDGE_CURVE('',#722,#723,#82,.T.);
#900=EDGE_CURVE('',#723,#724,#83,.T.);
#901=EDGE_CURVE('',#721,#724,#84,.T.);
#902=EDGE_CURVE('',#725,#708,#85,.T.);
#903=EDGE_CURVE('',#716,#726,#86,.T.);
#904=EDGE_CURVE('',#726,#725,#87,.T.);
#905=EDGE_CURVE('',#727,#728,#88,.T.);
#906=EDGE_CURVE('',#728,#726,#455,.T.);
#907=EDGE_CURVE('',#698,#727,#456,.T.);
#908=EDGE_CURVE('',#729,#727,#89,.T.);
#909=EDGE_CURVE('',#729,#730,#90,.T.);
#910=EDGE_CURVE('',#730,#728,#91,.T.);
#911=EDGE_CURVE('',#731,#732,#92,.T.);
#912=EDGE_CURVE('',#732,#730,#457,.T.);
#913=EDGE_CURVE('',#729,#731,#458,.T.);
#914=EDGE_CURVE('',#733,#734,#93,.T.);
#915=EDGE_CURVE('',#734,#732,#94,.T.);
#916=EDGE_CURVE('',#731,#733,#95,.T.);
#917=EDGE_CURVE('',#735,#736,#96,.T.);
#918=EDGE_CURVE('',#736,#734,#459,.T.);
#919=EDGE_CURVE('',#733,#735,#460,.T.);
#920=EDGE_CURVE('',#735,#737,#97,.T.);
#921=EDGE_CURVE('',#737,#738,#98,.T.);
#922=EDGE_CURVE('',#738,#736,#99,.T.);
#923=EDGE_CURVE('',#739,#740,#100,.T.);
#924=EDGE_CURVE('',#740,#738,#461,.T.);
#925=EDGE_CURVE('',#737,#739,#462,.T.);
#926=EDGE_CURVE('',#741,#742,#101,.T.);
#927=EDGE_CURVE('',#742,#740,#102,.T.);
#928=EDGE_CURVE('',#739,#741,#103,.T.);
#929=EDGE_CURVE('',#743,#744,#104,.T.);
#930=EDGE_CURVE('',#744,#742,#463,.T.);
#931=EDGE_CURVE('',#741,#743,#464,.T.);
#932=EDGE_CURVE('',#743,#745,#105,.F.);
#933=EDGE_CURVE('',#745,#746,#106,.T.);
#934=EDGE_CURVE('',#746,#744,#107,.T.);
#935=EDGE_CURVE('',#747,#748,#108,.T.);
#936=EDGE_CURVE('',#748,#746,#465,.T.);
#937=EDGE_CURVE('',#745,#747,#466,.T.);
#938=EDGE_CURVE('',#749,#750,#109,.T.);
#939=EDGE_CURVE('',#750,#748,#110,.T.);
#940=EDGE_CURVE('',#747,#749,#111,.T.);
#941=EDGE_CURVE('',#751,#752,#112,.T.);
#942=EDGE_CURVE('',#752,#750,#467,.T.);
#943=EDGE_CURVE('',#749,#751,#468,.T.);
#944=EDGE_CURVE('',#751,#753,#113,.F.);
#945=EDGE_CURVE('',#753,#754,#114,.T.);
#946=EDGE_CURVE('',#754,#752,#115,.T.);
#947=EDGE_CURVE('',#755,#756,#116,.T.);
#948=EDGE_CURVE('',#756,#754,#469,.T.);
#949=EDGE_CURVE('',#753,#755,#470,.T.);
#950=EDGE_CURVE('',#757,#758,#117,.T.);
#951=EDGE_CURVE('',#758,#756,#118,.T.);
#952=EDGE_CURVE('',#755,#757,#119,.T.);
#953=EDGE_CURVE('',#724,#758,#471,.T.);
#954=EDGE_CURVE('',#757,#721,#472,.T.);
#955=EDGE_CURVE('',#725,#723,#473,.T.);
#956=EDGE_CURVE('',#722,#706,#474,.T.);
#957=EDGE_CURVE('',#759,#748,#475,.T.);
#958=EDGE_CURVE('',#760,#759,#476,.T.);
#959=EDGE_CURVE('',#746,#760,#477,.T.);
#960=EDGE_CURVE('',#750,#761,#478,.T.);
#961=EDGE_CURVE('',#759,#761,#120,.T.);
#962=EDGE_CURVE('',#762,#752,#479,.T.);
#963=EDGE_CURVE('',#761,#762,#480,.T.);
#964=EDGE_CURVE('',#754,#763,#481,.T.);
#965=EDGE_CURVE('',#762,#763,#121,.T.);
#966=EDGE_CURVE('',#764,#756,#482,.T.);
#967=EDGE_CURVE('',#763,#764,#483,.T.);
#968=EDGE_CURVE('',#758,#765,#484,.T.);
#969=EDGE_CURVE('',#764,#765,#122,.T.);
#970=EDGE_CURVE('',#766,#724,#485,.T.);
#971=EDGE_CURVE('',#765,#766,#486,.T.);
#972=EDGE_CURVE('',#723,#767,#487,.T.);
#973=EDGE_CURVE('',#766,#767,#123,.T.);
#974=EDGE_CURVE('',#768,#725,#488,.T.);
#975=EDGE_CURVE('',#767,#768,#489,.T.);
#976=EDGE_CURVE('',#726,#769,#490,.T.);
#977=EDGE_CURVE('',#768,#769,#124,.T.);
#978=EDGE_CURVE('',#770,#690,#491,.T.);
#979=EDGE_CURVE('',#713,#770,#492,.T.);
#980=EDGE_CURVE('',#770,#700,#125,.T.);
#981=EDGE_CURVE('',#771,#692,#126,.T.);
#982=EDGE_CURVE('',#771,#684,#493,.T.);
#983=EDGE_CURVE('',#772,#686,#127,.T.);
#984=EDGE_CURVE('',#772,#678,#494,.T.);
#985=EDGE_CURVE('',#773,#680,#128,.T.);
#986=EDGE_CURVE('',#773,#705,#495,.T.);
#987=EDGE_CURVE('',#769,#655,#129,.T.);
#988=EDGE_CURVE('',#656,#768,#130,.T.);
#989=EDGE_CURVE('',#674,#767,#131,.T.);
#990=EDGE_CURVE('',#673,#766,#132,.T.);
#991=EDGE_CURVE('',#672,#765,#133,.T.);
#992=EDGE_CURVE('',#671,#764,#134,.T.);
#993=EDGE_CURVE('',#670,#763,#135,.T.);
#994=EDGE_CURVE('',#669,#762,#136,.T.);
#995=EDGE_CURVE('',#668,#761,#137,.T.);
#996=EDGE_CURVE('',#667,#759,#138,.T.);
#997=EDGE_CURVE('',#666,#760,#139,.T.);
#998=EDGE_CURVE('',#665,#774,#140,.T.);
#999=EDGE_CURVE('',#774,#760,#141,.T.);
#1000=EDGE_CURVE('',#664,#775,#142,.T.);
#1001=EDGE_CURVE('',#775,#774,#496,.T.);
#1002=EDGE_CURVE('',#663,#776,#143,.T.);
#1003=EDGE_CURVE('',#776,#775,#144,.T.);
#1004=EDGE_CURVE('',#662,#777,#145,.T.);
#1005=EDGE_CURVE('',#777,#776,#497,.T.);
#1006=EDGE_CURVE('',#661,#778,#146,.T.);
#1007=EDGE_CURVE('',#778,#777,#147,.T.);
#1008=EDGE_CURVE('',#660,#779,#148,.T.);
#1009=EDGE_CURVE('',#779,#778,#498,.T.);
#1010=EDGE_CURVE('',#659,#780,#149,.T.);
#1011=EDGE_CURVE('',#780,#779,#150,.T.);
#1012=EDGE_CURVE('',#658,#781,#151,.T.);
#1013=EDGE_CURVE('',#781,#780,#499,.T.);
#1014=EDGE_CURVE('',#657,#782,#152,.T.);
#1015=EDGE_CURVE('',#782,#781,#153,.T.);
#1016=EDGE_CURVE('',#769,#782,#500,.T.);
#1017=EDGE_CURVE('',#774,#744,#501,.T.);
#1018=EDGE_CURVE('',#742,#775,#502,.T.);
#1019=EDGE_CURVE('',#776,#740,#503,.T.);
#1020=EDGE_CURVE('',#738,#777,#504,.T.);
#1021=EDGE_CURVE('',#778,#736,#505,.T.);
#1022=EDGE_CURVE('',#734,#779,#506,.T.);
#1023=EDGE_CURVE('',#780,#732,#507,.T.);
#1024=EDGE_CURVE('',#730,#781,#508,.T.);
#1025=EDGE_CURVE('',#782,#728,#509,.T.);
#1026=EDGE_CURVE('',#715,#773,#510,.T.);
#1027=EDGE_CURVE('',#712,#771,#511,.T.);
#1028=EDGE_CURVE('',#711,#772,#512,.T.);
#1029=ORIENTED_EDGE('',*,*,#783,.T.);
#1030=ORIENTED_EDGE('',*,*,#784,.T.);
#1031=ORIENTED_EDGE('',*,*,#785,.F.);
#1032=ORIENTED_EDGE('',*,*,#786,.T.);
#1033=ORIENTED_EDGE('',*,*,#787,.F.);
#1034=ORIENTED_EDGE('',*,*,#788,.T.);
#1035=ORIENTED_EDGE('',*,*,#789,.T.);
#1036=ORIENTED_EDGE('',*,*,#786,.F.);
#1037=ORIENTED_EDGE('',*,*,#790,.F.);
#1038=ORIENTED_EDGE('',*,*,#791,.T.);
#1039=ORIENTED_EDGE('',*,*,#792,.T.);
#1040=ORIENTED_EDGE('',*,*,#788,.F.);
#1041=ORIENTED_EDGE('',*,*,#793,.F.);
#1042=ORIENTED_EDGE('',*,*,#794,.T.);
#1043=ORIENTED_EDGE('',*,*,#795,.T.);
#1044=ORIENTED_EDGE('',*,*,#791,.F.);
#1045=ORIENTED_EDGE('',*,*,#796,.F.);
#1046=ORIENTED_EDGE('',*,*,#797,.T.);
#1047=ORIENTED_EDGE('',*,*,#798,.T.);
#1048=ORIENTED_EDGE('',*,*,#794,.F.);
#1049=ORIENTED_EDGE('',*,*,#799,.T.);
#1050=ORIENTED_EDGE('',*,*,#797,.F.);
#1051=ORIENTED_EDGE('',*,*,#800,.F.);
#1052=ORIENTED_EDGE('',*,*,#801,.T.);
#1053=ORIENTED_EDGE('',*,*,#802,.T.);
#1054=ORIENTED_EDGE('',*,*,#801,.F.);
#1055=ORIENTED_EDGE('',*,*,#803,.F.);
#1056=ORIENTED_EDGE('',*,*,#804,.T.);
#1057=ORIENTED_EDGE('',*,*,#805,.T.);
#1058=ORIENTED_EDGE('',*,*,#804,.F.);
#1059=ORIENTED_EDGE('',*,*,#806,.F.);
#1060=ORIENTED_EDGE('',*,*,#807,.T.);
#1061=ORIENTED_EDGE('',*,*,#808,.T.);
#1062=ORIENTED_EDGE('',*,*,#807,.F.);
#1063=ORIENTED_EDGE('',*,*,#809,.F.);
#1064=ORIENTED_EDGE('',*,*,#810,.T.);
#1065=ORIENTED_EDGE('',*,*,#811,.T.);
#1066=ORIENTED_EDGE('',*,*,#810,.F.);
#1067=ORIENTED_EDGE('',*,*,#812,.F.);
#1068=ORIENTED_EDGE('',*,*,#784,.F.);
#1069=ORIENTED_EDGE('',*,*,#813,.F.);
#1070=ORIENTED_EDGE('',*,*,#814,.F.);
#1071=ORIENTED_EDGE('',*,*,#815,.F.);
#1072=ORIENTED_EDGE('',*,*,#816,.F.);
#1073=ORIENTED_EDGE('',*,*,#817,.F.);
#1074=ORIENTED_EDGE('',*,*,#818,.F.);
#1075=ORIENTED_EDGE('',*,*,#819,.F.);
#1076=ORIENTED_EDGE('',*,*,#820,.F.);
#1077=ORIENTED_EDGE('',*,*,#821,.F.);
#1078=ORIENTED_EDGE('',*,*,#822,.F.);
#1079=ORIENTED_EDGE('',*,*,#823,.F.);
#1080=ORIENTED_EDGE('',*,*,#824,.F.);
#1081=ORIENTED_EDGE('',*,*,#825,.F.);
#1082=ORIENTED_EDGE('',*,*,#826,.F.);
#1083=ORIENTED_EDGE('',*,*,#827,.F.);
#1084=ORIENTED_EDGE('',*,*,#828,.F.);
#1085=ORIENTED_EDGE('',*,*,#829,.F.);
#1086=ORIENTED_EDGE('',*,*,#830,.F.);
#1087=ORIENTED_EDGE('',*,*,#831,.F.);
#1088=ORIENTED_EDGE('',*,*,#832,.F.);
#1089=ORIENTED_EDGE('',*,*,#783,.F.);
#1090=ORIENTED_EDGE('',*,*,#789,.F.);
#1091=ORIENTED_EDGE('',*,*,#792,.F.);
#1092=ORIENTED_EDGE('',*,*,#795,.F.);
#1093=ORIENTED_EDGE('',*,*,#798,.F.);
#1094=ORIENTED_EDGE('',*,*,#799,.F.);
#1095=ORIENTED_EDGE('',*,*,#802,.F.);
#1096=ORIENTED_EDGE('',*,*,#805,.F.);
#1097=ORIENTED_EDGE('',*,*,#808,.F.);
#1098=ORIENTED_EDGE('',*,*,#811,.F.);
#1099=ORIENTED_EDGE('',*,*,#787,.T.);
#1100=ORIENTED_EDGE('',*,*,#785,.T.);
#1101=ORIENTED_EDGE('',*,*,#812,.T.);
#1102=ORIENTED_EDGE('',*,*,#809,.T.);
#1103=ORIENTED_EDGE('',*,*,#806,.T.);
#1104=ORIENTED_EDGE('',*,*,#803,.T.);
#1105=ORIENTED_EDGE('',*,*,#800,.T.);
#1106=ORIENTED_EDGE('',*,*,#796,.T.);
#1107=ORIENTED_EDGE('',*,*,#793,.T.);
#1108=ORIENTED_EDGE('',*,*,#790,.T.);
#1109=ORIENTED_EDGE('',*,*,#833,.F.);
#1110=ORIENTED_EDGE('',*,*,#834,.T.);
#1111=ORIENTED_EDGE('',*,*,#835,.T.);
#1112=ORIENTED_EDGE('',*,*,#836,.T.);
#1113=ORIENTED_EDGE('',*,*,#834,.F.);
#1114=ORIENTED_EDGE('',*,*,#837,.T.);
#1115=ORIENTED_EDGE('',*,*,#838,.F.);
#1116=ORIENTED_EDGE('',*,*,#839,.F.);
#1117=ORIENTED_EDGE('',*,*,#840,.F.);
#1118=ORIENTED_EDGE('',*,*,#841,.T.);
#1119=ORIENTED_EDGE('',*,*,#842,.T.);
#1120=ORIENTED_EDGE('',*,*,#843,.T.);
#1121=ORIENTED_EDGE('',*,*,#841,.F.);
#1122=ORIENTED_EDGE('',*,*,#844,.T.);
#1123=ORIENTED_EDGE('',*,*,#845,.F.);
#1124=ORIENTED_EDGE('',*,*,#846,.F.);
#1125=ORIENTED_EDGE('',*,*,#847,.F.);
#1126=ORIENTED_EDGE('',*,*,#848,.T.);
#1127=ORIENTED_EDGE('',*,*,#849,.T.);
#1128=ORIENTED_EDGE('',*,*,#850,.T.);
#1129=ORIENTED_EDGE('',*,*,#848,.F.);
#1130=ORIENTED_EDGE('',*,*,#851,.T.);
#1131=ORIENTED_EDGE('',*,*,#852,.F.);
#1132=ORIENTED_EDGE('',*,*,#853,.F.);
#1133=ORIENTED_EDGE('',*,*,#854,.F.);
#1134=ORIENTED_EDGE('',*,*,#855,.T.);
#1135=ORIENTED_EDGE('',*,*,#856,.T.);
#1136=ORIENTED_EDGE('',*,*,#857,.T.);
#1137=ORIENTED_EDGE('',*,*,#858,.T.);
#1138=ORIENTED_EDGE('',*,*,#859,.T.);
#1139=ORIENTED_EDGE('',*,*,#856,.F.);
#1140=ORIENTED_EDGE('',*,*,#860,.T.);
#1141=ORIENTED_EDGE('',*,*,#860,.F.);
#1142=ORIENTED_EDGE('',*,*,#855,.F.);
#1143=ORIENTED_EDGE('',*,*,#861,.T.);
#1144=ORIENTED_EDGE('',*,*,#862,.F.);
#1145=ORIENTED_EDGE('',*,*,#863,.F.);
#1146=ORIENTED_EDGE('',*,*,#864,.F.);
#1147=ORIENTED_EDGE('',*,*,#865,.T.);
#1148=ORIENTED_EDGE('',*,*,#866,.T.);
#1149=ORIENTED_EDGE('',*,*,#867,.T.);
#1150=ORIENTED_EDGE('',*,*,#868,.F.);
#1151=ORIENTED_EDGE('',*,*,#869,.T.);
#1152=ORIENTED_EDGE('',*,*,#866,.F.);
#1153=ORIENTED_EDGE('',*,*,#870,.T.);
#1154=ORIENTED_EDGE('',*,*,#870,.F.);
#1155=ORIENTED_EDGE('',*,*,#871,.T.);
#1156=ORIENTED_EDGE('',*,*,#872,.F.);
#1157=ORIENTED_EDGE('',*,*,#873,.F.);
#1158=ORIENTED_EDGE('',*,*,#865,.F.);
#1159=ORIENTED_EDGE('',*,*,#874,.T.);
#1160=ORIENTED_EDGE('',*,*,#875,.F.);
#1161=ORIENTED_EDGE('',*,*,#876,.F.);
#1162=ORIENTED_EDGE('',*,*,#871,.F.);
#1163=ORIENTED_EDGE('',*,*,#833,.T.);
#1164=ORIENTED_EDGE('',*,*,#877,.F.);
#1165=ORIENTED_EDGE('',*,*,#878,.F.);
#1166=ORIENTED_EDGE('',*,*,#844,.F.);
#1167=ORIENTED_EDGE('',*,*,#840,.T.);
#1168=ORIENTED_EDGE('',*,*,#879,.F.);
#1169=ORIENTED_EDGE('',*,*,#880,.F.);
#1170=ORIENTED_EDGE('',*,*,#851,.F.);
#1171=ORIENTED_EDGE('',*,*,#847,.T.);
#1172=ORIENTED_EDGE('',*,*,#881,.F.);
#1173=ORIENTED_EDGE('',*,*,#882,.F.);
#1174=ORIENTED_EDGE('',*,*,#861,.F.);
#1175=ORIENTED_EDGE('',*,*,#854,.T.);
#1176=ORIENTED_EDGE('',*,*,#883,.F.);
#1177=ORIENTED_EDGE('',*,*,#884,.F.);
#1178=ORIENTED_EDGE('',*,*,#874,.F.);
#1179=ORIENTED_EDGE('',*,*,#864,.T.);
#1180=ORIENTED_EDGE('',*,*,#885,.F.);
#1181=ORIENTED_EDGE('',*,*,#886,.F.);
#1182=ORIENTED_EDGE('',*,*,#837,.F.);
#1183=ORIENTED_EDGE('',*,*,#859,.F.);
#1184=ORIENTED_EDGE('',*,*,#887,.F.);
#1185=ORIENTED_EDGE('',*,*,#888,.T.);
#1186=ORIENTED_EDGE('',*,*,#889,.T.);
#1187=ORIENTED_EDGE('',*,*,#890,.T.);
#1188=ORIENTED_EDGE('',*,*,#891,.T.);
#1189=ORIENTED_EDGE('',*,*,#888,.F.);
#1190=ORIENTED_EDGE('',*,*,#892,.F.);
#1191=ORIENTED_EDGE('',*,*,#893,.T.);
#1192=ORIENTED_EDGE('',*,*,#894,.T.);
#1193=ORIENTED_EDGE('',*,*,#890,.F.);
#1194=ORIENTED_EDGE('',*,*,#895,.F.);
#1195=ORIENTED_EDGE('',*,*,#872,.T.);
#1196=ORIENTED_EDGE('',*,*,#876,.T.);
#1197=ORIENTED_EDGE('',*,*,#893,.F.);
#1198=ORIENTED_EDGE('',*,*,#896,.F.);
#1199=ORIENTED_EDGE('',*,*,#857,.F.);
#1200=ORIENTED_EDGE('',*,*,#889,.F.);
#1201=ORIENTED_EDGE('',*,*,#891,.F.);
#1202=ORIENTED_EDGE('',*,*,#897,.F.);
#1203=ORIENTED_EDGE('',*,*,#883,.T.);
#1204=ORIENTED_EDGE('',*,*,#894,.F.);
#1205=ORIENTED_EDGE('',*,*,#875,.T.);
#1206=ORIENTED_EDGE('',*,*,#884,.T.);
#1207=ORIENTED_EDGE('',*,*,#897,.T.);
#1208=ORIENTED_EDGE('',*,*,#898,.T.);
#1209=ORIENTED_EDGE('',*,*,#899,.T.);
#1210=ORIENTED_EDGE('',*,*,#900,.T.);
#1211=ORIENTED_EDGE('',*,*,#901,.F.);
#1212=ORIENTED_EDGE('',*,*,#902,.T.);
#1213=ORIENTED_EDGE('',*,*,#896,.T.);
#1214=ORIENTED_EDGE('',*,*,#895,.T.);
#1215=ORIENTED_EDGE('',*,*,#892,.T.);
#1216=ORIENTED_EDGE('',*,*,#903,.T.);
#1217=ORIENTED_EDGE('',*,*,#904,.T.);
#1218=ORIENTED_EDGE('',*,*,#905,.T.);
#1219=ORIENTED_EDGE('',*,*,#906,.T.);
#1220=ORIENTED_EDGE('',*,*,#903,.F.);
#1221=ORIENTED_EDGE('',*,*,#887,.T.);
#1222=ORIENTED_EDGE('',*,*,#907,.T.);
#1223=ORIENTED_EDGE('',*,*,#908,.F.);
#1224=ORIENTED_EDGE('',*,*,#909,.T.);
#1225=ORIENTED_EDGE('',*,*,#910,.T.);
#1226=ORIENTED_EDGE('',*,*,#905,.F.);
#1227=ORIENTED_EDGE('',*,*,#911,.T.);
#1228=ORIENTED_EDGE('',*,*,#912,.T.);
#1229=ORIENTED_EDGE('',*,*,#909,.F.);
#1230=ORIENTED_EDGE('',*,*,#913,.T.);
#1231=ORIENTED_EDGE('',*,*,#914,.T.);
#1232=ORIENTED_EDGE('',*,*,#915,.T.);
#1233=ORIENTED_EDGE('',*,*,#911,.F.);
#1234=ORIENTED_EDGE('',*,*,#916,.T.);
#1235=ORIENTED_EDGE('',*,*,#917,.T.);
#1236=ORIENTED_EDGE('',*,*,#918,.T.);
#1237=ORIENTED_EDGE('',*,*,#914,.F.);
#1238=ORIENTED_EDGE('',*,*,#919,.T.);
#1239=ORIENTED_EDGE('',*,*,#920,.T.);
#1240=ORIENTED_EDGE('',*,*,#921,.T.);
#1241=ORIENTED_EDGE('',*,*,#922,.T.);
#1242=ORIENTED_EDGE('',*,*,#917,.F.);
#1243=ORIENTED_EDGE('',*,*,#923,.T.);
#1244=ORIENTED_EDGE('',*,*,#924,.T.);
#1245=ORIENTED_EDGE('',*,*,#921,.F.);
#1246=ORIENTED_EDGE('',*,*,#925,.T.);
#1247=ORIENTED_EDGE('',*,*,#926,.T.);
#1248=ORIENTED_EDGE('',*,*,#927,.T.);
#1249=ORIENTED_EDGE('',*,*,#923,.F.);
#1250=ORIENTED_EDGE('',*,*,#928,.T.);
#1251=ORIENTED_EDGE('',*,*,#929,.T.);
#1252=ORIENTED_EDGE('',*,*,#930,.T.);
#1253=ORIENTED_EDGE('',*,*,#926,.F.);
#1254=ORIENTED_EDGE('',*,*,#931,.T.);
#1255=ORIENTED_EDGE('',*,*,#932,.T.);
#1256=ORIENTED_EDGE('',*,*,#933,.T.);
#1257=ORIENTED_EDGE('',*,*,#934,.T.);
#1258=ORIENTED_EDGE('',*,*,#929,.F.);
#1259=ORIENTED_EDGE('',*,*,#935,.T.);
#1260=ORIENTED_EDGE('',*,*,#936,.T.);
#1261=ORIENTED_EDGE('',*,*,#933,.F.);
#1262=ORIENTED_EDGE('',*,*,#937,.T.);
#1263=ORIENTED_EDGE('',*,*,#938,.T.);
#1264=ORIENTED_EDGE('',*,*,#939,.T.);
#1265=ORIENTED_EDGE('',*,*,#935,.F.);
#1266=ORIENTED_EDGE('',*,*,#940,.T.);
#1267=ORIENTED_EDGE('',*,*,#941,.T.);
#1268=ORIENTED_EDGE('',*,*,#942,.T.);
#1269=ORIENTED_EDGE('',*,*,#938,.F.);
#1270=ORIENTED_EDGE('',*,*,#943,.T.);
#1271=ORIENTED_EDGE('',*,*,#944,.T.);
#1272=ORIENTED_EDGE('',*,*,#945,.T.);
#1273=ORIENTED_EDGE('',*,*,#946,.T.);
#1274=ORIENTED_EDGE('',*,*,#941,.F.);
#1275=ORIENTED_EDGE('',*,*,#947,.T.);
#1276=ORIENTED_EDGE('',*,*,#948,.T.);
#1277=ORIENTED_EDGE('',*,*,#945,.F.);
#1278=ORIENTED_EDGE('',*,*,#949,.T.);
#1279=ORIENTED_EDGE('',*,*,#950,.T.);
#1280=ORIENTED_EDGE('',*,*,#951,.T.);
#1281=ORIENTED_EDGE('',*,*,#947,.F.);
#1282=ORIENTED_EDGE('',*,*,#952,.T.);
#1283=ORIENTED_EDGE('',*,*,#901,.T.);
#1284=ORIENTED_EDGE('',*,*,#953,.T.);
#1285=ORIENTED_EDGE('',*,*,#950,.F.);
#1286=ORIENTED_EDGE('',*,*,#954,.T.);
#1287=ORIENTED_EDGE('',*,*,#902,.F.);
#1288=ORIENTED_EDGE('',*,*,#955,.T.);
#1289=ORIENTED_EDGE('',*,*,#899,.F.);
#1290=ORIENTED_EDGE('',*,*,#956,.T.);
#1291=ORIENTED_EDGE('',*,*,#873,.T.);
#1292=ORIENTED_EDGE('',*,*,#936,.F.);
#1293=ORIENTED_EDGE('',*,*,#957,.F.);
#1294=ORIENTED_EDGE('',*,*,#958,.F.);
#1295=ORIENTED_EDGE('',*,*,#959,.F.);
#1296=ORIENTED_EDGE('',*,*,#939,.F.);
#1297=ORIENTED_EDGE('',*,*,#960,.T.);
#1298=ORIENTED_EDGE('',*,*,#961,.F.);
#1299=ORIENTED_EDGE('',*,*,#957,.T.);
#1300=ORIENTED_EDGE('',*,*,#942,.F.);
#1301=ORIENTED_EDGE('',*,*,#962,.F.);
#1302=ORIENTED_EDGE('',*,*,#963,.F.);
#1303=ORIENTED_EDGE('',*,*,#960,.F.);
#1304=ORIENTED_EDGE('',*,*,#946,.F.);
#1305=ORIENTED_EDGE('',*,*,#964,.T.);
#1306=ORIENTED_EDGE('',*,*,#965,.F.);
#1307=ORIENTED_EDGE('',*,*,#962,.T.);
#1308=ORIENTED_EDGE('',*,*,#948,.F.);
#1309=ORIENTED_EDGE('',*,*,#966,.F.);
#1310=ORIENTED_EDGE('',*,*,#967,.F.);
#1311=ORIENTED_EDGE('',*,*,#964,.F.);
#1312=ORIENTED_EDGE('',*,*,#951,.F.);
#1313=ORIENTED_EDGE('',*,*,#968,.T.);
#1314=ORIENTED_EDGE('',*,*,#969,.F.);
#1315=ORIENTED_EDGE('',*,*,#966,.T.);
#1316=ORIENTED_EDGE('',*,*,#953,.F.);
#1317=ORIENTED_EDGE('',*,*,#970,.F.);
#1318=ORIENTED_EDGE('',*,*,#971,.F.);
#1319=ORIENTED_EDGE('',*,*,#968,.F.);
#1320=ORIENTED_EDGE('',*,*,#900,.F.);
#1321=ORIENTED_EDGE('',*,*,#972,.T.);
#1322=ORIENTED_EDGE('',*,*,#973,.F.);
#1323=ORIENTED_EDGE('',*,*,#970,.T.);
#1324=ORIENTED_EDGE('',*,*,#955,.F.);
#1325=ORIENTED_EDGE('',*,*,#974,.F.);
#1326=ORIENTED_EDGE('',*,*,#975,.F.);
#1327=ORIENTED_EDGE('',*,*,#972,.F.);
#1328=ORIENTED_EDGE('',*,*,#904,.F.);
#1329=ORIENTED_EDGE('',*,*,#976,.T.);
#1330=ORIENTED_EDGE('',*,*,#977,.F.);
#1331=ORIENTED_EDGE('',*,*,#974,.T.);
#1332=ORIENTED_EDGE('',*,*,#850,.F.);
#1333=ORIENTED_EDGE('',*,*,#978,.F.);
#1334=ORIENTED_EDGE('',*,*,#979,.F.);
#1335=ORIENTED_EDGE('',*,*,#881,.T.);
#1336=ORIENTED_EDGE('',*,*,#920,.F.);
#1337=ORIENTED_EDGE('',*,*,#919,.F.);
#1338=ORIENTED_EDGE('',*,*,#916,.F.);
#1339=ORIENTED_EDGE('',*,*,#913,.F.);
#1340=ORIENTED_EDGE('',*,*,#908,.T.);
#1341=ORIENTED_EDGE('',*,*,#907,.F.);
#1342=ORIENTED_EDGE('',*,*,#858,.F.);
#1343=ORIENTED_EDGE('',*,*,#863,.T.);
#1344=ORIENTED_EDGE('',*,*,#980,.F.);
#1345=ORIENTED_EDGE('',*,*,#978,.T.);
#1346=ORIENTED_EDGE('',*,*,#849,.F.);
#1347=ORIENTED_EDGE('',*,*,#853,.T.);
#1348=ORIENTED_EDGE('',*,*,#981,.F.);
#1349=ORIENTED_EDGE('',*,*,#982,.T.);
#1350=ORIENTED_EDGE('',*,*,#842,.F.);
#1351=ORIENTED_EDGE('',*,*,#846,.T.);
#1352=ORIENTED_EDGE('',*,*,#983,.F.);
#1353=ORIENTED_EDGE('',*,*,#984,.T.);
#1354=ORIENTED_EDGE('',*,*,#835,.F.);
#1355=ORIENTED_EDGE('',*,*,#839,.T.);
#1356=ORIENTED_EDGE('',*,*,#985,.F.);
#1357=ORIENTED_EDGE('',*,*,#986,.T.);
#1358=ORIENTED_EDGE('',*,*,#868,.T.);
#1359=ORIENTED_EDGE('',*,*,#956,.F.);
#1360=ORIENTED_EDGE('',*,*,#898,.F.);
#1361=ORIENTED_EDGE('',*,*,#954,.F.);
#1362=ORIENTED_EDGE('',*,*,#952,.F.);
#1363=ORIENTED_EDGE('',*,*,#949,.F.);
#1364=ORIENTED_EDGE('',*,*,#944,.F.);
#1365=ORIENTED_EDGE('',*,*,#943,.F.);
#1366=ORIENTED_EDGE('',*,*,#940,.F.);
#1367=ORIENTED_EDGE('',*,*,#937,.F.);
#1368=ORIENTED_EDGE('',*,*,#932,.F.);
#1369=ORIENTED_EDGE('',*,*,#931,.F.);
#1370=ORIENTED_EDGE('',*,*,#928,.F.);
#1371=ORIENTED_EDGE('',*,*,#925,.F.);
#1372=ORIENTED_EDGE('',*,*,#987,.T.);
#1373=ORIENTED_EDGE('',*,*,#813,.T.);
#1374=ORIENTED_EDGE('',*,*,#988,.T.);
#1375=ORIENTED_EDGE('',*,*,#977,.T.);
#1376=ORIENTED_EDGE('',*,*,#989,.T.);
#1377=ORIENTED_EDGE('',*,*,#975,.T.);
#1378=ORIENTED_EDGE('',*,*,#988,.F.);
#1379=ORIENTED_EDGE('',*,*,#832,.T.);
#1380=ORIENTED_EDGE('',*,*,#990,.T.);
#1381=ORIENTED_EDGE('',*,*,#973,.T.);
#1382=ORIENTED_EDGE('',*,*,#989,.F.);
#1383=ORIENTED_EDGE('',*,*,#831,.T.);
#1384=ORIENTED_EDGE('',*,*,#991,.T.);
#1385=ORIENTED_EDGE('',*,*,#971,.T.);
#1386=ORIENTED_EDGE('',*,*,#990,.F.);
#1387=ORIENTED_EDGE('',*,*,#830,.T.);
#1388=ORIENTED_EDGE('',*,*,#992,.T.);
#1389=ORIENTED_EDGE('',*,*,#969,.T.);
#1390=ORIENTED_EDGE('',*,*,#991,.F.);
#1391=ORIENTED_EDGE('',*,*,#829,.T.);
#1392=ORIENTED_EDGE('',*,*,#993,.T.);
#1393=ORIENTED_EDGE('',*,*,#967,.T.);
#1394=ORIENTED_EDGE('',*,*,#992,.F.);
#1395=ORIENTED_EDGE('',*,*,#828,.T.);
#1396=ORIENTED_EDGE('',*,*,#994,.T.);
#1397=ORIENTED_EDGE('',*,*,#965,.T.);
#1398=ORIENTED_EDGE('',*,*,#993,.F.);
#1399=ORIENTED_EDGE('',*,*,#827,.T.);
#1400=ORIENTED_EDGE('',*,*,#995,.T.);
#1401=ORIENTED_EDGE('',*,*,#963,.T.);
#1402=ORIENTED_EDGE('',*,*,#994,.F.);
#1403=ORIENTED_EDGE('',*,*,#826,.T.);
#1404=ORIENTED_EDGE('',*,*,#996,.T.);
#1405=ORIENTED_EDGE('',*,*,#961,.T.);
#1406=ORIENTED_EDGE('',*,*,#995,.F.);
#1407=ORIENTED_EDGE('',*,*,#825,.T.);
#1408=ORIENTED_EDGE('',*,*,#997,.T.);
#1409=ORIENTED_EDGE('',*,*,#958,.T.);
#1410=ORIENTED_EDGE('',*,*,#996,.F.);
#1411=ORIENTED_EDGE('',*,*,#824,.T.);
#1412=ORIENTED_EDGE('',*,*,#998,.T.);
#1413=ORIENTED_EDGE('',*,*,#999,.T.);
#1414=ORIENTED_EDGE('',*,*,#997,.F.);
#1415=ORIENTED_EDGE('',*,*,#823,.T.);
#1416=ORIENTED_EDGE('',*,*,#1000,.T.);
#1417=ORIENTED_EDGE('',*,*,#1001,.T.);
#1418=ORIENTED_EDGE('',*,*,#998,.F.);
#1419=ORIENTED_EDGE('',*,*,#822,.T.);
#1420=ORIENTED_EDGE('',*,*,#1002,.T.);
#1421=ORIENTED_EDGE('',*,*,#1003,.T.);
#1422=ORIENTED_EDGE('',*,*,#1000,.F.);
#1423=ORIENTED_EDGE('',*,*,#821,.T.);
#1424=ORIENTED_EDGE('',*,*,#1004,.T.);
#1425=ORIENTED_EDGE('',*,*,#1005,.T.);
#1426=ORIENTED_EDGE('',*,*,#1002,.F.);
#1427=ORIENTED_EDGE('',*,*,#820,.T.);
#1428=ORIENTED_EDGE('',*,*,#1006,.T.);
#1429=ORIENTED_EDGE('',*,*,#1007,.T.);
#1430=ORIENTED_EDGE('',*,*,#1004,.F.);
#1431=ORIENTED_EDGE('',*,*,#819,.T.);
#1432=ORIENTED_EDGE('',*,*,#1008,.T.);
#1433=ORIENTED_EDGE('',*,*,#1009,.T.);
#1434=ORIENTED_EDGE('',*,*,#1006,.F.);
#1435=ORIENTED_EDGE('',*,*,#818,.T.);
#1436=ORIENTED_EDGE('',*,*,#1010,.T.);
#1437=ORIENTED_EDGE('',*,*,#1011,.T.);
#1438=ORIENTED_EDGE('',*,*,#1008,.F.);
#1439=ORIENTED_EDGE('',*,*,#817,.T.);
#1440=ORIENTED_EDGE('',*,*,#1012,.T.);
#1441=ORIENTED_EDGE('',*,*,#1013,.T.);
#1442=ORIENTED_EDGE('',*,*,#1010,.F.);
#1443=ORIENTED_EDGE('',*,*,#816,.T.);
#1444=ORIENTED_EDGE('',*,*,#1014,.T.);
#1445=ORIENTED_EDGE('',*,*,#1015,.T.);
#1446=ORIENTED_EDGE('',*,*,#1012,.F.);
#1447=ORIENTED_EDGE('',*,*,#815,.T.);
#1448=ORIENTED_EDGE('',*,*,#1014,.F.);
#1449=ORIENTED_EDGE('',*,*,#814,.T.);
#1450=ORIENTED_EDGE('',*,*,#987,.F.);
#1451=ORIENTED_EDGE('',*,*,#1016,.T.);
#1452=ORIENTED_EDGE('',*,*,#930,.F.);
#1453=ORIENTED_EDGE('',*,*,#1017,.F.);
#1454=ORIENTED_EDGE('',*,*,#1001,.F.);
#1455=ORIENTED_EDGE('',*,*,#1018,.F.);
#1456=ORIENTED_EDGE('',*,*,#927,.F.);
#1457=ORIENTED_EDGE('',*,*,#1018,.T.);
#1458=ORIENTED_EDGE('',*,*,#1003,.F.);
#1459=ORIENTED_EDGE('',*,*,#1019,.T.);
#1460=ORIENTED_EDGE('',*,*,#924,.F.);
#1461=ORIENTED_EDGE('',*,*,#1019,.F.);
#1462=ORIENTED_EDGE('',*,*,#1005,.F.);
#1463=ORIENTED_EDGE('',*,*,#1020,.F.);
#1464=ORIENTED_EDGE('',*,*,#922,.F.);
#1465=ORIENTED_EDGE('',*,*,#1020,.T.);
#1466=ORIENTED_EDGE('',*,*,#1007,.F.);
#1467=ORIENTED_EDGE('',*,*,#1021,.T.);
#1468=ORIENTED_EDGE('',*,*,#918,.F.);
#1469=ORIENTED_EDGE('',*,*,#1021,.F.);
#1470=ORIENTED_EDGE('',*,*,#1009,.F.);
#1471=ORIENTED_EDGE('',*,*,#1022,.F.);
#1472=ORIENTED_EDGE('',*,*,#915,.F.);
#1473=ORIENTED_EDGE('',*,*,#1022,.T.);
#1474=ORIENTED_EDGE('',*,*,#1011,.F.);
#1475=ORIENTED_EDGE('',*,*,#1023,.T.);
#1476=ORIENTED_EDGE('',*,*,#912,.F.);
#1477=ORIENTED_EDGE('',*,*,#1023,.F.);
#1478=ORIENTED_EDGE('',*,*,#1013,.F.);
#1479=ORIENTED_EDGE('',*,*,#1024,.F.);
#1480=ORIENTED_EDGE('',*,*,#910,.F.);
#1481=ORIENTED_EDGE('',*,*,#1024,.T.);
#1482=ORIENTED_EDGE('',*,*,#1015,.F.);
#1483=ORIENTED_EDGE('',*,*,#1025,.T.);
#1484=ORIENTED_EDGE('',*,*,#906,.F.);
#1485=ORIENTED_EDGE('',*,*,#1025,.F.);
#1486=ORIENTED_EDGE('',*,*,#1016,.F.);
#1487=ORIENTED_EDGE('',*,*,#976,.F.);
#1488=ORIENTED_EDGE('',*,*,#985,.T.);
#1489=ORIENTED_EDGE('',*,*,#838,.T.);
#1490=ORIENTED_EDGE('',*,*,#886,.T.);
#1491=ORIENTED_EDGE('',*,*,#1026,.T.);
#1492=ORIENTED_EDGE('',*,*,#980,.T.);
#1493=ORIENTED_EDGE('',*,*,#862,.T.);
#1494=ORIENTED_EDGE('',*,*,#882,.T.);
#1495=ORIENTED_EDGE('',*,*,#979,.T.);
#1496=ORIENTED_EDGE('',*,*,#981,.T.);
#1497=ORIENTED_EDGE('',*,*,#852,.T.);
#1498=ORIENTED_EDGE('',*,*,#880,.T.);
#1499=ORIENTED_EDGE('',*,*,#1027,.T.);
#1500=ORIENTED_EDGE('',*,*,#983,.T.);
#1501=ORIENTED_EDGE('',*,*,#845,.T.);
#1502=ORIENTED_EDGE('',*,*,#878,.T.);
#1503=ORIENTED_EDGE('',*,*,#1028,.T.);
#1504=ORIENTED_EDGE('',*,*,#934,.F.);
#1505=ORIENTED_EDGE('',*,*,#959,.T.);
#1506=ORIENTED_EDGE('',*,*,#999,.F.);
#1507=ORIENTED_EDGE('',*,*,#1017,.T.);
#1508=ORIENTED_EDGE('',*,*,#836,.F.);
#1509=ORIENTED_EDGE('',*,*,#984,.F.);
#1510=ORIENTED_EDGE('',*,*,#1028,.F.);
#1511=ORIENTED_EDGE('',*,*,#877,.T.);
#1512=ORIENTED_EDGE('',*,*,#843,.F.);
#1513=ORIENTED_EDGE('',*,*,#982,.F.);
#1514=ORIENTED_EDGE('',*,*,#1027,.F.);
#1515=ORIENTED_EDGE('',*,*,#879,.T.);
#1516=ORIENTED_EDGE('',*,*,#869,.F.);
#1517=ORIENTED_EDGE('',*,*,#986,.F.);
#1518=ORIENTED_EDGE('',*,*,#1026,.F.);
#1519=ORIENTED_EDGE('',*,*,#885,.T.);
#1520=ORIENTED_EDGE('',*,*,#867,.F.);
#1521=CYLINDRICAL_SURFACE('',#1798,0.99);
#1522=CYLINDRICAL_SURFACE('',#1801,0.99);
#1523=CYLINDRICAL_SURFACE('',#1803,0.99);
#1524=CYLINDRICAL_SURFACE('',#1805,0.99);
#1525=CYLINDRICAL_SURFACE('',#1807,0.99);
#1526=CYLINDRICAL_SURFACE('',#1809,0.99);
#1527=CYLINDRICAL_SURFACE('',#1811,0.99);
#1528=CYLINDRICAL_SURFACE('',#1813,0.99);
#1529=CYLINDRICAL_SURFACE('',#1815,0.99);
#1530=CYLINDRICAL_SURFACE('',#1817,0.99);
#1531=CYLINDRICAL_SURFACE('',#1830,0.125);
#1532=CYLINDRICAL_SURFACE('',#1834,0.125);
#1533=CYLINDRICAL_SURFACE('',#1838,0.125);
#1534=CYLINDRICAL_SURFACE('',#1842,0.125);
#1535=CYLINDRICAL_SURFACE('',#1846,0.125);
#1536=CYLINDRICAL_SURFACE('',#1849,0.125);
#1537=CYLINDRICAL_SURFACE('',#1858,0.125);
#1538=CYLINDRICAL_SURFACE('',#1866,0.25);
#1539=CYLINDRICAL_SURFACE('',#1875,0.125);
#1540=CYLINDRICAL_SURFACE('',#1880,0.125);
#1541=CYLINDRICAL_SURFACE('',#1886,0.125);
#1542=CYLINDRICAL_SURFACE('',#1891,0.125);
#1543=CYLINDRICAL_SURFACE('',#1897,0.125);
#1544=CYLINDRICAL_SURFACE('',#1902,0.125);
#1545=CYLINDRICAL_SURFACE('',#1908,0.125);
#1546=CYLINDRICAL_SURFACE('',#1913,0.125);
#1547=CYLINDRICAL_SURFACE('',#1919,0.125);
#1548=CYLINDRICAL_SURFACE('',#1920,0.125);
#1549=CYLINDRICAL_SURFACE('',#1922,0.25);
#1550=CYLINDRICAL_SURFACE('',#1925,0.25);
#1551=CYLINDRICAL_SURFACE('',#1928,0.25);
#1552=CYLINDRICAL_SURFACE('',#1931,0.25);
#1553=CYLINDRICAL_SURFACE('',#1934,0.25);
#1554=CYLINDRICAL_SURFACE('',#1945,0.125);
#1555=CYLINDRICAL_SURFACE('',#1948,0.125);
#1556=CYLINDRICAL_SURFACE('',#1952,0.125);
#1557=CYLINDRICAL_SURFACE('',#1955,0.125);
#1558=CYLINDRICAL_SURFACE('',#1959,0.125);
#1559=CYLINDRICAL_SURFACE('',#1963,0.125);
#1560=CYLINDRICAL_SURFACE('',#1968,0.125);
#1561=CYLINDRICAL_SURFACE('',#1972,0.125);
#1562=CYLINDRICAL_SURFACE('',#1977,0.125);
#1563=CYLINDRICAL_SURFACE('',#1981,0.125);
#1564=CYLINDRICAL_SURFACE('',#1983,0.25);
#1565=CYLINDRICAL_SURFACE('',#1985,0.25);
#1566=CYLINDRICAL_SURFACE('',#1987,0.25);
#1567=CYLINDRICAL_SURFACE('',#1989,0.25);
#1568=CYLINDRICAL_SURFACE('',#1991,0.25);
#1569=CYLINDRICAL_SURFACE('',#1992,0.25);
#1570=CYLINDRICAL_SURFACE('',#1993,0.25);
#1571=CYLINDRICAL_SURFACE('',#1994,0.25);
#1572=CYLINDRICAL_SURFACE('',#1995,0.25);
#1573=STYLED_ITEM('',(#3379),#1675);
#1574=STYLED_ITEM('',(#3379),#1676);
#1575=STYLED_ITEM('',(#3379),#1677);
#1576=STYLED_ITEM('',(#3379),#1678);
#1577=STYLED_ITEM('',(#3379),#1679);
#1578=STYLED_ITEM('',(#3379),#1680);
#1579=STYLED_ITEM('',(#3379),#1681);
#1580=STYLED_ITEM('',(#3379),#1682);
#1581=STYLED_ITEM('',(#3379),#1683);
#1582=STYLED_ITEM('',(#3379),#1684);
#1583=STYLED_ITEM('',(#3380),#1685);
#1584=STYLED_ITEM('',(#3379),#1686);
#1585=STYLED_ITEM('',(#3380),#1687);
#1586=STYLED_ITEM('',(#3380),#1688);
#1587=STYLED_ITEM('',(#3380),#1689);
#1588=STYLED_ITEM('',(#3380),#1690);
#1589=STYLED_ITEM('',(#3380),#1691);
#1590=STYLED_ITEM('',(#3380),#1692);
#1591=STYLED_ITEM('',(#3380),#1693);
#1592=STYLED_ITEM('',(#3380),#1694);
#1593=STYLED_ITEM('',(#3380),#1695);
#1594=STYLED_ITEM('',(#3380),#1696);
#1595=STYLED_ITEM('',(#3380),#1697);
#1596=STYLED_ITEM('',(#3380),#1698);
#1597=STYLED_ITEM('',(#3380),#1699);
#1598=STYLED_ITEM('',(#3381),#1700);
#1599=STYLED_ITEM('',(#3380),#1701);
#1600=STYLED_ITEM('',(#3380),#1702);
#1601=STYLED_ITEM('',(#3380),#1703);
#1602=STYLED_ITEM('',(#3380),#1704);
#1603=STYLED_ITEM('',(#3380),#1705);
#1604=STYLED_ITEM('',(#3380),#1706);
#1605=STYLED_ITEM('',(#3380),#1707);
#1606=STYLED_ITEM('',(#3380),#1708);
#1607=STYLED_ITEM('',(#3380),#1709);
#1608=STYLED_ITEM('',(#3380),#1710);
#1609=STYLED_ITEM('',(#3380),#1711);
#1610=STYLED_ITEM('',(#3380),#1712);
#1611=STYLED_ITEM('',(#3380),#1713);
#1612=STYLED_ITEM('',(#3380),#1714);
#1613=STYLED_ITEM('',(#3380),#1715);
#1614=STYLED_ITEM('',(#3380),#1716);
#1615=STYLED_ITEM('',(#3380),#1717);
#1616=STYLED_ITEM('',(#3380),#1718);
#1617=STYLED_ITEM('',(#3380),#1719);
#1618=STYLED_ITEM('',(#3380),#1720);
#1619=STYLED_ITEM('',(#3380),#1721);
#1620=STYLED_ITEM('',(#3380),#1722);
#1621=STYLED_ITEM('',(#3380),#1723);
#1622=STYLED_ITEM('',(#3380),#1724);
#1623=STYLED_ITEM('',(#3380),#1725);
#1624=STYLED_ITEM('',(#3380),#1726);
#1625=STYLED_ITEM('',(#3380),#1727);
#1626=STYLED_ITEM('',(#3380),#1728);
#1627=STYLED_ITEM('',(#3380),#1729);
#1628=STYLED_ITEM('',(#3380),#1730);
#1629=STYLED_ITEM('',(#3380),#1731);
#1630=STYLED_ITEM('',(#3380),#1732);
#1631=STYLED_ITEM('',(#3380),#1733);
#1632=STYLED_ITEM('',(#3380),#1734);
#1633=STYLED_ITEM('',(#3380),#1735);
#1634=STYLED_ITEM('',(#3380),#1736);
#1635=STYLED_ITEM('',(#3380),#1737);
#1636=STYLED_ITEM('',(#3380),#1738);
#1637=STYLED_ITEM('',(#3380),#1739);
#1638=STYLED_ITEM('',(#3380),#1740);
#1639=STYLED_ITEM('',(#3380),#1741);
#1640=STYLED_ITEM('',(#3380),#1742);
#1641=STYLED_ITEM('',(#3380),#1743);
#1642=STYLED_ITEM('',(#3380),#1744);
#1643=STYLED_ITEM('',(#3380),#1745);
#1644=STYLED_ITEM('',(#3380),#1746);
#1645=STYLED_ITEM('',(#3380),#1747);
#1646=STYLED_ITEM('',(#3380),#1748);
#1647=STYLED_ITEM('',(#3380),#1749);
#1648=STYLED_ITEM('',(#3380),#1750);
#1649=STYLED_ITEM('',(#3380),#1751);
#1650=STYLED_ITEM('',(#3380),#1752);
#1651=STYLED_ITEM('',(#3380),#1753);
#1652=STYLED_ITEM('',(#3380),#1754);
#1653=STYLED_ITEM('',(#3380),#1755);
#1654=STYLED_ITEM('',(#3380),#1756);
#1655=STYLED_ITEM('',(#3380),#1757);
#1656=STYLED_ITEM('',(#3380),#1758);
#1657=STYLED_ITEM('',(#3380),#1759);
#1658=STYLED_ITEM('',(#3380),#1760);
#1659=STYLED_ITEM('',(#3380),#1761);
#1660=STYLED_ITEM('',(#3380),#1762);
#1661=STYLED_ITEM('',(#3380),#1763);
#1662=STYLED_ITEM('',(#3380),#1764);
#1663=STYLED_ITEM('',(#3380),#1765);
#1664=STYLED_ITEM('',(#3380),#1766);
#1665=STYLED_ITEM('',(#3380),#1767);
#1666=STYLED_ITEM('',(#3380),#1768);
#1667=STYLED_ITEM('',(#3380),#1769);
#1668=STYLED_ITEM('',(#3380),#1770);
#1669=STYLED_ITEM('',(#3380),#1771);
#1670=STYLED_ITEM('',(#3380),#1772);
#1671=STYLED_ITEM('',(#3380),#1773);
#1672=STYLED_ITEM('',(#3380),#1774);
#1673=STYLED_ITEM('',(#3380),#1775);
#1674=STYLED_ITEM('',(#3378),#13);
#1675=ADVANCED_FACE('',(#178),#1521,.F.);
#1676=ADVANCED_FACE('',(#179),#1522,.F.);
#1677=ADVANCED_FACE('',(#180),#1523,.F.);
#1678=ADVANCED_FACE('',(#181),#1524,.F.);
#1679=ADVANCED_FACE('',(#182),#1525,.F.);
#1680=ADVANCED_FACE('',(#183),#1526,.F.);
#1681=ADVANCED_FACE('',(#184),#1527,.F.);
#1682=ADVANCED_FACE('',(#185),#1528,.F.);
#1683=ADVANCED_FACE('',(#186),#1529,.F.);
#1684=ADVANCED_FACE('',(#187),#1530,.F.);
#1685=ADVANCED_FACE('',(#188,#48),#154,.T.);
#1686=ADVANCED_FACE('',(#189),#155,.T.);
#1687=ADVANCED_FACE('',(#190),#1531,.F.);
#1688=ADVANCED_FACE('',(#191),#156,.F.);
#1689=ADVANCED_FACE('',(#192),#1532,.F.);
#1690=ADVANCED_FACE('',(#193),#157,.F.);
#1691=ADVANCED_FACE('',(#194),#1533,.F.);
#1692=ADVANCED_FACE('',(#195),#158,.F.);
#1693=ADVANCED_FACE('',(#196),#1534,.F.);
#1694=ADVANCED_FACE('',(#197),#43,.T.);
#1695=ADVANCED_FACE('',(#198),#159,.F.);
#1696=ADVANCED_FACE('',(#199),#1535,.F.);
#1697=ADVANCED_FACE('',(#200),#44,.T.);
#1698=ADVANCED_FACE('',(#201),#1536,.T.);
#1699=ADVANCED_FACE('',(#202),#160,.F.);
#1700=ADVANCED_FACE('',(#203),#161,.F.);
#1701=ADVANCED_FACE('',(#204),#1537,.T.);
#1702=ADVANCED_FACE('',(#205),#45,.F.);
#1703=ADVANCED_FACE('',(#206),#46,.F.);
#1704=ADVANCED_FACE('',(#207),#47,.F.);
#1705=ADVANCED_FACE('',(#208),#162,.F.);
#1706=ADVANCED_FACE('',(#209),#1538,.T.);
#1707=ADVANCED_FACE('',(#210),#24,.F.);
#1708=ADVANCED_FACE('',(#211),#14,.T.);
#1709=ADVANCED_FACE('',(#212),#1539,.T.);
#1710=ADVANCED_FACE('',(#213),#25,.F.);
#1711=ADVANCED_FACE('',(#214),#1540,.T.);
#1712=ADVANCED_FACE('',(#215),#15,.T.);
#1713=ADVANCED_FACE('',(#216),#1541,.T.);
#1714=ADVANCED_FACE('',(#217),#26,.F.);
#1715=ADVANCED_FACE('',(#218),#1542,.T.);
#1716=ADVANCED_FACE('',(#219),#16,.T.);
#1717=ADVANCED_FACE('',(#220),#1543,.T.);
#1718=ADVANCED_FACE('',(#221),#27,.F.);
#1719=ADVANCED_FACE('',(#222),#1544,.T.);
#1720=ADVANCED_FACE('',(#223),#17,.T.);
#1721=ADVANCED_FACE('',(#224),#1545,.T.);
#1722=ADVANCED_FACE('',(#225),#28,.F.);
#1723=ADVANCED_FACE('',(#226),#1546,.T.);
#1724=ADVANCED_FACE('',(#227),#18,.T.);
#1725=ADVANCED_FACE('',(#228),#1547,.T.);
#1726=ADVANCED_FACE('',(#229),#1548,.T.);
#1727=ADVANCED_FACE('',(#230),#163,.T.);
#1728=ADVANCED_FACE('',(#231),#1549,.F.);
#1729=ADVANCED_FACE('',(#232),#164,.T.);
#1730=ADVANCED_FACE('',(#233),#1550,.T.);
#1731=ADVANCED_FACE('',(#234),#165,.T.);
#1732=ADVANCED_FACE('',(#235),#1551,.F.);
#1733=ADVANCED_FACE('',(#236),#166,.T.);
#1734=ADVANCED_FACE('',(#237),#1552,.T.);
#1735=ADVANCED_FACE('',(#238),#167,.T.);
#1736=ADVANCED_FACE('',(#239),#1553,.F.);
#1737=ADVANCED_FACE('',(#240),#168,.F.);
#1738=ADVANCED_FACE('',(#241),#169,.F.);
#1739=ADVANCED_FACE('',(#242),#19,.T.);
#1740=ADVANCED_FACE('',(#243),#1554,.T.);
#1741=ADVANCED_FACE('',(#244),#29,.F.);
#1742=ADVANCED_FACE('',(#245),#1555,.T.);
#1743=ADVANCED_FACE('',(#246),#20,.T.);
#1744=ADVANCED_FACE('',(#247),#1556,.T.);
#1745=ADVANCED_FACE('',(#248),#30,.F.);
#1746=ADVANCED_FACE('',(#249),#1557,.T.);
#1747=ADVANCED_FACE('',(#250),#21,.T.);
#1748=ADVANCED_FACE('',(#251),#1558,.T.);
#1749=ADVANCED_FACE('',(#252),#31,.F.);
#1750=ADVANCED_FACE('',(#253),#1559,.T.);
#1751=ADVANCED_FACE('',(#254),#22,.T.);
#1752=ADVANCED_FACE('',(#255),#1560,.T.);
#1753=ADVANCED_FACE('',(#256),#32,.F.);
#1754=ADVANCED_FACE('',(#257),#1561,.T.);
#1755=ADVANCED_FACE('',(#258),#23,.T.);
#1756=ADVANCED_FACE('',(#259),#1562,.T.);
#1757=ADVANCED_FACE('',(#260),#33,.F.);
#1758=ADVANCED_FACE('',(#261),#1563,.T.);
#1759=ADVANCED_FACE('',(#262),#170,.T.);
#1760=ADVANCED_FACE('',(#263),#1564,.F.);
#1761=ADVANCED_FACE('',(#264),#171,.T.);
#1762=ADVANCED_FACE('',(#265),#1565,.T.);
#1763=ADVANCED_FACE('',(#266),#172,.T.);
#1764=ADVANCED_FACE('',(#267),#1566,.F.);
#1765=ADVANCED_FACE('',(#268),#173,.T.);
#1766=ADVANCED_FACE('',(#269),#1567,.T.);
#1767=ADVANCED_FACE('',(#270),#174,.T.);
#1768=ADVANCED_FACE('',(#271),#1568,.T.);
#1769=ADVANCED_FACE('',(#272),#1569,.T.);
#1770=ADVANCED_FACE('',(#273),#1570,.T.);
#1771=ADVANCED_FACE('',(#274),#1571,.T.);
#1772=ADVANCED_FACE('',(#275),#1572,.T.);
#1773=ADVANCED_FACE('',(#276),#175,.F.);
#1774=ADVANCED_FACE('',(#277),#176,.F.);
#1775=ADVANCED_FACE('',(#278),#177,.F.);
#1776=CLOSED_SHELL('',(#1675,#1676,#1677,#1678,#1679,#1680,#1681,#1682,
#1683,#1684,#1685,#1686,#1687,#1688,#1689,#1690,#1691,#1692,#1693,#1694,
#1695,#1696,#1697,#1698,#1699,#1700,#1701,#1702,#1703,#1704,#1705,#1706,
#1707,#1708,#1709,#1710,#1711,#1712,#1713,#1714,#1715,#1716,#1717,#1718,
#1719,#1720,#1721,#1722,#1723,#1724,#1725,#1726,#1727,#1728,#1729,#1730,
#1731,#1732,#1733,#1734,#1735,#1736,#1737,#1738,#1739,#1740,#1741,#1742,
#1743,#1744,#1745,#1746,#1747,#1748,#1749,#1750,#1751,#1752,#1753,#1754,
#1755,#1756,#1757,#1758,#1759,#1760,#1761,#1762,#1763,#1764,#1765,#1766,
#1767,#1768,#1769,#1770,#1771,#1772,#1773,#1774,#1775));
#1777=DERIVED_UNIT_ELEMENT(#1779,1.);
#1778=DERIVED_UNIT_ELEMENT(#3363,-3.);
#1779=(
CONVERSION_BASED_UNIT('gram',#1781)
MASS_UNIT()
NAMED_UNIT(#3360)
);
#1780=(
MASS_UNIT()
NAMED_UNIT(*)
SI_UNIT(.KILO.,.GRAM.)
);
#1781=MASS_MEASURE_WITH_UNIT(MASS_MEASURE(0.001),#1780);
#1782=DERIVED_UNIT((#1777,#1778));
#1783=MEASURE_REPRESENTATION_ITEM('density measure',
POSITIVE_RATIO_MEASURE(1.),#1782);
#1784=PROPERTY_DEFINITION_REPRESENTATION(#1789,#1786);
#1785=PROPERTY_DEFINITION_REPRESENTATION(#1790,#1787);
#1786=REPRESENTATION('material name',(#1788),#3357);
#1787=REPRESENTATION('density',(#1783),#3357);
#1788=DESCRIPTIVE_REPRESENTATION_ITEM('Generic','Generic');
#1789=PROPERTY_DEFINITION('material property','material name',#3371);
#1790=PROPERTY_DEFINITION('material property','density of part',#3371);
#1791=DATE_TIME_ROLE('creation_date');
#1792=APPLIED_DATE_AND_TIME_ASSIGNMENT(#1793,#1791,(#3371));
#1793=DATE_AND_TIME(#1794,#1795);
#1794=CALENDAR_DATE(2025,23,4);
#1795=LOCAL_TIME(0,0,0.,#1796);
#1796=COORDINATED_UNIVERSAL_TIME_OFFSET(0,0,.BEHIND.);
#1797=AXIS2_PLACEMENT_3D('',#2525,#1999,#2000);
#1798=AXIS2_PLACEMENT_3D('',#2526,#2001,#2002);
#1799=AXIS2_PLACEMENT_3D('',#2531,#2004,#2005);
#1800=AXIS2_PLACEMENT_3D('',#2534,#2007,#2008);
#1801=AXIS2_PLACEMENT_3D('',#2535,#2009,#2010);
#1802=AXIS2_PLACEMENT_3D('',#2539,#2012,#2013);
#1803=AXIS2_PLACEMENT_3D('',#2541,#2015,#2016);
#1804=AXIS2_PLACEMENT_3D('',#2545,#2018,#2019);
#1805=AXIS2_PLACEMENT_3D('',#2547,#2021,#2022);
#1806=AXIS2_PLACEMENT_3D('',#2551,#2024,#2025);
#1807=AXIS2_PLACEMENT_3D('',#2553,#2027,#2028);
#1808=AXIS2_PLACEMENT_3D('',#2557,#2030,#2031);
#1809=AXIS2_PLACEMENT_3D('',#2559,#2033,#2034);
#1810=AXIS2_PLACEMENT_3D('',#2564,#2037,#2038);
#1811=AXIS2_PLACEMENT_3D('',#2565,#2039,#2040);
#1812=AXIS2_PLACEMENT_3D('',#2570,#2043,#2044);
#1813=AXIS2_PLACEMENT_3D('',#2571,#2045,#2046);
#1814=AXIS2_PLACEMENT_3D('',#2576,#2049,#2050);
#1815=AXIS2_PLACEMENT_3D('',#2577,#2051,#2052);
#1816=AXIS2_PLACEMENT_3D('',#2582,#2055,#2056);
#1817=AXIS2_PLACEMENT_3D('',#2583,#2057,#2058);
#1818=AXIS2_PLACEMENT_3D('',#2586,#2061,#2062);
#1819=AXIS2_PLACEMENT_3D('',#2589,#2063,#2064);
#1820=AXIS2_PLACEMENT_3D('',#2593,#2066,#2067);
#1821=AXIS2_PLACEMENT_3D('',#2597,#2069,#2070);
#1822=AXIS2_PLACEMENT_3D('',#2601,#2072,#2073);
#1823=AXIS2_PLACEMENT_3D('',#2605,#2075,#2076);
#1824=AXIS2_PLACEMENT_3D('',#2609,#2078,#2079);
#1825=AXIS2_PLACEMENT_3D('',#2613,#2081,#2082);
#1826=AXIS2_PLACEMENT_3D('',#2617,#2084,#2085);
#1827=AXIS2_PLACEMENT_3D('',#2621,#2087,#2088);
#1828=AXIS2_PLACEMENT_3D('',#2625,#2090,#2091);
#1829=AXIS2_PLACEMENT_3D('',#2627,#2093,#2094);
#1830=AXIS2_PLACEMENT_3D('',#2628,#2095,#2096);
#1831=AXIS2_PLACEMENT_3D('',#2631,#2097,#2098);
#1832=AXIS2_PLACEMENT_3D('',#2635,#2100,#2101);
#1833=AXIS2_PLACEMENT_3D('',#2637,#2103,#2104);
#1834=AXIS2_PLACEMENT_3D('',#2643,#2108,#2109);
#1835=AXIS2_PLACEMENT_3D('',#2646,#2110,#2111);
#1836=AXIS2_PLACEMENT_3D('',#2650,#2113,#2114);
#1837=AXIS2_PLACEMENT_3D('',#2652,#2116,#2117);
#1838=AXIS2_PLACEMENT_3D('',#2658,#2121,#2122);
#1839=AXIS2_PLACEMENT_3D('',#2661,#2123,#2124);
#1840=AXIS2_PLACEMENT_3D('',#2665,#2126,#2127);
#1841=AXIS2_PLACEMENT_3D('',#2667,#2129,#2130);
#1842=AXIS2_PLACEMENT_3D('',#2673,#2134,#2135);
#1843=AXIS2_PLACEMENT_3D('',#2676,#2136,#2137);
#1844=AXIS2_PLACEMENT_3D('',#2680,#2139,#2140);
#1845=AXIS2_PLACEMENT_3D('',#2753,#2142,#2143);
#1846=AXIS2_PLACEMENT_3D('',#2759,#2147,#2148);
#1847=AXIS2_PLACEMENT_3D('',#2762,#2149,#2150);
#1848=AXIS2_PLACEMENT_3D('',#2766,#2152,#2153);
#1849=AXIS2_PLACEMENT_3D('',#2839,#2155,#2156);
#1850=AXIS2_PLACEMENT_3D('',#2843,#2158,#2159);
#1851=AXIS2_PLACEMENT_3D('',#2845,#2161,#2162);
#1852=AXIS2_PLACEMENT_3D('',#2854,#2165,#2166);
#1853=AXIS2_PLACEMENT_3D('',#2857,#2168,#2169);
#1854=AXIS2_PLACEMENT_3D('',#2860,#2171,#2172);
#1855=AXIS2_PLACEMENT_3D('',#2863,#2174,#2175);
#1856=AXIS2_PLACEMENT_3D('',#2866,#2177,#2178);
#1857=AXIS2_PLACEMENT_3D('',#2869,#2180,#2181);
#1858=AXIS2_PLACEMENT_3D('',#2870,#2182,#2183);
#1859=AXIS2_PLACEMENT_3D('',#2874,#2185,#2186);
#1860=AXIS2_PLACEMENT_3D('',#2894,#2188,#2189);
#1861=AXIS2_PLACEMENT_3D('',#2899,#2190,#2191);
#1862=AXIS2_PLACEMENT_3D('',#2926,#2192,#2193);
#1863=AXIS2_PLACEMENT_3D('',#2932,#2194,#2195);
#1864=AXIS2_PLACEMENT_3D('',#2949,#2196,#2197);
#1865=AXIS2_PLACEMENT_3D('',#2950,#2198,#2199);
#1866=AXIS2_PLACEMENT_3D('',#2952,#2201,#2202);
#1867=AXIS2_PLACEMENT_3D('',#2970,#2203,#2204);
#1868=AXIS2_PLACEMENT_3D('',#2972,#2205,#2206);
#1869=AXIS2_PLACEMENT_3D('',#2974,#2207,#2208);
#1870=AXIS2_PLACEMENT_3D('',#2975,#2209,#2210);
#1871=AXIS2_PLACEMENT_3D('',#2976,#2211,#2212);
#1872=AXIS2_PLACEMENT_3D('',#2978,#2213,#2214);
#1873=AXIS2_PLACEMENT_3D('',#2980,#2215,#2216);
#1874=AXIS2_PLACEMENT_3D('',#2981,#2217,#2218);
#1875=AXIS2_PLACEMENT_3D('',#2982,#2219,#2220);
#1876=AXIS2_PLACEMENT_3D('',#2985,#2221,#2222);
#1877=AXIS2_PLACEMENT_3D('',#3004,#2225,#2226);
#1878=AXIS2_PLACEMENT_3D('',#3006,#2227,#2228);
#1879=AXIS2_PLACEMENT_3D('',#3007,#2229,#2230);
#1880=AXIS2_PLACEMENT_3D('',#3008,#2231,#2232);
#1881=AXIS2_PLACEMENT_3D('',#3011,#2233,#2234);
#1882=AXIS2_PLACEMENT_3D('',#3014,#2237,#2238);
#1883=AXIS2_PLACEMENT_3D('',#3017,#2239,#2240);
#1884=AXIS2_PLACEMENT_3D('',#3018,#2241,#2242);
#1885=AXIS2_PLACEMENT_3D('',#3019,#2243,#2244);
#1886=AXIS2_PLACEMENT_3D('',#3020,#2245,#2246);
#1887=AXIS2_PLACEMENT_3D('',#3023,#2247,#2248);
#1888=AXIS2_PLACEMENT_3D('',#3042,#2251,#2252);
#1889=AXIS2_PLACEMENT_3D('',#3044,#2253,#2254);
#1890=AXIS2_PLACEMENT_3D('',#3045,#2255,#2256);
#1891=AXIS2_PLACEMENT_3D('',#3046,#2257,#2258);
#1892=AXIS2_PLACEMENT_3D('',#3049,#2259,#2260);
#1893=AXIS2_PLACEMENT_3D('',#3052,#2263,#2264);
#1894=AXIS2_PLACEMENT_3D('',#3055,#2265,#2266);
#1895=AXIS2_PLACEMENT_3D('',#3056,#2267,#2268);
#1896=AXIS2_PLACEMENT_3D('',#3057,#2269,#2270);
#1897=AXIS2_PLACEMENT_3D('',#3058,#2271,#2272);
#1898=AXIS2_PLACEMENT_3D('',#3061,#2273,#2274);
#1899=AXIS2_PLACEMENT_3D('',#3080,#2277,#2278);
#1900=AXIS2_PLACEMENT_3D('',#3082,#2279,#2280);
#1901=AXIS2_PLACEMENT_3D('',#3083,#2281,#2282);
#1902=AXIS2_PLACEMENT_3D('',#3084,#2283,#2284);
#1903=AXIS2_PLACEMENT_3D('',#3087,#2285,#2286);
#1904=AXIS2_PLACEMENT_3D('',#3090,#2289,#2290);
#1905=AXIS2_PLACEMENT_3D('',#3093,#2291,#2292);
#1906=AXIS2_PLACEMENT_3D('',#3094,#2293,#2294);
#1907=AXIS2_PLACEMENT_3D('',#3095,#2295,#2296);
#1908=AXIS2_PLACEMENT_3D('',#3096,#2297,#2298);
#1909=AXIS2_PLACEMENT_3D('',#3099,#2299,#2300);
#1910=AXIS2_PLACEMENT_3D('',#3118,#2303,#2304);
#1911=AXIS2_PLACEMENT_3D('',#3120,#2305,#2306);
#1912=AXIS2_PLACEMENT_3D('',#3121,#2307,#2308);
#1913=AXIS2_PLACEMENT_3D('',#3122,#2309,#2310);
#1914=AXIS2_PLACEMENT_3D('',#3125,#2311,#2312);
#1915=AXIS2_PLACEMENT_3D('',#3128,#2315,#2316);
#1916=AXIS2_PLACEMENT_3D('',#3131,#2317,#2318);
#1917=AXIS2_PLACEMENT_3D('',#3132,#2319,#2320);
#1918=AXIS2_PLACEMENT_3D('',#3133,#2321,#2322);
#1919=AXIS2_PLACEMENT_3D('',#3134,#2323,#2324);
#1920=AXIS2_PLACEMENT_3D('',#3137,#2327,#2328);
#1921=AXIS2_PLACEMENT_3D('',#3140,#2331,#2332);
#1922=AXIS2_PLACEMENT_3D('',#3146,#2336,#2337);
#1923=AXIS2_PLACEMENT_3D('',#3149,#2339,#2340);
#1924=AXIS2_PLACEMENT_3D('',#3150,#2341,#2342);
#1925=AXIS2_PLACEMENT_3D('',#3154,#2345,#2346);
#1926=AXIS2_PLACEMENT_3D('',#3157,#2348,#2349);
#1927=AXIS2_PLACEMENT_3D('',#3158,#2350,#2351);
#1928=AXIS2_PLACEMENT_3D('',#3162,#2354,#2355);
#1929=AXIS2_PLACEMENT_3D('',#3165,#2357,#2358);
#1930=AXIS2_PLACEMENT_3D('',#3166,#2359,#2360);
#1931=AXIS2_PLACEMENT_3D('',#3170,#2363,#2364);
#1932=AXIS2_PLACEMENT_3D('',#3173,#2366,#2367);
#1933=AXIS2_PLACEMENT_3D('',#3174,#2368,#2369);
#1934=AXIS2_PLACEMENT_3D('',#3178,#2372,#2373);
#1935=AXIS2_PLACEMENT_3D('',#3181,#2375,#2376);
#1936=AXIS2_PLACEMENT_3D('',#3182,#2377,#2378);
#1937=AXIS2_PLACEMENT_3D('',#3186,#2381,#2382);
#1938=AXIS2_PLACEMENT_3D('',#3187,#2383,#2384);
#1939=AXIS2_PLACEMENT_3D('',#3189,#2385,#2386);
#1940=AXIS2_PLACEMENT_3D('',#3192,#2388,#2389);
#1941=AXIS2_PLACEMENT_3D('',#3195,#2391,#2392);
#1942=AXIS2_PLACEMENT_3D('',#3197,#2394,#2395);
#1943=AXIS2_PLACEMENT_3D('',#3198,#2396,#2397);
#1944=AXIS2_PLACEMENT_3D('',#3199,#2398,#2399);
#1945=AXIS2_PLACEMENT_3D('',#3200,#2400,#2401);
#1946=AXIS2_PLACEMENT_3D('',#3201,#2402,#2403);
#1947=AXIS2_PLACEMENT_3D('',#3217,#2404,#2405);
#1948=AXIS2_PLACEMENT_3D('',#3218,#2406,#2407);
#1949=AXIS2_PLACEMENT_3D('',#3219,#2408,#2409);
#1950=AXIS2_PLACEMENT_3D('',#3220,#2410,#2411);
#1951=AXIS2_PLACEMENT_3D('',#3221,#2412,#2413);
#1952=AXIS2_PLACEMENT_3D('',#3222,#2414,#2415);
#1953=AXIS2_PLACEMENT_3D('',#3223,#2416,#2417);
#1954=AXIS2_PLACEMENT_3D('',#3239,#2418,#2419);
#1955=AXIS2_PLACEMENT_3D('',#3240,#2420,#2421);
#1956=AXIS2_PLACEMENT_3D('',#3241,#2422,#2423);
#1957=AXIS2_PLACEMENT_3D('',#3242,#2424,#2425);
#1958=AXIS2_PLACEMENT_3D('',#3243,#2426,#2427);
#1959=AXIS2_PLACEMENT_3D('',#3244,#2428,#2429);
#1960=AXIS2_PLACEMENT_3D('',#3245,#2430,#2431);
#1961=AXIS2_PLACEMENT_3D('',#3262,#2432,#2433);
#1962=AXIS2_PLACEMENT_3D('',#3263,#2434,#2435);
#1963=AXIS2_PLACEMENT_3D('',#3264,#2436,#2437);
#1964=AXIS2_PLACEMENT_3D('',#3266,#2438,#2439);
#1965=AXIS2_PLACEMENT_3D('',#3268,#2441,#2442);
#1966=AXIS2_PLACEMENT_3D('',#3270,#2443,#2444);
#1967=AXIS2_PLACEMENT_3D('',#3271,#2445,#2446);
#1968=AXIS2_PLACEMENT_3D('',#3272,#2447,#2448);
#1969=AXIS2_PLACEMENT_3D('',#3274,#2449,#2450);
#1970=AXIS2_PLACEMENT_3D('',#3292,#2452,#2453);
#1971=AXIS2_PLACEMENT_3D('',#3293,#2454,#2455);
#1972=AXIS2_PLACEMENT_3D('',#3294,#2456,#2457);
#1973=AXIS2_PLACEMENT_3D('',#3296,#2458,#2459);
#1974=AXIS2_PLACEMENT_3D('',#3298,#2461,#2462);
#1975=AXIS2_PLACEMENT_3D('',#3300,#2463,#2464);
#1976=AXIS2_PLACEMENT_3D('',#3301,#2465,#2466);
#1977=AXIS2_PLACEMENT_3D('',#3302,#2467,#2468);
#1978=AXIS2_PLACEMENT_3D('',#3304,#2469,#2470);
#1979=AXIS2_PLACEMENT_3D('',#3322,#2472,#2473);
#1980=AXIS2_PLACEMENT_3D('',#3323,#2474,#2475);
#1981=AXIS2_PLACEMENT_3D('',#3324,#2476,#2477);
#1982=AXIS2_PLACEMENT_3D('',#3326,#2479,#2480);
#1983=AXIS2_PLACEMENT_3D('',#3329,#2483,#2484);
#1984=AXIS2_PLACEMENT_3D('',#3331,#2486,#2487);
#1985=AXIS2_PLACEMENT_3D('',#3333,#2489,#2490);
#1986=AXIS2_PLACEMENT_3D('',#3335,#2492,#2493);
#1987=AXIS2_PLACEMENT_3D('',#3337,#2495,#2496);
#1988=AXIS2_PLACEMENT_3D('',#3339,#2498,#2499);
#1989=AXIS2_PLACEMENT_3D('',#3341,#2501,#2502);
#1990=AXIS2_PLACEMENT_3D('',#3343,#2504,#2505);
#1991=AXIS2_PLACEMENT_3D('',#3344,#2506,#2507);
#1992=AXIS2_PLACEMENT_3D('',#3346,#2509,#2510);
#1993=AXIS2_PLACEMENT_3D('',#3347,#2511,#2512);
#1994=AXIS2_PLACEMENT_3D('',#3349,#2514,#2515);
#1995=AXIS2_PLACEMENT_3D('',#3351,#2517,#2518);
#1996=AXIS2_PLACEMENT_3D('',#3352,#2519,#2520);
#1997=AXIS2_PLACEMENT_3D('',#3353,#2521,#2522);
#1998=AXIS2_PLACEMENT_3D('',#3354,#2523,#2524);
#1999=DIRECTION('axis',(0.,0.,1.));
#2000=DIRECTION('refdir',(1.,0.,0.));
#2001=DIRECTION('center_axis',(0.330216920766979,0.,0.943905072154597));
#2002=DIRECTION('ref_axis',(-0.820179641604564,-0.494949494949495,0.286932662739272));
#2003=DIRECTION('',(-0.330216920766979,0.,-0.943905072154597));
#2004=DIRECTION('center_axis',(-1.,-1.76604314741932E-16,-1.90023907887949E-16));
#2005=DIRECTION('ref_axis',(1.90023907887949E-16,6.17834724366134E-17,-1.));
#2006=DIRECTION('',(-0.330216920766978,0.,-0.943905072154597));
#2007=DIRECTION('center_axis',(0.809016994374948,-3.50486715299217E-16,
0.587785252292473));
#2008=DIRECTION('ref_axis',(0.587785252292473,-5.05826404221499E-16,-0.809016994374948));
#2009=DIRECTION('center_axis',(0.999749709983838,0.,0.0223722459138742));
#2010=DIRECTION('ref_axis',(-0.0194397309399406,-0.494949494949495,0.868704261708334));
#2011=DIRECTION('',(-0.999749709983838,0.,-0.0223722459138741));
#2012=DIRECTION('center_axis',(0.309016994374947,3.3592136868231E-16,0.951056516295154));
#2013=DIRECTION('ref_axis',(-0.951056516295154,1.17519148120366E-16,0.309016994374947));
#2014=DIRECTION('',(-0.999749709983839,0.,-0.0223722459138742));
#2015=DIRECTION('center_axis',(-0.795664429289515,0.,0.605737662658837));
#2016=DIRECTION('ref_axis',(-0.526338626332268,-0.494949494949495,-0.691370123652954));
#2017=DIRECTION('',(0.795664429289515,0.,-0.605737662658837));
#2018=DIRECTION('center_axis',(-0.309016994374947,0.,0.951056516295154));
#2019=DIRECTION('ref_axis',(0.951056516295154,0.,0.309016994374947));
#2020=DIRECTION('',(0.795664429289515,0.,-0.605737662658837));
#2021=DIRECTION('center_axis',(0.287662380245883,0.,0.957731880534042));
#2022=DIRECTION('ref_axis',(-0.8321940560576,-0.494949494949495,0.249956097168362));
#2023=DIRECTION('',(-0.287662380245883,0.,-0.957731880534042));
#2024=DIRECTION('center_axis',(-0.809016994374948,5.71503567624661E-16,
0.587785252292473));
#2025=DIRECTION('ref_axis',(-0.587785252292473,1.99935516690866E-16,-0.809016994374948));
#2026=DIRECTION('',(-0.287662380245883,0.,-0.957731880534042));
#2027=DIRECTION('center_axis',(-0.821964581707186,0.,-0.569538608365518));
#2028=DIRECTION('ref_axis',(0.494884480939292,-0.494949494949495,-0.714222897963015));
#2029=DIRECTION('',(0.821964581707186,0.,0.569538608365518));
#2030=DIRECTION('center_axis',(-1.,2.64906472112898E-16,-3.32855368727427E-16));
#2031=DIRECTION('ref_axis',(-3.32855368727427E-16,3.82316026242178E-16,
1.));
#2032=DIRECTION('',(0.821964581707186,0.,0.569538608365518));
#2033=DIRECTION('center_axis',(-0.821964581707186,0.,0.569538608365518));
#2034=DIRECTION('ref_axis',(-0.494884480939292,-0.494949494949495,-0.714222897963015));
#2035=DIRECTION('',(0.821964581707186,0.,-0.569538608365518));
#2036=DIRECTION('',(0.821964581707186,0.,-0.569538608365518));
#2037=DIRECTION('center_axis',(-0.809016994374947,7.27785488463217E-16,
-0.587785252292473));
#2038=DIRECTION('ref_axis',(0.587785252292473,2.54609377647092E-16,-0.809016994374947));
#2039=DIRECTION('center_axis',(0.287662380245884,0.,-0.957731880534042));
#2040=DIRECTION('ref_axis',(0.8321940560576,-0.494949494949495,0.249956097168363));
#2041=DIRECTION('',(-0.287662380245884,0.,0.957731880534042));
#2042=DIRECTION('',(-0.287662380245884,0.,0.957731880534042));
#2043=DIRECTION('center_axis',(-0.309016994374947,-8.39803421705774E-17,
-0.951056516295154));
#2044=DIRECTION('ref_axis',(-0.951056516295154,-1.21201382680564E-16,0.309016994374947));
#2045=DIRECTION('center_axis',(-0.795664429289515,0.,-0.605737662658837));
#2046=DIRECTION('ref_axis',(0.526338626332268,-0.494949494949495,-0.691370123652954));
#2047=DIRECTION('',(0.795664429289515,0.,0.605737662658837));
#2048=DIRECTION('',(0.795664429289514,0.,0.605737662658837));
#2049=DIRECTION('center_axis',(0.309016994374948,-4.36589876281593E-16,
-0.951056516295154));
#2050=DIRECTION('ref_axis',(0.951056516295153,-1.52737143635278E-16,0.309016994374948));
#2051=DIRECTION('center_axis',(0.999749709983838,0.,-0.0223722459138738));
#2052=DIRECTION('ref_axis',(0.0194397309399401,-0.494949494949495,0.868704261708334));
#2053=DIRECTION('',(-0.999749709983839,0.,0.0223722459138738));
#2054=DIRECTION('',(-0.999749709983838,0.,0.0223722459138738));
#2055=DIRECTION('center_axis',(0.809016994374948,0.,-0.587785252292473));
#2056=DIRECTION('ref_axis',(-0.587785252292473,0.,-0.809016994374948));
#2057=DIRECTION('center_axis',(0.330216920766979,0.,-0.943905072154597));
#2058=DIRECTION('ref_axis',(0.820179641604564,-0.494949494949495,0.286932662739272));
#2059=DIRECTION('',(-0.330216920766979,0.,0.943905072154597));
#2060=DIRECTION('',(-0.330216920766979,0.,0.943905072154597));
#2061=DIRECTION('center_axis',(0.,1.,0.));
#2062=DIRECTION('ref_axis',(0.,0.,1.));
#2063=DIRECTION('center_axis',(0.,1.,0.));
#2064=DIRECTION('ref_axis',(0.587785252292473,0.,0.809016994374948));
#2065=DIRECTION('',(0.997091348652725,0.,-0.0762157624241172));
#2066=DIRECTION('center_axis',(0.,-1.,0.));
#2067=DIRECTION('ref_axis',(-0.951056516295153,0.,-0.309016994374948));
#2068=DIRECTION('',(-0.761865344859167,0.,-0.647735436966839));
#2069=DIRECTION('center_axis',(0.,1.,0.));
#2070=DIRECTION('ref_axis',(0.951056516295154,0.,-0.309016994374945));
#2071=DIRECTION('',(0.235632674180068,0.,-0.971842190305993));
#2072=DIRECTION('center_axis',(0.,-1.,0.));
#2073=DIRECTION('ref_axis',(-0.587785252292474,0.,0.809016994374947));
#2074=DIRECTION('',(-0.851462347149414,0.,0.524415742886129));
#2075=DIRECTION('center_axis',(0.,1.,0.));
#2076=DIRECTION('ref_axis',(-2.16650815669108E-16,0.,-1.));
#2077=DIRECTION('',(-0.851462347149413,0.,-0.52441574288613));
#2078=DIRECTION('center_axis',(0.,-1.,0.));
#2079=DIRECTION('ref_axis',(0.587785252292472,0.,0.809016994374948));
#2080=DIRECTION('',(0.235632674180067,0.,0.971842190305993));
#2081=DIRECTION('center_axis',(0.,1.,0.));
#2082=DIRECTION('ref_axis',(-0.951056516295153,0.,-0.309016994374948));
#2083=DIRECTION('',(-0.761865344859168,0.,0.647735436966839));
#2084=DIRECTION('center_axis',(0.,-1.,0.));
#2085=DIRECTION('ref_axis',(0.951056516295153,0.,-0.309016994374948));
#2086=DIRECTION('',(0.997091348652725,0.,0.0762157624241177));
#2087=DIRECTION('center_axis',(0.,1.,0.));
#2088=DIRECTION('ref_axis',(-0.587785252292473,0.,0.809016994374948));
#2089=DIRECTION('',(0.380603669175788,0.,0.924738258649401));
#2090=DIRECTION('center_axis',(0.,-1.,0.));
#2091=DIRECTION('ref_axis',(-1.33226762955019E-15,0.,-1.));
#2092=DIRECTION('',(0.380603669175788,0.,-0.924738258649401));
#2093=DIRECTION('center_axis',(0.,1.,0.));
#2094=DIRECTION('ref_axis',(0.,0.,1.));
#2095=DIRECTION('center_axis',(0.,1.,0.));
#2096=DIRECTION('ref_axis',(0.951056516295154,0.,-0.309016994374948));
#2097=DIRECTION('center_axis',(0.,-1.,0.));
#2098=DIRECTION('ref_axis',(0.951056516295154,0.,-0.309016994374948));
#2099=DIRECTION('',(0.,-1.,0.));
#2100=DIRECTION('center_axis',(0.,-1.,0.));
#2101=DIRECTION('ref_axis',(0.951056516295154,0.,-0.309016994374948));
#2102=DIRECTION('',(0.,1.,0.));
#2103=DIRECTION('center_axis',(0.0762157624241177,0.,-0.997091348652725));
#2104=DIRECTION('ref_axis',(-0.997091348652725,0.,-0.0762157624241177));
#2105=DIRECTION('',(0.997091348652725,0.,0.0762157624241177));
#2106=DIRECTION('',(0.,1.,0.));
#2107=DIRECTION('',(-0.997091348652725,0.,-0.0762157624241177));
#2108=DIRECTION('center_axis',(0.,1.,0.));
#2109=DIRECTION('ref_axis',(0.587785252292463,0.,0.809016994374955));
#2110=DIRECTION('center_axis',(0.,-1.,0.));
#2111=DIRECTION('ref_axis',(0.587785252292463,0.,0.809016994374955));
#2112=DIRECTION('',(0.,-1.,0.));
#2113=DIRECTION('center_axis',(0.,-1.,0.));
#2114=DIRECTION('ref_axis',(0.587785252292463,0.,0.809016994374955));
#2115=DIRECTION('',(0.,1.,0.));
#2116=DIRECTION('center_axis',(0.971842190305993,0.,-0.235632674180067));
#2117=DIRECTION('ref_axis',(-0.235632674180067,0.,-0.971842190305993));
#2118=DIRECTION('',(0.235632674180067,0.,0.971842190305993));
#2119=DIRECTION('',(0.,1.,0.));
#2120=DIRECTION('',(-0.235632674180067,0.,-0.971842190305993));
#2121=DIRECTION('center_axis',(0.,1.,0.));
#2122=DIRECTION('ref_axis',(-0.587785252292473,0.,0.809016994374948));
#2123=DIRECTION('center_axis',(0.,-1.,0.));
#2124=DIRECTION('ref_axis',(-0.587785252292473,0.,0.809016994374948));
#2125=DIRECTION('',(0.,-1.,0.));
#2126=DIRECTION('center_axis',(0.,-1.,0.));
#2127=DIRECTION('ref_axis',(-0.587785252292473,0.,0.809016994374948));
#2128=DIRECTION('',(0.,1.,0.));
#2129=DIRECTION('center_axis',(0.52441574288613,0.,0.851462347149414));
#2130=DIRECTION('ref_axis',(0.851462347149414,0.,-0.52441574288613));
#2131=DIRECTION('',(-0.851462347149414,0.,0.524415742886129));
#2132=DIRECTION('',(0.,1.,0.));
#2133=DIRECTION('',(0.851462347149414,0.,-0.524415742886129));
#2134=DIRECTION('center_axis',(0.,1.,0.));
#2135=DIRECTION('ref_axis',(-0.951056516295151,0.,-0.309016994374954));
#2136=DIRECTION('center_axis',(0.,-1.,0.));
#2137=DIRECTION('ref_axis',(-0.951056516295151,0.,-0.309016994374954));
#2138=DIRECTION('',(0.,-1.,0.));
#2139=DIRECTION('center_axis',(0.,-1.,0.));
#2140=DIRECTION('ref_axis',(-0.647735436966838,0.,0.761865344859168));
#2141=DIRECTION('',(0.,1.,0.));
#2142=DIRECTION('center_axis',(-0.647735436966839,0.,0.761865344859167));
#2143=DIRECTION('ref_axis',(0.761865344859167,0.,0.647735436966839));
#2144=DIRECTION('',(-0.761865344859167,0.,-0.647735436966839));
#2145=DIRECTION('',(0.,1.,0.));
#2146=DIRECTION('',(0.761865344859167,0.,0.647735436966839));
#2147=DIRECTION('center_axis',(0.,1.,0.));
#2148=DIRECTION('ref_axis',(9.18741913198741E-16,0.,-1.));
#2149=DIRECTION('center_axis',(0.,-1.,0.));
#2150=DIRECTION('ref_axis',(9.18741913198741E-16,0.,-1.));
#2151=DIRECTION('',(0.,-1.,0.));
#2152=DIRECTION('center_axis',(0.,-1.,0.));
#2153=DIRECTION('ref_axis',(-0.924738258649401,0.,-0.380603669175789));
#2154=DIRECTION('',(0.,1.,0.));
#2155=DIRECTION('center_axis',(-0.380603669175788,0.,0.924738258649401));
#2156=DIRECTION('ref_axis',(0.665811546227571,-0.693974062915896,0.27403464180657));
#2157=DIRECTION('',(-0.380603669175788,0.,0.924738258649401));
#2158=DIRECTION('center_axis',(-0.380603669175787,1.68619761290926E-15,
0.924738258649402));
#2159=DIRECTION('ref_axis',(0.665811546227568,-0.6939740629159,0.274034641806567));
#2160=DIRECTION('',(-0.380603669175788,0.,0.924738258649401));
#2161=DIRECTION('center_axis',(-0.924738258649401,0.,-0.380603669175788));
#2162=DIRECTION('ref_axis',(-0.380603669175788,0.,0.924738258649401));
#2163=DIRECTION('',(0.380603669175788,0.,-0.924738258649401));
#2164=DIRECTION('',(0.,1.,0.));
#2165=DIRECTION('center_axis',(0.,1.,0.));
#2166=DIRECTION('ref_axis',(0.,0.,1.));
#2167=DIRECTION('',(-0.761865344859168,0.,0.647735436966839));
#2168=DIRECTION('center_axis',(0.,1.,0.));
#2169=DIRECTION('ref_axis',(-0.951056516295154,0.,-0.309016994374947));
#2170=DIRECTION('',(-0.851462347149413,0.,-0.52441574288613));
#2171=DIRECTION('center_axis',(0.,1.,0.));
#2172=DIRECTION('ref_axis',(-5.133470439998E-16,0.,-1.));
#2173=DIRECTION('',(0.235632674180068,0.,-0.971842190305993));
#2174=DIRECTION('center_axis',(0.,1.,0.));
#2175=DIRECTION('ref_axis',(0.951056516295153,0.,-0.309016994374948));
#2176=DIRECTION('',(0.997091348652725,0.,-0.0762157624241172));
#2177=DIRECTION('center_axis',(0.,1.,0.));
#2178=DIRECTION('ref_axis',(0.587785252292472,0.,0.809016994374948));
#2179=DIRECTION('',(0.380603669175788,0.,0.924738258649401));
#2180=DIRECTION('center_axis',(0.,1.,0.));
#2181=DIRECTION('ref_axis',(-0.587785252292473,0.,0.809016994374948));
#2182=DIRECTION('center_axis',(-0.997091348652725,0.,0.0762157624241172));
#2183=DIRECTION('ref_axis',(0.0548753489453639,-0.693974062915903,0.717905771029959));
#2184=DIRECTION('',(-0.997091348652725,0.,0.0762157624241172));
#2185=DIRECTION('center_axis',(-0.997091348652725,-1.25224969782232E-15,
0.0762157624241177));
#2186=DIRECTION('ref_axis',(0.0548753489453653,-0.693974062915903,0.717905771029959));
#2187=DIRECTION('',(-0.997091348652725,0.,0.0762157624241172));
#2188=DIRECTION('center_axis',(-0.970154511426268,-0.230870090354621,0.0741567619230275));
#2189=DIRECTION('ref_axis',(0.233767604560438,-0.809185465725303,0.539046926637189));
#2190=DIRECTION('center_axis',(0.,-1.,0.));
#2191=DIRECTION('ref_axis',(0.587785252292473,0.,0.809016994374948));
#2192=DIRECTION('center_axis',(-0.370321279703117,0.230870224467,0.89975612765549));
#2193=DIRECTION('ref_axis',(0.4404260203293,-0.809185411554563,0.38890087470224));
#2194=DIRECTION('center_axis',(0.,-1.,0.));
#2195=DIRECTION('ref_axis',(0.587785252292473,0.,0.809016994374948));
#2196=DIRECTION('center_axis',(0.,-1.,0.));
#2197=DIRECTION('ref_axis',(0.587785252292473,0.,0.809016994374948));
#2198=DIRECTION('center_axis',(-0.0762157624241172,0.,-0.997091348652725));
#2199=DIRECTION('ref_axis',(-0.997091348652725,0.,0.0762157624241172));
#2200=DIRECTION('',(0.,-1.,0.));
#2201=DIRECTION('center_axis',(0.,1.,0.));
#2202=DIRECTION('ref_axis',(0.587785252292472,0.,0.809016994374948));
#2203=DIRECTION('center_axis',(0.,1.,0.));
#2204=DIRECTION('ref_axis',(-1.33226762955019E-15,0.,-1.));
#2205=DIRECTION('center_axis',(0.380603669175785,0.,-0.924738258649403));
#2206=DIRECTION('ref_axis',(0.,-1.,0.));
#2207=DIRECTION('center_axis',(0.,-1.,0.));
#2208=DIRECTION('ref_axis',(-1.33226762955019E-15,0.,-1.));
#2209=DIRECTION('center_axis',(0.380603669175784,0.,0.924738258649403));
#2210=DIRECTION('ref_axis',(0.,-1.,0.));
#2211=DIRECTION('center_axis',(0.,-1.,0.));
#2212=DIRECTION('ref_axis',(0.,0.,-1.));
#2213=DIRECTION('center_axis',(-0.38060366917579,0.,0.924738258649401));
#2214=DIRECTION('ref_axis',(-0.924738258649401,0.,-0.38060366917579));
#2215=DIRECTION('center_axis',(0.997091348652725,0.,-0.0762157624241179));
#2216=DIRECTION('ref_axis',(0.,-1.,0.));
#2217=DIRECTION('center_axis',(0.,1.,0.));
#2218=DIRECTION('ref_axis',(0.587785252292473,0.,0.809016994374948));
#2219=DIRECTION('center_axis',(-0.997091348652725,0.,0.0762157624241172));
#2220=DIRECTION('ref_axis',(-0.0538926824433954,-0.707106781186548,-0.705050054094782));
#2221=DIRECTION('center_axis',(0.997091348652726,0.,-0.0762157624241121));
#2222=DIRECTION('ref_axis',(0.,-1.,0.));
#2223=DIRECTION('',(0.997091348652725,0.,-0.0762157624241172));
#2224=DIRECTION('',(-0.997091348652725,0.,0.0762157624241172));
#2225=DIRECTION('center_axis',(0.,-1.,0.));
#2226=DIRECTION('ref_axis',(0.,0.,1.));
#2227=DIRECTION('center_axis',(-0.761865344859167,0.,-0.64773543696684));
#2228=DIRECTION('ref_axis',(0.,-1.,0.));
#2229=DIRECTION('center_axis',(0.,-1.,0.));
#2230=DIRECTION('ref_axis',(-0.951056516295153,0.,-0.309016994374948));
#2231=DIRECTION('center_axis',(0.761865344859167,0.,0.647735436966839));
#2232=DIRECTION('ref_axis',(-0.458018119894083,-0.707106781186549,0.538720151700943));
#2233=DIRECTION('center_axis',(-0.761865344859165,0.,-0.647735436966842));
#2234=DIRECTION('ref_axis',(0.,-1.,0.));
#2235=DIRECTION('',(-0.761865344859167,0.,-0.647735436966839));
#2236=DIRECTION('',(0.761865344859167,0.,0.647735436966839));
#2237=DIRECTION('center_axis',(0.,-1.,0.));
#2238=DIRECTION('ref_axis',(0.,0.,-1.));
#2239=DIRECTION('center_axis',(0.235632674180069,0.,-0.971842190305993));
#2240=DIRECTION('ref_axis',(0.,-1.,0.));
#2241=DIRECTION('center_axis',(0.,1.,0.));
#2242=DIRECTION('ref_axis',(0.951056516295154,0.,-0.309016994374945));
#2243=DIRECTION('center_axis',(0.,-1.,0.));
#2244=DIRECTION('ref_axis',(0.951056516295154,0.,-0.309016994374945));
#2245=DIRECTION('center_axis',(-0.235632674180068,0.,0.971842190305993));
#2246=DIRECTION('ref_axis',(-0.687196203008558,-0.707106781186545,-0.166617461781845));
#2247=DIRECTION('center_axis',(0.235632674180072,0.,-0.971842190305992));
#2248=DIRECTION('ref_axis',(0.,-1.,0.));
#2249=DIRECTION('',(0.235632674180068,0.,-0.971842190305993));
#2250=DIRECTION('',(-0.235632674180068,0.,0.971842190305993));
#2251=DIRECTION('center_axis',(0.,1.,0.));
#2252=DIRECTION('ref_axis',(-0.587785252292474,0.,0.809016994374947));
#2253=DIRECTION('center_axis',(-0.851462347149412,0.,0.524415742886132));
#2254=DIRECTION('ref_axis',(0.,-1.,0.));
#2255=DIRECTION('center_axis',(0.,-1.,0.));
#2256=DIRECTION('ref_axis',(-0.587785252292474,0.,0.809016994374947));
#2257=DIRECTION('center_axis',(0.851462347149414,0.,-0.52441574288613));
#2258=DIRECTION('ref_axis',(0.370817927955763,-0.707106781186549,0.602074799594363));
#2259=DIRECTION('center_axis',(-0.851462347149414,0.,0.52441574288613));
#2260=DIRECTION('ref_axis',(0.,-1.,0.));
#2261=DIRECTION('',(-0.851462347149414,0.,0.524415742886129));
#2262=DIRECTION('',(0.851462347149414,0.,-0.524415742886129));
#2263=DIRECTION('center_axis',(0.,-1.,0.));
#2264=DIRECTION('ref_axis',(0.,0.,-1.));
#2265=DIRECTION('center_axis',(-0.851462347149413,0.,-0.52441574288613));
#2266=DIRECTION('ref_axis',(0.,-1.,0.));
#2267=DIRECTION('center_axis',(0.,1.,0.));
#2268=DIRECTION('ref_axis',(-2.16650815669108E-16,0.,-1.));
#2269=DIRECTION('center_axis',(0.,-1.,0.));
#2270=DIRECTION('ref_axis',(-2.16650815669108E-16,0.,-1.));
#2271=DIRECTION('center_axis',(0.851462347149413,0.,0.52441574288613));
#2272=DIRECTION('ref_axis',(-0.370817927955764,-0.707106781186547,0.602074799594365));
#2273=DIRECTION('center_axis',(-0.85146234714941,0.,-0.524415742886136));
#2274=DIRECTION('ref_axis',(0.,-1.,0.));
#2275=DIRECTION('',(-0.851462347149413,0.,-0.52441574288613));
#2276=DIRECTION('',(0.851462347149413,0.,0.52441574288613));
#2277=DIRECTION('center_axis',(0.,-1.,0.));
#2278=DIRECTION('ref_axis',(0.,0.,1.));
#2279=DIRECTION('center_axis',(0.235632674180068,0.,0.971842190305993));
#2280=DIRECTION('ref_axis',(0.,-1.,0.));
#2281=DIRECTION('center_axis',(0.,-1.,0.));
#2282=DIRECTION('ref_axis',(0.587785252292472,0.,0.809016994374948));
#2283=DIRECTION('center_axis',(-0.235632674180067,0.,-0.971842190305993));
#2284=DIRECTION('ref_axis',(0.687196203008555,-0.707106781186547,-0.166617461781848));
#2285=DIRECTION('center_axis',(0.235632674180067,0.,0.971842190305993));
#2286=DIRECTION('ref_axis',(0.,-1.,0.));
#2287=DIRECTION('',(0.235632674180067,0.,0.971842190305993));
#2288=DIRECTION('',(-0.235632674180067,0.,-0.971842190305993));
#2289=DIRECTION('center_axis',(0.,-1.,0.));
#2290=DIRECTION('ref_axis',(0.,0.,-1.));
#2291=DIRECTION('center_axis',(-0.761865344859167,0.,0.647735436966839));
#2292=DIRECTION('ref_axis',(0.,-1.,0.));
#2293=DIRECTION('center_axis',(0.,1.,0.));
#2294=DIRECTION('ref_axis',(-0.951056516295153,0.,-0.309016994374948));
#2295=DIRECTION('center_axis',(0.,-1.,0.));
#2296=DIRECTION('ref_axis',(-0.951056516295153,0.,-0.309016994374948));
#2297=DIRECTION('center_axis',(0.761865344859168,0.,-0.647735436966839));
#2298=DIRECTION('ref_axis',(0.458018119894083,-0.707106781186548,0.538720151700945));
#2299=DIRECTION('center_axis',(-0.761865344859168,0.,0.647735436966838));
#2300=DIRECTION('ref_axis',(0.,-1.,0.));
#2301=DIRECTION('',(-0.761865344859168,0.,0.647735436966839));
#2302=DIRECTION('',(0.761865344859168,0.,-0.647735436966839));
#2303=DIRECTION('center_axis',(0.,-1.,0.));
#2304=DIRECTION('ref_axis',(0.,0.,1.));
#2305=DIRECTION('center_axis',(0.997091348652725,0.,0.0762157624241175));
#2306=DIRECTION('ref_axis',(0.,-1.,0.));
#2307=DIRECTION('center_axis',(0.,-1.,0.));
#2308=DIRECTION('ref_axis',(0.951056516295153,0.,-0.309016994374948));
#2309=DIRECTION('center_axis',(-0.997091348652725,0.,-0.0762157624241177));
#2310=DIRECTION('ref_axis',(0.0538926824433963,-0.707106781186546,-0.705050054094784));
#2311=DIRECTION('center_axis',(0.997091348652725,0.,0.0762157624241205));
#2312=DIRECTION('ref_axis',(0.,-1.,0.));
#2313=DIRECTION('',(0.997091348652725,0.,0.0762157624241177));
#2314=DIRECTION('',(-0.997091348652725,0.,-0.0762157624241177));
#2315=DIRECTION('center_axis',(0.,-1.,0.));
#2316=DIRECTION('ref_axis',(0.,0.,-1.));
#2317=DIRECTION('center_axis',(0.380603669175786,0.,0.924738258649402));
#2318=DIRECTION('ref_axis',(0.,-1.,0.));
#2319=DIRECTION('center_axis',(0.,1.,0.));
#2320=DIRECTION('ref_axis',(-0.587785252292473,0.,0.809016994374948));
#2321=DIRECTION('center_axis',(0.,-1.,0.));
#2322=DIRECTION('ref_axis',(-0.587785252292473,0.,0.809016994374948));
#2323=DIRECTION('center_axis',(-0.380603669175788,0.,-0.924738258649402));
#2324=DIRECTION('ref_axis',(0.653888693513632,-0.707106781186548,-0.269127435418679));
#2325=DIRECTION('',(0.380603669175788,0.,0.924738258649401));
#2326=DIRECTION('',(-0.380603669175788,0.,-0.924738258649401));
#2327=DIRECTION('center_axis',(-0.380603669175788,0.,0.924738258649401));
#2328=DIRECTION('ref_axis',(-0.653888693513631,-0.707106781186546,-0.269127435418686));
#2329=DIRECTION('',(0.380603669175788,0.,-0.924738258649401));
#2330=DIRECTION('',(-0.380603669175788,0.,0.924738258649401));
#2331=DIRECTION('center_axis',(0.971842190305993,0.,-0.235632674180067));
#2332=DIRECTION('ref_axis',(-0.235632674180067,0.,-0.971842190305993));
#2333=DIRECTION('',(0.,-1.,0.));
#2334=DIRECTION('',(-0.235632674180067,0.,-0.971842190305993));
#2335=DIRECTION('',(0.,1.,0.));
#2336=DIRECTION('center_axis',(0.,1.,0.));
#2337=DIRECTION('ref_axis',(-0.951056516295154,0.,-0.309016994374948));
#2338=DIRECTION('',(0.,1.,0.));
#2339=DIRECTION('center_axis',(0.,-1.,0.));
#2340=DIRECTION('ref_axis',(-0.951056516295153,0.,-0.309016994374948));
#2341=DIRECTION('center_axis',(0.647735436966839,0.,0.761865344859168));
#2342=DIRECTION('ref_axis',(0.761865344859168,0.,-0.647735436966839));
#2343=DIRECTION('',(0.,-1.,0.));
#2344=DIRECTION('',(0.761865344859168,0.,-0.647735436966839));
#2345=DIRECTION('center_axis',(0.,1.,0.));
#2346=DIRECTION('ref_axis',(0.951056516295154,0.,-0.309016994374946));
#2347=DIRECTION('',(0.,1.,0.));
#2348=DIRECTION('center_axis',(0.,1.,0.));
#2349=DIRECTION('ref_axis',(0.951056516295153,0.,-0.309016994374948));
#2350=DIRECTION('center_axis',(0.0762157624241177,0.,-0.997091348652725));
#2351=DIRECTION('ref_axis',(-0.997091348652725,0.,-0.0762157624241177));
#2352=DIRECTION('',(0.,-1.,0.));
#2353=DIRECTION('',(-0.997091348652725,0.,-0.0762157624241177));
#2354=DIRECTION('center_axis',(0.,1.,0.));
#2355=DIRECTION('ref_axis',(-0.587785252292474,0.,0.809016994374947));
#2356=DIRECTION('',(0.,1.,0.));
#2357=DIRECTION('center_axis',(0.,-1.,0.));
#2358=DIRECTION('ref_axis',(-0.587785252292473,0.,0.809016994374948));
#2359=DIRECTION('center_axis',(0.924738258649402,0.,-0.380603669175788));
#2360=DIRECTION('ref_axis',(-0.380603669175788,0.,-0.924738258649401));
#2361=DIRECTION('',(0.,-1.,0.));
#2362=DIRECTION('',(-0.380603669175788,0.,-0.924738258649401));
#2363=DIRECTION('center_axis',(0.,1.,0.));
#2364=DIRECTION('ref_axis',(0.,0.,-1.));
#2365=DIRECTION('',(0.,1.,0.));
#2366=DIRECTION('center_axis',(0.,1.,0.));
#2367=DIRECTION('ref_axis',(-1.33226762955019E-15,0.,-1.));
#2368=DIRECTION('center_axis',(-0.924738258649401,0.,-0.380603669175788));
#2369=DIRECTION('ref_axis',(-0.380603669175788,0.,0.924738258649401));
#2370=DIRECTION('',(0.,-1.,0.));
#2371=DIRECTION('',(-0.380603669175788,0.,0.924738258649401));
#2372=DIRECTION('center_axis',(0.,1.,0.));
#2373=DIRECTION('ref_axis',(0.587785252292472,0.,0.809016994374948));
#2374=DIRECTION('',(0.,1.,0.));
#2375=DIRECTION('center_axis',(0.,-1.,0.));
#2376=DIRECTION('ref_axis',(0.587785252292473,0.,0.809016994374948));
#2377=DIRECTION('center_axis',(-0.971842190305993,0.,-0.235632674180068));
#2378=DIRECTION('ref_axis',(-0.235632674180068,0.,0.971842190305993));
#2379=DIRECTION('',(-0.235632674180068,0.,0.971842190305993));
#2380=DIRECTION('',(0.,-1.,0.));
#2381=DIRECTION('center_axis',(0.,1.,0.));
#2382=DIRECTION('ref_axis',(0.,0.,1.));
#2383=DIRECTION('center_axis',(0.,1.,0.));
#2384=DIRECTION('ref_axis',(0.951056516295153,0.,-0.309016994374948));
#2385=DIRECTION('center_axis',(0.,1.,0.));
#2386=DIRECTION('ref_axis',(-5.133470439998E-16,0.,-1.));
#2387=DIRECTION('',(0.851462347149413,0.,0.52441574288613));
#2388=DIRECTION('center_axis',(0.,1.,0.));
#2389=DIRECTION('ref_axis',(-0.951056516295154,0.,-0.309016994374947));
#2390=DIRECTION('',(0.761865344859168,0.,-0.647735436966839));
#2391=DIRECTION('center_axis',(0.,1.,0.));
#2392=DIRECTION('ref_axis',(-0.587785252292473,0.,0.809016994374948));
#2393=DIRECTION('',(-0.380603669175788,0.,-0.924738258649401));
#2394=DIRECTION('center_axis',(0.,1.,0.));
#2395=DIRECTION('ref_axis',(0.,0.,1.));
#2396=DIRECTION('center_axis',(0.997091348652725,0.,-0.0762157624241179));
#2397=DIRECTION('ref_axis',(-0.0762157624241179,0.,-0.997091348652725));
#2398=DIRECTION('center_axis',(-0.38060366917579,0.,0.924738258649401));
#2399=DIRECTION('ref_axis',(0.,1.,0.));
#2400=DIRECTION('center_axis',(-0.380603669175788,0.,0.924738258649401));
#2401=DIRECTION('ref_axis',(-0.653888693513631,0.707106781186546,-0.269127435418686));
#2402=DIRECTION('center_axis',(-0.380603669175789,0.,0.924738258649401));
#2403=DIRECTION('ref_axis',(0.,1.,0.));
#2404=DIRECTION('center_axis',(-0.38060366917579,0.,-0.924738258649401));
#2405=DIRECTION('ref_axis',(0.,1.,0.));
#2406=DIRECTION('center_axis',(-0.380603669175788,0.,-0.924738258649402));
#2407=DIRECTION('ref_axis',(0.653888693513632,0.707106781186548,-0.269127435418679));
#2408=DIRECTION('center_axis',(-0.380603669175786,0.,-0.924738258649402));
#2409=DIRECTION('ref_axis',(0.,1.,0.));
#2410=DIRECTION('center_axis',(0.,1.,0.));
#2411=DIRECTION('ref_axis',(0.,0.,1.));
#2412=DIRECTION('center_axis',(-0.997091348652725,0.,-0.0762157624241177));
#2413=DIRECTION('ref_axis',(0.,1.,0.));
#2414=DIRECTION('center_axis',(-0.997091348652725,0.,-0.0762157624241177));
#2415=DIRECTION('ref_axis',(0.0538926824433964,0.707106781186548,-0.705050054094782));
#2416=DIRECTION('center_axis',(-0.997091348652725,0.,-0.0762157624241179));
#2417=DIRECTION('ref_axis',(0.,1.,0.));
#2418=DIRECTION('center_axis',(0.761865344859166,0.,-0.64773543696684));
#2419=DIRECTION('ref_axis',(0.,1.,0.));
#2420=DIRECTION('center_axis',(0.761865344859168,0.,-0.647735436966839));
#2421=DIRECTION('ref_axis',(0.458018119894083,0.707106781186548,0.538720151700945));
#2422=DIRECTION('center_axis',(0.761865344859167,0.,-0.647735436966839));
#2423=DIRECTION('ref_axis',(0.,1.,0.));
#2424=DIRECTION('center_axis',(0.,1.,0.));
#2425=DIRECTION('ref_axis',(0.,0.,1.));
#2426=DIRECTION('center_axis',(-0.235632674180067,0.,-0.971842190305993));
#2427=DIRECTION('ref_axis',(0.,1.,0.));
#2428=DIRECTION('center_axis',(-0.235632674180067,0.,-0.971842190305993));
#2429=DIRECTION('ref_axis',(0.687196203008555,0.707106781186547,-0.166617461781846));
#2430=DIRECTION('center_axis',(-0.235632674180077,0.,-0.971842190305991));
#2431=DIRECTION('ref_axis',(0.,1.,0.));
#2432=DIRECTION('center_axis',(0.851462347149414,0.,0.52441574288613));
#2433=DIRECTION('ref_axis',(0.,1.,0.));
#2434=DIRECTION('center_axis',(0.,1.,0.));
#2435=DIRECTION('ref_axis',(0.587785252292472,0.,0.809016994374948));
#2436=DIRECTION('center_axis',(0.851462347149413,0.,0.52441574288613));
#2437=DIRECTION('ref_axis',(-0.370817927955764,0.707106781186547,0.602074799594365));
#2438=DIRECTION('center_axis',(0.851462347149413,0.,0.524415742886131));
#2439=DIRECTION('ref_axis',(0.,1.,0.));
#2440=DIRECTION('',(0.851462347149413,0.,0.52441574288613));
#2441=DIRECTION('center_axis',(0.,1.,0.));
#2442=DIRECTION('ref_axis',(-1.22464679914735E-16,0.,-1.));
#2443=DIRECTION('center_axis',(0.851462347149414,0.,-0.52441574288613));
#2444=DIRECTION('ref_axis',(0.,1.,0.));
#2445=DIRECTION('center_axis',(0.,-1.,0.));
#2446=DIRECTION('ref_axis',(-2.16650815669108E-16,0.,-1.));
#2447=DIRECTION('center_axis',(0.851462347149414,0.,-0.52441574288613));
#2448=DIRECTION('ref_axis',(0.370817927955763,0.707106781186549,0.602074799594363));
#2449=DIRECTION('center_axis',(0.851462347149411,0.,-0.524415742886134));
#2450=DIRECTION('ref_axis',(0.,1.,0.));
#2451=DIRECTION('',(0.851462347149414,0.,-0.524415742886129));
#2452=DIRECTION('center_axis',(-0.235632674180068,0.,0.971842190305993));
#2453=DIRECTION('ref_axis',(0.,1.,0.));
#2454=DIRECTION('center_axis',(0.,1.,0.));
#2455=DIRECTION('ref_axis',(-0.587785252292474,0.,0.809016994374947));
#2456=DIRECTION('center_axis',(-0.235632674180068,0.,0.971842190305993));
#2457=DIRECTION('ref_axis',(-0.687196203008555,0.707106781186547,-0.166617461781846));
#2458=DIRECTION('center_axis',(-0.235632674180067,0.,0.971842190305993));
#2459=DIRECTION('ref_axis',(0.,1.,0.));
#2460=DIRECTION('',(-0.235632674180068,0.,0.971842190305993));
#2461=DIRECTION('center_axis',(0.,1.,0.));
#2462=DIRECTION('ref_axis',(0.,0.,1.));
#2463=DIRECTION('center_axis',(0.761865344859168,0.,0.647735436966839));
#2464=DIRECTION('ref_axis',(0.,1.,0.));
#2465=DIRECTION('center_axis',(0.,-1.,0.));
#2466=DIRECTION('ref_axis',(0.951056516295154,0.,-0.309016994374945));
#2467=DIRECTION('center_axis',(0.761865344859167,0.,0.647735436966839));
#2468=DIRECTION('ref_axis',(-0.458018119894083,0.707106781186549,0.538720151700943));
#2469=DIRECTION('center_axis',(0.761865344859169,0.,0.647735436966837));
#2470=DIRECTION('ref_axis',(0.,1.,0.));
#2471=DIRECTION('',(0.761865344859167,0.,0.647735436966839));
#2472=DIRECTION('center_axis',(-0.997091348652725,0.,0.0762157624241173));
#2473=DIRECTION('ref_axis',(0.,1.,0.));
#2474=DIRECTION('center_axis',(0.,1.,0.));
#2475=DIRECTION('ref_axis',(-0.951056516295153,0.,-0.309016994374948));
#2476=DIRECTION('center_axis',(-0.997091348652725,0.,0.0762157624241172));
#2477=DIRECTION('ref_axis',(-0.0538926824433955,0.707106781186548,-0.705050054094782));
#2478=DIRECTION('',(-0.997091348652725,0.,0.0762157624241172));
#2479=DIRECTION('center_axis',(-0.52441574288613,0.,0.851462347149413));
#2480=DIRECTION('ref_axis',(0.851462347149413,0.,0.52441574288613));
#2481=DIRECTION('',(0.,-1.,0.));
#2482=DIRECTION('',(0.,1.,0.));
#2483=DIRECTION('center_axis',(0.,1.,0.));
#2484=DIRECTION('ref_axis',(6.16016452799759E-16,0.,-1.));
#2485=DIRECTION('',(0.,-1.,0.));
#2486=DIRECTION('center_axis',(0.52441574288613,0.,0.851462347149414));
#2487=DIRECTION('ref_axis',(0.851462347149414,0.,-0.52441574288613));
#2488=DIRECTION('',(0.,1.,0.));
#2489=DIRECTION('center_axis',(0.,1.,0.));
#2490=DIRECTION('ref_axis',(-0.587785252292468,0.,0.809016994374951));
#2491=DIRECTION('',(0.,-1.,0.));
#2492=DIRECTION('center_axis',(-0.971842190305993,0.,-0.235632674180068));
#2493=DIRECTION('ref_axis',(-0.235632674180068,0.,0.971842190305993));
#2494=DIRECTION('',(0.,1.,0.));
#2495=DIRECTION('center_axis',(0.,1.,0.));
#2496=DIRECTION('ref_axis',(0.951056516295154,0.,-0.309016994374947));
#2497=DIRECTION('',(0.,-1.,0.));
#2498=DIRECTION('center_axis',(-0.647735436966839,0.,0.761865344859167));
#2499=DIRECTION('ref_axis',(0.761865344859167,0.,0.647735436966839));
#2500=DIRECTION('',(0.,1.,0.));
#2501=DIRECTION('center_axis',(0.,1.,0.));
#2502=DIRECTION('ref_axis',(-0.951056516295154,0.,-0.309016994374948));
#2503=DIRECTION('',(0.,-1.,0.));
#2504=DIRECTION('center_axis',(-0.0762157624241172,0.,-0.997091348652725));
#2505=DIRECTION('ref_axis',(-0.997091348652725,0.,0.0762157624241172));
#2506=DIRECTION('center_axis',(0.,1.,0.));
#2507=DIRECTION('ref_axis',(-0.587785252292473,0.,0.809016994374948));
#2508=DIRECTION('',(0.,-1.,0.));
#2509=DIRECTION('center_axis',(0.,1.,0.));
#2510=DIRECTION('ref_axis',(0.951056516295153,0.,-0.309016994374948));
#2511=DIRECTION('center_axis',(0.,1.,0.));
#2512=DIRECTION('ref_axis',(-5.133470439998E-16,0.,-1.));
#2513=DIRECTION('',(0.,-1.,0.));
#2514=DIRECTION('center_axis',(0.,1.,0.));
#2515=DIRECTION('ref_axis',(-0.951056516295154,0.,-0.309016994374947));
#2516=DIRECTION('',(0.,-1.,0.));
#2517=DIRECTION('center_axis',(0.,1.,0.));
#2518=DIRECTION('ref_axis',(0.587785252292468,0.,0.809016994374951));
#2519=DIRECTION('center_axis',(0.647735436966839,0.,0.761865344859168));
#2520=DIRECTION('ref_axis',(0.761865344859168,0.,-0.647735436966839));
#2521=DIRECTION('center_axis',(-0.52441574288613,0.,0.851462347149413));
#2522=DIRECTION('ref_axis',(0.851462347149413,0.,0.52441574288613));
#2523=DIRECTION('center_axis',(0.924738258649402,0.,-0.380603669175788));
#2524=DIRECTION('ref_axis',(-0.380603669175788,0.,-0.924738258649401));
#2525=CARTESIAN_POINT('',(0.,0.,0.));
#2526=CARTESIAN_POINT('Origin',(1.48362061705058,1.99,-1.20850030431797));
#2527=CARTESIAN_POINT('',(1.2867933561961,1.,-1.77111911085073));
#2528=CARTESIAN_POINT('',(1.04902962956708E-15,1.,-5.44933999943275));
#2529=CARTESIAN_POINT('',(1.48362061705058,1.,-1.20850030431797));
#2530=CARTESIAN_POINT('',(2.90866880010039E-16,1.5,-2.84428716111592));
#2531=CARTESIAN_POINT('Origin',(6.99353086378051E-16,1.99,-5.44933999943275));
#2532=CARTESIAN_POINT('',(0.671642771862062,1.5,-0.924436968206088));
#2533=CARTESIAN_POINT('',(0.671642771862062,1.5,-0.924436968206088));
#2534=CARTESIAN_POINT('Origin',(1.2867933561961,1.99,-1.77111911085073));
#2535=CARTESIAN_POINT('Origin',(2.72432317242448,1.99,-1.73895028875854));
#2536=CARTESIAN_POINT('',(2.70507783879394,1.5,-0.878933069667292));
#2537=CARTESIAN_POINT('',(2.70507783879394,1.5,-0.878933069667292));
#2538=CARTESIAN_POINT('',(5.18263031596835,1.,-1.68393866795189));
#2539=CARTESIAN_POINT('Origin',(5.18263031596835,1.99,-1.68393866795189));
#2540=CARTESIAN_POINT('',(2.72432317242448,1.,-1.73895028875854));
#2541=CARTESIAN_POINT('Origin',(1.60781607323995,1.99,1.03755992381424));
#2542=CARTESIAN_POINT('',(1.08674083317101,1.5,0.35310350139782));
#2543=CARTESIAN_POINT('',(1.08674083317101,1.5,0.35310350139782));
#2544=CARTESIAN_POINT('',(2.08207538682284,1.,0.676507302220487));
#2545=CARTESIAN_POINT('Origin',(2.08207538682284,1.99,0.676507302220487));
#2546=CARTESIAN_POINT('',(1.60781607323995,1.,1.03755992381424));
#2547=CARTESIAN_POINT('Origin',(2.49570216208579,1.99,2.05362011402857));
#2548=CARTESIAN_POINT('',(1.67183004658876,1.5,2.30107665022525));
#2549=CARTESIAN_POINT('',(1.67183004658876,1.5,2.30107665022525));
#2550=CARTESIAN_POINT('',(3.20304168639404,1.,4.40860866766826));
#2551=CARTESIAN_POINT('Origin',(3.20304168639404,1.99,4.40860866766826));
#2552=CARTESIAN_POINT('',(2.49570216208579,1.,2.05362011402857));
#2553=CARTESIAN_POINT('Origin',(-0.489935636129899,1.99,1.84974760259992));
#2554=CARTESIAN_POINT('',(1.31128703695885E-16,1.5,1.14266693361654));
#2555=CARTESIAN_POINT('',(2.62257407391769E-16,1.5,1.14266693361654));
#2556=CARTESIAN_POINT('',(-8.74191357972564E-17,1.,2.18922361726049));
#2557=CARTESIAN_POINT('Origin',(-8.74191357972564E-17,1.99,2.18922361726049));
#2558=CARTESIAN_POINT('',(-0.489935636129899,1.,1.84974760259992));
#2559=CARTESIAN_POINT('Origin',(-1.18189441045886,1.99,3.00815731920864));
#2560=CARTESIAN_POINT('',(-3.20304168639405,1.,4.40860866766826));
#2561=CARTESIAN_POINT('',(-1.18189441045886,1.,3.00815731920864));
#2562=CARTESIAN_POINT('',(-1.67183004658876,1.5,2.30107665022525));
#2563=CARTESIAN_POINT('',(-1.67183004658876,1.5,2.30107665022525));
#2564=CARTESIAN_POINT('Origin',(-3.20304168639405,1.99,4.40860866766826));
#2565=CARTESIAN_POINT('Origin',(-1.91061294866803,1.99,0.105646965201141));
#2566=CARTESIAN_POINT('',(-2.08207538682284,1.,0.676507302220487));
#2567=CARTESIAN_POINT('',(-1.91061294866803,1.,0.105646965201141));
#2568=CARTESIAN_POINT('',(-1.08674083317101,1.5,0.35310350139782));
#2569=CARTESIAN_POINT('',(-1.08674083317101,1.5,0.35310350139782));
#2570=CARTESIAN_POINT('Origin',(-2.08207538682284,1.99,0.676507302220487));
#2571=CARTESIAN_POINT('Origin',(-3.22615307886288,1.99,-0.194476647250869));
#2572=CARTESIAN_POINT('',(-5.18263031596835,1.,-1.68393866795189));
#2573=CARTESIAN_POINT('',(-3.22615307886288,1.,-0.194476647250869));
#2574=CARTESIAN_POINT('',(-2.70507783879394,1.5,-0.878933069667293));
#2575=CARTESIAN_POINT('',(-2.70507783879394,1.5,-0.878933069667293));
#2576=CARTESIAN_POINT('Origin',(-5.18263031596834,1.99,-1.68393866795189));
#2577=CARTESIAN_POINT('Origin',(-0.690888105492604,1.99,-1.78445418729734));
#2578=CARTESIAN_POINT('',(-1.2867933561961,1.,-1.77111911085073));
#2579=CARTESIAN_POINT('',(-0.690888105492604,1.,-1.78445418729734));
#2580=CARTESIAN_POINT('',(-0.671642771862063,1.5,-0.924436968206088));
#2581=CARTESIAN_POINT('',(-0.671642771862063,1.5,-0.924436968206088));
#2582=CARTESIAN_POINT('Origin',(-1.2867933561961,1.99,-1.77111911085073));
#2583=CARTESIAN_POINT('Origin',(-0.811977845188518,1.99,-3.1283504972278));
#2584=CARTESIAN_POINT('',(-0.811977845188518,1.,-3.1283504972278));
#2585=CARTESIAN_POINT('',(1.74838271594513E-16,1.5,-2.84428716111592));
#2586=CARTESIAN_POINT('Origin',(2.97205161342235,1.,-3.125));
#2587=CARTESIAN_POINT('',(-1.78612524307788,1.,-2.12381948557061));
#2588=CARTESIAN_POINT('',(-1.4679293069934,1.,-2.35500236537446));
#2589=CARTESIAN_POINT('Origin',(-1.81470615398692,1.,-2.49772874131538));
#2590=CARTESIAN_POINT('',(-5.32892752523529,1.,-1.85301443103134));
#2591=CARTESIAN_POINT('',(0.693948912456062,1.,-2.31339162746891));
#2592=CARTESIAN_POINT('',(-5.40036748455313,1.,-1.63314484434235));
#2593=CARTESIAN_POINT('Origin',(-5.31940055493228,1.,-1.72837801244975));
#2594=CARTESIAN_POINT('',(-2.69335544788188,1.,0.668347980182793));
#2595=CARTESIAN_POINT('',(-3.57001912665277,1.,-0.0769886267035423));
#2596=CARTESIAN_POINT('',(-2.57181541537969,1.,1.04240973732251));
#2597=CARTESIAN_POINT('Origin',(-2.93625623674444,1.,0.95404748450498));
#2598=CARTESIAN_POINT('',(-3.40905061651145,1.,4.49549829772893));
#2599=CARTESIAN_POINT('',(-1.92260547368641,1.,-1.63518840945011));
#2600=CARTESIAN_POINT('',(-3.22201837486244,1.,4.63138517539511));
#2601=CARTESIAN_POINT('Origin',(-3.2875703427232,1.,4.52495238200143));
#2602=CARTESIAN_POINT('',(-0.196655903582299,1.,2.76806413343976));
#2603=CARTESIAN_POINT('',(0.496391079828608,1.,2.34121642857391));
#2604=CARTESIAN_POINT('',(0.196655903582299,1.,2.76806413343976));
#2605=CARTESIAN_POINT('Origin',(0.,1.,3.08736251362079));
#2606=CARTESIAN_POINT('',(3.22201837486243,1.,4.63138517539511));
#2607=CARTESIAN_POINT('',(-0.178517855885706,1.,2.53699457828976));
#2608=CARTESIAN_POINT('',(3.40905061651145,1.,4.49549829772893));
#2609=CARTESIAN_POINT('Origin',(3.2875703427232,1.,4.52495238200143));
#2610=CARTESIAN_POINT('',(2.57181541537969,1.,1.04240973732251));
#2611=CARTESIAN_POINT('',(2.59594381584391,1.,1.14192478818426));
#2612=CARTESIAN_POINT('',(2.69335544788188,1.,0.668347980182793));
#2613=CARTESIAN_POINT('Origin',(2.93625623674444,1.,0.95404748450498));
#2614=CARTESIAN_POINT('',(5.40036748455313,1.,-1.63314484434235));
#2615=CARTESIAN_POINT('',(3.65156866745194,1.,-0.14632178091567));
#2616=CARTESIAN_POINT('',(5.32892752523529,1.,-1.85301443103134));
#2617=CARTESIAN_POINT('Origin',(5.31940055493228,1.,-1.72837801244975));
#2618=CARTESIAN_POINT('',(1.78612524307788,1.,-2.12381948557061));
#2619=CARTESIAN_POINT('',(4.41182761054105,1.,-1.92311580069216));
#2620=CARTESIAN_POINT('',(1.4679293069934,1.,-2.35500236537446));
#2621=CARTESIAN_POINT('Origin',(1.81470615398692,1.,-2.49772874131538));
#2622=CARTESIAN_POINT('',(0.115592282331176,1.,-5.64072419775034));
#2623=CARTESIAN_POINT('',(1.47067026644205,1.,-2.34834276045507));
#2624=CARTESIAN_POINT('',(-0.115592282331174,1.,-5.64072419775034));
#2625=CARTESIAN_POINT('Origin',(7.86772222175308E-16,1.,-5.59314873910337));
#2626=CARTESIAN_POINT('',(-0.219078862782865,1.,-5.38928678936246));
#2627=CARTESIAN_POINT('Origin',(1.35253891939697,1.5,-1.42214358055796));
#2628=CARTESIAN_POINT('Origin',(5.23194218086454,0.,-1.69996106411463));
#2629=CARTESIAN_POINT('',(5.24146915116755,0.84,-1.82459748269623));
#2630=CARTESIAN_POINT('',(5.31290911048539,0.84,-1.60472789600724));
#2631=CARTESIAN_POINT('Origin',(5.23194218086454,0.84,-1.69996106411463));
#2632=CARTESIAN_POINT('',(5.24146915116755,0.,-1.82459748269623));
#2633=CARTESIAN_POINT('',(5.24146915116755,0.,-1.82459748269623));
#2634=CARTESIAN_POINT('',(5.31290911048539,0.,-1.60472789600724));
#2635=CARTESIAN_POINT('Origin',(5.23194218086454,0.,-1.69996106411463));
#2636=CARTESIAN_POINT('',(5.31290911048539,0.,-1.60472789600724));
#2637=CARTESIAN_POINT('Origin',(5.93190870485684,0.,-1.77182159905898));
#2638=CARTESIAN_POINT('',(1.6852003059282,0.84,-2.09643189565276));
#2639=CARTESIAN_POINT('',(4.40916005885621,0.84,-1.88821760348932));
#2640=CARTESIAN_POINT('',(1.6852003059282,0.,-2.09643189565276));
#2641=CARTESIAN_POINT('',(1.6852003059282,0.,-2.09643189565276));
#2642=CARTESIAN_POINT('',(4.40916005885621,0.,-1.88821760348932));
#2643=CARTESIAN_POINT('Origin',(3.23351809494853,0.,4.45055584540356));
#2644=CARTESIAN_POINT('',(3.35499836873678,0.84,4.42110176113105));
#2645=CARTESIAN_POINT('',(3.16796612708777,0.84,4.55698863879723));
#2646=CARTESIAN_POINT('Origin',(3.23351809494853,0.84,4.45055584540356));
#2647=CARTESIAN_POINT('',(3.35499836873678,0.,4.42110176113105));
#2648=CARTESIAN_POINT('',(3.35499836873678,0.,4.42110176113105));
#2649=CARTESIAN_POINT('',(3.16796612708777,0.,4.55698863879723));
#2650=CARTESIAN_POINT('Origin',(3.23351809494853,0.,4.45055584540356));
#2651=CARTESIAN_POINT('',(3.16796612708777,0.,4.55698863879723));
#2652=CARTESIAN_POINT('Origin',(3.51816307637899,0.,5.09405744271222));
#2653=CARTESIAN_POINT('',(2.51458074878723,0.84,0.954887648909216));
#2654=CARTESIAN_POINT('',(2.5619293391832,0.84,1.15017193178056));
#2655=CARTESIAN_POINT('',(2.51458074878723,0.,0.954887648909216));
#2656=CARTESIAN_POINT('',(2.51458074878723,0.,0.954887648909216));
#2657=CARTESIAN_POINT('',(2.5619293391832,0.,1.15017193178056));
#2658=CARTESIAN_POINT('Origin',(-3.23351809494854,0.,4.45055584540356));
#2659=CARTESIAN_POINT('',(-3.16796612708777,0.84,4.55698863879723));
#2660=CARTESIAN_POINT('',(-3.35499836873679,0.84,4.42110176113105));
#2661=CARTESIAN_POINT('Origin',(-3.23351809494854,0.84,4.45055584540356));
#2662=CARTESIAN_POINT('',(-3.16796612708777,0.,4.55698863879723));
#2663=CARTESIAN_POINT('',(-3.16796612708777,0.,4.55698863879723));
#2664=CARTESIAN_POINT('',(-3.35499836873679,0.,4.42110176113105));
#2665=CARTESIAN_POINT('Origin',(-3.23351809494854,0.,4.45055584540356));
#2666=CARTESIAN_POINT('',(-3.35499836873679,0.,4.42110176113105));
#2667=CARTESIAN_POINT('Origin',(-3.75756434568973,0.,4.92012223929951));
#2668=CARTESIAN_POINT('',(-0.131103935721531,0.84,2.68658491811613));
#2669=CARTESIAN_POINT('',(0.478036528827593,0.84,2.31141524642368));
#2670=CARTESIAN_POINT('',(-0.131103935721531,0.,2.68658491811613));
#2671=CARTESIAN_POINT('',(-0.131103935721531,0.,2.68658491811613));
#2672=CARTESIAN_POINT('',(0.478036528827593,0.,2.31141524642368));
#2673=CARTESIAN_POINT('Origin',(-5.23194218086454,0.,-1.69996106411464));
#2674=CARTESIAN_POINT('',(-5.31290911048539,0.84,-1.60472789600724));
#2675=CARTESIAN_POINT('',(-5.24146915116755,0.84,-1.82459748269623));
#2676=CARTESIAN_POINT('Origin',(-5.23194218086454,0.84,-1.69996106411464));
#2677=CARTESIAN_POINT('',(-5.31290911048539,0.0867467578644878,-1.60472789600724));
#2678=CARTESIAN_POINT('',(-5.31290911048539,0.,-1.60472789600724));
#2679=CARTESIAN_POINT('',(-5.24146915116755,0.0867467578644878,-1.82459748269623));
#2680=CARTESIAN_POINT('Origin',(-5.23194218086454,0.0867467578644878,-1.69996106411464));
#2681=CARTESIAN_POINT('',(-5.24146915116755,0.,-1.82459748269623));
#2682=CARTESIAN_POINT('Ctrl Pts',(-5.24146915116755,0.0867467578644871,
-1.82459748269623));
#2683=CARTESIAN_POINT('Ctrl Pts',(-5.24146915116755,0.0748947954918379,
-1.82459748269623));
#2684=CARTESIAN_POINT('Ctrl Pts',(-5.24878952167316,0.0510698259378292,
-1.82755335885938));
#2685=CARTESIAN_POINT('Ctrl Pts',(-5.28266898794232,0.0155091154101905,
-1.84123347336843));
#2686=CARTESIAN_POINT('Ctrl Pts',(-5.31783721262567,-0.00270089404954494,
-1.8554339727779));
#2687=CARTESIAN_POINT('Ctrl Pts',(-5.34080289907433,-0.0113789176821791,
-1.86470723635002));
#2688=CARTESIAN_POINT('Ctrl Pts',(-5.26949091543154,0.0867467578644873,
-1.82245555244005));
#2689=CARTESIAN_POINT('Ctrl Pts',(-5.26949091543154,0.0775867830732326,
-1.82245555244005));
#2690=CARTESIAN_POINT('Ctrl Pts',(-5.2754441463544,0.0590560269301003,-1.82380674093284));
#2691=CARTESIAN_POINT('Ctrl Pts',(-5.30482775226595,0.0271518297145199,
-1.83215279520675));
#2692=CARTESIAN_POINT('Ctrl Pts',(-5.33717814878884,0.00771017227767873,
-1.84345268630303));
#2693=CARTESIAN_POINT('Ctrl Pts',(-5.35876194791032,-0.00209968849287555,
-1.85154170456847));
#2694=CARTESIAN_POINT('Ctrl Pts',(-5.3239819686639,0.0867467578644877,-1.79850058691056));
#2695=CARTESIAN_POINT('Ctrl Pts',(-5.3239819686639,0.0810917713738455,-1.79850058691056));
#2696=CARTESIAN_POINT('Ctrl Pts',(-5.32732664110089,0.0694098060677044,
-1.79767330426087));
#2697=CARTESIAN_POINT('Ctrl Pts',(-5.34799428078944,0.0403961069866227,
-1.79975378147149));
#2698=CARTESIAN_POINT('Ctrl Pts',(-5.37504029501423,0.0174371427952134,
-1.80869555973101));
#2699=CARTESIAN_POINT('Ctrl Pts',(-5.3939870080405,0.00516343431340523,
-1.81633890513833));
#2700=CARTESIAN_POINT('Ctrl Pts',(-5.35837152713904,0.0867467578644883,
-1.73272985054692));
#2701=CARTESIAN_POINT('Ctrl Pts',(-5.35837152713904,0.0788857423319261,
-1.73272985054692));
#2702=CARTESIAN_POINT('Ctrl Pts',(-5.36084203537712,0.0627163262559975,
-1.73279665034293));
#2703=CARTESIAN_POINT('Ctrl Pts',(-5.37859572777653,0.0256060002405018,
-1.73947583532009));
#2704=CARTESIAN_POINT('Ctrl Pts',(-5.40384413139881,-0.00225490902042467,
-1.75356952352264));
#2705=CARTESIAN_POINT('Ctrl Pts',(-5.42190590036585,-0.0169073882846675,
-1.76457280179817));
#2706=CARTESIAN_POINT('Ctrl Pts',(-5.35665924967812,0.0867467578644887,
-1.66138880523824));
#2707=CARTESIAN_POINT('Ctrl Pts',(-5.35665924967812,0.0724706855193894,
-1.66138880523824));
#2708=CARTESIAN_POINT('Ctrl Pts',(-5.36057417676261,0.0435415230680186,
-1.66421972522104));
#2709=CARTESIAN_POINT('Ctrl Pts',(-5.38321935159476,-0.00827138684900001,
-1.6814391856323));
#2710=CARTESIAN_POINT('Ctrl Pts',(-5.41151271561752,-0.0405890008759524,
-1.70376474191575));
#2711=CARTESIAN_POINT('Ctrl Pts',(-5.43113306783512,-0.056877993876375,
-1.7194410112754));
#2712=CARTESIAN_POINT('Ctrl Pts',(-5.33432019897131,0.0867467578644888,
-1.62293153376284));
#2713=CARTESIAN_POINT('Ctrl Pts',(-5.33432019897131,0.0668431584444227,
-1.62293153376284));
#2714=CARTESIAN_POINT('Ctrl Pts',(-5.34035865030274,0.0267172148181664,
-1.62804136858749));
#2715=CARTESIAN_POINT('Ctrl Pts',(-5.37001009373511,-0.0366529453000958,
-1.6532843266455));
#2716=CARTESIAN_POINT('Ctrl Pts',(-5.40288208048158,-0.071476680764755,
-1.68120653166826));
#2717=CARTESIAN_POINT('Ctrl Pts',(-5.42479298482961,-0.0884159936574007,
-1.69985120188657));
#2718=CARTESIAN_POINT('Ctrl Pts',(-5.31290911048539,0.0867467578644888,
-1.60472789600724));
#2719=CARTESIAN_POINT('Ctrl Pts',(-5.31290911048539,0.0630428331191938,
-1.60472789600724));
#2720=CARTESIAN_POINT('Ctrl Pts',(-5.32049663295164,0.0153928940111712,
-1.61117878291703));
#2721=CARTESIAN_POINT('Ctrl Pts',(-5.35561250738246,-0.055728527044106,
-1.6410341850854));
#2722=CARTESIAN_POINT('Ctrl Pts',(-5.39206417259239,-0.0921485459635779,
-1.6720252722273));
#2723=CARTESIAN_POINT('Ctrl Pts',(-5.41586797620433,-0.109504593228846,
-1.69226318859677));
#2724=CARTESIAN_POINT('',(-5.32972029440131,1.87814549564418E-15,-1.61902070986626));
#2725=CARTESIAN_POINT('',(-5.31456412912965,9.88928973706467E-17,-1.85411234165575));
#2726=CARTESIAN_POINT('Ctrl Pts',(-5.32972029440131,1.67544340641987E-17,
-1.61902070986626));
#2727=CARTESIAN_POINT('Ctrl Pts',(-5.34522651848515,1.67388022727428E-17,
-1.63220405112259));
#2728=CARTESIAN_POINT('Ctrl Pts',(-5.3580525256018,-8.59891741047177E-14,
-1.64821075008803));
#2729=CARTESIAN_POINT('Ctrl Pts',(-5.38176952639865,-8.59856413991574E-14,
-1.68898638555939));
#2730=CARTESIAN_POINT('Ctrl Pts',(-5.3901686543618,-1.72938682039295E-16,
-1.7138633000624));
#2731=CARTESIAN_POINT('Ctrl Pts',(-5.39750720471941,-1.76199298500318E-16,
-1.75170189829788));
#2732=CARTESIAN_POINT('Ctrl Pts',(-5.39899387526303,-4.37095678986282E-17,
-1.7688285476089));
#2733=CARTESIAN_POINT('Ctrl Pts',(-5.39613314997987,-4.37095678986282E-17,
-1.79480432025763));
#2734=CARTESIAN_POINT('Ctrl Pts',(-5.39369925629678,-8.74191357972564E-17,
-1.80478750643907));
#2735=CARTESIAN_POINT('Ctrl Pts',(-5.38545189491045,-8.74191357972564E-17,
-1.82131742204896));
#2736=CARTESIAN_POINT('Ctrl Pts',(-5.38048089417803,8.63041663560416E-20,
-1.82779909441912));
#2737=CARTESIAN_POINT('Ctrl Pts',(-5.36743943034705,-9.14999733017905E-20,
-1.83906753537638));
#2738=CARTESIAN_POINT('Ctrl Pts',(-5.35964848067706,-1.29598868819433E-12,
-1.84333656968895));
#2739=CARTESIAN_POINT('Ctrl Pts',(-5.33975737219643,-1.29598868819433E-12,
-1.85088710190925));
#2740=CARTESIAN_POINT('Ctrl Pts',(-5.32693720715114,-6.08372668562965E-19,
-1.85316656715252));
#2741=CARTESIAN_POINT('Ctrl Pts',(-5.31456412912965,-6.44522955866105E-19,
-1.85411234165575));
#2742=CARTESIAN_POINT('Ctrl Pts',(-5.31455913294003,-7.00071422060113E-6,
-1.85411032425543));
#2743=CARTESIAN_POINT('Ctrl Pts',(-5.30176467232194,0.00634608955052763,
-1.84894407739231));
#2744=CARTESIAN_POINT('Ctrl Pts',(-5.27692665723786,0.021536405164784,-1.83891479039504));
#2745=CARTESIAN_POINT('Ctrl Pts',(-5.24878952167316,0.0510698259378292,
-1.82755335885938));
#2746=CARTESIAN_POINT('Ctrl Pts',(-5.24146915116755,0.0748947954918379,
-1.82459748269623));
#2747=CARTESIAN_POINT('Ctrl Pts',(-5.24146915116755,0.0867467578644871,
-1.82459748269623));
#2748=CARTESIAN_POINT('Ctrl Pts',(-5.31290911048539,0.0867467578644888,
-1.60472789600724));
#2749=CARTESIAN_POINT('Ctrl Pts',(-5.31290911048539,0.0630428331191938,
-1.60472789600724));
#2750=CARTESIAN_POINT('Ctrl Pts',(-5.31770631067584,0.0329162275005133,
-1.60880645999829));
#2751=CARTESIAN_POINT('Ctrl Pts',(-5.32749172113926,0.00559143805811298,
-1.617125984131));
#2752=CARTESIAN_POINT('Ctrl Pts',(-5.32973273427033,8.60297888607194E-6,
-1.61903128620242));
#2753=CARTESIAN_POINT('Origin',(-5.84046555693001,0.,-2.05325467002088));
#2754=CARTESIAN_POINT('',(-2.59560743712202,0.84,0.705513144149408));
#2755=CARTESIAN_POINT('',(-3.54734838635893,0.84,-0.103653913773613));
#2756=CARTESIAN_POINT('',(-2.59560743712202,0.,0.705513144149408));
#2757=CARTESIAN_POINT('',(-2.59560743712202,0.,0.705513144149408));
#2758=CARTESIAN_POINT('',(-3.54734838635893,0.,-0.103653913773613));
#2759=CARTESIAN_POINT('Origin',(8.30481790073936E-16,0.,-5.50118956257784));
#2760=CARTESIAN_POINT('',(-0.115592282331175,0.84,-5.54876502122481));
#2761=CARTESIAN_POINT('',(0.115592282331176,0.84,-5.54876502122481));
#2762=CARTESIAN_POINT('Origin',(8.30481790073936E-16,0.84,-5.50118956257784));
#2763=CARTESIAN_POINT('',(-0.115592282331174,0.086746757864487,-5.54876502122481));
#2764=CARTESIAN_POINT('',(-0.115592282331175,0.,-5.54876502122481));
#2765=CARTESIAN_POINT('',(0.115592282331176,0.086746757864487,-5.54876502122481));
#2766=CARTESIAN_POINT('Origin',(8.30481790073936E-16,0.086746757864487,
-5.50118956257784));
#2767=CARTESIAN_POINT('',(0.115592282331176,0.,-5.54876502122481));
#2768=CARTESIAN_POINT('Ctrl Pts',(0.115592282331176,0.0867467578644875,
-5.54876502122481));
#2769=CARTESIAN_POINT('Ctrl Pts',(0.115592282331176,0.0690092575176163,
-5.54876502122481));
#2770=CARTESIAN_POINT('Ctrl Pts',(0.113536036263592,0.0332996546893675,
-5.55376100408543));
#2771=CARTESIAN_POINT('Ctrl Pts',(0.0997771509069412,-0.0427620641028473,
-5.58719044451415));
#2772=CARTESIAN_POINT('Ctrl Pts',(0.0801672012978739,-0.0860429201489919,
-5.63483599321042));
#2773=CARTESIAN_POINT('Ctrl Pts',(0.0643678582437103,-0.109196667854922,
-5.67322305609752));
#2774=CARTESIAN_POINT('Ctrl Pts',(0.104895984233652,0.0867467578644874,
-5.57475340987624));
#2775=CARTESIAN_POINT('Ctrl Pts',(0.104895984233652,0.0718332234876085,
-5.57475340987624));
#2776=CARTESIAN_POINT('Ctrl Pts',(0.103262068051713,0.0418221370459936,
-5.57876074133988));
#2777=CARTESIAN_POINT('Ctrl Pts',(0.0918514174768016,-0.0244562119474469,
-5.60641919398776));
#2778=CARTESIAN_POINT('Ctrl Pts',(0.0744576036187725,-0.0655376209558596,
-5.64874244024126));
#2779=CARTESIAN_POINT('Ctrl Pts',(0.0598925732535145,-0.0881156057491668,
-5.68409648581972));
#2780=CARTESIAN_POINT('Ctrl Pts',(0.0652753242755624,0.0867467578644871,
-5.61917663230937));
#2781=CARTESIAN_POINT('Ctrl Pts',(0.0652753242755624,0.0775081007075442,
-5.61917663230937));
#2782=CARTESIAN_POINT('Ctrl Pts',(0.0646745223488305,0.0589013720831219,
-5.62133924533968));
#2783=CARTESIAN_POINT('Ctrl Pts',(0.0596422380733395,0.0122598254004316,
-5.63805740467877));
#2784=CARTESIAN_POINT('Ctrl Pts',(0.0484292019262707,-0.0245281163978824,
-5.67056553618805));
#2785=CARTESIAN_POINT('Ctrl Pts',(0.03763208093342,-0.0459694419093675,
-5.70035562217082));
#2786=CARTESIAN_POINT('Ctrl Pts',(-0.00790369237111316,0.0867467578644869,
-5.63155835026439));
#2787=CARTESIAN_POINT('Ctrl Pts',(-0.00790369237111315,0.0814701111772421,
-5.63155835026439));
#2788=CARTESIAN_POINT('Ctrl Pts',(-0.00743033675102358,0.0708363781962109,
-5.6329910141065));
#2789=CARTESIAN_POINT('Ctrl Pts',(-0.00568474629252184,0.0393712603976662,
-5.64529219524659));
#2790=CARTESIAN_POINT('Ctrl Pts',(-0.00895683898258343,0.00838669191701252,
-5.67334396557271));
#2791=CARTESIAN_POINT('Ctrl Pts',(-0.0143060780455256,-0.0105583809581815,
-5.70033764684281));
#2792=CARTESIAN_POINT('Ctrl Pts',(-0.0752242928251498,0.0867467578644868,
-5.60788408327668));
#2793=CARTESIAN_POINT('Ctrl Pts',(-0.0752242928251498,0.0818355526921802,
-5.60788408327668));
#2794=CARTESIAN_POINT('Ctrl Pts',(-0.074492696106887,0.0719505795422946,
-5.61003699091441));
#2795=CARTESIAN_POINT('Ctrl Pts',(-0.0707313213080292,0.0444215215846223,
-5.62645617568825));
#2796=CARTESIAN_POINT('Ctrl Pts',(-0.0699924367596029,0.0190044359460662,
-5.65721472352275));
#2797=CARTESIAN_POINT('Ctrl Pts',(-0.0717267387858361,0.0034921549226364,
-5.68517925464628));
#2798=CARTESIAN_POINT('Ctrl Pts',(-0.10489598423365,0.0867467578644869,
-5.57475340987624));
#2799=CARTESIAN_POINT('Ctrl Pts',(-0.10489598423365,0.0799099433516813,
-5.57475340987624));
#2800=CARTESIAN_POINT('Ctrl Pts',(-0.104644368404319,0.0661111163574322,
-5.57813389229427));
#2801=CARTESIAN_POINT('Ctrl Pts',(-0.103287562368659,0.0339384968057839,
-5.60136037364964));
#2802=CARTESIAN_POINT('Ctrl Pts',(-0.103600418916327,0.0111599954532659,
-5.6376712342752));
#2803=CARTESIAN_POINT('Ctrl Pts',(-0.104954000084212,-0.00192571955100175,
-5.66823570779089));
#2804=CARTESIAN_POINT('Ctrl Pts',(-0.115592282331174,0.086746757864487,
-5.54876502122481));
#2805=CARTESIAN_POINT('Ctrl Pts',(-0.115592282331174,0.0778780076910496,
-5.54876502122481));
#2806=CARTESIAN_POINT('Ctrl Pts',(-0.115890148394863,0.0600232062769281,
-5.55303729023989));
#2807=CARTESIAN_POINT('Ctrl Pts',(-0.117883248873716,0.0219923468808186,
-5.58162417024317));
#2808=CARTESIAN_POINT('Ctrl Pts',(-0.120723929564264,0.000351918857747378,
-5.62236782511155));
#2809=CARTESIAN_POINT('Ctrl Pts',(-0.123012609016889,-0.0112249549952172,
-5.65519417058305));
#2810=CARTESIAN_POINT('',(0.107193950099956,2.49223077651999E-14,-5.56917012961453));
#2811=CARTESIAN_POINT('',(-0.12107499087841,-3.05966975290394E-18,-5.62740306932919));
#2812=CARTESIAN_POINT('Ctrl Pts',(-0.12107499087841,-8.79302142472036E-18,
-5.62740306932919));
#2813=CARTESIAN_POINT('Ctrl Pts',(-0.114609639164383,-8.75279878866493E-18,
-5.64311168847764));
#2814=CARTESIAN_POINT('Ctrl Pts',(-0.106536039358567,-2.18547839493141E-17,
-5.65650217363455));
#2815=CARTESIAN_POINT('Ctrl Pts',(-0.090382847259755,-2.18547839493141E-17,
-5.67297601519218));
#2816=CARTESIAN_POINT('Ctrl Pts',(-0.0831968813909181,4.37035202172913E-17,
-5.67818199015503));
#2817=CARTESIAN_POINT('Ctrl Pts',(-0.0677757011375153,4.37147705959103E-17,
-5.68469908093414));
#2818=CARTESIAN_POINT('Ctrl Pts',(-0.0603026431569801,-4.37095678986282E-17,
-5.68625336291917));
#2819=CARTESIAN_POINT('Ctrl Pts',(-0.0428562875302483,-4.37095678986282E-17,
-5.68708423686239));
#2820=CARTESIAN_POINT('Ctrl Pts',(-0.0330012726423123,-1.09273919746571E-17,
-5.68565239131131));
#2821=CARTESIAN_POINT('Ctrl Pts',(-0.00725176139128034,-1.09273919746571E-17,
-5.67893803595489));
#2822=CARTESIAN_POINT('Ctrl Pts',(0.00913056117286683,-1.42883131790113E-18,
-5.67123776701346));
#2823=CARTESIAN_POINT('Ctrl Pts',(0.0406289968730731,1.67231012696291E-18,
-5.65211527012322));
#2824=CARTESIAN_POINT('Ctrl Pts',(0.0568549667227649,-3.67201213642517E-17,
-5.63918882799457));
#2825=CARTESIAN_POINT('Ctrl Pts',(0.0859940424681558,-3.99471190251455E-17,
-5.60840847161121));
#2826=CARTESIAN_POINT('Ctrl Pts',(0.0987029678413671,-6.49698424062867E-18,
-5.58980034625179));
#2827=CARTESIAN_POINT('Ctrl Pts',(0.107193950099946,-6.48991215051559E-18,
-5.56917012961456));
#2828=CARTESIAN_POINT('Ctrl Pts',(0.107192449892989,2.07719578557272E-6,
-5.56917377461034));
#2829=CARTESIAN_POINT('Ctrl Pts',(0.109376786078343,0.0108925781271098,
-5.56386657606251));
#2830=CARTESIAN_POINT('Ctrl Pts',(0.113855086989505,0.0388404189412894,
-5.55298581867185));
#2831=CARTESIAN_POINT('Ctrl Pts',(0.115592282331176,0.0690092575176163,
-5.54876502122481));
#2832=CARTESIAN_POINT('Ctrl Pts',(0.115592282331176,0.0867467578644875,
-5.54876502122481));
#2833=CARTESIAN_POINT('Ctrl Pts',(-0.115592282331174,0.086746757864487,
-5.54876502122481));
#2834=CARTESIAN_POINT('Ctrl Pts',(-0.115592282331174,0.0778780076910496,
-5.54876502122481));
#2835=CARTESIAN_POINT('Ctrl Pts',(-0.115890148394863,0.0600232062769281,
-5.55303729023989));
#2836=CARTESIAN_POINT('Ctrl Pts',(-0.117550459914582,0.0283423780245933,
-5.57685100494513));
#2837=CARTESIAN_POINT('Ctrl Pts',(-0.119574159161479,0.00992160097094871,
-5.60587676061958));
#2838=CARTESIAN_POINT('Ctrl Pts',(-0.121074677253335,-5.8482988491964E-6,
-5.62739857102994));
#2839=CARTESIAN_POINT('Origin',(-0.302305306061311,0.086746757864487,-5.42354111958828));
#2840=CARTESIAN_POINT('',(-1.43556346794067,0.0867467578644876,-2.3416812369533));
#2841=CARTESIAN_POINT('',(-0.186713023730136,0.086746757864487,-5.37596566094131));
#2842=CARTESIAN_POINT('',(-1.4679293069934,0.,-2.35500236537446));
#2843=CARTESIAN_POINT('Origin',(-1.55115575027184,0.0867467578644876,-2.38925669560028));
#2844=CARTESIAN_POINT('',(-0.219078862782865,0.,-5.38928678936246));
#2845=CARTESIAN_POINT('Origin',(0.147958121383903,0.,-6.18910341293186));
#2846=CARTESIAN_POINT('',(-1.47306968187188,0.84,-2.25055381552199));
#2847=CARTESIAN_POINT('',(-0.186713023730136,0.84,-5.37596566094131));
#2848=CARTESIAN_POINT('',(-1.47306966044623,0.101148169858295,-2.25055386757915));
#2849=CARTESIAN_POINT('',(-1.47306968187188,0.,-2.25055381552199));
#2850=CARTESIAN_POINT('Ctrl Pts',(-1.43556346794067,0.0867467578644876,
-2.3416812369533));
#2851=CARTESIAN_POINT('Ctrl Pts',(-1.44823443624309,0.0867467578644875,
-2.31089506721206));
#2852=CARTESIAN_POINT('Ctrl Pts',(-1.46075213338579,0.093469036590806,-2.28048129457789));
#2853=CARTESIAN_POINT('Ctrl Pts',(-1.47306966044621,0.101148169858304,-2.25055386757915));
#2854=CARTESIAN_POINT('Origin',(2.97205161342235,0.84,-3.125));
#2855=CARTESIAN_POINT('',(2.59560743712202,0.84,0.705513144149407));
#2856=CARTESIAN_POINT('',(3.6288979271581,0.84,-0.172987067985741));
#2857=CARTESIAN_POINT('Origin',(2.75754129636373,0.84,0.895979480364199));
#2858=CARTESIAN_POINT('',(0.131103935721533,0.84,2.68658491811613));
#2859=CARTESIAN_POINT('',(-0.160163304884692,0.84,2.50719339613953));
#2860=CARTESIAN_POINT('Origin',(1.3987061727561E-15,0.84,2.89945050490349));
#2861=CARTESIAN_POINT('',(-2.51458074878724,0.84,0.954887648909217));
#2862=CARTESIAN_POINT('',(-1.8885909970257,0.84,-1.6269412658538));
#2863=CARTESIAN_POINT('Origin',(-2.75754129636373,0.84,0.8959794803642));
#2864=CARTESIAN_POINT('',(-1.6852003059282,0.84,-2.09643189565276));
#2865=CARTESIAN_POINT('',(0.696616464140906,0.84,-2.27849343026607));
#2866=CARTESIAN_POINT('Origin',(-1.70425424653423,0.84,-2.34570473281594));
#2867=CARTESIAN_POINT('',(1.47306968187188,0.84,-2.25055381552199));
#2868=CARTESIAN_POINT('',(1.43830442738932,0.84,-2.33502163203392));
#2869=CARTESIAN_POINT('Origin',(1.70425424653423,0.84,-2.34570473281594));
#2870=CARTESIAN_POINT('Origin',(0.687089493837892,0.0867467578644878,-2.40312984884766));
#2871=CARTESIAN_POINT('',(-1.78612524307788,0.,-2.12381948557061));
#2872=CARTESIAN_POINT('',(0.693948912456062,0.,-2.31339162746891));
#2873=CARTESIAN_POINT('',(-1.78345769139303,0.0867467578644878,-2.08892128836776));
#2874=CARTESIAN_POINT('Origin',(-1.79298466169605,0.0867467578644878,-2.21355770694935));
#2875=CARTESIAN_POINT('',(0.696616464140906,0.0867467578644878,-2.27849343026607));
#2876=CARTESIAN_POINT('Ctrl Pts',(-1.78612524307788,0.,-2.12381948557061));
#2877=CARTESIAN_POINT('Ctrl Pts',(-1.74250475351272,0.,-2.12715375266059));
#2878=CARTESIAN_POINT('Ctrl Pts',(-1.70046050821303,0.,-2.13852892486868));
#2879=CARTESIAN_POINT('Ctrl Pts',(-1.66550632566151,0.,-2.15368744840468));
#2880=CARTESIAN_POINT('Ctrl Pts',(-1.78443492371308,0.023009820235856,-2.10170591271509));
#2881=CARTESIAN_POINT('Ctrl Pts',(-1.74358460411602,0.023009820235856,-2.10482843329213));
#2882=CARTESIAN_POINT('Ctrl Pts',(-1.70359565536597,0.023572135044452,-2.11117866505629));
#2883=CARTESIAN_POINT('Ctrl Pts',(-1.66814333687261,0.0221087896801207,
-2.11935544843688));
#2884=CARTESIAN_POINT('Ctrl Pts',(-1.78345769139303,0.0547886742035765,
-2.08892128836776));
#2885=CARTESIAN_POINT('Ctrl Pts',(-1.74644437862557,0.0547886742035765,
-2.09175051545535));
#2886=CARTESIAN_POINT('Ctrl Pts',(-1.70994084611704,0.0584210228321623,
-2.0946879453009));
#2887=CARTESIAN_POINT('Ctrl Pts',(-1.67578060230664,0.0613337463883852,
-2.09715191984543));
#2888=CARTESIAN_POINT('Ctrl Pts',(-1.78345769139303,0.0867467578644878,
-2.08892128836776));
#2889=CARTESIAN_POINT('Ctrl Pts',(-1.75030611932352,0.0867467578644878,
-2.09145533135615));
#2890=CARTESIAN_POINT('Ctrl Pts',(-1.71752349081662,0.0934561542370141,
-2.09396117300175));
#2891=CARTESIAN_POINT('Ctrl Pts',(-1.68520030592855,0.101148183215663,-2.09643189565273));
#2892=CARTESIAN_POINT('',(-1.66550632566151,0.,-2.15368744840468));
#2893=CARTESIAN_POINT('',(-1.68520030592853,0.101148183215589,-2.09643189565274));
#2894=CARTESIAN_POINT('Origin',(-1.69472727623156,0.101148183215663,-2.22106831423432));
#2895=CARTESIAN_POINT('Ctrl Pts',(-1.68520030592855,0.101148183215663,-2.09643189565273));
#2896=CARTESIAN_POINT('Ctrl Pts',(-1.71752349081662,0.0934561542370141,
-2.09396117300175));
#2897=CARTESIAN_POINT('Ctrl Pts',(-1.75030611932352,0.0867467578644878,
-2.09145533135615));
#2898=CARTESIAN_POINT('Ctrl Pts',(-1.78345769139303,0.0867467578644878,
-2.08892128836776));
#2899=CARTESIAN_POINT('Origin',(-1.81470615398692,0.,-2.49772874131538));
#2900=CARTESIAN_POINT('Ctrl Pts',(-1.66550632566151,0.,-2.15368744840468));
#2901=CARTESIAN_POINT('Ctrl Pts',(-1.64478411829349,0.,-2.16267401439411));
#2902=CARTESIAN_POINT('Ctrl Pts',(-1.5959599469722,0.,-2.18917657736146));
#2903=CARTESIAN_POINT('Ctrl Pts',(-1.55362403190256,0.,-2.22684954589559));
#2904=CARTESIAN_POINT('Ctrl Pts',(-1.53360870050477,0.,-2.24951669155581));
#2905=CARTESIAN_POINT('Ctrl Pts',(-1.66701318921078,0.0126335941029168,
-2.13406916270877));
#2906=CARTESIAN_POINT('Ctrl Pts',(-1.64199468573919,0.0126801756739962,
-2.14175018437004));
#2907=CARTESIAN_POINT('Ctrl Pts',(-1.58245996730476,0.0121485053965642,
-2.16899303927798));
#2908=CARTESIAN_POINT('Ctrl Pts',(-1.5346153973146,0.0126959576614402,-2.21620981424508));
#2909=CARTESIAN_POINT('Ctrl Pts',(-1.514484955478,0.0126335940201511,-2.24488742701833));
#2910=CARTESIAN_POINT('Ctrl Pts',(-1.67240523485309,0.04425701469613,-2.10615822767825));
#2911=CARTESIAN_POINT('Ctrl Pts',(-1.64024941874396,0.0455445964398621,
-2.11134039309072));
#2912=CARTESIAN_POINT('Ctrl Pts',(-1.56280850718964,0.0460939240470488,
-2.13925966618983));
#2913=CARTESIAN_POINT('Ctrl Pts',(-1.50617534603193,0.0459808239255741,
-2.20259147535032));
#2914=CARTESIAN_POINT('Ctrl Pts',(-1.4862738453644,0.0442570127619256,-2.24139062529746));
#2915=CARTESIAN_POINT('Ctrl Pts',(-1.6811632900909,0.0840848531468258,-2.09674047744957));
#2916=CARTESIAN_POINT('Ctrl Pts',(-1.64427053953866,0.0876646084054437,
-2.10018277611914));
#2917=CARTESIAN_POINT('Ctrl Pts',(-1.55608542635069,0.0912038440972949,
-2.12850947159318));
#2918=CARTESIAN_POINT('Ctrl Pts',(-1.49425654253763,0.0888774137252811,
-2.20125944001392));
#2919=CARTESIAN_POINT('Ctrl Pts',(-1.47461064501915,0.0840848477623916,
-2.24680979351301));
#2920=CARTESIAN_POINT('Ctrl Pts',(-1.68520030592889,0.101148183215663,-2.09643189565271));
#2921=CARTESIAN_POINT('Ctrl Pts',(-1.64687540795375,0.105708319026098,-2.09936137781384));
#2922=CARTESIAN_POINT('Ctrl Pts',(-1.55587693349849,0.110524978371069,-2.12787016033377));
#2923=CARTESIAN_POINT('Ctrl Pts',(-1.49265509718153,0.10725327276296,-2.20296784560179));
#2924=CARTESIAN_POINT('Ctrl Pts',(-1.47306965985957,0.101148176354157,-2.25055386900448));
#2925=CARTESIAN_POINT('',(-1.53360870080037,0.,-2.24951669122104));
#2926=CARTESIAN_POINT('Origin',(-1.58866195334153,0.10114817644432,-2.29812930055882));
#2927=CARTESIAN_POINT('Ctrl Pts',(-1.47306966014882,0.10114817644432,-2.25055386830171));
#2928=CARTESIAN_POINT('Ctrl Pts',(-1.49265509753722,0.107253272781367,-2.20296784517928));
#2929=CARTESIAN_POINT('Ctrl Pts',(-1.55587693375448,0.11052497835752,-2.12787016025357));
#2930=CARTESIAN_POINT('Ctrl Pts',(-1.64687540795375,0.105708319026098,-2.09936137781384));
#2931=CARTESIAN_POINT('Ctrl Pts',(-1.68520030592889,0.101148183215663,-2.09643189565271));
#2932=CARTESIAN_POINT('Origin',(-1.81470615398692,0.,-2.49772874131538));
#2933=CARTESIAN_POINT('Ctrl Pts',(-1.53360870080036,0.,-2.24951669122105));
#2934=CARTESIAN_POINT('Ctrl Pts',(-1.50843292029277,0.,-2.27802798944359));
#2935=CARTESIAN_POINT('Ctrl Pts',(-1.48460163847346,0.,-2.31449423571326));
#2936=CARTESIAN_POINT('Ctrl Pts',(-1.4679293069934,0.,-2.35500236537446));
#2937=CARTESIAN_POINT('Ctrl Pts',(-1.50014215285019,0.0221087908739251,
-2.24141546872612));
#2938=CARTESIAN_POINT('Ctrl Pts',(-1.4814415975472,0.0235696823892875,-2.2725535871369));
#2939=CARTESIAN_POINT('Ctrl Pts',(-1.46303392250153,0.023009820235856,-2.30862569257736));
#2940=CARTESIAN_POINT('Ctrl Pts',(-1.44742038684023,0.023009820235856,-2.34656130630924));
#2941=CARTESIAN_POINT('Ctrl Pts',(-1.47666530260545,0.061333743753884,-2.2418176725859));
#2942=CARTESIAN_POINT('Ctrl Pts',(-1.46378744779774,0.0584259017172543,
-2.27349140912638));
#2943=CARTESIAN_POINT('Ctrl Pts',(-1.44971044854053,0.0547886742035763,
-2.30730885627345));
#2944=CARTESIAN_POINT('Ctrl Pts',(-1.43556346794067,0.0547886742035764,
-2.3416812369533));
#2945=CARTESIAN_POINT('Ctrl Pts',(-1.47306967101035,0.101148176444322,-2.25055384191185));
#2946=CARTESIAN_POINT('Ctrl Pts',(-1.46075214054301,0.0934690404343868,
-2.28048127718829));
#2947=CARTESIAN_POINT('Ctrl Pts',(-1.44823443986552,0.0867467578644875,
-2.31089505841079));
#2948=CARTESIAN_POINT('Ctrl Pts',(-1.43556346794067,0.0867467578644876,
-2.3416812369533));
#2949=CARTESIAN_POINT('Origin',(-1.81470615398692,0.,-2.49772874131538));
#2950=CARTESIAN_POINT('Origin',(-1.62993052660424,0.,-2.10065661225057));
#2951=CARTESIAN_POINT('',(-1.6852003059282,0.,-2.09643189565276));
#2952=CARTESIAN_POINT('Origin',(-1.70425424653423,0.,-2.34570473281594));
#2953=CARTESIAN_POINT('Ctrl Pts',(0.115592282331176,0.,-5.64072419775034));
#2954=CARTESIAN_POINT('Ctrl Pts',(0.0837258982515847,0.,-5.71814873910337));
#2955=CARTESIAN_POINT('Ctrl Pts',(6.35546853470876E-16,0.,-5.71814873910337));
#2956=CARTESIAN_POINT('Ctrl Pts',(-0.0837258982515835,0.,-5.71814873910337));
#2957=CARTESIAN_POINT('Ctrl Pts',(-0.115592282331175,0.,-5.64072419775034));
#2958=CARTESIAN_POINT('Ctrl Pts',(0.231184564662352,-1.09272993335848E-16,
-5.68829965639731));
#2959=CARTESIAN_POINT('Ctrl Pts',(0.167451796503169,-1.09271485690365E-16,
-5.84314873910337));
#2960=CARTESIAN_POINT('Ctrl Pts',(4.84321484766444E-16,-1.09271485690365E-16,
-5.84314873910337));
#2961=CARTESIAN_POINT('Ctrl Pts',(-0.167451796503168,-1.09271485690365E-16,
-5.84314873910337));
#2962=CARTESIAN_POINT('Ctrl Pts',(-0.23118456466235,-1.09272993335848E-16,
-5.68829965639731));
#2963=CARTESIAN_POINT('Ctrl Pts',(0.231184564662352,0.125,-5.68829965639731));
#2964=CARTESIAN_POINT('Ctrl Pts',(0.167451796503169,0.125,-5.84314873910337));
#2965=CARTESIAN_POINT('Ctrl Pts',(4.84321484766444E-16,0.125,-5.84314873910337));
#2966=CARTESIAN_POINT('Ctrl Pts',(-0.167451796503168,0.125,-5.84314873910337));
#2967=CARTESIAN_POINT('Ctrl Pts',(-0.23118456466235,0.125,-5.68829965639731));
#2968=CARTESIAN_POINT('',(0.115592282331176,0.,-5.64072419775034));
#2969=CARTESIAN_POINT('',(-0.115592282331174,0.,-5.64072419775034));
#2970=CARTESIAN_POINT('Origin',(7.86772222175308E-16,0.,-5.59314873910337));
#2971=CARTESIAN_POINT('',(-0.231184564662349,0.125,-5.68829965639731));
#2972=CARTESIAN_POINT('Origin',(-0.115592282331174,0.125,-5.64072419775034));
#2973=CARTESIAN_POINT('',(0.231184564662351,0.125,-5.68829965639731));
#2974=CARTESIAN_POINT('Origin',(7.86772222175308E-16,0.125,-5.59314873910337));
#2975=CARTESIAN_POINT('Origin',(0.115592282331176,0.125,-5.64072419775034));
#2976=CARTESIAN_POINT('Origin',(-1.81470615398692,0.125,-2.49772874131538));
#2977=CARTESIAN_POINT('',(-1.58352158932457,0.125,-2.40257782402143));
#2978=CARTESIAN_POINT('Origin',(-1.4679293069934,0.125,-2.35500236537446));
#2979=CARTESIAN_POINT('',(-1.79565221338089,0.125,-2.2484559041522));
#2980=CARTESIAN_POINT('Origin',(-1.78612524307788,0.125,-2.12381948557061));
#2981=CARTESIAN_POINT('Origin',(-1.81470615398692,0.125,-2.49772874131538));
#2982=CARTESIAN_POINT('Origin',(0.693948912456062,0.125,-2.31339162746891));
#2983=CARTESIAN_POINT('',(-5.32892752523529,0.,-1.85301443103134));
#2984=CARTESIAN_POINT('',(-5.33845449553831,0.125,-1.97765084961293));
#2985=CARTESIAN_POINT('Origin',(-5.32892752523529,0.125,-1.85301443103134));
#2986=CARTESIAN_POINT('',(0.684421942153048,0.125,-2.4380280460505));
#2987=CARTESIAN_POINT('',(0.693948912456062,0.,-2.31339162746891));
#2988=CARTESIAN_POINT('Ctrl Pts',(-5.32892752523529,0.,-1.85301443103134));
#2989=CARTESIAN_POINT('Ctrl Pts',(-5.41240989404012,0.,-1.84663319786145));
#2990=CARTESIAN_POINT('Ctrl Pts',(-5.43828261946917,0.,-1.76700513674662));
#2991=CARTESIAN_POINT('Ctrl Pts',(-5.46415534489822,0.,-1.68737707563178));
#2992=CARTESIAN_POINT('Ctrl Pts',(-5.40036748455313,0.,-1.63314484434235));
#2993=CARTESIAN_POINT('Ctrl Pts',(-5.33845449553831,-2.17678617829424E-16,
-1.97765084961293));
#2994=CARTESIAN_POINT('Ctrl Pts',(-5.50541923314797,-2.17723120922305E-16,
-1.96488838327315));
#2995=CARTESIAN_POINT('Ctrl Pts',(-5.55716468400607,-2.18278451671924E-16,
-1.80563226104349));
#2996=CARTESIAN_POINT('Ctrl Pts',(-5.60891013486416,-2.18833782421544E-16,
-1.64637613881382));
#2997=CARTESIAN_POINT('Ctrl Pts',(-5.48133441417399,-2.19212001170486E-16,
-1.53791167623496));
#2998=CARTESIAN_POINT('Ctrl Pts',(-5.33845449553831,0.125,-1.97765084961293));
#2999=CARTESIAN_POINT('Ctrl Pts',(-5.50541923314797,0.125,-1.96488838327315));
#3000=CARTESIAN_POINT('Ctrl Pts',(-5.55716468400607,0.125,-1.80563226104349));
#3001=CARTESIAN_POINT('Ctrl Pts',(-5.60891013486416,0.125,-1.64637613881382));
#3002=CARTESIAN_POINT('Ctrl Pts',(-5.48133441417399,0.125,-1.53791167623496));
#3003=CARTESIAN_POINT('',(-5.40036748455313,0.,-1.63314484434235));
#3004=CARTESIAN_POINT('Origin',(-5.31940055493228,0.,-1.72837801244975));
#3005=CARTESIAN_POINT('',(-5.48133441417399,0.125,-1.53791167623496));
#3006=CARTESIAN_POINT('Origin',(-5.40036748455313,0.125,-1.63314484434235));
#3007=CARTESIAN_POINT('Origin',(-5.31940055493228,0.125,-1.72837801244975));
#3008=CARTESIAN_POINT('Origin',(-3.57001912665277,0.125,-0.0769886267035423));
#3009=CARTESIAN_POINT('',(-2.69335544788188,0.,0.668347980182794));
#3010=CARTESIAN_POINT('',(-2.77432237750273,0.125,0.763581148290188));
#3011=CARTESIAN_POINT('Origin',(-2.69335544788188,0.125,0.668347980182794));
#3012=CARTESIAN_POINT('',(-3.65098605627362,0.125,0.0182445414038529));
#3013=CARTESIAN_POINT('',(-3.57001912665277,0.,-0.0769886267035423));
#3014=CARTESIAN_POINT('Origin',(-2.93625623674444,0.125,0.95404748450498));
#3015=CARTESIAN_POINT('',(-2.57181541537969,0.,1.04240973732251));
#3016=CARTESIAN_POINT('',(-2.69329568916794,0.125,1.01295565305));
#3017=CARTESIAN_POINT('Origin',(-2.57181541537969,0.125,1.04240973732251));
#3018=CARTESIAN_POINT('Origin',(-2.93625623674444,0.125,0.95404748450498));
#3019=CARTESIAN_POINT('Origin',(-2.93625623674444,0.,0.95404748450498));
#3020=CARTESIAN_POINT('Origin',(-1.92260547368641,0.125,-1.63518840945011));
#3021=CARTESIAN_POINT('',(-3.40905061651145,0.,4.49549829772893));
#3022=CARTESIAN_POINT('',(-3.5305308902997,0.125,4.46604421345642));
#3023=CARTESIAN_POINT('Origin',(-3.40905061651145,0.125,4.49549829772893));
#3024=CARTESIAN_POINT('',(-2.04408574747466,0.125,-1.66464249372261));
#3025=CARTESIAN_POINT('',(-1.92260547368641,0.,-1.63518840945011));
#3026=CARTESIAN_POINT('Ctrl Pts',(-3.40905061651145,0.,4.49549829772893));
#3027=CARTESIAN_POINT('Ctrl Pts',(-3.4287791738146,0.,4.57686665807108));
#3028=CARTESIAN_POINT('Ctrl Pts',(-3.36104349925976,0.,4.6260795062983));
#3029=CARTESIAN_POINT('Ctrl Pts',(-3.29330782470492,0.,4.67529235452552));
#3030=CARTESIAN_POINT('Ctrl Pts',(-3.22201837486244,0.,4.63138517539511));
#3031=CARTESIAN_POINT('Ctrl Pts',(-3.5305308902997,-7.21362934906106E-16,
4.46604421345642));
#3032=CARTESIAN_POINT('Ctrl Pts',(-3.569988004906,-7.20934561360267E-16,
4.62878093414073));
#3033=CARTESIAN_POINT('Ctrl Pts',(-3.43451665579632,-7.20675474385831E-16,
4.72720663059517));
#3034=CARTESIAN_POINT('Ctrl Pts',(-3.29904530668664,-7.20416387411394E-16,
4.82563232704961));
#3035=CARTESIAN_POINT('Ctrl Pts',(-3.15646640700167,-7.2064754205102E-16,
4.73781796878879));
#3036=CARTESIAN_POINT('Ctrl Pts',(-3.5305308902997,0.125,4.46604421345642));
#3037=CARTESIAN_POINT('Ctrl Pts',(-3.569988004906,0.125,4.62878093414073));
#3038=CARTESIAN_POINT('Ctrl Pts',(-3.43451665579632,0.125,4.72720663059517));
#3039=CARTESIAN_POINT('Ctrl Pts',(-3.29904530668664,0.125,4.82563232704961));
#3040=CARTESIAN_POINT('Ctrl Pts',(-3.15646640700167,0.125,4.73781796878879));
#3041=CARTESIAN_POINT('',(-3.22201837486244,0.,4.63138517539511));
#3042=CARTESIAN_POINT('Origin',(-3.2875703427232,0.,4.52495238200143));
#3043=CARTESIAN_POINT('',(-3.15646640700167,0.125,4.73781796878879));
#3044=CARTESIAN_POINT('Origin',(-3.22201837486244,0.125,4.63138517539511));
#3045=CARTESIAN_POINT('Origin',(-3.2875703427232,0.125,4.52495238200143));
#3046=CARTESIAN_POINT('Origin',(0.496391079828608,0.125,2.34121642857391));
#3047=CARTESIAN_POINT('',(-0.196655903582299,0.,2.76806413343976));
#3048=CARTESIAN_POINT('',(-0.131103935721532,0.125,2.87449692683344));
#3049=CARTESIAN_POINT('Origin',(-0.196655903582299,0.125,2.76806413343976));
#3050=CARTESIAN_POINT('',(0.561943047689374,0.125,2.44764922196759));
#3051=CARTESIAN_POINT('',(0.496391079828608,0.,2.34121642857391));
#3052=CARTESIAN_POINT('Origin',(0.,0.125,3.08736251362079));
#3053=CARTESIAN_POINT('',(0.196655903582299,0.,2.76806413343976));
#3054=CARTESIAN_POINT('',(0.131103935721533,0.125,2.87449692683344));
#3055=CARTESIAN_POINT('Origin',(0.196655903582299,0.125,2.76806413343976));
#3056=CARTESIAN_POINT('Origin',(0.,0.125,3.08736251362079));
#3057=CARTESIAN_POINT('Origin',(0.,0.,3.08736251362079));
#3058=CARTESIAN_POINT('Origin',(-0.178517855885706,0.125,2.53699457828976));
#3059=CARTESIAN_POINT('',(3.22201837486243,0.,4.63138517539511));
#3060=CARTESIAN_POINT('',(3.15646640700167,0.125,4.73781796878879));
#3061=CARTESIAN_POINT('Origin',(3.22201837486243,0.125,4.63138517539511));
#3062=CARTESIAN_POINT('',(-0.244069823746473,0.125,2.64342737168343));
#3063=CARTESIAN_POINT('',(-0.178517855885706,0.,2.53699457828976));
#3064=CARTESIAN_POINT('Ctrl Pts',(3.22201837486243,0.,4.63138517539511));
#3065=CARTESIAN_POINT('Ctrl Pts',(3.29330782470492,0.,4.67529235452552));
#3066=CARTESIAN_POINT('Ctrl Pts',(3.36104349925976,0.,4.6260795062983));
#3067=CARTESIAN_POINT('Ctrl Pts',(3.4287791738146,0.,4.57686665807108));
#3068=CARTESIAN_POINT('Ctrl Pts',(3.40905061651145,0.,4.49549829772893));
#3069=CARTESIAN_POINT('Ctrl Pts',(3.15646640700167,-2.43657042921883E-16,
4.73781796878879));
#3070=CARTESIAN_POINT('Ctrl Pts',(3.29904530668664,-2.44999602620755E-16,
4.82563232704961));
#3071=CARTESIAN_POINT('Ctrl Pts',(3.43451665579632,-2.43494810283713E-16,
4.72720663059517));
#3072=CARTESIAN_POINT('Ctrl Pts',(3.569988004906,-2.41990017946671E-16,
4.62878093414073));
#3073=CARTESIAN_POINT('Ctrl Pts',(3.5305308902997,-2.39501999278147E-16,
4.46604421345642));
#3074=CARTESIAN_POINT('Ctrl Pts',(3.15646640700167,0.125,4.73781796878879));
#3075=CARTESIAN_POINT('Ctrl Pts',(3.29904530668664,0.125,4.82563232704961));
#3076=CARTESIAN_POINT('Ctrl Pts',(3.43451665579632,0.125,4.72720663059517));
#3077=CARTESIAN_POINT('Ctrl Pts',(3.569988004906,0.125,4.62878093414073));
#3078=CARTESIAN_POINT('Ctrl Pts',(3.5305308902997,0.125,4.46604421345642));
#3079=CARTESIAN_POINT('',(3.40905061651145,0.,4.49549829772893));
#3080=CARTESIAN_POINT('Origin',(3.2875703427232,0.,4.52495238200143));
#3081=CARTESIAN_POINT('',(3.5305308902997,0.125,4.46604421345642));
#3082=CARTESIAN_POINT('Origin',(3.40905061651145,0.125,4.49549829772893));
#3083=CARTESIAN_POINT('Origin',(3.2875703427232,0.125,4.52495238200143));
#3084=CARTESIAN_POINT('Origin',(2.59594381584391,0.125,1.14192478818426));
#3085=CARTESIAN_POINT('',(2.57181541537969,0.,1.04240973732251));
#3086=CARTESIAN_POINT('',(2.69329568916794,0.125,1.01295565305));
#3087=CARTESIAN_POINT('Origin',(2.57181541537969,0.125,1.04240973732251));
#3088=CARTESIAN_POINT('',(2.71742408963216,0.125,1.11247070391175));
#3089=CARTESIAN_POINT('',(2.59594381584391,0.,1.14192478818426));
#3090=CARTESIAN_POINT('Origin',(2.93625623674444,0.125,0.95404748450498));
#3091=CARTESIAN_POINT('',(2.69335544788188,0.,0.668347980182793));
#3092=CARTESIAN_POINT('',(2.77432237750273,0.125,0.763581148290188));
#3093=CARTESIAN_POINT('Origin',(2.69335544788188,0.125,0.668347980182793));
#3094=CARTESIAN_POINT('Origin',(2.93625623674444,0.125,0.95404748450498));
#3095=CARTESIAN_POINT('Origin',(2.93625623674444,0.,0.95404748450498));
#3096=CARTESIAN_POINT('Origin',(3.65156866745194,0.125,-0.14632178091567));
#3097=CARTESIAN_POINT('',(5.40036748455313,0.,-1.63314484434235));
#3098=CARTESIAN_POINT('',(5.48133441417399,0.125,-1.53791167623496));
#3099=CARTESIAN_POINT('Origin',(5.40036748455313,0.125,-1.63314484434235));
#3100=CARTESIAN_POINT('',(3.73253559707279,0.125,-0.0510886128082744));
#3101=CARTESIAN_POINT('',(3.65156866745194,0.,-0.14632178091567));
#3102=CARTESIAN_POINT('Ctrl Pts',(5.40036748455313,0.,-1.63314484434235));
#3103=CARTESIAN_POINT('Ctrl Pts',(5.46415534489822,0.,-1.68737707563178));
#3104=CARTESIAN_POINT('Ctrl Pts',(5.43828261946917,0.,-1.76700513674662));
#3105=CARTESIAN_POINT('Ctrl Pts',(5.41240989404013,0.,-1.84663319786145));
#3106=CARTESIAN_POINT('Ctrl Pts',(5.32892752523529,0.,-1.85301443103134));
#3107=CARTESIAN_POINT('Ctrl Pts',(5.48133441417399,-2.34347177647285E-17,
-1.53791167623496));
#3108=CARTESIAN_POINT('Ctrl Pts',(5.60891013486416,-2.25349961887024E-17,
-1.64637613881382));
#3109=CARTESIAN_POINT('Ctrl Pts',(5.55716468400607,-2.12139536474174E-17,
-1.80563226104348));
#3110=CARTESIAN_POINT('Ctrl Pts',(5.50541923314797,-1.98929111061325E-17,
-1.96488838327315));
#3111=CARTESIAN_POINT('Ctrl Pts',(5.33845449553831,-1.97870454054579E-17,
-1.97765084961293));
#3112=CARTESIAN_POINT('Ctrl Pts',(5.48133441417399,0.125,-1.53791167623496));
#3113=CARTESIAN_POINT('Ctrl Pts',(5.60891013486416,0.125,-1.64637613881382));
#3114=CARTESIAN_POINT('Ctrl Pts',(5.55716468400607,0.125,-1.80563226104348));
#3115=CARTESIAN_POINT('Ctrl Pts',(5.50541923314797,0.125,-1.96488838327315));
#3116=CARTESIAN_POINT('Ctrl Pts',(5.33845449553831,0.125,-1.97765084961293));
#3117=CARTESIAN_POINT('',(5.32892752523529,0.,-1.85301443103134));
#3118=CARTESIAN_POINT('Origin',(5.31940055493228,0.,-1.72837801244975));
#3119=CARTESIAN_POINT('',(5.33845449553831,0.125,-1.97765084961293));
#3120=CARTESIAN_POINT('Origin',(5.32892752523529,0.125,-1.85301443103134));
#3121=CARTESIAN_POINT('Origin',(5.31940055493228,0.125,-1.72837801244975));
#3122=CARTESIAN_POINT('Origin',(4.41182761054105,0.125,-1.92311580069216));
#3123=CARTESIAN_POINT('',(1.78612524307788,0.,-2.12381948557061));
#3124=CARTESIAN_POINT('',(1.79565221338089,0.125,-2.2484559041522));
#3125=CARTESIAN_POINT('Origin',(1.78612524307788,0.125,-2.12381948557061));
#3126=CARTESIAN_POINT('',(4.42135458084407,0.125,-2.04775221927375));
#3127=CARTESIAN_POINT('',(4.41182761054105,0.,-1.92311580069216));
#3128=CARTESIAN_POINT('Origin',(1.81470615398692,0.125,-2.49772874131538));
#3129=CARTESIAN_POINT('',(1.4679293069934,0.,-2.35500236537446));
#3130=CARTESIAN_POINT('',(1.58352158932457,0.125,-2.40257782402143));
#3131=CARTESIAN_POINT('Origin',(1.4679293069934,0.125,-2.35500236537446));
#3132=CARTESIAN_POINT('Origin',(1.81470615398692,0.125,-2.49772874131538));
#3133=CARTESIAN_POINT('Origin',(1.81470615398692,0.,-2.49772874131538));
#3134=CARTESIAN_POINT('Origin',(1.47067026644205,0.125,-2.34834276045507));
#3135=CARTESIAN_POINT('',(1.58626254877323,0.125,-2.39591821910204));
#3136=CARTESIAN_POINT('',(1.47067026644205,0.,-2.34834276045507));
#3137=CARTESIAN_POINT('Origin',(-0.219078862782865,0.125,-5.38928678936246));
#3138=CARTESIAN_POINT('',(-0.33467114511404,0.125,-5.43686224800943));
#3139=CARTESIAN_POINT('',(-0.219078862782865,0.,-5.38928678936246));
#3140=CARTESIAN_POINT('Origin',(3.67365782682795,0.,5.05635621484341));
#3141=CARTESIAN_POINT('',(2.69329568916794,0.875,1.01295565305));
#3142=CARTESIAN_POINT('',(2.69329568916794,0.,1.01295565305));
#3143=CARTESIAN_POINT('',(3.5305308902997,0.875,4.46604421345642));
#3144=CARTESIAN_POINT('',(2.71742408963216,0.875,1.11247070391175));
#3145=CARTESIAN_POINT('',(3.5305308902997,0.,4.46604421345642));
#3146=CARTESIAN_POINT('Origin',(2.93625623674444,0.,0.95404748450498));
#3147=CARTESIAN_POINT('',(2.77432237750273,0.875,0.763581148290188));
#3148=CARTESIAN_POINT('',(2.77432237750273,0.,0.763581148290188));
#3149=CARTESIAN_POINT('Origin',(2.93625623674444,0.875,0.95404748450498));
#3150=CARTESIAN_POINT('Origin',(2.65701414239959,0.,0.863316228035009));
#3151=CARTESIAN_POINT('',(5.48133441417399,0.875,-1.53791167623496));
#3152=CARTESIAN_POINT('',(5.48133441417399,0.,-1.53791167623496));
#3153=CARTESIAN_POINT('',(3.73253559707279,0.875,-0.0510886128082744));
#3154=CARTESIAN_POINT('Origin',(5.31940055493228,0.,-1.72837801244975));
#3155=CARTESIAN_POINT('',(5.33845449553831,0.875,-1.97765084961293));
#3156=CARTESIAN_POINT('',(5.33845449553831,0.,-1.97765084961293));
#3157=CARTESIAN_POINT('Origin',(5.31940055493228,0.875,-1.72837801244975));
#3158=CARTESIAN_POINT('Origin',(5.9441032268447,0.,-1.93135621484342));
#3159=CARTESIAN_POINT('',(1.79565221338089,0.875,-2.2484559041522));
#3160=CARTESIAN_POINT('',(1.79565221338089,0.,-2.2484559041522));
#3161=CARTESIAN_POINT('',(4.42135458084407,0.875,-2.04775221927375));
#3162=CARTESIAN_POINT('Origin',(1.81470615398692,0.,-2.49772874131538));
#3163=CARTESIAN_POINT('',(1.58352158932457,0.875,-2.40257782402143));
#3164=CARTESIAN_POINT('',(1.58352158932457,0.,-2.40257782402143));
#3165=CARTESIAN_POINT('Origin',(1.81470615398692,0.875,-2.49772874131538));
#3166=CARTESIAN_POINT('Origin',(1.6421250485921,0.,-2.26019122803501));
#3167=CARTESIAN_POINT('',(0.231184564662351,0.875,-5.68829965639731));
#3168=CARTESIAN_POINT('',(0.231184564662351,0.,-5.68829965639731));
#3169=CARTESIAN_POINT('',(1.58626254877323,0.875,-2.39591821910204));
#3170=CARTESIAN_POINT('Origin',(7.86772222175308E-16,0.,-5.59314873910337));
#3171=CARTESIAN_POINT('',(-0.231184564662349,0.875,-5.68829965639731));
#3172=CARTESIAN_POINT('',(-0.231184564662349,0.,-5.68829965639731));
#3173=CARTESIAN_POINT('Origin',(7.86772222175308E-16,0.875,-5.59314873910337));
#3174=CARTESIAN_POINT('Origin',(-1.04902962956708E-15,0.,-6.24999999999999));
#3175=CARTESIAN_POINT('',(-1.58352158932457,0.875,-2.40257782402143));
#3176=CARTESIAN_POINT('',(-1.58352158932457,0.,-2.40257782402143));
#3177=CARTESIAN_POINT('',(-0.33467114511404,0.875,-5.43686224800943));
#3178=CARTESIAN_POINT('Origin',(-1.81470615398692,0.,-2.49772874131538));
#3179=CARTESIAN_POINT('',(-1.79565221338089,0.875,-2.2484559041522));
#3180=CARTESIAN_POINT('',(-1.79565221338089,0.,-2.2484559041522));
#3181=CARTESIAN_POINT('Origin',(-1.81470615398692,0.875,-2.49772874131538));
#3182=CARTESIAN_POINT('Origin',(-2.50151939195063,0.,0.901017455903821));
#3183=CARTESIAN_POINT('',(-2.51458074878724,0.,0.954887648909217));
#3184=CARTESIAN_POINT('',(-1.8885909970257,0.,-1.6269412658538));
#3185=CARTESIAN_POINT('',(-2.51458074878724,0.,0.954887648909217));
#3186=CARTESIAN_POINT('Origin',(2.97205161342235,0.,-3.125));
#3187=CARTESIAN_POINT('Origin',(-2.75754129636373,0.,0.8959794803642));
#3188=CARTESIAN_POINT('',(0.131103935721533,0.,2.68658491811613));
#3189=CARTESIAN_POINT('Origin',(1.3987061727561E-15,0.,2.89945050490349));
#3190=CARTESIAN_POINT('',(-0.160163304884692,0.,2.50719339613953));
#3191=CARTESIAN_POINT('',(2.59560743712202,0.,0.705513144149407));
#3192=CARTESIAN_POINT('Origin',(2.75754129636373,0.,0.895979480364199));
#3193=CARTESIAN_POINT('',(3.6288979271581,0.,-0.172987067985741));
#3194=CARTESIAN_POINT('',(1.47306968187188,0.,-2.25055381552199));
#3195=CARTESIAN_POINT('Origin',(1.70425424653423,0.,-2.34570473281594));
#3196=CARTESIAN_POINT('',(1.43830442738932,0.,-2.33502163203392));
#3197=CARTESIAN_POINT('Origin',(-1.81470615398692,0.875,-2.49772874131538));
#3198=CARTESIAN_POINT('Origin',(-1.78612524307788,0.875,-2.12381948557061));
#3199=CARTESIAN_POINT('Origin',(-1.4679293069934,0.875,-2.35500236537446));
#3200=CARTESIAN_POINT('Origin',(-0.219078862782865,0.875,-5.38928678936246));
#3201=CARTESIAN_POINT('Origin',(-0.115592282331174,0.875,-5.64072419775034));
#3202=CARTESIAN_POINT('Ctrl Pts',(-0.115592282331175,1.,-5.64072419775034));
#3203=CARTESIAN_POINT('Ctrl Pts',(-0.0837258982515835,1.,-5.71814873910337));
#3204=CARTESIAN_POINT('Ctrl Pts',(7.86772222175308E-16,1.,-5.71814873910337));
#3205=CARTESIAN_POINT('Ctrl Pts',(0.0837258982515851,1.,-5.71814873910337));
#3206=CARTESIAN_POINT('Ctrl Pts',(0.115592282331176,1.,-5.64072419775034));
#3207=CARTESIAN_POINT('Ctrl Pts',(-0.23118456466235,1.,-5.68829965639731));
#3208=CARTESIAN_POINT('Ctrl Pts',(-0.167451796503168,1.,-5.84314873910337));
#3209=CARTESIAN_POINT('Ctrl Pts',(7.86772222175308E-16,1.,-5.84314873910337));
#3210=CARTESIAN_POINT('Ctrl Pts',(0.167451796503169,1.,-5.84314873910337));
#3211=CARTESIAN_POINT('Ctrl Pts',(0.231184564662352,1.,-5.68829965639731));
#3212=CARTESIAN_POINT('Ctrl Pts',(-0.23118456466235,0.875,-5.68829965639731));
#3213=CARTESIAN_POINT('Ctrl Pts',(-0.167451796503168,0.875,-5.84314873910337));
#3214=CARTESIAN_POINT('Ctrl Pts',(7.86772222175308E-16,0.875,-5.84314873910337));
#3215=CARTESIAN_POINT('Ctrl Pts',(0.167451796503169,0.875,-5.84314873910337));
#3216=CARTESIAN_POINT('Ctrl Pts',(0.231184564662352,0.875,-5.68829965639731));
#3217=CARTESIAN_POINT('Origin',(0.115592282331176,0.875,-5.64072419775034));
#3218=CARTESIAN_POINT('Origin',(1.47067026644205,0.875,-2.34834276045507));
#3219=CARTESIAN_POINT('Origin',(1.4679293069934,0.875,-2.35500236537446));
#3220=CARTESIAN_POINT('Origin',(1.81470615398692,0.875,-2.49772874131538));
#3221=CARTESIAN_POINT('Origin',(1.78612524307788,0.875,-2.12381948557061));
#3222=CARTESIAN_POINT('Origin',(4.41182761054105,0.875,-1.92311580069216));
#3223=CARTESIAN_POINT('Origin',(5.32892752523529,0.875,-1.85301443103134));
#3224=CARTESIAN_POINT('Ctrl Pts',(5.32892752523529,1.,-1.85301443103134));
#3225=CARTESIAN_POINT('Ctrl Pts',(5.41240989404013,1.,-1.84663319786145));
#3226=CARTESIAN_POINT('Ctrl Pts',(5.43828261946917,1.,-1.76700513674662));
#3227=CARTESIAN_POINT('Ctrl Pts',(5.46415534489822,1.,-1.68737707563178));
#3228=CARTESIAN_POINT('Ctrl Pts',(5.40036748455313,1.,-1.63314484434235));
#3229=CARTESIAN_POINT('Ctrl Pts',(5.33845449553831,1.,-1.97765084961293));
#3230=CARTESIAN_POINT('Ctrl Pts',(5.50541923314797,1.,-1.96488838327315));
#3231=CARTESIAN_POINT('Ctrl Pts',(5.55716468400607,1.,-1.80563226104348));
#3232=CARTESIAN_POINT('Ctrl Pts',(5.60891013486416,1.,-1.64637613881382));
#3233=CARTESIAN_POINT('Ctrl Pts',(5.48133441417399,1.,-1.53791167623496));
#3234=CARTESIAN_POINT('Ctrl Pts',(5.33845449553831,0.875,-1.97765084961293));
#3235=CARTESIAN_POINT('Ctrl Pts',(5.50541923314797,0.875,-1.96488838327315));
#3236=CARTESIAN_POINT('Ctrl Pts',(5.55716468400607,0.875,-1.80563226104348));
#3237=CARTESIAN_POINT('Ctrl Pts',(5.60891013486416,0.875,-1.64637613881382));
#3238=CARTESIAN_POINT('Ctrl Pts',(5.48133441417399,0.875,-1.53791167623496));
#3239=CARTESIAN_POINT('Origin',(5.40036748455313,0.875,-1.63314484434235));
#3240=CARTESIAN_POINT('Origin',(3.65156866745194,0.875,-0.14632178091567));
#3241=CARTESIAN_POINT('Origin',(2.69335544788188,0.875,0.668347980182793));
#3242=CARTESIAN_POINT('Origin',(2.93625623674444,0.875,0.95404748450498));
#3243=CARTESIAN_POINT('Origin',(2.57181541537969,0.875,1.04240973732251));
#3244=CARTESIAN_POINT('Origin',(2.59594381584391,0.875,1.14192478818426));
#3245=CARTESIAN_POINT('Origin',(3.40905061651145,0.875,4.49549829772893));
#3246=CARTESIAN_POINT('Ctrl Pts',(3.40905061651145,1.,4.49549829772893));
#3247=CARTESIAN_POINT('Ctrl Pts',(3.4287791738146,1.,4.57686665807108));
#3248=CARTESIAN_POINT('Ctrl Pts',(3.36104349925976,1.,4.6260795062983));
#3249=CARTESIAN_POINT('Ctrl Pts',(3.29330782470492,1.,4.67529235452552));
#3250=CARTESIAN_POINT('Ctrl Pts',(3.22201837486243,1.,4.63138517539511));
#3251=CARTESIAN_POINT('Ctrl Pts',(3.5305308902997,1.,4.46604421345642));
#3252=CARTESIAN_POINT('Ctrl Pts',(3.569988004906,1.,4.62878093414073));
#3253=CARTESIAN_POINT('Ctrl Pts',(3.43451665579632,1.,4.72720663059517));
#3254=CARTESIAN_POINT('Ctrl Pts',(3.29904530668664,1.,4.82563232704961));
#3255=CARTESIAN_POINT('Ctrl Pts',(3.15646640700167,1.,4.73781796878879));
#3256=CARTESIAN_POINT('Ctrl Pts',(3.5305308902997,0.875,4.46604421345642));
#3257=CARTESIAN_POINT('Ctrl Pts',(3.569988004906,0.875,4.62878093414073));
#3258=CARTESIAN_POINT('Ctrl Pts',(3.43451665579632,0.875,4.72720663059517));
#3259=CARTESIAN_POINT('Ctrl Pts',(3.29904530668664,0.875,4.82563232704961));
#3260=CARTESIAN_POINT('Ctrl Pts',(3.15646640700167,0.875,4.73781796878879));
#3261=CARTESIAN_POINT('',(3.15646640700167,0.875,4.73781796878879));
#3262=CARTESIAN_POINT('Origin',(3.22201837486243,0.875,4.63138517539511));
#3263=CARTESIAN_POINT('Origin',(3.2875703427232,0.875,4.52495238200143));
#3264=CARTESIAN_POINT('Origin',(-0.178517855885706,0.875,2.53699457828976));
#3265=CARTESIAN_POINT('',(0.131103935721533,0.875,2.87449692683344));
#3266=CARTESIAN_POINT('Origin',(0.196655903582299,0.875,2.76806413343976));
#3267=CARTESIAN_POINT('',(-0.244069823746473,0.875,2.64342737168343));
#3268=CARTESIAN_POINT('Origin',(0.,0.875,3.08736251362079));
#3269=CARTESIAN_POINT('',(-0.131103935721532,0.875,2.87449692683344));
#3270=CARTESIAN_POINT('Origin',(-0.196655903582299,0.875,2.76806413343976));
#3271=CARTESIAN_POINT('Origin',(0.,0.875,3.08736251362079));
#3272=CARTESIAN_POINT('Origin',(0.496391079828608,0.875,2.34121642857391));
#3273=CARTESIAN_POINT('',(-3.15646640700167,0.875,4.73781796878879));
#3274=CARTESIAN_POINT('Origin',(-3.22201837486244,0.875,4.63138517539511));
#3275=CARTESIAN_POINT('',(0.561943047689374,0.875,2.44764922196759));
#3276=CARTESIAN_POINT('Ctrl Pts',(-3.22201837486244,1.,4.63138517539511));
#3277=CARTESIAN_POINT('Ctrl Pts',(-3.29330782470492,1.,4.67529235452552));
#3278=CARTESIAN_POINT('Ctrl Pts',(-3.36104349925976,1.,4.6260795062983));
#3279=CARTESIAN_POINT('Ctrl Pts',(-3.4287791738146,1.,4.57686665807108));
#3280=CARTESIAN_POINT('Ctrl Pts',(-3.40905061651145,1.,4.49549829772893));
#3281=CARTESIAN_POINT('Ctrl Pts',(-3.15646640700167,1.,4.73781796878879));
#3282=CARTESIAN_POINT('Ctrl Pts',(-3.29904530668664,1.,4.82563232704961));
#3283=CARTESIAN_POINT('Ctrl Pts',(-3.43451665579632,1.,4.72720663059517));
#3284=CARTESIAN_POINT('Ctrl Pts',(-3.569988004906,1.,4.62878093414073));
#3285=CARTESIAN_POINT('Ctrl Pts',(-3.5305308902997,1.,4.46604421345642));
#3286=CARTESIAN_POINT('Ctrl Pts',(-3.15646640700167,0.875,4.73781796878879));
#3287=CARTESIAN_POINT('Ctrl Pts',(-3.29904530668664,0.875,4.82563232704961));
#3288=CARTESIAN_POINT('Ctrl Pts',(-3.43451665579632,0.875,4.72720663059517));
#3289=CARTESIAN_POINT('Ctrl Pts',(-3.569988004906,0.875,4.62878093414073));
#3290=CARTESIAN_POINT('Ctrl Pts',(-3.5305308902997,0.875,4.46604421345642));
#3291=CARTESIAN_POINT('',(-3.5305308902997,0.875,4.46604421345642));
#3292=CARTESIAN_POINT('Origin',(-3.40905061651145,0.875,4.49549829772893));
#3293=CARTESIAN_POINT('Origin',(-3.2875703427232,0.875,4.52495238200143));
#3294=CARTESIAN_POINT('Origin',(-1.92260547368641,0.875,-1.63518840945011));
#3295=CARTESIAN_POINT('',(-2.69329568916794,0.875,1.01295565305));
#3296=CARTESIAN_POINT('Origin',(-2.57181541537969,0.875,1.04240973732251));
#3297=CARTESIAN_POINT('',(-2.04408574747466,0.875,-1.66464249372261));
#3298=CARTESIAN_POINT('Origin',(-2.93625623674444,0.875,0.95404748450498));
#3299=CARTESIAN_POINT('',(-2.77432237750273,0.875,0.763581148290188));
#3300=CARTESIAN_POINT('Origin',(-2.69335544788188,0.875,0.668347980182793));
#3301=CARTESIAN_POINT('Origin',(-2.93625623674444,0.875,0.95404748450498));
#3302=CARTESIAN_POINT('Origin',(-3.57001912665277,0.875,-0.0769886267035423));
#3303=CARTESIAN_POINT('',(-5.48133441417399,0.875,-1.53791167623496));
#3304=CARTESIAN_POINT('Origin',(-5.40036748455313,0.875,-1.63314484434235));
#3305=CARTESIAN_POINT('',(-3.65098605627362,0.875,0.0182445414038529));
#3306=CARTESIAN_POINT('Ctrl Pts',(-5.40036748455313,1.,-1.63314484434235));
#3307=CARTESIAN_POINT('Ctrl Pts',(-5.46415534489822,1.,-1.68737707563178));
#3308=CARTESIAN_POINT('Ctrl Pts',(-5.43828261946917,1.,-1.76700513674662));
#3309=CARTESIAN_POINT('Ctrl Pts',(-5.41240989404012,1.,-1.84663319786145));
#3310=CARTESIAN_POINT('Ctrl Pts',(-5.32892752523529,1.,-1.85301443103134));
#3311=CARTESIAN_POINT('Ctrl Pts',(-5.48133441417399,1.,-1.53791167623496));
#3312=CARTESIAN_POINT('Ctrl Pts',(-5.60891013486416,1.,-1.64637613881382));
#3313=CARTESIAN_POINT('Ctrl Pts',(-5.55716468400607,1.,-1.80563226104349));
#3314=CARTESIAN_POINT('Ctrl Pts',(-5.50541923314797,1.,-1.96488838327315));
#3315=CARTESIAN_POINT('Ctrl Pts',(-5.33845449553831,1.,-1.97765084961293));
#3316=CARTESIAN_POINT('Ctrl Pts',(-5.48133441417399,0.875,-1.53791167623496));
#3317=CARTESIAN_POINT('Ctrl Pts',(-5.60891013486416,0.875,-1.64637613881382));
#3318=CARTESIAN_POINT('Ctrl Pts',(-5.55716468400607,0.875,-1.80563226104349));
#3319=CARTESIAN_POINT('Ctrl Pts',(-5.50541923314797,0.875,-1.96488838327315));
#3320=CARTESIAN_POINT('Ctrl Pts',(-5.33845449553831,0.875,-1.97765084961293));
#3321=CARTESIAN_POINT('',(-5.33845449553831,0.875,-1.97765084961293));
#3322=CARTESIAN_POINT('Origin',(-5.32892752523529,0.875,-1.85301443103134));
#3323=CARTESIAN_POINT('Origin',(-5.31940055493228,0.875,-1.72837801244975));
#3324=CARTESIAN_POINT('Origin',(0.693948912456062,0.875,-2.31339162746891));
#3325=CARTESIAN_POINT('',(0.684421942153048,0.875,-2.4380280460505));
#3326=CARTESIAN_POINT('Origin',(5.24514814783538E-16,0.,2.79375));
#3327=CARTESIAN_POINT('',(3.15646640700167,0.,4.73781796878879));
#3328=CARTESIAN_POINT('',(0.131103935721533,0.,2.87449692683344));
#3329=CARTESIAN_POINT('Origin',(0.,0.,3.08736251362079));
#3330=CARTESIAN_POINT('',(-0.131103935721532,0.,2.87449692683344));
#3331=CARTESIAN_POINT('Origin',(-3.67365782682795,0.,5.05635621484342));
#3332=CARTESIAN_POINT('',(-3.15646640700167,0.,4.73781796878879));
#3333=CARTESIAN_POINT('Origin',(-3.2875703427232,0.,4.52495238200143));
#3334=CARTESIAN_POINT('',(-3.5305308902997,0.,4.46604421345642));
#3335=CARTESIAN_POINT('Origin',(-2.65701414239959,0.,0.86331622803501));
#3336=CARTESIAN_POINT('',(-2.69329568916794,0.,1.01295565305));
#3337=CARTESIAN_POINT('Origin',(-2.93625623674444,0.,0.95404748450498));
#3338=CARTESIAN_POINT('',(-2.77432237750273,0.,0.763581148290188));
#3339=CARTESIAN_POINT('Origin',(-5.9441032268447,0.,-1.93135621484342));
#3340=CARTESIAN_POINT('',(-5.48133441417399,0.,-1.53791167623496));
#3341=CARTESIAN_POINT('Origin',(-5.31940055493228,0.,-1.72837801244975));
#3342=CARTESIAN_POINT('',(-5.33845449553831,0.,-1.97765084961293));
#3343=CARTESIAN_POINT('Origin',(-1.6421250485921,0.,-2.26019122803501));
#3344=CARTESIAN_POINT('Origin',(1.70425424653423,0.,-2.34570473281594));
#3345=CARTESIAN_POINT('',(1.47306968187188,0.,-2.25055381552199));
#3346=CARTESIAN_POINT('Origin',(-2.75754129636373,0.,0.8959794803642));
#3347=CARTESIAN_POINT('Origin',(1.3987061727561E-15,0.,2.89945050490349));
#3348=CARTESIAN_POINT('',(0.131103935721534,0.,2.68658491811613));
#3349=CARTESIAN_POINT('Origin',(2.75754129636373,0.,0.895979480364199));
#3350=CARTESIAN_POINT('',(2.59560743712202,0.,0.705513144149407));
#3351=CARTESIAN_POINT('Origin',(3.2875703427232,0.,4.52495238200143));
#3352=CARTESIAN_POINT('Origin',(2.55337647248489,0.,0.741417772857542));
#3353=CARTESIAN_POINT('Origin',(0.0839065188617814,0.,2.65751602445609));
#3354=CARTESIAN_POINT('Origin',(1.49416692720819,0.,-2.19929464096688));
#3355=UNCERTAINTY_MEASURE_WITH_UNIT(LENGTH_MEASURE(0.000393700787401575),
#3361,'DISTANCE_ACCURACY_VALUE',
'Maximum model space distance between geometric entities at asserted c
onnectivities');
#3356=UNCERTAINTY_MEASURE_WITH_UNIT(LENGTH_MEASURE(0.000393700787401575),
#3361,'DISTANCE_ACCURACY_VALUE',
'Maximum model space distance between geometric entities at asserted c
onnectivities');
#3357=(
GEOMETRIC_REPRESENTATION_CONTEXT(3)
GLOBAL_UNCERTAINTY_ASSIGNED_CONTEXT((#3355))
GLOBAL_UNIT_ASSIGNED_CONTEXT((#3361,#3365,#3366))
REPRESENTATION_CONTEXT('','3D')
);
#3358=(
GEOMETRIC_REPRESENTATION_CONTEXT(3)
GLOBAL_UNCERTAINTY_ASSIGNED_CONTEXT((#3356))
GLOBAL_UNIT_ASSIGNED_CONTEXT((#3361,#3365,#3366))
REPRESENTATION_CONTEXT('','3D')
);
#3359=DIMENSIONAL_EXPONENTS(1.,0.,0.,0.,0.,0.,0.);
#3360=DIMENSIONAL_EXPONENTS(0.,1.,0.,0.,0.,0.,0.);
#3361=(
CONVERSION_BASED_UNIT('inch',#3364)
LENGTH_UNIT()
NAMED_UNIT(#3359)
);
#3362=(
LENGTH_UNIT()
NAMED_UNIT(*)
SI_UNIT(.MILLI.,.METRE.)
);
#3363=(
LENGTH_UNIT()
NAMED_UNIT(*)
SI_UNIT(.CENTI.,.METRE.)
);
#3364=LENGTH_MEASURE_WITH_UNIT(LENGTH_MEASURE(25.4),#3362);
#3365=(
NAMED_UNIT(*)
PLANE_ANGLE_UNIT()
SI_UNIT($,.RADIAN.)
);
#3366=(
NAMED_UNIT(*)
SI_UNIT($,.STERADIAN.)
SOLID_ANGLE_UNIT()
);
#3367=SHAPE_DEFINITION_REPRESENTATION(#3368,#3369);
#3368=PRODUCT_DEFINITION_SHAPE('',$,#3371);
#3369=SHAPE_REPRESENTATION('',(#1797),#3357);
#3370=PRODUCT_DEFINITION_CONTEXT('part definition',#3375,'design');
#3371=PRODUCT_DEFINITION('Star Box Lid','Star Box Lid',#3372,#3370);
#3372=PRODUCT_DEFINITION_FORMATION('',$,#3377);
#3373=PRODUCT_RELATED_PRODUCT_CATEGORY('Star Box Lid','Star Box Lid',(#3377));
#3374=APPLICATION_PROTOCOL_DEFINITION('international standard',
'automotive_design',2009,#3375);
#3375=APPLICATION_CONTEXT(
'Core Data for Automotive Mechanical Design Process');
#3376=PRODUCT_CONTEXT('part definition',#3375,'mechanical');
#3377=PRODUCT('Star Box Lid','Star Box Lid',$,(#3376));
#3378=PRESENTATION_STYLE_ASSIGNMENT((#3382));
#3379=PRESENTATION_STYLE_ASSIGNMENT((#3383));
#3380=PRESENTATION_STYLE_ASSIGNMENT((#3384));
#3381=PRESENTATION_STYLE_ASSIGNMENT((#3385));
#3382=SURFACE_STYLE_USAGE(.BOTH.,#3392);
#3383=SURFACE_STYLE_USAGE(.BOTH.,#3393);
#3384=SURFACE_STYLE_USAGE(.BOTH.,#3394);
#3385=SURFACE_STYLE_USAGE(.BOTH.,#3395);
#3386=SURFACE_STYLE_RENDERING_WITH_PROPERTIES($,#3408,(#3389));
#3387=SURFACE_STYLE_RENDERING_WITH_PROPERTIES($,#3409,(#3390));
#3388=SURFACE_STYLE_RENDERING_WITH_PROPERTIES($,#3410,(#3391));
#3389=SURFACE_STYLE_TRANSPARENT(0.);
#3390=SURFACE_STYLE_TRANSPARENT(0.);
#3391=SURFACE_STYLE_TRANSPARENT(0.);
#3392=SURFACE_SIDE_STYLE('',(#3396,#3386));
#3393=SURFACE_SIDE_STYLE('',(#3397,#3387));
#3394=SURFACE_SIDE_STYLE('',(#3398,#3388));
#3395=SURFACE_SIDE_STYLE('',(#3399));
#3396=SURFACE_STYLE_FILL_AREA(#3400);
#3397=SURFACE_STYLE_FILL_AREA(#3401);
#3398=SURFACE_STYLE_FILL_AREA(#3402);
#3399=SURFACE_STYLE_FILL_AREA(#3403);
#3400=FILL_AREA_STYLE('',(#3404));
#3401=FILL_AREA_STYLE('',(#3405));
#3402=FILL_AREA_STYLE('',(#3406));
#3403=FILL_AREA_STYLE('',(#3407));
#3404=FILL_AREA_STYLE_COLOUR('',#3408);
#3405=FILL_AREA_STYLE_COLOUR('',#3409);
#3406=FILL_AREA_STYLE_COLOUR('',#3410);
#3407=FILL_AREA_STYLE_COLOUR('',#3411);
#3408=COLOUR_RGB('',0.749019607843137,0.749019607843137,0.749019607843137);
#3409=COLOUR_RGB('',1.,0.941176470588235,0.588235294117647);
#3410=COLOUR_RGB('',1.,0.8,0.2);
#3411=COLOUR_RGB('',0.913725490196078,0.482352941176471,0.231372549019608);
ENDSEC;
END-ISO-10303-21;
