ISO-10303-21;
HEADER;
/* Generated by software containing ST-Developer
 * from STEP Tools, Inc. (www.steptools.com) 
 */

FILE_DESCRIPTION(
/* description */ (''),
/* implementation_level */ '2;1');

FILE_NAME(
/* name */ 'Star Box Base.stp',
/* time_stamp */ '2025-04-24T16:19:13-07:00',
/* author */ ('623129'),
/* organization */ (''),
/* preprocessor_version */ 'ST-DEVELOPER v19.2',
/* originating_system */ 'Autodesk Inventor 2024',
/* authorisation */ '');

FILE_SCHEMA (('AUTOMOTIVE_DESIGN { 1 0 10303 214 3 1 1 }'));
ENDSEC;

DATA;
#10=MECHANICAL_DESIGN_GEOMETRIC_PRESENTATION_REPRESENTATION('',(#1383,#1384,
#1385,#1386,#1387,#1388,#1389,#1390,#1391,#1392,#1393,#1394,#1395,#1396,
#1397,#1398,#1399,#1400,#1401,#1402,#1403,#1404,#1405,#1406,#1407,#1408,
#1409,#1410,#1411,#1412,#1413,#1414,#1415,#1416,#1417,#1418,#1419,#1420,
#1421,#1422,#1423,#1424,#1425,#1426,#1427,#1428,#1429,#1430,#1431,#1432,
#1433,#1434,#1435,#1436,#1437,#1438,#1439,#1440,#1441,#1442,#1443,#1444,
#1445,#1446,#1447,#1448,#1449,#1450,#1451,#1452,#1453,#1454,#1455,#1456,
#1457,#1458,#1459,#1460,#1461,#1462,#1463,#1464,#1465,#1466,#1467,#1468,
#1469,#1470,#1471,#1472,#1473,#1474),#3028);
#11=GEOMETRICALLY_BOUNDED_WIREFRAME_SHAPE_REPRESENTATION('',(#12),#3027);
#12=GEOMETRIC_CURVE_SET('Sketch2',(#16,#3024));
#13=SHAPE_REPRESENTATION_RELATIONSHIP('SRR','None',#3039,#15);
#14=SHAPE_REPRESENTATION_RELATIONSHIP('SRR','None',#3039,#11);
#15=ADVANCED_BREP_SHAPE_REPRESENTATION('',(#17),#3027);
#16=TRIMMED_CURVE('',#564,(#3022,PARAMETER_VALUE(3.53204166248083)),(#3023,
PARAMETER_VALUE(5.89273629828854)),.T.,.PARAMETER.);
#17=MANIFOLD_SOLID_BREP('Solid1',#1565);
#18=TOROIDAL_SURFACE('',#1634,0.375,0.125);
#19=TOROIDAL_SURFACE('',#1644,0.375,0.125);
#20=TOROIDAL_SURFACE('',#1655,0.375,0.125);
#21=TOROIDAL_SURFACE('',#1666,0.375,0.125);
#22=TOROIDAL_SURFACE('',#1677,0.375,0.125);
#23=TOROIDAL_SURFACE('',#1710,0.375,0.125);
#24=TOROIDAL_SURFACE('',#1720,0.375,0.125);
#25=TOROIDAL_SURFACE('',#1729,0.375,0.125);
#26=TOROIDAL_SURFACE('',#1738,0.375,0.125);
#27=TOROIDAL_SURFACE('',#1749,0.375,0.125);
#28=(
BOUNDED_SURFACE()
B_SPLINE_SURFACE(2,2,((#2581,#2582,#2583,#2584,#2585),(#2586,#2587,#2588,
#2589,#2590),(#2591,#2592,#2593,#2594,#2595)),.UNSPECIFIED.,.F.,.F.,.F.)
B_SPLINE_SURFACE_WITH_KNOTS((3,3),(3,2,3),(-1.5707963267949,0.),(0.0762897435320622,
1.25663706143592,2.43698437933977),.UNSPECIFIED.)
GEOMETRIC_REPRESENTATION_ITEM()
RATIONAL_B_SPLINE_SURFACE(((1.,0.830844049498998,1.,0.830844049498998,1.),
(0.707106781186546,0.587495461509232,0.707106781186546,0.587495461509232,
0.707106781186546),(1.,0.830844049498998,1.,0.830844049498998,1.)))
REPRESENTATION_ITEM('')
SURFACE()
);
#29=(
BOUNDED_SURFACE()
B_SPLINE_SURFACE(2,2,((#2619,#2620,#2621,#2622,#2623),(#2624,#2625,#2626,
#2627,#2628),(#2629,#2630,#2631,#2632,#2633)),.UNSPECIFIED.,.F.,.F.,.F.)
B_SPLINE_SURFACE_WITH_KNOTS((3,3),(3,2,3),(-1.5707963267949,0.),(-1.18034731790386,
2.22044604925031E-16,1.18034731790386),.UNSPECIFIED.)
GEOMETRIC_REPRESENTATION_ITEM()
RATIONAL_B_SPLINE_SURFACE(((1.,0.830844049498998,1.,0.830844049498998,1.),
(0.707106781186543,0.587495461509229,0.707106781186543,0.587495461509229,
0.707106781186543),(1.,0.830844049498998,1.,0.830844049498998,1.)))
REPRESENTATION_ITEM('')
SURFACE()
);
#30=(
BOUNDED_SURFACE()
B_SPLINE_SURFACE(2,2,((#2657,#2658,#2659,#2660,#2661),(#2662,#2663,#2664,
#2665,#2666),(#2667,#2668,#2669,#2670,#2671)),.UNSPECIFIED.,.F.,.F.,.F.)
B_SPLINE_SURFACE_WITH_KNOTS((3,3),(3,2,3),(-1.5707963267949,0.),(-1.18034731790386,
2.22044604925031E-16,1.18034731790386),.UNSPECIFIED.)
GEOMETRIC_REPRESENTATION_ITEM()
RATIONAL_B_SPLINE_SURFACE(((1.,0.830844049498998,1.,0.830844049498998,1.),
(0.707106781186543,0.58749546150923,0.707106781186543,0.58749546150923,
0.707106781186543),(1.,0.830844049498998,1.,0.830844049498998,1.)))
REPRESENTATION_ITEM('')
SURFACE()
);
#31=(
BOUNDED_SURFACE()
B_SPLINE_SURFACE(2,2,((#2695,#2696,#2697,#2698,#2699),(#2700,#2701,#2702,
#2703,#2704),(#2705,#2706,#2707,#2708,#2709)),.UNSPECIFIED.,.F.,.F.,.F.)
B_SPLINE_SURFACE_WITH_KNOTS((3,3),(3,2,3),(-1.5707963267949,0.),(-2.43698437933977,
-1.25663706143592,-0.076289743532062),.UNSPECIFIED.)
GEOMETRIC_REPRESENTATION_ITEM()
RATIONAL_B_SPLINE_SURFACE(((1.,0.830844049498998,1.,0.830844049498998,1.),
(0.707106781186545,0.587495461509231,0.707106781186545,0.587495461509231,
0.707106781186545),(1.,0.830844049498998,1.,0.830844049498998,1.)))
REPRESENTATION_ITEM('')
SURFACE()
);
#32=(
BOUNDED_SURFACE()
B_SPLINE_SURFACE(2,2,((#2733,#2734,#2735,#2736,#2737),(#2738,#2739,#2740,
#2741,#2742),(#2743,#2744,#2745,#2746,#2747)),.UNSPECIFIED.,.F.,.F.,.F.)
B_SPLINE_SURFACE_WITH_KNOTS((3,3),(3,2,3),(-1.5707963267949,0.),(-1.18034731790386,
-2.22044604925031E-16,1.18034731790385),.UNSPECIFIED.)
GEOMETRIC_REPRESENTATION_ITEM()
RATIONAL_B_SPLINE_SURFACE(((1.,0.830844049498998,1.,0.830844049498998,1.),
(0.707106781186538,0.587495461509225,0.707106781186538,0.587495461509225,
0.707106781186538),(1.,0.830844049498998,1.,0.830844049498998,1.)))
REPRESENTATION_ITEM('')
SURFACE()
);
#33=(
BOUNDED_SURFACE()
B_SPLINE_SURFACE(2,2,((#2824,#2825,#2826,#2827,#2828),(#2829,#2830,#2831,
#2832,#2833),(#2834,#2835,#2836,#2837,#2838)),.UNSPECIFIED.,.F.,.F.,.F.)
B_SPLINE_SURFACE_WITH_KNOTS((3,3),(3,2,3),(-1.5707963267949,0.),(-0.552028787185898,
0.628318530717961,1.80866584862182),.UNSPECIFIED.)
GEOMETRIC_REPRESENTATION_ITEM()
RATIONAL_B_SPLINE_SURFACE(((1.,0.830844049498997,1.,0.830844049498997,1.),
(0.707106781186537,0.587495461509224,0.707106781186537,0.587495461509224,
0.707106781186537),(1.,0.830844049498997,1.,0.830844049498997,1.)))
REPRESENTATION_ITEM('')
SURFACE()
);
#34=(
BOUNDED_SURFACE()
B_SPLINE_SURFACE(2,2,((#2864,#2865,#2866,#2867,#2868),(#2869,#2870,#2871,
#2872,#2873),(#2874,#2875,#2876,#2877,#2878)),.UNSPECIFIED.,.F.,.F.,.F.)
B_SPLINE_SURFACE_WITH_KNOTS((3,3),(3,2,3),(-1.5707963267949,0.),(0.704608274250019,
1.88495559215388,3.06530291005773),.UNSPECIFIED.)
GEOMETRIC_REPRESENTATION_ITEM()
RATIONAL_B_SPLINE_SURFACE(((1.,0.830844049498998,1.,0.830844049498998,1.),
(0.707106781186549,0.587495461509234,0.707106781186549,0.587495461509234,
0.707106781186549),(1.,0.830844049498998,1.,0.830844049498998,1.)))
REPRESENTATION_ITEM('')
SURFACE()
);
#35=(
BOUNDED_SURFACE()
B_SPLINE_SURFACE(2,2,((#2894,#2895,#2896,#2897,#2898),(#2899,#2900,#2901,
#2902,#2903),(#2904,#2905,#2906,#2907,#2908)),.UNSPECIFIED.,.F.,.F.,.F.)
B_SPLINE_SURFACE_WITH_KNOTS((3,3),(3,2,3),(-1.5707963267949,0.),(-1.18034731790386,
0.,1.18034731790386),.UNSPECIFIED.)
GEOMETRIC_REPRESENTATION_ITEM()
RATIONAL_B_SPLINE_SURFACE(((1.,0.830844049498998,1.,0.830844049498998,1.),
(0.707106781186538,0.587495461509225,0.707106781186538,0.587495461509225,
0.707106781186538),(1.,0.830844049498998,1.,0.830844049498998,1.)))
REPRESENTATION_ITEM('')
SURFACE()
);
#36=(
BOUNDED_SURFACE()
B_SPLINE_SURFACE(2,2,((#2924,#2925,#2926,#2927,#2928),(#2929,#2930,#2931,
#2932,#2933),(#2934,#2935,#2936,#2937,#2938)),.UNSPECIFIED.,.F.,.F.,.F.)
B_SPLINE_SURFACE_WITH_KNOTS((3,3),(3,2,3),(-1.5707963267949,0.),(-3.06530291005773,
-1.88495559215387,-0.704608274250018),.UNSPECIFIED.)
GEOMETRIC_REPRESENTATION_ITEM()
RATIONAL_B_SPLINE_SURFACE(((1.,0.830844049498998,1.,0.830844049498998,1.),
(0.707106781186548,0.587495461509234,0.707106781186548,0.587495461509234,
0.707106781186548),(1.,0.830844049498998,1.,0.830844049498998,1.)))
REPRESENTATION_ITEM('')
SURFACE()
);
#37=(
BOUNDED_SURFACE()
B_SPLINE_SURFACE(2,2,((#2958,#2959,#2960,#2961,#2962),(#2963,#2964,#2965,
#2966,#2967),(#2968,#2969,#2970,#2971,#2972)),.UNSPECIFIED.,.F.,.F.,.F.)
B_SPLINE_SURFACE_WITH_KNOTS((3,3),(3,2,3),(-1.5707963267949,0.),(-1.80866584862181,
-0.628318530717958,0.552028787185898),.UNSPECIFIED.)
GEOMETRIC_REPRESENTATION_ITEM()
RATIONAL_B_SPLINE_SURFACE(((1.,0.830844049498998,1.,0.830844049498998,1.),
(0.707106781186538,0.587495461509225,0.707106781186538,0.587495461509225,
0.707106781186538),(1.,0.830844049498998,1.,0.830844049498998,1.)))
REPRESENTATION_ITEM('')
SURFACE()
);
#38=PLANE('',#1592);
#39=PLANE('',#1596);
#40=PLANE('',#1600);
#41=PLANE('',#1608);
#42=PLANE('',#1612);
#43=PLANE('',#1613);
#44=PLANE('',#1619);
#45=PLANE('',#1682);
#46=PLANE('',#1685);
#47=PLANE('',#1688);
#48=PLANE('',#1691);
#49=PLANE('',#1694);
#50=PLANE('',#1697);
#51=PLANE('',#1698);
#52=PLANE('',#1699);
#53=PLANE('',#1755);
#54=PLANE('',#1757);
#55=PLANE('',#1759);
#56=PLANE('',#1761);
#57=PLANE('',#1767);
#58=PLANE('',#1768);
#59=PLANE('',#1769);
#60=PLANE('',#1770);
#61=ELLIPSE('',#1590,0.281531949438411,0.125);
#62=ELLIPSE('',#1591,0.35515523163061,0.25);
#63=ELLIPSE('',#1604,0.35515523163061,0.25);
#64=ELLIPSE('',#1605,0.281531949438411,0.125);
#65=B_SPLINE_CURVE_WITH_KNOTS('',3,(#2307,#2308,#2309,#2310,#2311,#2312,
#2313,#2314,#2315,#2316,#2317,#2318,#2319,#2320,#2321,#2322),
 .UNSPECIFIED.,.F.,.F.,(4,2,2,2,2,2,2,4),(0.,0.19434933530428,0.519560836718342,
0.716343104374174,0.782533974987982,0.841544190696584,0.90775009906182,
0.993267950330555),.UNSPECIFIED.);
#66=B_SPLINE_CURVE_WITH_KNOTS('',3,(#2421,#2422,#2423,#2424,#2425,#2426,
#2427,#2428,#2429,#2430,#2431,#2432,#2433,#2434,#2435,#2436,#2437,#2438),
 .UNSPECIFIED.,.F.,.F.,(4,2,2,2,2,2,2,2,4),(0.,0.0796192208352349,0.140962230121522,
0.18939966350167,0.247973453490022,0.329178979609871,0.482404270723638,
0.621802383387784,0.764996915458119),.UNSPECIFIED.);
#67=B_SPLINE_CURVE_WITH_KNOTS('',3,(#2452,#2453,#2454,#2455),
 .UNSPECIFIED.,.F.,.F.,(4,4),(4.4861214754855,4.79963500271772),
 .UNSPECIFIED.);
#68=B_SPLINE_CURVE_WITH_KNOTS('',3,(#2543,#2544,#2545,#2546,#2547),
 .UNSPECIFIED.,.F.,.F.,(4,1,4),(2.830666107941,3.02981186017929,3.17917117435801),
 .UNSPECIFIED.);
#69=B_SPLINE_CURVE_WITH_KNOTS('',3,(#2572,#2573,#2574,#2575),
 .UNSPECIFIED.,.F.,.F.,(4,4),(4.48563792095356,4.7991633853112),
 .UNSPECIFIED.);
#70=B_SPLINE_SURFACE_WITH_KNOTS('',3,3,((#2256,#2257,#2258,#2259,#2260,
#2261,#2262),(#2263,#2264,#2265,#2266,#2267,#2268,#2269),(#2270,#2271,#2272,
#2273,#2274,#2275,#2276),(#2277,#2278,#2279,#2280,#2281,#2282,#2283),(#2284,
#2285,#2286,#2287,#2288,#2289,#2290),(#2291,#2292,#2293,#2294,#2295,#2296,
#2297),(#2298,#2299,#2300,#2301,#2302,#2303,#2304)),.UNSPECIFIED.,.F.,.F.,
 .F.,(4,1,1,1,4),(4,1,1,1,4),(0.,0.285714285714286,0.571428571428571,0.714285714285714,
1.),(-8.17436581211841E-16,0.352763536048902,0.529145304073353,0.881908840122256,
1.23467237617116),.UNSPECIFIED.);
#71=B_SPLINE_SURFACE_WITH_KNOTS('',3,3,((#2370,#2371,#2372,#2373,#2374,
#2375,#2376),(#2377,#2378,#2379,#2380,#2381,#2382,#2383),(#2384,#2385,#2386,
#2387,#2388,#2389,#2390),(#2391,#2392,#2393,#2394,#2395,#2396,#2397),(#2398,
#2399,#2400,#2401,#2402,#2403,#2404),(#2405,#2406,#2407,#2408,#2409,#2410,
#2411),(#2412,#2413,#2414,#2415,#2416,#2417,#2418)),.UNSPECIFIED.,.F.,.F.,
 .F.,(4,1,1,1,4),(4,1,1,1,4),(0.,0.285714285714286,0.571428571428571,0.714285714285714,
1.),(-1.48080890551271E-16,0.352707852020852,0.529061778031279,0.881769630052131,
1.23447748207298),.UNSPECIFIED.);
#72=B_SPLINE_SURFACE_WITH_KNOTS('',3,3,((#2491,#2492,#2493,#2494),(#2495,
#2496,#2497,#2498),(#2499,#2500,#2501,#2502),(#2503,#2504,#2505,#2506),
(#2507,#2508,#2509,#2510)),.UNSPECIFIED.,.F.,.F.,.F.,(4,1,4),(4,4),(0.,
0.571428571428571,1.),(-4.79963500271772,-4.4861214754855),
 .UNSPECIFIED.);
#73=B_SPLINE_SURFACE_WITH_KNOTS('',3,3,((#2514,#2515,#2516,#2517,#2518),
(#2519,#2520,#2521,#2522,#2523),(#2524,#2525,#2526,#2527,#2528),(#2529,
#2530,#2531,#2532,#2533),(#2534,#2535,#2536,#2537,#2538)),.UNSPECIFIED.,
 .F.,.F.,.F.,(4,1,4),(4,1,4),(0.,0.571428571428571,1.),(-3.17917117435801,
-3.02981186017929,-2.830666107941),.UNSPECIFIED.);
#74=B_SPLINE_SURFACE_WITH_KNOTS('',3,3,((#2548,#2549,#2550,#2551),(#2552,
#2553,#2554,#2555),(#2556,#2557,#2558,#2559),(#2560,#2561,#2562,#2563),
(#2564,#2565,#2566,#2567)),.UNSPECIFIED.,.F.,.F.,.F.,(4,1,4),(4,4),(0.,
0.571428571428571,1.),(-4.7991633853112,-4.48563792095356),
 .UNSPECIFIED.);
#75=FACE_OUTER_BOUND('',#165,.T.);
#76=FACE_OUTER_BOUND('',#166,.T.);
#77=FACE_OUTER_BOUND('',#167,.T.);
#78=FACE_OUTER_BOUND('',#168,.T.);
#79=FACE_OUTER_BOUND('',#169,.T.);
#80=FACE_OUTER_BOUND('',#170,.T.);
#81=FACE_OUTER_BOUND('',#171,.T.);
#82=FACE_OUTER_BOUND('',#172,.T.);
#83=FACE_OUTER_BOUND('',#173,.T.);
#84=FACE_OUTER_BOUND('',#174,.T.);
#85=FACE_OUTER_BOUND('',#175,.T.);
#86=FACE_OUTER_BOUND('',#176,.T.);
#87=FACE_OUTER_BOUND('',#177,.T.);
#88=FACE_OUTER_BOUND('',#178,.T.);
#89=FACE_OUTER_BOUND('',#179,.T.);
#90=FACE_OUTER_BOUND('',#180,.T.);
#91=FACE_OUTER_BOUND('',#181,.T.);
#92=FACE_OUTER_BOUND('',#182,.T.);
#93=FACE_OUTER_BOUND('',#183,.T.);
#94=FACE_OUTER_BOUND('',#184,.T.);
#95=FACE_OUTER_BOUND('',#185,.T.);
#96=FACE_OUTER_BOUND('',#186,.T.);
#97=FACE_OUTER_BOUND('',#187,.T.);
#98=FACE_OUTER_BOUND('',#188,.T.);
#99=FACE_OUTER_BOUND('',#189,.T.);
#100=FACE_OUTER_BOUND('',#190,.T.);
#101=FACE_OUTER_BOUND('',#191,.T.);
#102=FACE_OUTER_BOUND('',#192,.T.);
#103=FACE_OUTER_BOUND('',#193,.T.);
#104=FACE_OUTER_BOUND('',#194,.T.);
#105=FACE_OUTER_BOUND('',#195,.T.);
#106=FACE_OUTER_BOUND('',#196,.T.);
#107=FACE_OUTER_BOUND('',#197,.T.);
#108=FACE_OUTER_BOUND('',#198,.T.);
#109=FACE_OUTER_BOUND('',#199,.T.);
#110=FACE_OUTER_BOUND('',#200,.T.);
#111=FACE_OUTER_BOUND('',#201,.T.);
#112=FACE_OUTER_BOUND('',#202,.T.);
#113=FACE_OUTER_BOUND('',#203,.T.);
#114=FACE_OUTER_BOUND('',#204,.T.);
#115=FACE_OUTER_BOUND('',#205,.T.);
#116=FACE_OUTER_BOUND('',#206,.T.);
#117=FACE_OUTER_BOUND('',#207,.T.);
#118=FACE_OUTER_BOUND('',#208,.T.);
#119=FACE_OUTER_BOUND('',#209,.T.);
#120=FACE_OUTER_BOUND('',#210,.T.);
#121=FACE_OUTER_BOUND('',#211,.T.);
#122=FACE_OUTER_BOUND('',#212,.T.);
#123=FACE_OUTER_BOUND('',#213,.T.);
#124=FACE_OUTER_BOUND('',#214,.T.);
#125=FACE_OUTER_BOUND('',#215,.T.);
#126=FACE_OUTER_BOUND('',#216,.T.);
#127=FACE_OUTER_BOUND('',#217,.T.);
#128=FACE_OUTER_BOUND('',#218,.T.);
#129=FACE_OUTER_BOUND('',#219,.T.);
#130=FACE_OUTER_BOUND('',#220,.T.);
#131=FACE_OUTER_BOUND('',#221,.T.);
#132=FACE_OUTER_BOUND('',#222,.T.);
#133=FACE_OUTER_BOUND('',#223,.T.);
#134=FACE_OUTER_BOUND('',#224,.T.);
#135=FACE_OUTER_BOUND('',#225,.T.);
#136=FACE_OUTER_BOUND('',#226,.T.);
#137=FACE_OUTER_BOUND('',#227,.T.);
#138=FACE_OUTER_BOUND('',#228,.T.);
#139=FACE_OUTER_BOUND('',#229,.T.);
#140=FACE_OUTER_BOUND('',#230,.T.);
#141=FACE_OUTER_BOUND('',#231,.T.);
#142=FACE_OUTER_BOUND('',#232,.T.);
#143=FACE_OUTER_BOUND('',#233,.T.);
#144=FACE_OUTER_BOUND('',#234,.T.);
#145=FACE_OUTER_BOUND('',#235,.T.);
#146=FACE_OUTER_BOUND('',#236,.T.);
#147=FACE_OUTER_BOUND('',#237,.T.);
#148=FACE_OUTER_BOUND('',#238,.T.);
#149=FACE_OUTER_BOUND('',#239,.T.);
#150=FACE_OUTER_BOUND('',#240,.T.);
#151=FACE_OUTER_BOUND('',#241,.T.);
#152=FACE_OUTER_BOUND('',#242,.T.);
#153=FACE_OUTER_BOUND('',#243,.T.);
#154=FACE_OUTER_BOUND('',#244,.T.);
#155=FACE_OUTER_BOUND('',#245,.T.);
#156=FACE_OUTER_BOUND('',#246,.T.);
#157=FACE_OUTER_BOUND('',#247,.T.);
#158=FACE_OUTER_BOUND('',#248,.T.);
#159=FACE_OUTER_BOUND('',#249,.T.);
#160=FACE_OUTER_BOUND('',#250,.T.);
#161=FACE_OUTER_BOUND('',#251,.T.);
#162=FACE_OUTER_BOUND('',#252,.T.);
#163=FACE_OUTER_BOUND('',#253,.T.);
#164=FACE_OUTER_BOUND('',#254,.T.);
#165=EDGE_LOOP('',(#909,#910,#911,#912));
#166=EDGE_LOOP('',(#913,#914,#915,#916));
#167=EDGE_LOOP('',(#917,#918,#919,#920,#921));
#168=EDGE_LOOP('',(#922,#923,#924,#925));
#169=EDGE_LOOP('',(#926,#927,#928,#929));
#170=EDGE_LOOP('',(#930,#931,#932,#933));
#171=EDGE_LOOP('',(#934,#935,#936,#937));
#172=EDGE_LOOP('',(#938,#939,#940,#941));
#173=EDGE_LOOP('',(#942,#943,#944,#945));
#174=EDGE_LOOP('',(#946,#947,#948,#949));
#175=EDGE_LOOP('',(#950,#951,#952,#953,#954));
#176=EDGE_LOOP('',(#955,#956,#957,#958));
#177=EDGE_LOOP('',(#959,#960,#961,#962));
#178=EDGE_LOOP('',(#963,#964,#965,#966,#967,#968,#969,#970,#971,#972,#973,
#974,#975,#976,#977,#978,#979,#980,#981,#982));
#179=EDGE_LOOP('',(#983,#984,#985,#986));
#180=EDGE_LOOP('',(#987,#988,#989,#990));
#181=EDGE_LOOP('',(#991,#992,#993,#994));
#182=EDGE_LOOP('',(#995,#996,#997,#998));
#183=EDGE_LOOP('',(#999,#1000,#1001,#1002));
#184=EDGE_LOOP('',(#1003,#1004,#1005,#1006));
#185=EDGE_LOOP('',(#1007,#1008,#1009,#1010));
#186=EDGE_LOOP('',(#1011,#1012,#1013,#1014,#1015));
#187=EDGE_LOOP('',(#1016,#1017,#1018,#1019,#1020,#1021));
#188=EDGE_LOOP('',(#1022,#1023,#1024,#1025,#1026));
#189=EDGE_LOOP('',(#1027,#1028,#1029,#1030));
#190=EDGE_LOOP('',(#1031,#1032,#1033,#1034));
#191=EDGE_LOOP('',(#1035,#1036,#1037,#1038));
#192=EDGE_LOOP('',(#1039,#1040,#1041,#1042));
#193=EDGE_LOOP('',(#1043,#1044,#1045,#1046));
#194=EDGE_LOOP('',(#1047,#1048,#1049,#1050));
#195=EDGE_LOOP('',(#1051,#1052,#1053,#1054));
#196=EDGE_LOOP('',(#1055,#1056,#1057,#1058));
#197=EDGE_LOOP('',(#1059,#1060,#1061,#1062));
#198=EDGE_LOOP('',(#1063,#1064,#1065,#1066));
#199=EDGE_LOOP('',(#1067,#1068,#1069,#1070));
#200=EDGE_LOOP('',(#1071,#1072,#1073,#1074));
#201=EDGE_LOOP('',(#1075,#1076,#1077,#1078));
#202=EDGE_LOOP('',(#1079,#1080,#1081,#1082));
#203=EDGE_LOOP('',(#1083,#1084,#1085,#1086));
#204=EDGE_LOOP('',(#1087,#1088,#1089,#1090));
#205=EDGE_LOOP('',(#1091,#1092,#1093,#1094));
#206=EDGE_LOOP('',(#1095,#1096,#1097,#1098));
#207=EDGE_LOOP('',(#1099,#1100,#1101,#1102));
#208=EDGE_LOOP('',(#1103,#1104,#1105,#1106));
#209=EDGE_LOOP('',(#1107,#1108,#1109,#1110));
#210=EDGE_LOOP('',(#1111,#1112,#1113,#1114));
#211=EDGE_LOOP('',(#1115,#1116,#1117,#1118));
#212=EDGE_LOOP('',(#1119,#1120,#1121,#1122));
#213=EDGE_LOOP('',(#1123,#1124,#1125,#1126));
#214=EDGE_LOOP('',(#1127,#1128,#1129,#1130));
#215=EDGE_LOOP('',(#1131,#1132,#1133,#1134,#1135));
#216=EDGE_LOOP('',(#1136,#1137,#1138,#1139,#1140));
#217=EDGE_LOOP('',(#1141,#1142,#1143,#1144,#1145,#1146,#1147,#1148,#1149,
#1150,#1151,#1152,#1153,#1154,#1155,#1156,#1157,#1158,#1159,#1160,#1161,
#1162,#1163,#1164,#1165,#1166,#1167,#1168,#1169,#1170,#1171,#1172,#1173,
#1174,#1175,#1176));
#218=EDGE_LOOP('',(#1177,#1178,#1179,#1180));
#219=EDGE_LOOP('',(#1181,#1182,#1183,#1184));
#220=EDGE_LOOP('',(#1185,#1186,#1187,#1188));
#221=EDGE_LOOP('',(#1189,#1190,#1191,#1192));
#222=EDGE_LOOP('',(#1193,#1194,#1195,#1196));
#223=EDGE_LOOP('',(#1197,#1198,#1199,#1200));
#224=EDGE_LOOP('',(#1201,#1202,#1203,#1204));
#225=EDGE_LOOP('',(#1205,#1206,#1207,#1208));
#226=EDGE_LOOP('',(#1209,#1210,#1211,#1212));
#227=EDGE_LOOP('',(#1213,#1214,#1215,#1216));
#228=EDGE_LOOP('',(#1217,#1218,#1219,#1220));
#229=EDGE_LOOP('',(#1221,#1222,#1223,#1224));
#230=EDGE_LOOP('',(#1225,#1226,#1227,#1228));
#231=EDGE_LOOP('',(#1229,#1230,#1231,#1232));
#232=EDGE_LOOP('',(#1233,#1234,#1235,#1236));
#233=EDGE_LOOP('',(#1237,#1238,#1239,#1240));
#234=EDGE_LOOP('',(#1241,#1242,#1243,#1244));
#235=EDGE_LOOP('',(#1245,#1246,#1247,#1248));
#236=EDGE_LOOP('',(#1249,#1250,#1251,#1252));
#237=EDGE_LOOP('',(#1253,#1254,#1255,#1256));
#238=EDGE_LOOP('',(#1257,#1258,#1259,#1260));
#239=EDGE_LOOP('',(#1261,#1262,#1263,#1264));
#240=EDGE_LOOP('',(#1265,#1266,#1267,#1268));
#241=EDGE_LOOP('',(#1269,#1270,#1271,#1272));
#242=EDGE_LOOP('',(#1273,#1274,#1275,#1276));
#243=EDGE_LOOP('',(#1277,#1278,#1279,#1280));
#244=EDGE_LOOP('',(#1281,#1282,#1283,#1284));
#245=EDGE_LOOP('',(#1285,#1286,#1287,#1288,#1289,#1290,#1291,#1292,#1293,
#1294,#1295,#1296,#1297,#1298,#1299,#1300,#1301,#1302,#1303,#1304));
#246=EDGE_LOOP('',(#1305,#1306,#1307,#1308));
#247=EDGE_LOOP('',(#1309,#1310,#1311,#1312));
#248=EDGE_LOOP('',(#1313,#1314,#1315,#1316));
#249=EDGE_LOOP('',(#1317,#1318,#1319,#1320));
#250=EDGE_LOOP('',(#1321,#1322,#1323,#1324));
#251=EDGE_LOOP('',(#1325,#1326,#1327,#1328));
#252=EDGE_LOOP('',(#1329,#1330,#1331,#1332));
#253=EDGE_LOOP('',(#1333,#1334,#1335,#1336));
#254=EDGE_LOOP('',(#1337,#1338,#1339,#1340));
#255=LINE('',#2252,#357);
#256=LINE('',#2255,#358);
#257=LINE('',#2327,#359);
#258=LINE('',#2329,#360);
#259=LINE('',#2330,#361);
#260=LINE('',#2336,#362);
#261=LINE('',#2339,#363);
#262=LINE('',#2342,#364);
#263=LINE('',#2344,#365);
#264=LINE('',#2345,#366);
#265=LINE('',#2351,#367);
#266=LINE('',#2354,#368);
#267=LINE('',#2357,#369);
#268=LINE('',#2359,#370);
#269=LINE('',#2360,#371);
#270=LINE('',#2366,#372);
#271=LINE('',#2369,#373);
#272=LINE('',#2443,#374);
#273=LINE('',#2446,#375);
#274=LINE('',#2449,#376);
#275=LINE('',#2451,#377);
#276=LINE('',#2461,#378);
#277=LINE('',#2464,#379);
#278=LINE('',#2467,#380);
#279=LINE('',#2469,#381);
#280=LINE('',#2470,#382);
#281=LINE('',#2473,#383);
#282=LINE('',#2476,#384);
#283=LINE('',#2479,#385);
#284=LINE('',#2482,#386);
#285=LINE('',#2485,#387);
#286=LINE('',#2489,#388);
#287=LINE('',#2490,#389);
#288=LINE('',#2577,#390);
#289=LINE('',#2578,#391);
#290=LINE('',#2580,#392);
#291=LINE('',#2607,#393);
#292=LINE('',#2608,#394);
#293=LINE('',#2617,#395);
#294=LINE('',#2618,#396);
#295=LINE('',#2643,#397);
#296=LINE('',#2644,#398);
#297=LINE('',#2655,#399);
#298=LINE('',#2656,#400);
#299=LINE('',#2681,#401);
#300=LINE('',#2682,#402);
#301=LINE('',#2693,#403);
#302=LINE('',#2694,#404);
#303=LINE('',#2719,#405);
#304=LINE('',#2720,#406);
#305=LINE('',#2731,#407);
#306=LINE('',#2732,#408);
#307=LINE('',#2757,#409);
#308=LINE('',#2758,#410);
#309=LINE('',#2766,#411);
#310=LINE('',#2767,#412);
#311=LINE('',#2770,#413);
#312=LINE('',#2772,#414);
#313=LINE('',#2773,#415);
#314=LINE('',#2776,#416);
#315=LINE('',#2780,#417);
#316=LINE('',#2781,#418);
#317=LINE('',#2784,#419);
#318=LINE('',#2788,#420);
#319=LINE('',#2789,#421);
#320=LINE('',#2792,#422);
#321=LINE('',#2796,#423);
#322=LINE('',#2797,#424);
#323=LINE('',#2800,#425);
#324=LINE('',#2804,#426);
#325=LINE('',#2805,#427);
#326=LINE('',#2808,#428);
#327=LINE('',#2813,#429);
#328=LINE('',#2814,#430);
#329=LINE('',#2818,#431);
#330=LINE('',#2821,#432);
#331=LINE('',#2851,#433);
#332=LINE('',#2852,#434);
#333=LINE('',#2862,#435);
#334=LINE('',#2863,#436);
#335=LINE('',#2885,#437);
#336=LINE('',#2893,#438);
#337=LINE('',#2915,#439);
#338=LINE('',#2923,#440);
#339=LINE('',#2945,#441);
#340=LINE('',#2956,#442);
#341=LINE('',#2957,#443);
#342=LINE('',#2982,#444);
#343=LINE('',#2983,#445);
#344=LINE('',#2991,#446);
#345=LINE('',#2992,#447);
#346=LINE('',#2994,#448);
#347=LINE('',#2996,#449);
#348=LINE('',#2998,#450);
#349=LINE('',#3000,#451);
#350=LINE('',#3002,#452);
#351=LINE('',#3004,#453);
#352=LINE('',#3006,#454);
#353=LINE('',#3009,#455);
#354=LINE('',#3011,#456);
#355=LINE('',#3015,#457);
#356=LINE('',#3016,#458);
#357=VECTOR('',#1778,0.393700787401575);
#358=VECTOR('',#1781,0.393700787401575);
#359=VECTOR('',#1788,0.393700787401575);
#360=VECTOR('',#1789,0.393700787401575);
#361=VECTOR('',#1790,0.393700787401575);
#362=VECTOR('',#1795,0.393700787401575);
#363=VECTOR('',#1798,0.393700787401575);
#364=VECTOR('',#1801,0.393700787401575);
#365=VECTOR('',#1802,0.393700787401575);
#366=VECTOR('',#1803,0.393700787401575);
#367=VECTOR('',#1808,0.393700787401575);
#368=VECTOR('',#1811,0.393700787401575);
#369=VECTOR('',#1814,0.393700787401575);
#370=VECTOR('',#1815,0.393700787401575);
#371=VECTOR('',#1816,0.393700787401575);
#372=VECTOR('',#1821,0.393700787401575);
#373=VECTOR('',#1824,0.393700787401575);
#374=VECTOR('',#1831,0.125);
#375=VECTOR('',#1834,0.393700787401575);
#376=VECTOR('',#1837,0.393700787401575);
#377=VECTOR('',#1838,0.393700787401575);
#378=VECTOR('',#1843,0.393700787401575);
#379=VECTOR('',#1846,0.393700787401575);
#380=VECTOR('',#1849,0.393700787401575);
#381=VECTOR('',#1850,0.393700787401575);
#382=VECTOR('',#1851,0.393700787401575);
#383=VECTOR('',#1854,0.393700787401575);
#384=VECTOR('',#1857,0.393700787401575);
#385=VECTOR('',#1860,0.393700787401575);
#386=VECTOR('',#1863,0.393700787401575);
#387=VECTOR('',#1866,0.393700787401575);
#388=VECTOR('',#1871,0.393700787401575);
#389=VECTOR('',#1872,0.393700787401575);
#390=VECTOR('',#1887,0.393700787401575);
#391=VECTOR('',#1888,0.125);
#392=VECTOR('',#1891,0.393700787401575);
#393=VECTOR('',#1904,0.393700787401575);
#394=VECTOR('',#1905,0.393700787401575);
#395=VECTOR('',#1916,0.393700787401575);
#396=VECTOR('',#1917,0.393700787401575);
#397=VECTOR('',#1928,0.393700787401575);
#398=VECTOR('',#1929,0.393700787401575);
#399=VECTOR('',#1942,0.393700787401575);
#400=VECTOR('',#1943,0.393700787401575);
#401=VECTOR('',#1954,0.393700787401575);
#402=VECTOR('',#1955,0.393700787401575);
#403=VECTOR('',#1968,0.393700787401575);
#404=VECTOR('',#1969,0.393700787401575);
#405=VECTOR('',#1980,0.393700787401575);
#406=VECTOR('',#1981,0.393700787401575);
#407=VECTOR('',#1994,0.393700787401575);
#408=VECTOR('',#1995,0.393700787401575);
#409=VECTOR('',#2006,0.393700787401575);
#410=VECTOR('',#2007,0.393700787401575);
#411=VECTOR('',#2018,0.393700787401575);
#412=VECTOR('',#2019,0.393700787401575);
#413=VECTOR('',#2022,0.393700787401575);
#414=VECTOR('',#2023,0.393700787401575);
#415=VECTOR('',#2024,0.393700787401575);
#416=VECTOR('',#2027,0.393700787401575);
#417=VECTOR('',#2032,0.393700787401575);
#418=VECTOR('',#2033,0.393700787401575);
#419=VECTOR('',#2036,0.393700787401575);
#420=VECTOR('',#2041,0.393700787401575);
#421=VECTOR('',#2042,0.393700787401575);
#422=VECTOR('',#2045,0.393700787401575);
#423=VECTOR('',#2050,0.393700787401575);
#424=VECTOR('',#2051,0.393700787401575);
#425=VECTOR('',#2054,0.393700787401575);
#426=VECTOR('',#2059,0.393700787401575);
#427=VECTOR('',#2060,0.393700787401575);
#428=VECTOR('',#2063,0.393700787401575);
#429=VECTOR('',#2070,0.393700787401575);
#430=VECTOR('',#2071,0.393700787401575);
#431=VECTOR('',#2076,0.393700787401575);
#432=VECTOR('',#2079,0.393700787401575);
#433=VECTOR('',#2096,0.393700787401575);
#434=VECTOR('',#2097,0.393700787401575);
#435=VECTOR('',#2110,0.393700787401575);
#436=VECTOR('',#2111,0.393700787401575);
#437=VECTOR('',#2120,0.393700787401575);
#438=VECTOR('',#2131,0.393700787401575);
#439=VECTOR('',#2140,0.393700787401575);
#440=VECTOR('',#2151,0.393700787401575);
#441=VECTOR('',#2160,0.393700787401575);
#442=VECTOR('',#2173,0.393700787401575);
#443=VECTOR('',#2174,0.393700787401575);
#444=VECTOR('',#2185,0.393700787401575);
#445=VECTOR('',#2186,0.393700787401575);
#446=VECTOR('',#2197,0.393700787401575);
#447=VECTOR('',#2198,0.393700787401575);
#448=VECTOR('',#2201,0.393700787401575);
#449=VECTOR('',#2204,0.393700787401575);
#450=VECTOR('',#2207,0.393700787401575);
#451=VECTOR('',#2210,0.393700787401575);
#452=VECTOR('',#2213,0.393700787401575);
#453=VECTOR('',#2216,0.393700787401575);
#454=VECTOR('',#2219,0.393700787401575);
#455=VECTOR('',#2224,0.393700787401575);
#456=VECTOR('',#2227,0.393700787401575);
#457=VECTOR('',#2234,0.393700787401575);
#458=VECTOR('',#2235,0.393700787401575);
#459=CIRCLE('',#1588,0.125);
#460=CIRCLE('',#1589,0.125);
#461=CIRCLE('',#1594,0.125);
#462=CIRCLE('',#1595,0.125);
#463=CIRCLE('',#1598,0.125);
#464=CIRCLE('',#1599,0.125);
#465=CIRCLE('',#1602,0.125);
#466=CIRCLE('',#1603,0.125);
#467=CIRCLE('',#1607,0.125);
#468=CIRCLE('',#1610,0.125);
#469=CIRCLE('',#1611,0.125);
#470=CIRCLE('',#1614,0.25);
#471=CIRCLE('',#1615,0.25);
#472=CIRCLE('',#1616,0.25);
#473=CIRCLE('',#1617,0.25);
#474=CIRCLE('',#1618,0.25);
#475=CIRCLE('',#1620,0.125);
#476=CIRCLE('',#1621,0.375);
#477=CIRCLE('',#1622,0.125);
#478=CIRCLE('',#1623,0.375);
#479=CIRCLE('',#1624,0.125);
#480=CIRCLE('',#1625,0.375);
#481=CIRCLE('',#1628,0.125);
#482=CIRCLE('',#1629,0.125);
#483=CIRCLE('',#1630,0.25);
#484=CIRCLE('',#1631,0.125000000000001);
#485=CIRCLE('',#1633,0.125);
#486=CIRCLE('',#1635,0.125);
#487=CIRCLE('',#1636,0.25);
#488=CIRCLE('',#1638,0.125);
#489=CIRCLE('',#1639,0.125);
#490=CIRCLE('',#1640,0.125);
#491=CIRCLE('',#1641,0.25);
#492=CIRCLE('',#1643,0.125);
#493=CIRCLE('',#1645,0.125);
#494=CIRCLE('',#1646,0.25);
#495=CIRCLE('',#1647,0.375);
#496=CIRCLE('',#1649,0.125);
#497=CIRCLE('',#1650,0.125);
#498=CIRCLE('',#1651,0.125);
#499=CIRCLE('',#1652,0.25);
#500=CIRCLE('',#1654,0.125);
#501=CIRCLE('',#1656,0.125);
#502=CIRCLE('',#1657,0.25);
#503=CIRCLE('',#1658,0.375);
#504=CIRCLE('',#1660,0.125);
#505=CIRCLE('',#1661,0.125);
#506=CIRCLE('',#1662,0.125);
#507=CIRCLE('',#1663,0.25);
#508=CIRCLE('',#1665,0.125);
#509=CIRCLE('',#1667,0.125);
#510=CIRCLE('',#1668,0.25);
#511=CIRCLE('',#1669,0.375);
#512=CIRCLE('',#1671,0.125);
#513=CIRCLE('',#1672,0.125);
#514=CIRCLE('',#1673,0.125);
#515=CIRCLE('',#1674,0.25);
#516=CIRCLE('',#1676,0.125);
#517=CIRCLE('',#1678,0.125);
#518=CIRCLE('',#1679,0.25);
#519=CIRCLE('',#1680,0.375);
#520=CIRCLE('',#1684,0.25);
#521=CIRCLE('',#1687,0.25);
#522=CIRCLE('',#1690,0.25);
#523=CIRCLE('',#1693,0.25);
#524=CIRCLE('',#1696,0.25);
#525=CIRCLE('',#1700,0.25);
#526=CIRCLE('',#1701,0.25);
#527=CIRCLE('',#1702,0.25);
#528=CIRCLE('',#1703,0.25);
#529=CIRCLE('',#1704,0.125);
#530=CIRCLE('',#1705,0.125);
#531=CIRCLE('',#1706,0.125);
#532=CIRCLE('',#1707,0.25);
#533=CIRCLE('',#1709,0.125);
#534=CIRCLE('',#1711,0.125);
#535=CIRCLE('',#1712,0.25);
#536=CIRCLE('',#1713,0.375);
#537=CIRCLE('',#1715,0.125);
#538=CIRCLE('',#1716,0.125);
#539=CIRCLE('',#1717,0.125);
#540=CIRCLE('',#1719,0.125);
#541=CIRCLE('',#1721,0.125);
#542=CIRCLE('',#1722,0.375);
#543=CIRCLE('',#1724,0.125);
#544=CIRCLE('',#1725,0.125);
#545=CIRCLE('',#1726,0.125);
#546=CIRCLE('',#1728,0.125);
#547=CIRCLE('',#1730,0.125);
#548=CIRCLE('',#1731,0.375);
#549=CIRCLE('',#1733,0.125);
#550=CIRCLE('',#1734,0.125);
#551=CIRCLE('',#1735,0.125);
#552=CIRCLE('',#1737,0.125);
#553=CIRCLE('',#1739,0.125);
#554=CIRCLE('',#1740,0.25);
#555=CIRCLE('',#1741,0.375);
#556=CIRCLE('',#1743,0.125);
#557=CIRCLE('',#1744,0.125);
#558=CIRCLE('',#1745,0.25);
#559=CIRCLE('',#1746,0.125);
#560=CIRCLE('',#1748,0.125);
#561=CIRCLE('',#1750,0.125);
#562=CIRCLE('',#1751,0.25);
#563=CIRCLE('',#1752,0.375);
#564=CIRCLE('',#1771,0.25);
#565=VERTEX_POINT('',#2248);
#566=VERTEX_POINT('',#2249);
#567=VERTEX_POINT('',#2251);
#568=VERTEX_POINT('',#2253);
#569=VERTEX_POINT('',#2305);
#570=VERTEX_POINT('',#2306);
#571=VERTEX_POINT('',#2326);
#572=VERTEX_POINT('',#2328);
#573=VERTEX_POINT('',#2332);
#574=VERTEX_POINT('',#2333);
#575=VERTEX_POINT('',#2335);
#576=VERTEX_POINT('',#2337);
#577=VERTEX_POINT('',#2341);
#578=VERTEX_POINT('',#2343);
#579=VERTEX_POINT('',#2347);
#580=VERTEX_POINT('',#2348);
#581=VERTEX_POINT('',#2350);
#582=VERTEX_POINT('',#2352);
#583=VERTEX_POINT('',#2356);
#584=VERTEX_POINT('',#2358);
#585=VERTEX_POINT('',#2362);
#586=VERTEX_POINT('',#2363);
#587=VERTEX_POINT('',#2365);
#588=VERTEX_POINT('',#2367);
#589=VERTEX_POINT('',#2419);
#590=VERTEX_POINT('',#2420);
#591=VERTEX_POINT('',#2442);
#592=VERTEX_POINT('',#2444);
#593=VERTEX_POINT('',#2448);
#594=VERTEX_POINT('',#2450);
#595=VERTEX_POINT('',#2457);
#596=VERTEX_POINT('',#2458);
#597=VERTEX_POINT('',#2460);
#598=VERTEX_POINT('',#2462);
#599=VERTEX_POINT('',#2466);
#600=VERTEX_POINT('',#2468);
#601=VERTEX_POINT('',#2472);
#602=VERTEX_POINT('',#2475);
#603=VERTEX_POINT('',#2478);
#604=VERTEX_POINT('',#2481);
#605=VERTEX_POINT('',#2484);
#606=VERTEX_POINT('',#2488);
#607=VERTEX_POINT('',#2511);
#608=VERTEX_POINT('',#2539);
#609=VERTEX_POINT('',#2540);
#610=VERTEX_POINT('',#2568);
#611=VERTEX_POINT('',#2569);
#612=VERTEX_POINT('',#2596);
#613=VERTEX_POINT('',#2597);
#614=VERTEX_POINT('',#2599);
#615=VERTEX_POINT('',#2601);
#616=VERTEX_POINT('',#2605);
#617=VERTEX_POINT('',#2610);
#618=VERTEX_POINT('',#2614);
#619=VERTEX_POINT('',#2615);
#620=VERTEX_POINT('',#2634);
#621=VERTEX_POINT('',#2636);
#622=VERTEX_POINT('',#2640);
#623=VERTEX_POINT('',#2641);
#624=VERTEX_POINT('',#2646);
#625=VERTEX_POINT('',#2647);
#626=VERTEX_POINT('',#2652);
#627=VERTEX_POINT('',#2653);
#628=VERTEX_POINT('',#2672);
#629=VERTEX_POINT('',#2674);
#630=VERTEX_POINT('',#2678);
#631=VERTEX_POINT('',#2679);
#632=VERTEX_POINT('',#2684);
#633=VERTEX_POINT('',#2685);
#634=VERTEX_POINT('',#2690);
#635=VERTEX_POINT('',#2691);
#636=VERTEX_POINT('',#2710);
#637=VERTEX_POINT('',#2712);
#638=VERTEX_POINT('',#2716);
#639=VERTEX_POINT('',#2717);
#640=VERTEX_POINT('',#2722);
#641=VERTEX_POINT('',#2723);
#642=VERTEX_POINT('',#2728);
#643=VERTEX_POINT('',#2729);
#644=VERTEX_POINT('',#2748);
#645=VERTEX_POINT('',#2750);
#646=VERTEX_POINT('',#2754);
#647=VERTEX_POINT('',#2755);
#648=VERTEX_POINT('',#2760);
#649=VERTEX_POINT('',#2761);
#650=VERTEX_POINT('',#2769);
#651=VERTEX_POINT('',#2771);
#652=VERTEX_POINT('',#2775);
#653=VERTEX_POINT('',#2779);
#654=VERTEX_POINT('',#2783);
#655=VERTEX_POINT('',#2787);
#656=VERTEX_POINT('',#2791);
#657=VERTEX_POINT('',#2795);
#658=VERTEX_POINT('',#2799);
#659=VERTEX_POINT('',#2803);
#660=VERTEX_POINT('',#2807);
#661=VERTEX_POINT('',#2812);
#662=VERTEX_POINT('',#2816);
#663=VERTEX_POINT('',#2819);
#664=VERTEX_POINT('',#2839);
#665=VERTEX_POINT('',#2840);
#666=VERTEX_POINT('',#2842);
#667=VERTEX_POINT('',#2844);
#668=VERTEX_POINT('',#2848);
#669=VERTEX_POINT('',#2849);
#670=VERTEX_POINT('',#2854);
#671=VERTEX_POINT('',#2855);
#672=VERTEX_POINT('',#2860);
#673=VERTEX_POINT('',#2879);
#674=VERTEX_POINT('',#2883);
#675=VERTEX_POINT('',#2887);
#676=VERTEX_POINT('',#2891);
#677=VERTEX_POINT('',#2909);
#678=VERTEX_POINT('',#2913);
#679=VERTEX_POINT('',#2917);
#680=VERTEX_POINT('',#2921);
#681=VERTEX_POINT('',#2939);
#682=VERTEX_POINT('',#2943);
#683=VERTEX_POINT('',#2947);
#684=VERTEX_POINT('',#2948);
#685=VERTEX_POINT('',#2953);
#686=VERTEX_POINT('',#2954);
#687=VERTEX_POINT('',#2973);
#688=VERTEX_POINT('',#2974);
#689=VERTEX_POINT('',#2979);
#690=VERTEX_POINT('',#2980);
#691=VERTEX_POINT('',#2985);
#692=VERTEX_POINT('',#2986);
#693=EDGE_CURVE('',#565,#566,#459,.T.);
#694=EDGE_CURVE('',#565,#567,#255,.T.);
#695=EDGE_CURVE('',#567,#568,#460,.T.);
#696=EDGE_CURVE('',#568,#566,#256,.T.);
#697=EDGE_CURVE('',#569,#570,#65,.T.);
#698=EDGE_CURVE('',#570,#568,#61,.T.);
#699=EDGE_CURVE('',#567,#569,#62,.T.);
#700=EDGE_CURVE('',#571,#565,#257,.F.);
#701=EDGE_CURVE('',#572,#571,#258,.T.);
#702=EDGE_CURVE('',#569,#572,#259,.T.);
#703=EDGE_CURVE('',#573,#574,#461,.F.);
#704=EDGE_CURVE('',#573,#575,#260,.T.);
#705=EDGE_CURVE('',#576,#575,#462,.T.);
#706=EDGE_CURVE('',#576,#574,#261,.T.);
#707=EDGE_CURVE('',#577,#576,#262,.F.);
#708=EDGE_CURVE('',#578,#577,#263,.T.);
#709=EDGE_CURVE('',#574,#578,#264,.T.);
#710=EDGE_CURVE('',#579,#580,#463,.F.);
#711=EDGE_CURVE('',#579,#581,#265,.T.);
#712=EDGE_CURVE('',#582,#581,#464,.T.);
#713=EDGE_CURVE('',#582,#580,#266,.T.);
#714=EDGE_CURVE('',#583,#582,#267,.F.);
#715=EDGE_CURVE('',#584,#583,#268,.T.);
#716=EDGE_CURVE('',#580,#584,#269,.T.);
#717=EDGE_CURVE('',#585,#586,#465,.T.);
#718=EDGE_CURVE('',#585,#587,#270,.T.);
#719=EDGE_CURVE('',#587,#588,#466,.T.);
#720=EDGE_CURVE('',#588,#586,#271,.T.);
#721=EDGE_CURVE('',#589,#590,#66,.F.);
#722=EDGE_CURVE('',#589,#588,#63,.T.);
#723=EDGE_CURVE('',#587,#590,#64,.T.);
#724=EDGE_CURVE('',#587,#591,#272,.T.);
#725=EDGE_CURVE('',#591,#592,#467,.T.);
#726=EDGE_CURVE('',#590,#592,#273,.T.);
#727=EDGE_CURVE('',#593,#585,#274,.F.);
#728=EDGE_CURVE('',#594,#593,#275,.T.);
#729=EDGE_CURVE('',#591,#594,#67,.T.);
#730=EDGE_CURVE('',#595,#596,#468,.F.);
#731=EDGE_CURVE('',#595,#597,#276,.T.);
#732=EDGE_CURVE('',#598,#597,#469,.T.);
#733=EDGE_CURVE('',#598,#596,#277,.T.);
#734=EDGE_CURVE('',#599,#598,#278,.F.);
#735=EDGE_CURVE('',#600,#599,#279,.T.);
#736=EDGE_CURVE('',#596,#600,#280,.T.);
#737=EDGE_CURVE('',#566,#601,#281,.F.);
#738=EDGE_CURVE('',#593,#601,#470,.F.);
#739=EDGE_CURVE('',#586,#602,#282,.F.);
#740=EDGE_CURVE('',#599,#602,#471,.F.);
#741=EDGE_CURVE('',#597,#603,#283,.F.);
#742=EDGE_CURVE('',#583,#603,#472,.F.);
#743=EDGE_CURVE('',#581,#604,#284,.F.);
#744=EDGE_CURVE('',#577,#604,#473,.F.);
#745=EDGE_CURVE('',#575,#605,#285,.F.);
#746=EDGE_CURVE('',#571,#605,#474,.F.);
#747=EDGE_CURVE('',#606,#595,#286,.T.);
#748=EDGE_CURVE('',#603,#606,#287,.T.);
#749=EDGE_CURVE('',#594,#607,#475,.T.);
#750=EDGE_CURVE('',#592,#607,#476,.T.);
#751=EDGE_CURVE('',#608,#609,#477,.T.);
#752=EDGE_CURVE('',#607,#609,#478,.T.);
#753=EDGE_CURVE('',#594,#608,#68,.T.);
#754=EDGE_CURVE('',#610,#611,#479,.T.);
#755=EDGE_CURVE('',#609,#611,#480,.T.);
#756=EDGE_CURVE('',#608,#610,#69,.T.);
#757=EDGE_CURVE('',#611,#570,#288,.T.);
#758=EDGE_CURVE('',#610,#568,#289,.T.);
#759=EDGE_CURVE('',#601,#608,#290,.T.);
#760=EDGE_CURVE('',#612,#613,#481,.T.);
#761=EDGE_CURVE('',#613,#614,#482,.T.);
#762=EDGE_CURVE('',#614,#615,#483,.T.);
#763=EDGE_CURVE('',#615,#612,#484,.T.);
#764=EDGE_CURVE('',#592,#616,#485,.T.);
#765=EDGE_CURVE('',#616,#614,#291,.T.);
#766=EDGE_CURVE('',#613,#590,#292,.T.);
#767=EDGE_CURVE('',#611,#617,#486,.T.);
#768=EDGE_CURVE('',#617,#616,#487,.T.);
#769=EDGE_CURVE('',#618,#619,#488,.T.);
#770=EDGE_CURVE('',#619,#617,#293,.T.);
#771=EDGE_CURVE('',#570,#618,#294,.T.);
#772=EDGE_CURVE('',#618,#620,#489,.F.);
#773=EDGE_CURVE('',#620,#621,#490,.T.);
#774=EDGE_CURVE('',#621,#619,#491,.T.);
#775=EDGE_CURVE('',#622,#623,#492,.T.);
#776=EDGE_CURVE('',#623,#621,#295,.T.);
#777=EDGE_CURVE('',#620,#622,#296,.T.);
#778=EDGE_CURVE('',#624,#625,#493,.T.);
#779=EDGE_CURVE('',#625,#623,#494,.T.);
#780=EDGE_CURVE('',#622,#624,#495,.T.);
#781=EDGE_CURVE('',#626,#627,#496,.T.);
#782=EDGE_CURVE('',#627,#625,#297,.T.);
#783=EDGE_CURVE('',#624,#626,#298,.T.);
#784=EDGE_CURVE('',#628,#626,#497,.T.);
#785=EDGE_CURVE('',#628,#629,#498,.T.);
#786=EDGE_CURVE('',#629,#627,#499,.T.);
#787=EDGE_CURVE('',#630,#631,#500,.T.);
#788=EDGE_CURVE('',#631,#629,#299,.T.);
#789=EDGE_CURVE('',#628,#630,#300,.T.);
#790=EDGE_CURVE('',#632,#633,#501,.T.);
#791=EDGE_CURVE('',#633,#631,#502,.T.);
#792=EDGE_CURVE('',#630,#632,#503,.T.);
#793=EDGE_CURVE('',#634,#635,#504,.T.);
#794=EDGE_CURVE('',#635,#633,#301,.T.);
#795=EDGE_CURVE('',#632,#634,#302,.T.);
#796=EDGE_CURVE('',#636,#634,#505,.T.);
#797=EDGE_CURVE('',#636,#637,#506,.T.);
#798=EDGE_CURVE('',#637,#635,#507,.T.);
#799=EDGE_CURVE('',#638,#639,#508,.T.);
#800=EDGE_CURVE('',#639,#637,#303,.T.);
#801=EDGE_CURVE('',#636,#638,#304,.T.);
#802=EDGE_CURVE('',#640,#641,#509,.T.);
#803=EDGE_CURVE('',#641,#639,#510,.T.);
#804=EDGE_CURVE('',#638,#640,#511,.T.);
#805=EDGE_CURVE('',#642,#643,#512,.T.);
#806=EDGE_CURVE('',#643,#641,#305,.T.);
#807=EDGE_CURVE('',#640,#642,#306,.T.);
#808=EDGE_CURVE('',#644,#642,#513,.T.);
#809=EDGE_CURVE('',#644,#645,#514,.T.);
#810=EDGE_CURVE('',#645,#643,#515,.T.);
#811=EDGE_CURVE('',#646,#647,#516,.T.);
#812=EDGE_CURVE('',#647,#645,#307,.T.);
#813=EDGE_CURVE('',#644,#646,#308,.T.);
#814=EDGE_CURVE('',#648,#649,#517,.T.);
#815=EDGE_CURVE('',#649,#647,#518,.T.);
#816=EDGE_CURVE('',#646,#648,#519,.T.);
#817=EDGE_CURVE('',#648,#612,#309,.T.);
#818=EDGE_CURVE('',#615,#649,#310,.T.);
#819=EDGE_CURVE('',#650,#635,#311,.T.);
#820=EDGE_CURVE('',#651,#650,#312,.T.);
#821=EDGE_CURVE('',#633,#651,#313,.T.);
#822=EDGE_CURVE('',#637,#652,#314,.T.);
#823=EDGE_CURVE('',#650,#652,#520,.T.);
#824=EDGE_CURVE('',#653,#639,#315,.T.);
#825=EDGE_CURVE('',#652,#653,#316,.T.);
#826=EDGE_CURVE('',#641,#654,#317,.T.);
#827=EDGE_CURVE('',#653,#654,#521,.T.);
#828=EDGE_CURVE('',#655,#643,#318,.T.);
#829=EDGE_CURVE('',#654,#655,#319,.T.);
#830=EDGE_CURVE('',#645,#656,#320,.T.);
#831=EDGE_CURVE('',#655,#656,#522,.T.);
#832=EDGE_CURVE('',#657,#647,#321,.T.);
#833=EDGE_CURVE('',#656,#657,#322,.T.);
#834=EDGE_CURVE('',#649,#658,#323,.T.);
#835=EDGE_CURVE('',#657,#658,#523,.T.);
#836=EDGE_CURVE('',#659,#615,#324,.T.);
#837=EDGE_CURVE('',#658,#659,#325,.T.);
#838=EDGE_CURVE('',#614,#660,#326,.T.);
#839=EDGE_CURVE('',#659,#660,#524,.T.);
#840=EDGE_CURVE('',#661,#589,#327,.T.);
#841=EDGE_CURVE('',#602,#661,#328,.T.);
#842=EDGE_CURVE('',#662,#572,#525,.T.);
#843=EDGE_CURVE('',#662,#573,#329,.T.);
#844=EDGE_CURVE('',#663,#578,#526,.T.);
#845=EDGE_CURVE('',#663,#579,#330,.T.);
#846=EDGE_CURVE('',#606,#584,#527,.T.);
#847=EDGE_CURVE('',#661,#600,#528,.T.);
#848=EDGE_CURVE('',#664,#665,#529,.T.);
#849=EDGE_CURVE('',#665,#666,#530,.T.);
#850=EDGE_CURVE('',#666,#667,#531,.T.);
#851=EDGE_CURVE('',#667,#664,#532,.T.);
#852=EDGE_CURVE('',#668,#669,#533,.T.);
#853=EDGE_CURVE('',#669,#667,#331,.T.);
#854=EDGE_CURVE('',#666,#668,#332,.T.);
#855=EDGE_CURVE('',#670,#671,#534,.T.);
#856=EDGE_CURVE('',#671,#669,#535,.T.);
#857=EDGE_CURVE('',#668,#670,#536,.T.);
#858=EDGE_CURVE('',#672,#660,#537,.T.);
#859=EDGE_CURVE('',#660,#671,#333,.T.);
#860=EDGE_CURVE('',#670,#672,#334,.T.);
#861=EDGE_CURVE('',#673,#659,#538,.T.);
#862=EDGE_CURVE('',#672,#673,#539,.T.);
#863=EDGE_CURVE('',#674,#658,#540,.T.);
#864=EDGE_CURVE('',#673,#674,#335,.T.);
#865=EDGE_CURVE('',#675,#657,#541,.T.);
#866=EDGE_CURVE('',#674,#675,#542,.T.);
#867=EDGE_CURVE('',#676,#656,#543,.T.);
#868=EDGE_CURVE('',#675,#676,#336,.T.);
#869=EDGE_CURVE('',#677,#655,#544,.T.);
#870=EDGE_CURVE('',#676,#677,#545,.T.);
#871=EDGE_CURVE('',#678,#654,#546,.T.);
#872=EDGE_CURVE('',#677,#678,#337,.T.);
#873=EDGE_CURVE('',#679,#653,#547,.T.);
#874=EDGE_CURVE('',#678,#679,#548,.T.);
#875=EDGE_CURVE('',#680,#652,#549,.T.);
#876=EDGE_CURVE('',#679,#680,#338,.T.);
#877=EDGE_CURVE('',#681,#650,#550,.T.);
#878=EDGE_CURVE('',#680,#681,#551,.T.);
#879=EDGE_CURVE('',#682,#651,#552,.T.);
#880=EDGE_CURVE('',#681,#682,#339,.T.);
#881=EDGE_CURVE('',#683,#684,#553,.T.);
#882=EDGE_CURVE('',#684,#651,#554,.T.);
#883=EDGE_CURVE('',#682,#683,#555,.T.);
#884=EDGE_CURVE('',#685,#686,#556,.T.);
#885=EDGE_CURVE('',#686,#684,#340,.T.);
#886=EDGE_CURVE('',#683,#685,#341,.T.);
#887=EDGE_CURVE('',#687,#688,#557,.T.);
#888=EDGE_CURVE('',#688,#686,#558,.T.);
#889=EDGE_CURVE('',#685,#687,#559,.T.);
#890=EDGE_CURVE('',#689,#690,#560,.T.);
#891=EDGE_CURVE('',#690,#688,#342,.T.);
#892=EDGE_CURVE('',#687,#689,#343,.T.);
#893=EDGE_CURVE('',#691,#692,#561,.T.);
#894=EDGE_CURVE('',#692,#690,#562,.T.);
#895=EDGE_CURVE('',#689,#691,#563,.T.);
#896=EDGE_CURVE('',#664,#692,#344,.T.);
#897=EDGE_CURVE('',#691,#665,#345,.T.);
#898=EDGE_CURVE('',#684,#631,#346,.T.);
#899=EDGE_CURVE('',#629,#686,#347,.T.);
#900=EDGE_CURVE('',#688,#627,#348,.T.);
#901=EDGE_CURVE('',#625,#690,#349,.T.);
#902=EDGE_CURVE('',#692,#623,#350,.T.);
#903=EDGE_CURVE('',#621,#664,#351,.T.);
#904=EDGE_CURVE('',#667,#619,#352,.T.);
#905=EDGE_CURVE('',#605,#662,#353,.T.);
#906=EDGE_CURVE('',#604,#663,#354,.T.);
#907=EDGE_CURVE('',#617,#669,#355,.T.);
#908=EDGE_CURVE('',#671,#616,#356,.T.);
#909=ORIENTED_EDGE('',*,*,#693,.F.);
#910=ORIENTED_EDGE('',*,*,#694,.T.);
#911=ORIENTED_EDGE('',*,*,#695,.T.);
#912=ORIENTED_EDGE('',*,*,#696,.T.);
#913=ORIENTED_EDGE('',*,*,#697,.T.);
#914=ORIENTED_EDGE('',*,*,#698,.T.);
#915=ORIENTED_EDGE('',*,*,#695,.F.);
#916=ORIENTED_EDGE('',*,*,#699,.T.);
#917=ORIENTED_EDGE('',*,*,#699,.F.);
#918=ORIENTED_EDGE('',*,*,#694,.F.);
#919=ORIENTED_EDGE('',*,*,#700,.F.);
#920=ORIENTED_EDGE('',*,*,#701,.F.);
#921=ORIENTED_EDGE('',*,*,#702,.F.);
#922=ORIENTED_EDGE('',*,*,#703,.F.);
#923=ORIENTED_EDGE('',*,*,#704,.T.);
#924=ORIENTED_EDGE('',*,*,#705,.F.);
#925=ORIENTED_EDGE('',*,*,#706,.T.);
#926=ORIENTED_EDGE('',*,*,#706,.F.);
#927=ORIENTED_EDGE('',*,*,#707,.F.);
#928=ORIENTED_EDGE('',*,*,#708,.F.);
#929=ORIENTED_EDGE('',*,*,#709,.F.);
#930=ORIENTED_EDGE('',*,*,#710,.F.);
#931=ORIENTED_EDGE('',*,*,#711,.T.);
#932=ORIENTED_EDGE('',*,*,#712,.F.);
#933=ORIENTED_EDGE('',*,*,#713,.T.);
#934=ORIENTED_EDGE('',*,*,#713,.F.);
#935=ORIENTED_EDGE('',*,*,#714,.F.);
#936=ORIENTED_EDGE('',*,*,#715,.F.);
#937=ORIENTED_EDGE('',*,*,#716,.F.);
#938=ORIENTED_EDGE('',*,*,#717,.F.);
#939=ORIENTED_EDGE('',*,*,#718,.T.);
#940=ORIENTED_EDGE('',*,*,#719,.T.);
#941=ORIENTED_EDGE('',*,*,#720,.T.);
#942=ORIENTED_EDGE('',*,*,#721,.F.);
#943=ORIENTED_EDGE('',*,*,#722,.T.);
#944=ORIENTED_EDGE('',*,*,#719,.F.);
#945=ORIENTED_EDGE('',*,*,#723,.T.);
#946=ORIENTED_EDGE('',*,*,#723,.F.);
#947=ORIENTED_EDGE('',*,*,#724,.T.);
#948=ORIENTED_EDGE('',*,*,#725,.T.);
#949=ORIENTED_EDGE('',*,*,#726,.F.);
#950=ORIENTED_EDGE('',*,*,#718,.F.);
#951=ORIENTED_EDGE('',*,*,#727,.F.);
#952=ORIENTED_EDGE('',*,*,#728,.F.);
#953=ORIENTED_EDGE('',*,*,#729,.F.);
#954=ORIENTED_EDGE('',*,*,#724,.F.);
#955=ORIENTED_EDGE('',*,*,#730,.F.);
#956=ORIENTED_EDGE('',*,*,#731,.T.);
#957=ORIENTED_EDGE('',*,*,#732,.F.);
#958=ORIENTED_EDGE('',*,*,#733,.T.);
#959=ORIENTED_EDGE('',*,*,#733,.F.);
#960=ORIENTED_EDGE('',*,*,#734,.F.);
#961=ORIENTED_EDGE('',*,*,#735,.F.);
#962=ORIENTED_EDGE('',*,*,#736,.F.);
#963=ORIENTED_EDGE('',*,*,#693,.T.);
#964=ORIENTED_EDGE('',*,*,#737,.T.);
#965=ORIENTED_EDGE('',*,*,#738,.F.);
#966=ORIENTED_EDGE('',*,*,#727,.T.);
#967=ORIENTED_EDGE('',*,*,#717,.T.);
#968=ORIENTED_EDGE('',*,*,#739,.T.);
#969=ORIENTED_EDGE('',*,*,#740,.F.);
#970=ORIENTED_EDGE('',*,*,#734,.T.);
#971=ORIENTED_EDGE('',*,*,#732,.T.);
#972=ORIENTED_EDGE('',*,*,#741,.T.);
#973=ORIENTED_EDGE('',*,*,#742,.F.);
#974=ORIENTED_EDGE('',*,*,#714,.T.);
#975=ORIENTED_EDGE('',*,*,#712,.T.);
#976=ORIENTED_EDGE('',*,*,#743,.T.);
#977=ORIENTED_EDGE('',*,*,#744,.F.);
#978=ORIENTED_EDGE('',*,*,#707,.T.);
#979=ORIENTED_EDGE('',*,*,#705,.T.);
#980=ORIENTED_EDGE('',*,*,#745,.T.);
#981=ORIENTED_EDGE('',*,*,#746,.F.);
#982=ORIENTED_EDGE('',*,*,#700,.T.);
#983=ORIENTED_EDGE('',*,*,#731,.F.);
#984=ORIENTED_EDGE('',*,*,#747,.F.);
#985=ORIENTED_EDGE('',*,*,#748,.F.);
#986=ORIENTED_EDGE('',*,*,#741,.F.);
#987=ORIENTED_EDGE('',*,*,#749,.T.);
#988=ORIENTED_EDGE('',*,*,#750,.F.);
#989=ORIENTED_EDGE('',*,*,#725,.F.);
#990=ORIENTED_EDGE('',*,*,#729,.T.);
#991=ORIENTED_EDGE('',*,*,#751,.T.);
#992=ORIENTED_EDGE('',*,*,#752,.F.);
#993=ORIENTED_EDGE('',*,*,#749,.F.);
#994=ORIENTED_EDGE('',*,*,#753,.T.);
#995=ORIENTED_EDGE('',*,*,#754,.T.);
#996=ORIENTED_EDGE('',*,*,#755,.F.);
#997=ORIENTED_EDGE('',*,*,#751,.F.);
#998=ORIENTED_EDGE('',*,*,#756,.T.);
#999=ORIENTED_EDGE('',*,*,#698,.F.);
#1000=ORIENTED_EDGE('',*,*,#757,.F.);
#1001=ORIENTED_EDGE('',*,*,#754,.F.);
#1002=ORIENTED_EDGE('',*,*,#758,.T.);
#1003=ORIENTED_EDGE('',*,*,#753,.F.);
#1004=ORIENTED_EDGE('',*,*,#728,.T.);
#1005=ORIENTED_EDGE('',*,*,#738,.T.);
#1006=ORIENTED_EDGE('',*,*,#759,.T.);
#1007=ORIENTED_EDGE('',*,*,#760,.T.);
#1008=ORIENTED_EDGE('',*,*,#761,.T.);
#1009=ORIENTED_EDGE('',*,*,#762,.T.);
#1010=ORIENTED_EDGE('',*,*,#763,.T.);
#1011=ORIENTED_EDGE('',*,*,#764,.T.);
#1012=ORIENTED_EDGE('',*,*,#765,.T.);
#1013=ORIENTED_EDGE('',*,*,#761,.F.);
#1014=ORIENTED_EDGE('',*,*,#766,.T.);
#1015=ORIENTED_EDGE('',*,*,#726,.T.);
#1016=ORIENTED_EDGE('',*,*,#767,.T.);
#1017=ORIENTED_EDGE('',*,*,#768,.T.);
#1018=ORIENTED_EDGE('',*,*,#764,.F.);
#1019=ORIENTED_EDGE('',*,*,#750,.T.);
#1020=ORIENTED_EDGE('',*,*,#752,.T.);
#1021=ORIENTED_EDGE('',*,*,#755,.T.);
#1022=ORIENTED_EDGE('',*,*,#769,.T.);
#1023=ORIENTED_EDGE('',*,*,#770,.T.);
#1024=ORIENTED_EDGE('',*,*,#767,.F.);
#1025=ORIENTED_EDGE('',*,*,#757,.T.);
#1026=ORIENTED_EDGE('',*,*,#771,.T.);
#1027=ORIENTED_EDGE('',*,*,#772,.T.);
#1028=ORIENTED_EDGE('',*,*,#773,.T.);
#1029=ORIENTED_EDGE('',*,*,#774,.T.);
#1030=ORIENTED_EDGE('',*,*,#769,.F.);
#1031=ORIENTED_EDGE('',*,*,#775,.T.);
#1032=ORIENTED_EDGE('',*,*,#776,.T.);
#1033=ORIENTED_EDGE('',*,*,#773,.F.);
#1034=ORIENTED_EDGE('',*,*,#777,.T.);
#1035=ORIENTED_EDGE('',*,*,#778,.T.);
#1036=ORIENTED_EDGE('',*,*,#779,.T.);
#1037=ORIENTED_EDGE('',*,*,#775,.F.);
#1038=ORIENTED_EDGE('',*,*,#780,.T.);
#1039=ORIENTED_EDGE('',*,*,#781,.T.);
#1040=ORIENTED_EDGE('',*,*,#782,.T.);
#1041=ORIENTED_EDGE('',*,*,#778,.F.);
#1042=ORIENTED_EDGE('',*,*,#783,.T.);
#1043=ORIENTED_EDGE('',*,*,#784,.F.);
#1044=ORIENTED_EDGE('',*,*,#785,.T.);
#1045=ORIENTED_EDGE('',*,*,#786,.T.);
#1046=ORIENTED_EDGE('',*,*,#781,.F.);
#1047=ORIENTED_EDGE('',*,*,#787,.T.);
#1048=ORIENTED_EDGE('',*,*,#788,.T.);
#1049=ORIENTED_EDGE('',*,*,#785,.F.);
#1050=ORIENTED_EDGE('',*,*,#789,.T.);
#1051=ORIENTED_EDGE('',*,*,#790,.T.);
#1052=ORIENTED_EDGE('',*,*,#791,.T.);
#1053=ORIENTED_EDGE('',*,*,#787,.F.);
#1054=ORIENTED_EDGE('',*,*,#792,.T.);
#1055=ORIENTED_EDGE('',*,*,#793,.T.);
#1056=ORIENTED_EDGE('',*,*,#794,.T.);
#1057=ORIENTED_EDGE('',*,*,#790,.F.);
#1058=ORIENTED_EDGE('',*,*,#795,.T.);
#1059=ORIENTED_EDGE('',*,*,#796,.F.);
#1060=ORIENTED_EDGE('',*,*,#797,.T.);
#1061=ORIENTED_EDGE('',*,*,#798,.T.);
#1062=ORIENTED_EDGE('',*,*,#793,.F.);
#1063=ORIENTED_EDGE('',*,*,#799,.T.);
#1064=ORIENTED_EDGE('',*,*,#800,.T.);
#1065=ORIENTED_EDGE('',*,*,#797,.F.);
#1066=ORIENTED_EDGE('',*,*,#801,.T.);
#1067=ORIENTED_EDGE('',*,*,#802,.T.);
#1068=ORIENTED_EDGE('',*,*,#803,.T.);
#1069=ORIENTED_EDGE('',*,*,#799,.F.);
#1070=ORIENTED_EDGE('',*,*,#804,.T.);
#1071=ORIENTED_EDGE('',*,*,#805,.T.);
#1072=ORIENTED_EDGE('',*,*,#806,.T.);
#1073=ORIENTED_EDGE('',*,*,#802,.F.);
#1074=ORIENTED_EDGE('',*,*,#807,.T.);
#1075=ORIENTED_EDGE('',*,*,#808,.F.);
#1076=ORIENTED_EDGE('',*,*,#809,.T.);
#1077=ORIENTED_EDGE('',*,*,#810,.T.);
#1078=ORIENTED_EDGE('',*,*,#805,.F.);
#1079=ORIENTED_EDGE('',*,*,#811,.T.);
#1080=ORIENTED_EDGE('',*,*,#812,.T.);
#1081=ORIENTED_EDGE('',*,*,#809,.F.);
#1082=ORIENTED_EDGE('',*,*,#813,.T.);
#1083=ORIENTED_EDGE('',*,*,#814,.T.);
#1084=ORIENTED_EDGE('',*,*,#815,.T.);
#1085=ORIENTED_EDGE('',*,*,#811,.F.);
#1086=ORIENTED_EDGE('',*,*,#816,.T.);
#1087=ORIENTED_EDGE('',*,*,#814,.F.);
#1088=ORIENTED_EDGE('',*,*,#817,.T.);
#1089=ORIENTED_EDGE('',*,*,#763,.F.);
#1090=ORIENTED_EDGE('',*,*,#818,.T.);
#1091=ORIENTED_EDGE('',*,*,#794,.F.);
#1092=ORIENTED_EDGE('',*,*,#819,.F.);
#1093=ORIENTED_EDGE('',*,*,#820,.F.);
#1094=ORIENTED_EDGE('',*,*,#821,.F.);
#1095=ORIENTED_EDGE('',*,*,#798,.F.);
#1096=ORIENTED_EDGE('',*,*,#822,.T.);
#1097=ORIENTED_EDGE('',*,*,#823,.F.);
#1098=ORIENTED_EDGE('',*,*,#819,.T.);
#1099=ORIENTED_EDGE('',*,*,#800,.F.);
#1100=ORIENTED_EDGE('',*,*,#824,.F.);
#1101=ORIENTED_EDGE('',*,*,#825,.F.);
#1102=ORIENTED_EDGE('',*,*,#822,.F.);
#1103=ORIENTED_EDGE('',*,*,#803,.F.);
#1104=ORIENTED_EDGE('',*,*,#826,.T.);
#1105=ORIENTED_EDGE('',*,*,#827,.F.);
#1106=ORIENTED_EDGE('',*,*,#824,.T.);
#1107=ORIENTED_EDGE('',*,*,#806,.F.);
#1108=ORIENTED_EDGE('',*,*,#828,.F.);
#1109=ORIENTED_EDGE('',*,*,#829,.F.);
#1110=ORIENTED_EDGE('',*,*,#826,.F.);
#1111=ORIENTED_EDGE('',*,*,#810,.F.);
#1112=ORIENTED_EDGE('',*,*,#830,.T.);
#1113=ORIENTED_EDGE('',*,*,#831,.F.);
#1114=ORIENTED_EDGE('',*,*,#828,.T.);
#1115=ORIENTED_EDGE('',*,*,#812,.F.);
#1116=ORIENTED_EDGE('',*,*,#832,.F.);
#1117=ORIENTED_EDGE('',*,*,#833,.F.);
#1118=ORIENTED_EDGE('',*,*,#830,.F.);
#1119=ORIENTED_EDGE('',*,*,#815,.F.);
#1120=ORIENTED_EDGE('',*,*,#834,.T.);
#1121=ORIENTED_EDGE('',*,*,#835,.F.);
#1122=ORIENTED_EDGE('',*,*,#832,.T.);
#1123=ORIENTED_EDGE('',*,*,#818,.F.);
#1124=ORIENTED_EDGE('',*,*,#836,.F.);
#1125=ORIENTED_EDGE('',*,*,#837,.F.);
#1126=ORIENTED_EDGE('',*,*,#834,.F.);
#1127=ORIENTED_EDGE('',*,*,#762,.F.);
#1128=ORIENTED_EDGE('',*,*,#838,.T.);
#1129=ORIENTED_EDGE('',*,*,#839,.F.);
#1130=ORIENTED_EDGE('',*,*,#836,.T.);
#1131=ORIENTED_EDGE('',*,*,#696,.F.);
#1132=ORIENTED_EDGE('',*,*,#758,.F.);
#1133=ORIENTED_EDGE('',*,*,#756,.F.);
#1134=ORIENTED_EDGE('',*,*,#759,.F.);
#1135=ORIENTED_EDGE('',*,*,#737,.F.);
#1136=ORIENTED_EDGE('',*,*,#722,.F.);
#1137=ORIENTED_EDGE('',*,*,#840,.F.);
#1138=ORIENTED_EDGE('',*,*,#841,.F.);
#1139=ORIENTED_EDGE('',*,*,#739,.F.);
#1140=ORIENTED_EDGE('',*,*,#720,.F.);
#1141=ORIENTED_EDGE('',*,*,#784,.T.);
#1142=ORIENTED_EDGE('',*,*,#783,.F.);
#1143=ORIENTED_EDGE('',*,*,#780,.F.);
#1144=ORIENTED_EDGE('',*,*,#777,.F.);
#1145=ORIENTED_EDGE('',*,*,#772,.F.);
#1146=ORIENTED_EDGE('',*,*,#771,.F.);
#1147=ORIENTED_EDGE('',*,*,#697,.F.);
#1148=ORIENTED_EDGE('',*,*,#702,.T.);
#1149=ORIENTED_EDGE('',*,*,#842,.F.);
#1150=ORIENTED_EDGE('',*,*,#843,.T.);
#1151=ORIENTED_EDGE('',*,*,#703,.T.);
#1152=ORIENTED_EDGE('',*,*,#709,.T.);
#1153=ORIENTED_EDGE('',*,*,#844,.F.);
#1154=ORIENTED_EDGE('',*,*,#845,.T.);
#1155=ORIENTED_EDGE('',*,*,#710,.T.);
#1156=ORIENTED_EDGE('',*,*,#716,.T.);
#1157=ORIENTED_EDGE('',*,*,#846,.F.);
#1158=ORIENTED_EDGE('',*,*,#747,.T.);
#1159=ORIENTED_EDGE('',*,*,#730,.T.);
#1160=ORIENTED_EDGE('',*,*,#736,.T.);
#1161=ORIENTED_EDGE('',*,*,#847,.F.);
#1162=ORIENTED_EDGE('',*,*,#840,.T.);
#1163=ORIENTED_EDGE('',*,*,#721,.T.);
#1164=ORIENTED_EDGE('',*,*,#766,.F.);
#1165=ORIENTED_EDGE('',*,*,#760,.F.);
#1166=ORIENTED_EDGE('',*,*,#817,.F.);
#1167=ORIENTED_EDGE('',*,*,#816,.F.);
#1168=ORIENTED_EDGE('',*,*,#813,.F.);
#1169=ORIENTED_EDGE('',*,*,#808,.T.);
#1170=ORIENTED_EDGE('',*,*,#807,.F.);
#1171=ORIENTED_EDGE('',*,*,#804,.F.);
#1172=ORIENTED_EDGE('',*,*,#801,.F.);
#1173=ORIENTED_EDGE('',*,*,#796,.T.);
#1174=ORIENTED_EDGE('',*,*,#795,.F.);
#1175=ORIENTED_EDGE('',*,*,#792,.F.);
#1176=ORIENTED_EDGE('',*,*,#789,.F.);
#1177=ORIENTED_EDGE('',*,*,#848,.T.);
#1178=ORIENTED_EDGE('',*,*,#849,.T.);
#1179=ORIENTED_EDGE('',*,*,#850,.T.);
#1180=ORIENTED_EDGE('',*,*,#851,.T.);
#1181=ORIENTED_EDGE('',*,*,#852,.T.);
#1182=ORIENTED_EDGE('',*,*,#853,.T.);
#1183=ORIENTED_EDGE('',*,*,#850,.F.);
#1184=ORIENTED_EDGE('',*,*,#854,.T.);
#1185=ORIENTED_EDGE('',*,*,#855,.T.);
#1186=ORIENTED_EDGE('',*,*,#856,.T.);
#1187=ORIENTED_EDGE('',*,*,#852,.F.);
#1188=ORIENTED_EDGE('',*,*,#857,.T.);
#1189=ORIENTED_EDGE('',*,*,#858,.T.);
#1190=ORIENTED_EDGE('',*,*,#859,.T.);
#1191=ORIENTED_EDGE('',*,*,#855,.F.);
#1192=ORIENTED_EDGE('',*,*,#860,.T.);
#1193=ORIENTED_EDGE('',*,*,#861,.T.);
#1194=ORIENTED_EDGE('',*,*,#839,.T.);
#1195=ORIENTED_EDGE('',*,*,#858,.F.);
#1196=ORIENTED_EDGE('',*,*,#862,.T.);
#1197=ORIENTED_EDGE('',*,*,#863,.T.);
#1198=ORIENTED_EDGE('',*,*,#837,.T.);
#1199=ORIENTED_EDGE('',*,*,#861,.F.);
#1200=ORIENTED_EDGE('',*,*,#864,.T.);
#1201=ORIENTED_EDGE('',*,*,#865,.T.);
#1202=ORIENTED_EDGE('',*,*,#835,.T.);
#1203=ORIENTED_EDGE('',*,*,#863,.F.);
#1204=ORIENTED_EDGE('',*,*,#866,.T.);
#1205=ORIENTED_EDGE('',*,*,#867,.T.);
#1206=ORIENTED_EDGE('',*,*,#833,.T.);
#1207=ORIENTED_EDGE('',*,*,#865,.F.);
#1208=ORIENTED_EDGE('',*,*,#868,.T.);
#1209=ORIENTED_EDGE('',*,*,#869,.T.);
#1210=ORIENTED_EDGE('',*,*,#831,.T.);
#1211=ORIENTED_EDGE('',*,*,#867,.F.);
#1212=ORIENTED_EDGE('',*,*,#870,.T.);
#1213=ORIENTED_EDGE('',*,*,#871,.T.);
#1214=ORIENTED_EDGE('',*,*,#829,.T.);
#1215=ORIENTED_EDGE('',*,*,#869,.F.);
#1216=ORIENTED_EDGE('',*,*,#872,.T.);
#1217=ORIENTED_EDGE('',*,*,#873,.T.);
#1218=ORIENTED_EDGE('',*,*,#827,.T.);
#1219=ORIENTED_EDGE('',*,*,#871,.F.);
#1220=ORIENTED_EDGE('',*,*,#874,.T.);
#1221=ORIENTED_EDGE('',*,*,#875,.T.);
#1222=ORIENTED_EDGE('',*,*,#825,.T.);
#1223=ORIENTED_EDGE('',*,*,#873,.F.);
#1224=ORIENTED_EDGE('',*,*,#876,.T.);
#1225=ORIENTED_EDGE('',*,*,#877,.T.);
#1226=ORIENTED_EDGE('',*,*,#823,.T.);
#1227=ORIENTED_EDGE('',*,*,#875,.F.);
#1228=ORIENTED_EDGE('',*,*,#878,.T.);
#1229=ORIENTED_EDGE('',*,*,#879,.T.);
#1230=ORIENTED_EDGE('',*,*,#820,.T.);
#1231=ORIENTED_EDGE('',*,*,#877,.F.);
#1232=ORIENTED_EDGE('',*,*,#880,.T.);
#1233=ORIENTED_EDGE('',*,*,#881,.T.);
#1234=ORIENTED_EDGE('',*,*,#882,.T.);
#1235=ORIENTED_EDGE('',*,*,#879,.F.);
#1236=ORIENTED_EDGE('',*,*,#883,.T.);
#1237=ORIENTED_EDGE('',*,*,#884,.T.);
#1238=ORIENTED_EDGE('',*,*,#885,.T.);
#1239=ORIENTED_EDGE('',*,*,#881,.F.);
#1240=ORIENTED_EDGE('',*,*,#886,.T.);
#1241=ORIENTED_EDGE('',*,*,#887,.T.);
#1242=ORIENTED_EDGE('',*,*,#888,.T.);
#1243=ORIENTED_EDGE('',*,*,#884,.F.);
#1244=ORIENTED_EDGE('',*,*,#889,.T.);
#1245=ORIENTED_EDGE('',*,*,#890,.T.);
#1246=ORIENTED_EDGE('',*,*,#891,.T.);
#1247=ORIENTED_EDGE('',*,*,#887,.F.);
#1248=ORIENTED_EDGE('',*,*,#892,.T.);
#1249=ORIENTED_EDGE('',*,*,#893,.T.);
#1250=ORIENTED_EDGE('',*,*,#894,.T.);
#1251=ORIENTED_EDGE('',*,*,#890,.F.);
#1252=ORIENTED_EDGE('',*,*,#895,.T.);
#1253=ORIENTED_EDGE('',*,*,#848,.F.);
#1254=ORIENTED_EDGE('',*,*,#896,.T.);
#1255=ORIENTED_EDGE('',*,*,#893,.F.);
#1256=ORIENTED_EDGE('',*,*,#897,.T.);
#1257=ORIENTED_EDGE('',*,*,#791,.F.);
#1258=ORIENTED_EDGE('',*,*,#821,.T.);
#1259=ORIENTED_EDGE('',*,*,#882,.F.);
#1260=ORIENTED_EDGE('',*,*,#898,.T.);
#1261=ORIENTED_EDGE('',*,*,#788,.F.);
#1262=ORIENTED_EDGE('',*,*,#898,.F.);
#1263=ORIENTED_EDGE('',*,*,#885,.F.);
#1264=ORIENTED_EDGE('',*,*,#899,.F.);
#1265=ORIENTED_EDGE('',*,*,#786,.F.);
#1266=ORIENTED_EDGE('',*,*,#899,.T.);
#1267=ORIENTED_EDGE('',*,*,#888,.F.);
#1268=ORIENTED_EDGE('',*,*,#900,.T.);
#1269=ORIENTED_EDGE('',*,*,#782,.F.);
#1270=ORIENTED_EDGE('',*,*,#900,.F.);
#1271=ORIENTED_EDGE('',*,*,#891,.F.);
#1272=ORIENTED_EDGE('',*,*,#901,.F.);
#1273=ORIENTED_EDGE('',*,*,#779,.F.);
#1274=ORIENTED_EDGE('',*,*,#901,.T.);
#1275=ORIENTED_EDGE('',*,*,#894,.F.);
#1276=ORIENTED_EDGE('',*,*,#902,.T.);
#1277=ORIENTED_EDGE('',*,*,#776,.F.);
#1278=ORIENTED_EDGE('',*,*,#902,.F.);
#1279=ORIENTED_EDGE('',*,*,#896,.F.);
#1280=ORIENTED_EDGE('',*,*,#903,.F.);
#1281=ORIENTED_EDGE('',*,*,#774,.F.);
#1282=ORIENTED_EDGE('',*,*,#903,.T.);
#1283=ORIENTED_EDGE('',*,*,#851,.F.);
#1284=ORIENTED_EDGE('',*,*,#904,.T.);
#1285=ORIENTED_EDGE('',*,*,#849,.F.);
#1286=ORIENTED_EDGE('',*,*,#897,.F.);
#1287=ORIENTED_EDGE('',*,*,#895,.F.);
#1288=ORIENTED_EDGE('',*,*,#892,.F.);
#1289=ORIENTED_EDGE('',*,*,#889,.F.);
#1290=ORIENTED_EDGE('',*,*,#886,.F.);
#1291=ORIENTED_EDGE('',*,*,#883,.F.);
#1292=ORIENTED_EDGE('',*,*,#880,.F.);
#1293=ORIENTED_EDGE('',*,*,#878,.F.);
#1294=ORIENTED_EDGE('',*,*,#876,.F.);
#1295=ORIENTED_EDGE('',*,*,#874,.F.);
#1296=ORIENTED_EDGE('',*,*,#872,.F.);
#1297=ORIENTED_EDGE('',*,*,#870,.F.);
#1298=ORIENTED_EDGE('',*,*,#868,.F.);
#1299=ORIENTED_EDGE('',*,*,#866,.F.);
#1300=ORIENTED_EDGE('',*,*,#864,.F.);
#1301=ORIENTED_EDGE('',*,*,#862,.F.);
#1302=ORIENTED_EDGE('',*,*,#860,.F.);
#1303=ORIENTED_EDGE('',*,*,#857,.F.);
#1304=ORIENTED_EDGE('',*,*,#854,.F.);
#1305=ORIENTED_EDGE('',*,*,#842,.T.);
#1306=ORIENTED_EDGE('',*,*,#701,.T.);
#1307=ORIENTED_EDGE('',*,*,#746,.T.);
#1308=ORIENTED_EDGE('',*,*,#905,.T.);
#1309=ORIENTED_EDGE('',*,*,#844,.T.);
#1310=ORIENTED_EDGE('',*,*,#708,.T.);
#1311=ORIENTED_EDGE('',*,*,#744,.T.);
#1312=ORIENTED_EDGE('',*,*,#906,.T.);
#1313=ORIENTED_EDGE('',*,*,#846,.T.);
#1314=ORIENTED_EDGE('',*,*,#715,.T.);
#1315=ORIENTED_EDGE('',*,*,#742,.T.);
#1316=ORIENTED_EDGE('',*,*,#748,.T.);
#1317=ORIENTED_EDGE('',*,*,#847,.T.);
#1318=ORIENTED_EDGE('',*,*,#735,.T.);
#1319=ORIENTED_EDGE('',*,*,#740,.T.);
#1320=ORIENTED_EDGE('',*,*,#841,.T.);
#1321=ORIENTED_EDGE('',*,*,#768,.F.);
#1322=ORIENTED_EDGE('',*,*,#907,.T.);
#1323=ORIENTED_EDGE('',*,*,#856,.F.);
#1324=ORIENTED_EDGE('',*,*,#908,.T.);
#1325=ORIENTED_EDGE('',*,*,#765,.F.);
#1326=ORIENTED_EDGE('',*,*,#908,.F.);
#1327=ORIENTED_EDGE('',*,*,#859,.F.);
#1328=ORIENTED_EDGE('',*,*,#838,.F.);
#1329=ORIENTED_EDGE('',*,*,#704,.F.);
#1330=ORIENTED_EDGE('',*,*,#843,.F.);
#1331=ORIENTED_EDGE('',*,*,#905,.F.);
#1332=ORIENTED_EDGE('',*,*,#745,.F.);
#1333=ORIENTED_EDGE('',*,*,#711,.F.);
#1334=ORIENTED_EDGE('',*,*,#845,.F.);
#1335=ORIENTED_EDGE('',*,*,#906,.F.);
#1336=ORIENTED_EDGE('',*,*,#743,.F.);
#1337=ORIENTED_EDGE('',*,*,#770,.F.);
#1338=ORIENTED_EDGE('',*,*,#904,.F.);
#1339=ORIENTED_EDGE('',*,*,#853,.F.);
#1340=ORIENTED_EDGE('',*,*,#907,.F.);
#1341=CYLINDRICAL_SURFACE('',#1587,0.125);
#1342=CYLINDRICAL_SURFACE('',#1593,0.125);
#1343=CYLINDRICAL_SURFACE('',#1597,0.125);
#1344=CYLINDRICAL_SURFACE('',#1601,0.125);
#1345=CYLINDRICAL_SURFACE('',#1606,0.125);
#1346=CYLINDRICAL_SURFACE('',#1609,0.125);
#1347=CYLINDRICAL_SURFACE('',#1626,0.125);
#1348=CYLINDRICAL_SURFACE('',#1627,0.25);
#1349=CYLINDRICAL_SURFACE('',#1632,0.125);
#1350=CYLINDRICAL_SURFACE('',#1637,0.125);
#1351=CYLINDRICAL_SURFACE('',#1642,0.125);
#1352=CYLINDRICAL_SURFACE('',#1648,0.125);
#1353=CYLINDRICAL_SURFACE('',#1653,0.125);
#1354=CYLINDRICAL_SURFACE('',#1659,0.125);
#1355=CYLINDRICAL_SURFACE('',#1664,0.125);
#1356=CYLINDRICAL_SURFACE('',#1670,0.125);
#1357=CYLINDRICAL_SURFACE('',#1675,0.125);
#1358=CYLINDRICAL_SURFACE('',#1681,0.125);
#1359=CYLINDRICAL_SURFACE('',#1683,0.25);
#1360=CYLINDRICAL_SURFACE('',#1686,0.25);
#1361=CYLINDRICAL_SURFACE('',#1689,0.25);
#1362=CYLINDRICAL_SURFACE('',#1692,0.25);
#1363=CYLINDRICAL_SURFACE('',#1695,0.25);
#1364=CYLINDRICAL_SURFACE('',#1708,0.125);
#1365=CYLINDRICAL_SURFACE('',#1714,0.125);
#1366=CYLINDRICAL_SURFACE('',#1718,0.125);
#1367=CYLINDRICAL_SURFACE('',#1723,0.125);
#1368=CYLINDRICAL_SURFACE('',#1727,0.125);
#1369=CYLINDRICAL_SURFACE('',#1732,0.125);
#1370=CYLINDRICAL_SURFACE('',#1736,0.125);
#1371=CYLINDRICAL_SURFACE('',#1742,0.125);
#1372=CYLINDRICAL_SURFACE('',#1747,0.125);
#1373=CYLINDRICAL_SURFACE('',#1753,0.125);
#1374=CYLINDRICAL_SURFACE('',#1754,0.25);
#1375=CYLINDRICAL_SURFACE('',#1756,0.25);
#1376=CYLINDRICAL_SURFACE('',#1758,0.25);
#1377=CYLINDRICAL_SURFACE('',#1760,0.25);
#1378=CYLINDRICAL_SURFACE('',#1762,0.25);
#1379=CYLINDRICAL_SURFACE('',#1763,0.25);
#1380=CYLINDRICAL_SURFACE('',#1764,0.25);
#1381=CYLINDRICAL_SURFACE('',#1765,0.25);
#1382=CYLINDRICAL_SURFACE('',#1766,0.25);
#1383=STYLED_ITEM('',(#3049),#1475);
#1384=STYLED_ITEM('',(#3049),#1476);
#1385=STYLED_ITEM('',(#3049),#1477);
#1386=STYLED_ITEM('',(#3049),#1478);
#1387=STYLED_ITEM('',(#3049),#1479);
#1388=STYLED_ITEM('',(#3049),#1480);
#1389=STYLED_ITEM('',(#3049),#1481);
#1390=STYLED_ITEM('',(#3049),#1482);
#1391=STYLED_ITEM('',(#3049),#1483);
#1392=STYLED_ITEM('',(#3049),#1484);
#1393=STYLED_ITEM('',(#3049),#1485);
#1394=STYLED_ITEM('',(#3049),#1486);
#1395=STYLED_ITEM('',(#3049),#1487);
#1396=STYLED_ITEM('',(#3050),#1488);
#1397=STYLED_ITEM('',(#3049),#1489);
#1398=STYLED_ITEM('',(#3049),#1490);
#1399=STYLED_ITEM('',(#3049),#1491);
#1400=STYLED_ITEM('',(#3049),#1492);
#1401=STYLED_ITEM('',(#3049),#1493);
#1402=STYLED_ITEM('',(#3049),#1494);
#1403=STYLED_ITEM('',(#3049),#1495);
#1404=STYLED_ITEM('',(#3049),#1496);
#1405=STYLED_ITEM('',(#3049),#1497);
#1406=STYLED_ITEM('',(#3049),#1498);
#1407=STYLED_ITEM('',(#3049),#1499);
#1408=STYLED_ITEM('',(#3049),#1500);
#1409=STYLED_ITEM('',(#3049),#1501);
#1410=STYLED_ITEM('',(#3049),#1502);
#1411=STYLED_ITEM('',(#3049),#1503);
#1412=STYLED_ITEM('',(#3049),#1504);
#1413=STYLED_ITEM('',(#3049),#1505);
#1414=STYLED_ITEM('',(#3049),#1506);
#1415=STYLED_ITEM('',(#3049),#1507);
#1416=STYLED_ITEM('',(#3049),#1508);
#1417=STYLED_ITEM('',(#3049),#1509);
#1418=STYLED_ITEM('',(#3049),#1510);
#1419=STYLED_ITEM('',(#3049),#1511);
#1420=STYLED_ITEM('',(#3049),#1512);
#1421=STYLED_ITEM('',(#3049),#1513);
#1422=STYLED_ITEM('',(#3049),#1514);
#1423=STYLED_ITEM('',(#3049),#1515);
#1424=STYLED_ITEM('',(#3049),#1516);
#1425=STYLED_ITEM('',(#3049),#1517);
#1426=STYLED_ITEM('',(#3049),#1518);
#1427=STYLED_ITEM('',(#3049),#1519);
#1428=STYLED_ITEM('',(#3049),#1520);
#1429=STYLED_ITEM('',(#3049),#1521);
#1430=STYLED_ITEM('',(#3049),#1522);
#1431=STYLED_ITEM('',(#3049),#1523);
#1432=STYLED_ITEM('',(#3049),#1524);
#1433=STYLED_ITEM('',(#3049),#1525);
#1434=STYLED_ITEM('',(#3049),#1526);
#1435=STYLED_ITEM('',(#3049),#1527);
#1436=STYLED_ITEM('',(#3049),#1528);
#1437=STYLED_ITEM('',(#3049),#1529);
#1438=STYLED_ITEM('',(#3049),#1530);
#1439=STYLED_ITEM('',(#3049),#1531);
#1440=STYLED_ITEM('',(#3049),#1532);
#1441=STYLED_ITEM('',(#3049),#1533);
#1442=STYLED_ITEM('',(#3049),#1534);
#1443=STYLED_ITEM('',(#3049),#1535);
#1444=STYLED_ITEM('',(#3049),#1536);
#1445=STYLED_ITEM('',(#3049),#1537);
#1446=STYLED_ITEM('',(#3049),#1538);
#1447=STYLED_ITEM('',(#3049),#1539);
#1448=STYLED_ITEM('',(#3049),#1540);
#1449=STYLED_ITEM('',(#3049),#1541);
#1450=STYLED_ITEM('',(#3049),#1542);
#1451=STYLED_ITEM('',(#3049),#1543);
#1452=STYLED_ITEM('',(#3049),#1544);
#1453=STYLED_ITEM('',(#3049),#1545);
#1454=STYLED_ITEM('',(#3049),#1546);
#1455=STYLED_ITEM('',(#3049),#1547);
#1456=STYLED_ITEM('',(#3049),#1548);
#1457=STYLED_ITEM('',(#3049),#1549);
#1458=STYLED_ITEM('',(#3049),#1550);
#1459=STYLED_ITEM('',(#3049),#1551);
#1460=STYLED_ITEM('',(#3049),#1552);
#1461=STYLED_ITEM('',(#3049),#1553);
#1462=STYLED_ITEM('',(#3049),#1554);
#1463=STYLED_ITEM('',(#3049),#1555);
#1464=STYLED_ITEM('',(#3049),#1556);
#1465=STYLED_ITEM('',(#3049),#1557);
#1466=STYLED_ITEM('',(#3049),#1558);
#1467=STYLED_ITEM('',(#3049),#1559);
#1468=STYLED_ITEM('',(#3049),#1560);
#1469=STYLED_ITEM('',(#3049),#1561);
#1470=STYLED_ITEM('',(#3049),#1562);
#1471=STYLED_ITEM('',(#3049),#1563);
#1472=STYLED_ITEM('',(#3049),#1564);
#1473=STYLED_ITEM('',(#3048),#17);
#1474=STYLED_ITEM('',(#3051),#16);
#1475=ADVANCED_FACE('',(#75),#1341,.F.);
#1476=ADVANCED_FACE('',(#76),#70,.T.);
#1477=ADVANCED_FACE('',(#77),#38,.F.);
#1478=ADVANCED_FACE('',(#78),#1342,.F.);
#1479=ADVANCED_FACE('',(#79),#39,.F.);
#1480=ADVANCED_FACE('',(#80),#1343,.F.);
#1481=ADVANCED_FACE('',(#81),#40,.F.);
#1482=ADVANCED_FACE('',(#82),#1344,.F.);
#1483=ADVANCED_FACE('',(#83),#71,.T.);
#1484=ADVANCED_FACE('',(#84),#1345,.T.);
#1485=ADVANCED_FACE('',(#85),#41,.F.);
#1486=ADVANCED_FACE('',(#86),#1346,.F.);
#1487=ADVANCED_FACE('',(#87),#42,.F.);
#1488=ADVANCED_FACE('',(#88),#43,.T.);
#1489=ADVANCED_FACE('',(#89),#44,.F.);
#1490=ADVANCED_FACE('',(#90),#72,.F.);
#1491=ADVANCED_FACE('',(#91),#73,.F.);
#1492=ADVANCED_FACE('',(#92),#74,.F.);
#1493=ADVANCED_FACE('',(#93),#1347,.T.);
#1494=ADVANCED_FACE('',(#94),#1348,.T.);
#1495=ADVANCED_FACE('',(#95),#28,.F.);
#1496=ADVANCED_FACE('',(#96),#1349,.T.);
#1497=ADVANCED_FACE('',(#97),#18,.T.);
#1498=ADVANCED_FACE('',(#98),#1350,.T.);
#1499=ADVANCED_FACE('',(#99),#29,.F.);
#1500=ADVANCED_FACE('',(#100),#1351,.T.);
#1501=ADVANCED_FACE('',(#101),#19,.T.);
#1502=ADVANCED_FACE('',(#102),#1352,.T.);
#1503=ADVANCED_FACE('',(#103),#30,.F.);
#1504=ADVANCED_FACE('',(#104),#1353,.T.);
#1505=ADVANCED_FACE('',(#105),#20,.T.);
#1506=ADVANCED_FACE('',(#106),#1354,.T.);
#1507=ADVANCED_FACE('',(#107),#31,.F.);
#1508=ADVANCED_FACE('',(#108),#1355,.T.);
#1509=ADVANCED_FACE('',(#109),#21,.T.);
#1510=ADVANCED_FACE('',(#110),#1356,.T.);
#1511=ADVANCED_FACE('',(#111),#32,.F.);
#1512=ADVANCED_FACE('',(#112),#1357,.T.);
#1513=ADVANCED_FACE('',(#113),#22,.T.);
#1514=ADVANCED_FACE('',(#114),#1358,.T.);
#1515=ADVANCED_FACE('',(#115),#45,.T.);
#1516=ADVANCED_FACE('',(#116),#1359,.T.);
#1517=ADVANCED_FACE('',(#117),#46,.T.);
#1518=ADVANCED_FACE('',(#118),#1360,.F.);
#1519=ADVANCED_FACE('',(#119),#47,.T.);
#1520=ADVANCED_FACE('',(#120),#1361,.T.);
#1521=ADVANCED_FACE('',(#121),#48,.T.);
#1522=ADVANCED_FACE('',(#122),#1362,.F.);
#1523=ADVANCED_FACE('',(#123),#49,.T.);
#1524=ADVANCED_FACE('',(#124),#1363,.T.);
#1525=ADVANCED_FACE('',(#125),#50,.F.);
#1526=ADVANCED_FACE('',(#126),#51,.F.);
#1527=ADVANCED_FACE('',(#127),#52,.T.);
#1528=ADVANCED_FACE('',(#128),#33,.F.);
#1529=ADVANCED_FACE('',(#129),#1364,.T.);
#1530=ADVANCED_FACE('',(#130),#23,.T.);
#1531=ADVANCED_FACE('',(#131),#1365,.T.);
#1532=ADVANCED_FACE('',(#132),#34,.F.);
#1533=ADVANCED_FACE('',(#133),#1366,.T.);
#1534=ADVANCED_FACE('',(#134),#24,.T.);
#1535=ADVANCED_FACE('',(#135),#1367,.T.);
#1536=ADVANCED_FACE('',(#136),#35,.F.);
#1537=ADVANCED_FACE('',(#137),#1368,.T.);
#1538=ADVANCED_FACE('',(#138),#25,.T.);
#1539=ADVANCED_FACE('',(#139),#1369,.T.);
#1540=ADVANCED_FACE('',(#140),#36,.F.);
#1541=ADVANCED_FACE('',(#141),#1370,.T.);
#1542=ADVANCED_FACE('',(#142),#26,.T.);
#1543=ADVANCED_FACE('',(#143),#1371,.T.);
#1544=ADVANCED_FACE('',(#144),#37,.F.);
#1545=ADVANCED_FACE('',(#145),#1372,.T.);
#1546=ADVANCED_FACE('',(#146),#27,.T.);
#1547=ADVANCED_FACE('',(#147),#1373,.T.);
#1548=ADVANCED_FACE('',(#148),#1374,.F.);
#1549=ADVANCED_FACE('',(#149),#53,.T.);
#1550=ADVANCED_FACE('',(#150),#1375,.T.);
#1551=ADVANCED_FACE('',(#151),#54,.T.);
#1552=ADVANCED_FACE('',(#152),#1376,.F.);
#1553=ADVANCED_FACE('',(#153),#55,.T.);
#1554=ADVANCED_FACE('',(#154),#1377,.T.);
#1555=ADVANCED_FACE('',(#155),#56,.F.);
#1556=ADVANCED_FACE('',(#156),#1378,.T.);
#1557=ADVANCED_FACE('',(#157),#1379,.T.);
#1558=ADVANCED_FACE('',(#158),#1380,.T.);
#1559=ADVANCED_FACE('',(#159),#1381,.T.);
#1560=ADVANCED_FACE('',(#160),#1382,.F.);
#1561=ADVANCED_FACE('',(#161),#57,.T.);
#1562=ADVANCED_FACE('',(#162),#58,.F.);
#1563=ADVANCED_FACE('',(#163),#59,.F.);
#1564=ADVANCED_FACE('',(#164),#60,.T.);
#1565=CLOSED_SHELL('',(#1475,#1476,#1477,#1478,#1479,#1480,#1481,#1482,
#1483,#1484,#1485,#1486,#1487,#1488,#1489,#1490,#1491,#1492,#1493,#1494,
#1495,#1496,#1497,#1498,#1499,#1500,#1501,#1502,#1503,#1504,#1505,#1506,
#1507,#1508,#1509,#1510,#1511,#1512,#1513,#1514,#1515,#1516,#1517,#1518,
#1519,#1520,#1521,#1522,#1523,#1524,#1525,#1526,#1527,#1528,#1529,#1530,
#1531,#1532,#1533,#1534,#1535,#1536,#1537,#1538,#1539,#1540,#1541,#1542,
#1543,#1544,#1545,#1546,#1547,#1548,#1549,#1550,#1551,#1552,#1553,#1554,
#1555,#1556,#1557,#1558,#1559,#1560,#1561,#1562,#1563,#1564));
#1566=DERIVED_UNIT_ELEMENT(#1568,1.);
#1567=DERIVED_UNIT_ELEMENT(#3033,-3.);
#1568=(
CONVERSION_BASED_UNIT('gram',#1570)
MASS_UNIT()
NAMED_UNIT(#3030)
);
#1569=(
MASS_UNIT()
NAMED_UNIT(*)
SI_UNIT(.KILO.,.GRAM.)
);
#1570=MASS_MEASURE_WITH_UNIT(MASS_MEASURE(0.001),#1569);
#1571=DERIVED_UNIT((#1566,#1567));
#1572=MEASURE_REPRESENTATION_ITEM('density measure',
POSITIVE_RATIO_MEASURE(1.),#1571);
#1573=PROPERTY_DEFINITION_REPRESENTATION(#1578,#1575);
#1574=PROPERTY_DEFINITION_REPRESENTATION(#1579,#1576);
#1575=REPRESENTATION('material name',(#1577),#3027);
#1576=REPRESENTATION('density',(#1572),#3027);
#1577=DESCRIPTIVE_REPRESENTATION_ITEM('Generic','Generic');
#1578=PROPERTY_DEFINITION('material property','material name',#3041);
#1579=PROPERTY_DEFINITION('material property','density of part',#3041);
#1580=DATE_TIME_ROLE('creation_date');
#1581=APPLIED_DATE_AND_TIME_ASSIGNMENT(#1582,#1580,(#3041));
#1582=DATE_AND_TIME(#1583,#1584);
#1583=CALENDAR_DATE(2025,23,4);
#1584=LOCAL_TIME(0,0,0.,#1585);
#1585=COORDINATED_UNIVERSAL_TIME_OFFSET(0,0,.BEHIND.);
#1586=AXIS2_PLACEMENT_3D('',#2246,#1772,#1773);
#1587=AXIS2_PLACEMENT_3D('',#2247,#1774,#1775);
#1588=AXIS2_PLACEMENT_3D('',#2250,#1776,#1777);
#1589=AXIS2_PLACEMENT_3D('',#2254,#1779,#1780);
#1590=AXIS2_PLACEMENT_3D('',#2323,#1782,#1783);
#1591=AXIS2_PLACEMENT_3D('',#2324,#1784,#1785);
#1592=AXIS2_PLACEMENT_3D('',#2325,#1786,#1787);
#1593=AXIS2_PLACEMENT_3D('',#2331,#1791,#1792);
#1594=AXIS2_PLACEMENT_3D('',#2334,#1793,#1794);
#1595=AXIS2_PLACEMENT_3D('',#2338,#1796,#1797);
#1596=AXIS2_PLACEMENT_3D('',#2340,#1799,#1800);
#1597=AXIS2_PLACEMENT_3D('',#2346,#1804,#1805);
#1598=AXIS2_PLACEMENT_3D('',#2349,#1806,#1807);
#1599=AXIS2_PLACEMENT_3D('',#2353,#1809,#1810);
#1600=AXIS2_PLACEMENT_3D('',#2355,#1812,#1813);
#1601=AXIS2_PLACEMENT_3D('',#2361,#1817,#1818);
#1602=AXIS2_PLACEMENT_3D('',#2364,#1819,#1820);
#1603=AXIS2_PLACEMENT_3D('',#2368,#1822,#1823);
#1604=AXIS2_PLACEMENT_3D('',#2439,#1825,#1826);
#1605=AXIS2_PLACEMENT_3D('',#2440,#1827,#1828);
#1606=AXIS2_PLACEMENT_3D('',#2441,#1829,#1830);
#1607=AXIS2_PLACEMENT_3D('',#2445,#1832,#1833);
#1608=AXIS2_PLACEMENT_3D('',#2447,#1835,#1836);
#1609=AXIS2_PLACEMENT_3D('',#2456,#1839,#1840);
#1610=AXIS2_PLACEMENT_3D('',#2459,#1841,#1842);
#1611=AXIS2_PLACEMENT_3D('',#2463,#1844,#1845);
#1612=AXIS2_PLACEMENT_3D('',#2465,#1847,#1848);
#1613=AXIS2_PLACEMENT_3D('',#2471,#1852,#1853);
#1614=AXIS2_PLACEMENT_3D('',#2474,#1855,#1856);
#1615=AXIS2_PLACEMENT_3D('',#2477,#1858,#1859);
#1616=AXIS2_PLACEMENT_3D('',#2480,#1861,#1862);
#1617=AXIS2_PLACEMENT_3D('',#2483,#1864,#1865);
#1618=AXIS2_PLACEMENT_3D('',#2486,#1867,#1868);
#1619=AXIS2_PLACEMENT_3D('',#2487,#1869,#1870);
#1620=AXIS2_PLACEMENT_3D('',#2512,#1873,#1874);
#1621=AXIS2_PLACEMENT_3D('',#2513,#1875,#1876);
#1622=AXIS2_PLACEMENT_3D('',#2541,#1877,#1878);
#1623=AXIS2_PLACEMENT_3D('',#2542,#1879,#1880);
#1624=AXIS2_PLACEMENT_3D('',#2570,#1881,#1882);
#1625=AXIS2_PLACEMENT_3D('',#2571,#1883,#1884);
#1626=AXIS2_PLACEMENT_3D('',#2576,#1885,#1886);
#1627=AXIS2_PLACEMENT_3D('',#2579,#1889,#1890);
#1628=AXIS2_PLACEMENT_3D('',#2598,#1892,#1893);
#1629=AXIS2_PLACEMENT_3D('',#2600,#1894,#1895);
#1630=AXIS2_PLACEMENT_3D('',#2602,#1896,#1897);
#1631=AXIS2_PLACEMENT_3D('',#2603,#1898,#1899);
#1632=AXIS2_PLACEMENT_3D('',#2604,#1900,#1901);
#1633=AXIS2_PLACEMENT_3D('',#2606,#1902,#1903);
#1634=AXIS2_PLACEMENT_3D('',#2609,#1906,#1907);
#1635=AXIS2_PLACEMENT_3D('',#2611,#1908,#1909);
#1636=AXIS2_PLACEMENT_3D('',#2612,#1910,#1911);
#1637=AXIS2_PLACEMENT_3D('',#2613,#1912,#1913);
#1638=AXIS2_PLACEMENT_3D('',#2616,#1914,#1915);
#1639=AXIS2_PLACEMENT_3D('',#2635,#1918,#1919);
#1640=AXIS2_PLACEMENT_3D('',#2637,#1920,#1921);
#1641=AXIS2_PLACEMENT_3D('',#2638,#1922,#1923);
#1642=AXIS2_PLACEMENT_3D('',#2639,#1924,#1925);
#1643=AXIS2_PLACEMENT_3D('',#2642,#1926,#1927);
#1644=AXIS2_PLACEMENT_3D('',#2645,#1930,#1931);
#1645=AXIS2_PLACEMENT_3D('',#2648,#1932,#1933);
#1646=AXIS2_PLACEMENT_3D('',#2649,#1934,#1935);
#1647=AXIS2_PLACEMENT_3D('',#2650,#1936,#1937);
#1648=AXIS2_PLACEMENT_3D('',#2651,#1938,#1939);
#1649=AXIS2_PLACEMENT_3D('',#2654,#1940,#1941);
#1650=AXIS2_PLACEMENT_3D('',#2673,#1944,#1945);
#1651=AXIS2_PLACEMENT_3D('',#2675,#1946,#1947);
#1652=AXIS2_PLACEMENT_3D('',#2676,#1948,#1949);
#1653=AXIS2_PLACEMENT_3D('',#2677,#1950,#1951);
#1654=AXIS2_PLACEMENT_3D('',#2680,#1952,#1953);
#1655=AXIS2_PLACEMENT_3D('',#2683,#1956,#1957);
#1656=AXIS2_PLACEMENT_3D('',#2686,#1958,#1959);
#1657=AXIS2_PLACEMENT_3D('',#2687,#1960,#1961);
#1658=AXIS2_PLACEMENT_3D('',#2688,#1962,#1963);
#1659=AXIS2_PLACEMENT_3D('',#2689,#1964,#1965);
#1660=AXIS2_PLACEMENT_3D('',#2692,#1966,#1967);
#1661=AXIS2_PLACEMENT_3D('',#2711,#1970,#1971);
#1662=AXIS2_PLACEMENT_3D('',#2713,#1972,#1973);
#1663=AXIS2_PLACEMENT_3D('',#2714,#1974,#1975);
#1664=AXIS2_PLACEMENT_3D('',#2715,#1976,#1977);
#1665=AXIS2_PLACEMENT_3D('',#2718,#1978,#1979);
#1666=AXIS2_PLACEMENT_3D('',#2721,#1982,#1983);
#1667=AXIS2_PLACEMENT_3D('',#2724,#1984,#1985);
#1668=AXIS2_PLACEMENT_3D('',#2725,#1986,#1987);
#1669=AXIS2_PLACEMENT_3D('',#2726,#1988,#1989);
#1670=AXIS2_PLACEMENT_3D('',#2727,#1990,#1991);
#1671=AXIS2_PLACEMENT_3D('',#2730,#1992,#1993);
#1672=AXIS2_PLACEMENT_3D('',#2749,#1996,#1997);
#1673=AXIS2_PLACEMENT_3D('',#2751,#1998,#1999);
#1674=AXIS2_PLACEMENT_3D('',#2752,#2000,#2001);
#1675=AXIS2_PLACEMENT_3D('',#2753,#2002,#2003);
#1676=AXIS2_PLACEMENT_3D('',#2756,#2004,#2005);
#1677=AXIS2_PLACEMENT_3D('',#2759,#2008,#2009);
#1678=AXIS2_PLACEMENT_3D('',#2762,#2010,#2011);
#1679=AXIS2_PLACEMENT_3D('',#2763,#2012,#2013);
#1680=AXIS2_PLACEMENT_3D('',#2764,#2014,#2015);
#1681=AXIS2_PLACEMENT_3D('',#2765,#2016,#2017);
#1682=AXIS2_PLACEMENT_3D('',#2768,#2020,#2021);
#1683=AXIS2_PLACEMENT_3D('',#2774,#2025,#2026);
#1684=AXIS2_PLACEMENT_3D('',#2777,#2028,#2029);
#1685=AXIS2_PLACEMENT_3D('',#2778,#2030,#2031);
#1686=AXIS2_PLACEMENT_3D('',#2782,#2034,#2035);
#1687=AXIS2_PLACEMENT_3D('',#2785,#2037,#2038);
#1688=AXIS2_PLACEMENT_3D('',#2786,#2039,#2040);
#1689=AXIS2_PLACEMENT_3D('',#2790,#2043,#2044);
#1690=AXIS2_PLACEMENT_3D('',#2793,#2046,#2047);
#1691=AXIS2_PLACEMENT_3D('',#2794,#2048,#2049);
#1692=AXIS2_PLACEMENT_3D('',#2798,#2052,#2053);
#1693=AXIS2_PLACEMENT_3D('',#2801,#2055,#2056);
#1694=AXIS2_PLACEMENT_3D('',#2802,#2057,#2058);
#1695=AXIS2_PLACEMENT_3D('',#2806,#2061,#2062);
#1696=AXIS2_PLACEMENT_3D('',#2809,#2064,#2065);
#1697=AXIS2_PLACEMENT_3D('',#2810,#2066,#2067);
#1698=AXIS2_PLACEMENT_3D('',#2811,#2068,#2069);
#1699=AXIS2_PLACEMENT_3D('',#2815,#2072,#2073);
#1700=AXIS2_PLACEMENT_3D('',#2817,#2074,#2075);
#1701=AXIS2_PLACEMENT_3D('',#2820,#2077,#2078);
#1702=AXIS2_PLACEMENT_3D('',#2822,#2080,#2081);
#1703=AXIS2_PLACEMENT_3D('',#2823,#2082,#2083);
#1704=AXIS2_PLACEMENT_3D('',#2841,#2084,#2085);
#1705=AXIS2_PLACEMENT_3D('',#2843,#2086,#2087);
#1706=AXIS2_PLACEMENT_3D('',#2845,#2088,#2089);
#1707=AXIS2_PLACEMENT_3D('',#2846,#2090,#2091);
#1708=AXIS2_PLACEMENT_3D('',#2847,#2092,#2093);
#1709=AXIS2_PLACEMENT_3D('',#2850,#2094,#2095);
#1710=AXIS2_PLACEMENT_3D('',#2853,#2098,#2099);
#1711=AXIS2_PLACEMENT_3D('',#2856,#2100,#2101);
#1712=AXIS2_PLACEMENT_3D('',#2857,#2102,#2103);
#1713=AXIS2_PLACEMENT_3D('',#2858,#2104,#2105);
#1714=AXIS2_PLACEMENT_3D('',#2859,#2106,#2107);
#1715=AXIS2_PLACEMENT_3D('',#2861,#2108,#2109);
#1716=AXIS2_PLACEMENT_3D('',#2880,#2112,#2113);
#1717=AXIS2_PLACEMENT_3D('',#2881,#2114,#2115);
#1718=AXIS2_PLACEMENT_3D('',#2882,#2116,#2117);
#1719=AXIS2_PLACEMENT_3D('',#2884,#2118,#2119);
#1720=AXIS2_PLACEMENT_3D('',#2886,#2121,#2122);
#1721=AXIS2_PLACEMENT_3D('',#2888,#2123,#2124);
#1722=AXIS2_PLACEMENT_3D('',#2889,#2125,#2126);
#1723=AXIS2_PLACEMENT_3D('',#2890,#2127,#2128);
#1724=AXIS2_PLACEMENT_3D('',#2892,#2129,#2130);
#1725=AXIS2_PLACEMENT_3D('',#2910,#2132,#2133);
#1726=AXIS2_PLACEMENT_3D('',#2911,#2134,#2135);
#1727=AXIS2_PLACEMENT_3D('',#2912,#2136,#2137);
#1728=AXIS2_PLACEMENT_3D('',#2914,#2138,#2139);
#1729=AXIS2_PLACEMENT_3D('',#2916,#2141,#2142);
#1730=AXIS2_PLACEMENT_3D('',#2918,#2143,#2144);
#1731=AXIS2_PLACEMENT_3D('',#2919,#2145,#2146);
#1732=AXIS2_PLACEMENT_3D('',#2920,#2147,#2148);
#1733=AXIS2_PLACEMENT_3D('',#2922,#2149,#2150);
#1734=AXIS2_PLACEMENT_3D('',#2940,#2152,#2153);
#1735=AXIS2_PLACEMENT_3D('',#2941,#2154,#2155);
#1736=AXIS2_PLACEMENT_3D('',#2942,#2156,#2157);
#1737=AXIS2_PLACEMENT_3D('',#2944,#2158,#2159);
#1738=AXIS2_PLACEMENT_3D('',#2946,#2161,#2162);
#1739=AXIS2_PLACEMENT_3D('',#2949,#2163,#2164);
#1740=AXIS2_PLACEMENT_3D('',#2950,#2165,#2166);
#1741=AXIS2_PLACEMENT_3D('',#2951,#2167,#2168);
#1742=AXIS2_PLACEMENT_3D('',#2952,#2169,#2170);
#1743=AXIS2_PLACEMENT_3D('',#2955,#2171,#2172);
#1744=AXIS2_PLACEMENT_3D('',#2975,#2175,#2176);
#1745=AXIS2_PLACEMENT_3D('',#2976,#2177,#2178);
#1746=AXIS2_PLACEMENT_3D('',#2977,#2179,#2180);
#1747=AXIS2_PLACEMENT_3D('',#2978,#2181,#2182);
#1748=AXIS2_PLACEMENT_3D('',#2981,#2183,#2184);
#1749=AXIS2_PLACEMENT_3D('',#2984,#2187,#2188);
#1750=AXIS2_PLACEMENT_3D('',#2987,#2189,#2190);
#1751=AXIS2_PLACEMENT_3D('',#2988,#2191,#2192);
#1752=AXIS2_PLACEMENT_3D('',#2989,#2193,#2194);
#1753=AXIS2_PLACEMENT_3D('',#2990,#2195,#2196);
#1754=AXIS2_PLACEMENT_3D('',#2993,#2199,#2200);
#1755=AXIS2_PLACEMENT_3D('',#2995,#2202,#2203);
#1756=AXIS2_PLACEMENT_3D('',#2997,#2205,#2206);
#1757=AXIS2_PLACEMENT_3D('',#2999,#2208,#2209);
#1758=AXIS2_PLACEMENT_3D('',#3001,#2211,#2212);
#1759=AXIS2_PLACEMENT_3D('',#3003,#2214,#2215);
#1760=AXIS2_PLACEMENT_3D('',#3005,#2217,#2218);
#1761=AXIS2_PLACEMENT_3D('',#3007,#2220,#2221);
#1762=AXIS2_PLACEMENT_3D('',#3008,#2222,#2223);
#1763=AXIS2_PLACEMENT_3D('',#3010,#2225,#2226);
#1764=AXIS2_PLACEMENT_3D('',#3012,#2228,#2229);
#1765=AXIS2_PLACEMENT_3D('',#3013,#2230,#2231);
#1766=AXIS2_PLACEMENT_3D('',#3014,#2232,#2233);
#1767=AXIS2_PLACEMENT_3D('',#3017,#2236,#2237);
#1768=AXIS2_PLACEMENT_3D('',#3018,#2238,#2239);
#1769=AXIS2_PLACEMENT_3D('',#3019,#2240,#2241);
#1770=AXIS2_PLACEMENT_3D('',#3020,#2242,#2243);
#1771=AXIS2_PLACEMENT_3D('',#3021,#2244,#2245);
#1772=DIRECTION('axis',(0.,0.,1.));
#1773=DIRECTION('refdir',(1.,0.,0.));
#1774=DIRECTION('center_axis',(0.,1.,0.));
#1775=DIRECTION('ref_axis',(0.587785252292473,0.,0.809016994374948));
#1776=DIRECTION('center_axis',(0.,1.,0.));
#1777=DIRECTION('ref_axis',(0.587785252292473,0.,0.809016994374948));
#1778=DIRECTION('',(0.,1.,0.));
#1779=DIRECTION('center_axis',(0.,1.,0.));
#1780=DIRECTION('ref_axis',(-0.52441574288613,0.,0.851462347149414));
#1781=DIRECTION('',(0.,-1.,0.));
#1782=DIRECTION('center_axis',(-0.766176198965148,-3.59540530467734E-15,
0.642630556493634));
#1783=DIRECTION('ref_axis',(-0.642630556493634,0.,-0.766176198965148));
#1784=DIRECTION('center_axis',(0.52441574288613,0.,-0.851462347149413));
#1785=DIRECTION('ref_axis',(-0.851462347149413,-6.15358637657486E-17,-0.52441574288613));
#1786=DIRECTION('center_axis',(-0.52441574288613,0.,0.851462347149413));
#1787=DIRECTION('ref_axis',(0.851462347149413,0.,0.52441574288613));
#1788=DIRECTION('',(-0.851462347149413,0.,-0.52441574288613));
#1789=DIRECTION('',(0.,-1.,0.));
#1790=DIRECTION('',(-0.851462347149413,0.,-0.52441574288613));
#1791=DIRECTION('center_axis',(0.,1.,0.));
#1792=DIRECTION('ref_axis',(-0.587785252292473,0.,0.809016994374948));
#1793=DIRECTION('center_axis',(0.,1.,0.));
#1794=DIRECTION('ref_axis',(-0.587785252292473,0.,0.809016994374948));
#1795=DIRECTION('',(0.,-1.,0.));
#1796=DIRECTION('center_axis',(0.,1.,0.));
#1797=DIRECTION('ref_axis',(-0.587785252292473,0.,0.809016994374948));
#1798=DIRECTION('',(0.,1.,0.));
#1799=DIRECTION('center_axis',(-0.971842190305993,0.,-0.235632674180068));
#1800=DIRECTION('ref_axis',(-0.235632674180068,0.,0.971842190305993));
#1801=DIRECTION('',(0.235632674180068,0.,-0.971842190305993));
#1802=DIRECTION('',(0.,-1.,0.));
#1803=DIRECTION('',(0.235632674180068,0.,-0.971842190305993));
#1804=DIRECTION('center_axis',(0.,1.,0.));
#1805=DIRECTION('ref_axis',(-0.951056516295154,0.,-0.309016994374948));
#1806=DIRECTION('center_axis',(0.,1.,0.));
#1807=DIRECTION('ref_axis',(-0.951056516295154,0.,-0.309016994374948));
#1808=DIRECTION('',(0.,-1.,0.));
#1809=DIRECTION('center_axis',(0.,1.,0.));
#1810=DIRECTION('ref_axis',(-0.951056516295154,0.,-0.309016994374948));
#1811=DIRECTION('',(0.,1.,0.));
#1812=DIRECTION('center_axis',(-0.0762157624241172,0.,-0.997091348652725));
#1813=DIRECTION('ref_axis',(-0.997091348652725,0.,0.0762157624241172));
#1814=DIRECTION('',(0.997091348652725,0.,-0.0762157624241172));
#1815=DIRECTION('',(0.,-1.,0.));
#1816=DIRECTION('',(0.997091348652725,0.,-0.0762157624241172));
#1817=DIRECTION('center_axis',(0.,1.,0.));
#1818=DIRECTION('ref_axis',(0.951056516295154,0.,-0.309016994374948));
#1819=DIRECTION('center_axis',(0.,1.,0.));
#1820=DIRECTION('ref_axis',(0.951056516295154,0.,-0.309016994374948));
#1821=DIRECTION('',(0.,1.,0.));
#1822=DIRECTION('center_axis',(0.,1.,0.));
#1823=DIRECTION('ref_axis',(0.647735436966842,0.,0.761865344859165));
#1824=DIRECTION('',(0.,-1.,0.));
#1825=DIRECTION('center_axis',(-0.0762157624241171,0.,0.997091348652725));
#1826=DIRECTION('ref_axis',(-0.997091348652725,9.23037956486229E-17,-0.0762157624241171));
#1827=DIRECTION('center_axis',(-0.242120801868945,0.,-0.970246111717197));
#1828=DIRECTION('ref_axis',(-0.970246111717197,0.,0.242120801868945));
#1829=DIRECTION('center_axis',(-0.761865344859168,0.,0.647735436966839));
#1830=DIRECTION('ref_axis',(-0.259094174786732,0.916515138991169,-0.304746137943667));
#1831=DIRECTION('',(-0.761865344859168,0.,0.647735436966839));
#1832=DIRECTION('center_axis',(0.761865344859174,-8.89982557685759E-15,
-0.647735436966831));
#1833=DIRECTION('ref_axis',(-0.647735436966831,0.,-0.761865344859174));
#1834=DIRECTION('',(-0.761865344859168,0.,0.647735436966839));
#1835=DIRECTION('center_axis',(0.647735436966839,0.,0.761865344859168));
#1836=DIRECTION('ref_axis',(0.761865344859168,0.,-0.647735436966839));
#1837=DIRECTION('',(-0.761865344859168,0.,0.647735436966839));
#1838=DIRECTION('',(0.,-1.,0.));
#1839=DIRECTION('center_axis',(0.,1.,0.));
#1840=DIRECTION('ref_axis',(5.74213695749213E-15,0.,-1.));
#1841=DIRECTION('center_axis',(0.,1.,0.));
#1842=DIRECTION('ref_axis',(5.74213695749213E-15,0.,-1.));
#1843=DIRECTION('',(0.,-1.,0.));
#1844=DIRECTION('center_axis',(0.,1.,0.));
#1845=DIRECTION('ref_axis',(5.74213695749213E-15,0.,-1.));
#1846=DIRECTION('',(0.,1.,0.));
#1847=DIRECTION('center_axis',(0.924738258649402,0.,-0.380603669175788));
#1848=DIRECTION('ref_axis',(-0.380603669175788,0.,-0.924738258649401));
#1849=DIRECTION('',(0.380603669175788,0.,0.924738258649401));
#1850=DIRECTION('',(0.,-1.,0.));
#1851=DIRECTION('',(0.380603669175788,0.,0.924738258649401));
#1852=DIRECTION('center_axis',(0.,1.,0.));
#1853=DIRECTION('ref_axis',(0.,0.,1.));
#1854=DIRECTION('',(0.235632674180068,0.,0.971842190305993));
#1855=DIRECTION('center_axis',(0.,-1.,0.));
#1856=DIRECTION('ref_axis',(-0.951056516295154,0.,-0.309016994374946));
#1857=DIRECTION('',(0.997091348652725,0.,0.0762157624241171));
#1858=DIRECTION('center_axis',(0.,-1.,0.));
#1859=DIRECTION('ref_axis',(-0.587785252292472,0.,0.809016994374948));
#1860=DIRECTION('',(0.380603669175788,0.,-0.924738258649402));
#1861=DIRECTION('center_axis',(0.,-1.,0.));
#1862=DIRECTION('ref_axis',(0.587785252292474,0.,0.809016994374947));
#1863=DIRECTION('',(-0.761865344859168,0.,-0.647735436966839));
#1864=DIRECTION('center_axis',(0.,-1.,0.));
#1865=DIRECTION('ref_axis',(0.951056516295153,0.,-0.309016994374949));
#1866=DIRECTION('',(-0.851462347149413,0.,0.52441574288613));
#1867=DIRECTION('center_axis',(0.,-1.,0.));
#1868=DIRECTION('ref_axis',(-7.18685861599718E-16,0.,-1.));
#1869=DIRECTION('center_axis',(-0.924738258649402,0.,-0.380603669175788));
#1870=DIRECTION('ref_axis',(-0.380603669175788,0.,0.924738258649402));
#1871=DIRECTION('',(0.380603669175788,0.,-0.924738258649402));
#1872=DIRECTION('',(0.,1.,0.));
#1873=DIRECTION('center_axis',(0.759454425613498,0.0794919896554016,-0.645685681269686));
#1874=DIRECTION('ref_axis',(-0.647735436966837,8.39223703653662E-15,-0.761865344859169));
#1875=DIRECTION('center_axis',(0.,1.,0.));
#1876=DIRECTION('ref_axis',(-0.951056516295153,0.,-0.309016994374948));
#1877=DIRECTION('center_axis',(-0.234887015707841,-0.079491989655401,-0.968766800335607));
#1878=DIRECTION('ref_axis',(-0.971842190305993,0.,0.235632674180067));
#1879=DIRECTION('center_axis',(0.,1.,0.));
#1880=DIRECTION('ref_axis',(-0.951056516295153,0.,-0.309016994374948));
#1881=DIRECTION('center_axis',(-0.235632674180074,-2.83517650233228E-15,
-0.971842190305992));
#1882=DIRECTION('ref_axis',(-0.971842190305992,1.11896493820488E-14,0.235632674180074));
#1883=DIRECTION('center_axis',(0.,1.,0.));
#1884=DIRECTION('ref_axis',(-0.951056516295153,0.,-0.309016994374948));
#1885=DIRECTION('center_axis',(0.235632674180068,0.,0.971842190305993));
#1886=DIRECTION('ref_axis',(-0.388736876122398,0.916515138991167,0.0942530696720274));
#1887=DIRECTION('',(0.235632674180068,0.,0.971842190305993));
#1888=DIRECTION('',(0.235632674180068,0.,0.971842190305993));
#1889=DIRECTION('center_axis',(0.,1.,0.));
#1890=DIRECTION('ref_axis',(-0.951056516295154,0.,-0.309016994374946));
#1891=DIRECTION('',(0.,1.,0.));
#1892=DIRECTION('center_axis',(0.,-1.,0.));
#1893=DIRECTION('ref_axis',(0.951056516295153,0.,-0.309016994374948));
#1894=DIRECTION('center_axis',(0.761865344859166,0.,-0.647735436966841));
#1895=DIRECTION('ref_axis',(0.,1.,0.));
#1896=DIRECTION('center_axis',(0.,1.,0.));
#1897=DIRECTION('ref_axis',(0.951056516295153,0.,-0.309016994374948));
#1898=DIRECTION('center_axis',(0.997091348652725,0.,0.0762157624241173));
#1899=DIRECTION('ref_axis',(0.0762157624241172,0.,-0.997091348652725));
#1900=DIRECTION('center_axis',(0.761865344859168,0.,-0.647735436966839));
#1901=DIRECTION('ref_axis',(0.458018119894082,0.707106781186549,0.538720151700945));
#1902=DIRECTION('center_axis',(0.761865344859169,0.,-0.647735436966837));
#1903=DIRECTION('ref_axis',(0.,1.,0.));
#1904=DIRECTION('',(0.761865344859168,0.,-0.647735436966839));
#1905=DIRECTION('',(-0.761865344859168,0.,0.647735436966839));
#1906=DIRECTION('center_axis',(0.,1.,0.));
#1907=DIRECTION('ref_axis',(0.,0.,1.));
#1908=DIRECTION('center_axis',(-0.235632674180067,0.,-0.971842190305993));
#1909=DIRECTION('ref_axis',(0.,1.,0.));
#1910=DIRECTION('center_axis',(0.,-1.,0.));
#1911=DIRECTION('ref_axis',(-0.951056516295153,0.,-0.309016994374948));
#1912=DIRECTION('center_axis',(-0.235632674180068,0.,-0.971842190305993));
#1913=DIRECTION('ref_axis',(0.687196203008555,0.707106781186548,-0.166617461781845));
#1914=DIRECTION('center_axis',(-0.235632674180077,0.,-0.971842190305991));
#1915=DIRECTION('ref_axis',(0.,1.,0.));
#1916=DIRECTION('',(-0.235632674180068,0.,-0.971842190305993));
#1917=DIRECTION('',(0.235632674180068,0.,0.971842190305993));
#1918=DIRECTION('center_axis',(0.,1.,0.));
#1919=DIRECTION('ref_axis',(0.,0.,-1.));
#1920=DIRECTION('center_axis',(0.851462347149414,0.,0.52441574288613));
#1921=DIRECTION('ref_axis',(0.,1.,0.));
#1922=DIRECTION('center_axis',(0.,1.,0.));
#1923=DIRECTION('ref_axis',(0.587785252292476,0.,0.809016994374945));
#1924=DIRECTION('center_axis',(0.851462347149413,0.,0.52441574288613));
#1925=DIRECTION('ref_axis',(-0.370817927955763,0.707106781186548,0.602074799594364));
#1926=DIRECTION('center_axis',(0.851462347149414,0.,0.52441574288613));
#1927=DIRECTION('ref_axis',(0.,1.,0.));
#1928=DIRECTION('',(0.851462347149413,0.,0.52441574288613));
#1929=DIRECTION('',(-0.851462347149413,0.,-0.52441574288613));
#1930=DIRECTION('center_axis',(0.,1.,0.));
#1931=DIRECTION('ref_axis',(-1.22464679914735E-16,0.,-1.));
#1932=DIRECTION('center_axis',(0.851462347149413,0.,-0.52441574288613));
#1933=DIRECTION('ref_axis',(0.,1.,0.));
#1934=DIRECTION('center_axis',(0.,-1.,0.));
#1935=DIRECTION('ref_axis',(8.32667268468868E-16,0.,-1.));
#1936=DIRECTION('center_axis',(0.,1.,0.));
#1937=DIRECTION('ref_axis',(8.32667268468868E-16,0.,-1.));
#1938=DIRECTION('center_axis',(0.851462347149413,0.,-0.52441574288613));
#1939=DIRECTION('ref_axis',(0.370817927955763,0.707106781186548,0.602074799594364));
#1940=DIRECTION('center_axis',(0.851462347149412,0.,-0.524415742886132));
#1941=DIRECTION('ref_axis',(0.,1.,0.));
#1942=DIRECTION('',(0.851462347149413,0.,-0.52441574288613));
#1943=DIRECTION('',(-0.851462347149413,0.,0.52441574288613));
#1944=DIRECTION('center_axis',(0.,1.,0.));
#1945=DIRECTION('ref_axis',(0.,0.,-1.));
#1946=DIRECTION('center_axis',(-0.235632674180067,0.,0.971842190305993));
#1947=DIRECTION('ref_axis',(0.,1.,0.));
#1948=DIRECTION('center_axis',(0.,1.,0.));
#1949=DIRECTION('ref_axis',(-0.587785252292472,0.,0.809016994374948));
#1950=DIRECTION('center_axis',(-0.235632674180068,0.,0.971842190305993));
#1951=DIRECTION('ref_axis',(-0.687196203008555,0.707106781186548,-0.166617461781845));
#1952=DIRECTION('center_axis',(-0.235632674180073,2.7186433410516E-15,0.971842190305992));
#1953=DIRECTION('ref_axis',(0.,1.,-2.79741234551221E-15));
#1954=DIRECTION('',(-0.235632674180068,0.,0.971842190305993));
#1955=DIRECTION('',(0.235632674180068,0.,-0.971842190305993));
#1956=DIRECTION('center_axis',(0.,1.,0.));
#1957=DIRECTION('ref_axis',(0.,0.,1.));
#1958=DIRECTION('center_axis',(0.761865344859168,0.,0.647735436966839));
#1959=DIRECTION('ref_axis',(0.,1.,0.));
#1960=DIRECTION('center_axis',(0.,-1.,0.));
#1961=DIRECTION('ref_axis',(0.951056516295154,0.,-0.309016994374947));
#1962=DIRECTION('center_axis',(0.,1.,0.));
#1963=DIRECTION('ref_axis',(0.951056516295154,0.,-0.309016994374947));
#1964=DIRECTION('center_axis',(0.761865344859168,0.,0.647735436966839));
#1965=DIRECTION('ref_axis',(-0.458018119894087,0.707106781186545,0.538720151700946));
#1966=DIRECTION('center_axis',(0.761865344859169,0.,0.647735436966837));
#1967=DIRECTION('ref_axis',(0.,1.,0.));
#1968=DIRECTION('',(0.761865344859168,0.,0.647735436966839));
#1969=DIRECTION('',(-0.761865344859168,0.,-0.647735436966839));
#1970=DIRECTION('center_axis',(0.,1.,0.));
#1971=DIRECTION('ref_axis',(0.,0.,-1.));
#1972=DIRECTION('center_axis',(-0.997091348652725,0.,0.0762157624241177));
#1973=DIRECTION('ref_axis',(0.,1.,0.));
#1974=DIRECTION('center_axis',(0.,1.,0.));
#1975=DIRECTION('ref_axis',(-0.951056516295154,0.,-0.309016994374947));
#1976=DIRECTION('center_axis',(-0.997091348652725,0.,0.0762157624241172));
#1977=DIRECTION('ref_axis',(-0.0538926824433964,0.707106781186549,-0.705050054094781));
#1978=DIRECTION('center_axis',(-0.997091348652725,0.,0.0762157624241149));
#1979=DIRECTION('ref_axis',(0.,1.,0.));
#1980=DIRECTION('',(-0.997091348652725,0.,0.0762157624241172));
#1981=DIRECTION('',(0.997091348652725,0.,-0.0762157624241172));
#1982=DIRECTION('center_axis',(0.,1.,0.));
#1983=DIRECTION('ref_axis',(0.,0.,1.));
#1984=DIRECTION('center_axis',(-0.380603669175787,0.,0.924738258649402));
#1985=DIRECTION('ref_axis',(0.,1.,0.));
#1986=DIRECTION('center_axis',(0.,-1.,0.));
#1987=DIRECTION('ref_axis',(0.587785252292472,0.,0.809016994374948));
#1988=DIRECTION('center_axis',(0.,1.,0.));
#1989=DIRECTION('ref_axis',(0.587785252292472,0.,0.809016994374948));
#1990=DIRECTION('center_axis',(-0.380603669175788,0.,0.924738258649402));
#1991=DIRECTION('ref_axis',(-0.653888693513632,0.707106781186548,-0.269127435418678));
#1992=DIRECTION('center_axis',(-0.380603669175789,0.,0.924738258649401));
#1993=DIRECTION('ref_axis',(0.,1.,0.));
#1994=DIRECTION('',(-0.380603669175788,0.,0.924738258649402));
#1995=DIRECTION('',(0.380603669175788,0.,-0.924738258649402));
#1996=DIRECTION('center_axis',(0.,1.,0.));
#1997=DIRECTION('ref_axis',(0.,0.,-1.));
#1998=DIRECTION('center_axis',(-0.380603669175788,0.,-0.924738258649401));
#1999=DIRECTION('ref_axis',(0.,1.,0.));
#2000=DIRECTION('center_axis',(0.,1.,0.));
#2001=DIRECTION('ref_axis',(-1.16011834009043E-15,0.,-1.));
#2002=DIRECTION('center_axis',(-0.380603669175788,0.,-0.924738258649402));
#2003=DIRECTION('ref_axis',(0.653888693513631,0.707106781186549,-0.269127435418678));
#2004=DIRECTION('center_axis',(-0.380603669175788,0.,-0.924738258649402));
#2005=DIRECTION('ref_axis',(0.,1.,0.));
#2006=DIRECTION('',(-0.380603669175788,0.,-0.924738258649401));
#2007=DIRECTION('',(0.380603669175788,0.,0.924738258649401));
#2008=DIRECTION('center_axis',(0.,1.,0.));
#2009=DIRECTION('ref_axis',(0.,0.,1.));
#2010=DIRECTION('center_axis',(-0.997091348652725,0.,-0.0762157624241179));
#2011=DIRECTION('ref_axis',(0.,1.,0.));
#2012=DIRECTION('center_axis',(0.,-1.,0.));
#2013=DIRECTION('ref_axis',(-0.587785252292472,0.,0.809016994374948));
#2014=DIRECTION('center_axis',(0.,1.,0.));
#2015=DIRECTION('ref_axis',(-0.587785252292472,0.,0.809016994374948));
#2016=DIRECTION('center_axis',(-0.997091348652725,0.,-0.0762157624241171));
#2017=DIRECTION('ref_axis',(0.0538926824433964,0.707106781186549,-0.705050054094781));
#2018=DIRECTION('',(0.997091348652725,0.,0.0762157624241171));
#2019=DIRECTION('',(-0.997091348652725,0.,-0.0762157624241171));
#2020=DIRECTION('center_axis',(-0.647735436966839,0.,0.761865344859168));
#2021=DIRECTION('ref_axis',(0.761865344859168,0.,0.647735436966839));
#2022=DIRECTION('',(0.,1.,0.));
#2023=DIRECTION('',(-0.761865344859168,0.,-0.647735436966839));
#2024=DIRECTION('',(0.,-1.,0.));
#2025=DIRECTION('center_axis',(0.,1.,0.));
#2026=DIRECTION('ref_axis',(-0.951056516295154,0.,-0.309016994374948));
#2027=DIRECTION('',(0.,-1.,0.));
#2028=DIRECTION('center_axis',(0.,-1.,0.));
#2029=DIRECTION('ref_axis',(-0.951056516295154,0.,-0.309016994374947));
#2030=DIRECTION('center_axis',(-0.0762157624241172,0.,-0.997091348652725));
#2031=DIRECTION('ref_axis',(-0.997091348652725,0.,0.0762157624241172));
#2032=DIRECTION('',(0.,1.,0.));
#2033=DIRECTION('',(0.997091348652725,0.,-0.0762157624241172));
#2034=DIRECTION('center_axis',(0.,1.,0.));
#2035=DIRECTION('ref_axis',(0.587785252292472,0.,0.809016994374948));
#2036=DIRECTION('',(0.,-1.,0.));
#2037=DIRECTION('center_axis',(0.,1.,0.));
#2038=DIRECTION('ref_axis',(0.587785252292472,0.,0.809016994374948));
#2039=DIRECTION('center_axis',(-0.924738258649402,0.,-0.380603669175788));
#2040=DIRECTION('ref_axis',(-0.380603669175788,0.,0.924738258649402));
#2041=DIRECTION('',(0.,1.,0.));
#2042=DIRECTION('',(0.380603669175788,0.,-0.924738258649402));
#2043=DIRECTION('center_axis',(0.,1.,0.));
#2044=DIRECTION('ref_axis',(1.83748382639749E-15,0.,-1.));
#2045=DIRECTION('',(0.,-1.,0.));
#2046=DIRECTION('center_axis',(0.,-1.,0.));
#2047=DIRECTION('ref_axis',(-1.16011834009043E-15,0.,-1.));
#2048=DIRECTION('center_axis',(0.924738258649402,0.,-0.380603669175788));
#2049=DIRECTION('ref_axis',(-0.380603669175788,0.,-0.924738258649401));
#2050=DIRECTION('',(0.,1.,0.));
#2051=DIRECTION('',(0.380603669175788,0.,0.924738258649401));
#2052=DIRECTION('center_axis',(0.,1.,0.));
#2053=DIRECTION('ref_axis',(-0.587785252292472,0.,0.809016994374948));
#2054=DIRECTION('',(0.,-1.,0.));
#2055=DIRECTION('center_axis',(0.,1.,0.));
#2056=DIRECTION('ref_axis',(-0.587785252292472,0.,0.809016994374948));
#2057=DIRECTION('center_axis',(0.0762157624241171,0.,-0.997091348652725));
#2058=DIRECTION('ref_axis',(-0.997091348652725,0.,-0.0762157624241171));
#2059=DIRECTION('',(0.,1.,0.));
#2060=DIRECTION('',(0.997091348652725,0.,0.0762157624241171));
#2061=DIRECTION('center_axis',(0.,1.,0.));
#2062=DIRECTION('ref_axis',(0.951056516295154,0.,-0.309016994374948));
#2063=DIRECTION('',(0.,-1.,0.));
#2064=DIRECTION('center_axis',(0.,-1.,0.));
#2065=DIRECTION('ref_axis',(0.951056516295153,0.,-0.309016994374948));
#2066=DIRECTION('center_axis',(0.971842190305993,0.,-0.235632674180068));
#2067=DIRECTION('ref_axis',(-0.235632674180068,0.,-0.971842190305993));
#2068=DIRECTION('center_axis',(0.0762157624241171,0.,-0.997091348652725));
#2069=DIRECTION('ref_axis',(-0.997091348652725,0.,-0.0762157624241171));
#2070=DIRECTION('',(0.997091348652725,0.,0.0762157624241171));
#2071=DIRECTION('',(0.,1.,0.));
#2072=DIRECTION('center_axis',(0.,1.,0.));
#2073=DIRECTION('ref_axis',(0.,0.,1.));
#2074=DIRECTION('center_axis',(0.,-1.,0.));
#2075=DIRECTION('ref_axis',(-7.18685861599718E-16,0.,-1.));
#2076=DIRECTION('',(-0.851462347149413,0.,0.52441574288613));
#2077=DIRECTION('center_axis',(0.,-1.,0.));
#2078=DIRECTION('ref_axis',(0.951056516295153,0.,-0.309016994374949));
#2079=DIRECTION('',(-0.761865344859168,0.,-0.647735436966839));
#2080=DIRECTION('center_axis',(0.,-1.,0.));
#2081=DIRECTION('ref_axis',(0.587785252292474,0.,0.809016994374947));
#2082=DIRECTION('center_axis',(0.,-1.,0.));
#2083=DIRECTION('ref_axis',(-0.587785252292472,0.,0.809016994374948));
#2084=DIRECTION('center_axis',(0.851462347149414,0.,0.52441574288613));
#2085=DIRECTION('ref_axis',(-0.52441574288613,0.,0.851462347149414));
#2086=DIRECTION('center_axis',(0.,1.,0.));
#2087=DIRECTION('ref_axis',(0.587785252292476,0.,0.809016994374945));
#2088=DIRECTION('center_axis',(0.235632674180071,0.,0.971842190305992));
#2089=DIRECTION('ref_axis',(0.,-1.,0.));
#2090=DIRECTION('center_axis',(0.,-1.,0.));
#2091=DIRECTION('ref_axis',(0.587785252292476,0.,0.809016994374945));
#2092=DIRECTION('center_axis',(-0.235632674180068,0.,-0.971842190305993));
#2093=DIRECTION('ref_axis',(0.687196203008557,-0.707106781186545,-0.166617461781847));
#2094=DIRECTION('center_axis',(0.235632674180068,0.,0.971842190305993));
#2095=DIRECTION('ref_axis',(0.,-1.,0.));
#2096=DIRECTION('',(0.235632674180068,0.,0.971842190305993));
#2097=DIRECTION('',(-0.235632674180068,0.,-0.971842190305993));
#2098=DIRECTION('center_axis',(0.,-1.,0.));
#2099=DIRECTION('ref_axis',(0.,0.,-1.));
#2100=DIRECTION('center_axis',(-0.761865344859168,0.,0.647735436966838));
#2101=DIRECTION('ref_axis',(0.,-1.,0.));
#2102=DIRECTION('center_axis',(0.,1.,0.));
#2103=DIRECTION('ref_axis',(-0.951056516295153,0.,-0.309016994374948));
#2104=DIRECTION('center_axis',(0.,-1.,0.));
#2105=DIRECTION('ref_axis',(-0.951056516295153,0.,-0.309016994374948));
#2106=DIRECTION('center_axis',(0.761865344859168,0.,-0.647735436966839));
#2107=DIRECTION('ref_axis',(0.458018119894083,-0.707106781186548,0.538720151700945));
#2108=DIRECTION('center_axis',(-0.76186534485917,0.,0.647735436966836));
#2109=DIRECTION('ref_axis',(0.,-1.,0.));
#2110=DIRECTION('',(-0.761865344859168,0.,0.647735436966839));
#2111=DIRECTION('',(0.761865344859168,0.,-0.647735436966839));
#2112=DIRECTION('center_axis',(0.997091348652725,0.,0.0762157624241173));
#2113=DIRECTION('ref_axis',(0.,-1.,0.));
#2114=DIRECTION('center_axis',(0.,1.,0.));
#2115=DIRECTION('ref_axis',(0.951056516295153,0.,-0.309016994374948));
#2116=DIRECTION('center_axis',(-0.997091348652725,0.,-0.0762157624241171));
#2117=DIRECTION('ref_axis',(0.0538926824433964,-0.707106781186548,-0.705050054094782));
#2118=DIRECTION('center_axis',(0.997091348652725,0.,0.0762157624241205));
#2119=DIRECTION('ref_axis',(0.,-1.,0.));
#2120=DIRECTION('',(-0.997091348652725,0.,-0.0762157624241171));
#2121=DIRECTION('center_axis',(0.,-1.,0.));
#2122=DIRECTION('ref_axis',(0.,0.,-1.));
#2123=DIRECTION('center_axis',(0.380603669175787,0.,0.924738258649402));
#2124=DIRECTION('ref_axis',(0.,-1.,0.));
#2125=DIRECTION('center_axis',(0.,-1.,0.));
#2126=DIRECTION('ref_axis',(-0.587785252292472,0.,0.809016994374948));
#2127=DIRECTION('center_axis',(-0.380603669175788,0.,-0.924738258649402));
#2128=DIRECTION('ref_axis',(0.653888693513631,-0.707106781186547,-0.269127435418682));
#2129=DIRECTION('center_axis',(0.380603669175789,0.,0.924738258649401));
#2130=DIRECTION('ref_axis',(0.,-1.,0.));
#2131=DIRECTION('',(-0.380603669175788,0.,-0.924738258649401));
#2132=DIRECTION('center_axis',(0.380603669175785,0.,-0.924738258649403));
#2133=DIRECTION('ref_axis',(0.,-1.,0.));
#2134=DIRECTION('center_axis',(0.,1.,0.));
#2135=DIRECTION('ref_axis',(-1.16011834009043E-15,0.,-1.));
#2136=DIRECTION('center_axis',(-0.380603669175788,0.,0.924738258649402));
#2137=DIRECTION('ref_axis',(-0.65388869351363,-0.707106781186549,-0.269127435418679));
#2138=DIRECTION('center_axis',(0.380603669175786,0.,-0.924738258649402));
#2139=DIRECTION('ref_axis',(0.,-1.,0.));
#2140=DIRECTION('',(-0.380603669175788,0.,0.924738258649402));
#2141=DIRECTION('center_axis',(0.,-1.,0.));
#2142=DIRECTION('ref_axis',(0.,0.,-1.));
#2143=DIRECTION('center_axis',(0.997091348652725,0.,-0.0762157624241179));
#2144=DIRECTION('ref_axis',(0.,-1.,0.));
#2145=DIRECTION('center_axis',(0.,-1.,0.));
#2146=DIRECTION('ref_axis',(0.587785252292472,0.,0.809016994374948));
#2147=DIRECTION('center_axis',(-0.997091348652725,0.,0.0762157624241172));
#2148=DIRECTION('ref_axis',(-0.0538926824433964,-0.707106781186548,-0.705050054094782));
#2149=DIRECTION('center_axis',(0.997091348652726,0.,-0.0762157624241121));
#2150=DIRECTION('ref_axis',(0.,-1.,0.));
#2151=DIRECTION('',(-0.997091348652725,0.,0.0762157624241172));
#2152=DIRECTION('center_axis',(-0.761865344859167,0.,-0.64773543696684));
#2153=DIRECTION('ref_axis',(0.,-1.,0.));
#2154=DIRECTION('center_axis',(0.,1.,0.));
#2155=DIRECTION('ref_axis',(-0.951056516295154,0.,-0.309016994374947));
#2156=DIRECTION('center_axis',(0.761865344859168,0.,0.647735436966839));
#2157=DIRECTION('ref_axis',(-0.458018119894077,-0.707106781186553,0.538720151700943));
#2158=DIRECTION('center_axis',(-0.761865344859168,0.,-0.647735436966838));
#2159=DIRECTION('ref_axis',(0.,-1.,0.));
#2160=DIRECTION('',(0.761865344859168,0.,0.647735436966839));
#2161=DIRECTION('center_axis',(0.,-1.,0.));
#2162=DIRECTION('ref_axis',(0.,0.,-1.));
#2163=DIRECTION('center_axis',(0.235632674180068,0.,-0.971842190305993));
#2164=DIRECTION('ref_axis',(0.,-1.,0.));
#2165=DIRECTION('center_axis',(0.,1.,0.));
#2166=DIRECTION('ref_axis',(0.951056516295154,0.,-0.309016994374947));
#2167=DIRECTION('center_axis',(0.,-1.,0.));
#2168=DIRECTION('ref_axis',(0.951056516295154,0.,-0.309016994374947));
#2169=DIRECTION('center_axis',(-0.235632674180068,0.,0.971842190305993));
#2170=DIRECTION('ref_axis',(-0.687196203008551,-0.707106781186551,-0.166617461781846));
#2171=DIRECTION('center_axis',(0.235632674180075,0.,-0.971842190305991));
#2172=DIRECTION('ref_axis',(0.,-1.,0.));
#2173=DIRECTION('',(0.235632674180068,0.,-0.971842190305993));
#2174=DIRECTION('',(-0.235632674180068,0.,0.971842190305993));
#2175=DIRECTION('center_axis',(-0.851462347149414,0.,0.52441574288613));
#2176=DIRECTION('ref_axis',(0.,-1.,0.));
#2177=DIRECTION('center_axis',(0.,-1.,0.));
#2178=DIRECTION('ref_axis',(-0.587785252292472,0.,0.809016994374948));
#2179=DIRECTION('center_axis',(0.,1.,0.));
#2180=DIRECTION('ref_axis',(-0.587785252292472,0.,0.809016994374948));
#2181=DIRECTION('center_axis',(0.851462347149413,0.,-0.52441574288613));
#2182=DIRECTION('ref_axis',(0.370817927955763,-0.707106781186549,0.602074799594363));
#2183=DIRECTION('center_axis',(-0.851462347149413,0.,0.524415742886131));
#2184=DIRECTION('ref_axis',(0.,-1.,0.));
#2185=DIRECTION('',(-0.851462347149413,0.,0.52441574288613));
#2186=DIRECTION('',(0.851462347149413,0.,-0.52441574288613));
#2187=DIRECTION('center_axis',(0.,-1.,0.));
#2188=DIRECTION('ref_axis',(0.,0.,-1.));
#2189=DIRECTION('center_axis',(-0.851462347149413,0.,-0.52441574288613));
#2190=DIRECTION('ref_axis',(0.,-1.,0.));
#2191=DIRECTION('center_axis',(0.,1.,0.));
#2192=DIRECTION('ref_axis',(8.32667268468868E-16,0.,-1.));
#2193=DIRECTION('center_axis',(0.,-1.,0.));
#2194=DIRECTION('ref_axis',(8.32667268468868E-16,0.,-1.));
#2195=DIRECTION('center_axis',(0.851462347149413,0.,0.52441574288613));
#2196=DIRECTION('ref_axis',(-0.370817927955761,-0.707106781186554,0.602074799594359));
#2197=DIRECTION('',(-0.851462347149413,0.,-0.52441574288613));
#2198=DIRECTION('',(0.851462347149413,0.,0.52441574288613));
#2199=DIRECTION('center_axis',(0.,1.,0.));
#2200=DIRECTION('ref_axis',(0.951056516295153,0.,-0.309016994374948));
#2201=DIRECTION('',(0.,1.,0.));
#2202=DIRECTION('center_axis',(-0.971842190305993,0.,-0.235632674180068));
#2203=DIRECTION('ref_axis',(-0.235632674180068,0.,0.971842190305993));
#2204=DIRECTION('',(0.,-1.,0.));
#2205=DIRECTION('center_axis',(0.,1.,0.));
#2206=DIRECTION('ref_axis',(-0.587785252292473,0.,0.809016994374948));
#2207=DIRECTION('',(0.,1.,0.));
#2208=DIRECTION('center_axis',(0.52441574288613,0.,0.851462347149413));
#2209=DIRECTION('ref_axis',(0.851462347149413,0.,-0.52441574288613));
#2210=DIRECTION('',(0.,-1.,0.));
#2211=DIRECTION('center_axis',(0.,1.,0.));
#2212=DIRECTION('ref_axis',(0.,0.,-1.));
#2213=DIRECTION('',(0.,1.,0.));
#2214=DIRECTION('center_axis',(-0.52441574288613,0.,0.851462347149413));
#2215=DIRECTION('ref_axis',(0.851462347149413,0.,0.52441574288613));
#2216=DIRECTION('',(0.,-1.,0.));
#2217=DIRECTION('center_axis',(0.,1.,0.));
#2218=DIRECTION('ref_axis',(0.587785252292475,0.,0.809016994374946));
#2219=DIRECTION('',(0.,1.,0.));
#2220=DIRECTION('center_axis',(0.,1.,0.));
#2221=DIRECTION('ref_axis',(0.,0.,1.));
#2222=DIRECTION('center_axis',(0.,1.,0.));
#2223=DIRECTION('ref_axis',(-7.18685861599718E-16,0.,-1.));
#2224=DIRECTION('',(0.,1.,0.));
#2225=DIRECTION('center_axis',(0.,1.,0.));
#2226=DIRECTION('ref_axis',(0.951056516295153,0.,-0.309016994374949));
#2227=DIRECTION('',(0.,1.,0.));
#2228=DIRECTION('center_axis',(0.,1.,0.));
#2229=DIRECTION('ref_axis',(0.587785252292474,0.,0.809016994374947));
#2230=DIRECTION('center_axis',(0.,1.,0.));
#2231=DIRECTION('ref_axis',(-0.587785252292472,0.,0.809016994374948));
#2232=DIRECTION('center_axis',(0.,1.,0.));
#2233=DIRECTION('ref_axis',(-0.951056516295154,0.,-0.309016994374946));
#2234=DIRECTION('',(0.,-1.,0.));
#2235=DIRECTION('',(0.,1.,0.));
#2236=DIRECTION('center_axis',(0.647735436966839,0.,0.761865344859168));
#2237=DIRECTION('ref_axis',(0.761865344859168,0.,-0.647735436966839));
#2238=DIRECTION('center_axis',(0.52441574288613,0.,0.851462347149413));
#2239=DIRECTION('ref_axis',(0.851462347149413,0.,-0.52441574288613));
#2240=DIRECTION('center_axis',(-0.647735436966839,0.,0.761865344859168));
#2241=DIRECTION('ref_axis',(0.761865344859168,0.,0.647735436966839));
#2242=DIRECTION('center_axis',(0.971842190305993,0.,-0.235632674180068));
#2243=DIRECTION('ref_axis',(-0.235632674180068,0.,-0.971842190305993));
#2244=DIRECTION('center_axis',(0.,-1.,0.));
#2245=DIRECTION('ref_axis',(1.,0.,0.));
#2246=CARTESIAN_POINT('',(0.,0.,0.));
#2247=CARTESIAN_POINT('Origin',(3.02479778441866,0.,4.1632769835551));
#2248=CARTESIAN_POINT('',(2.95924581655789,0.2,4.26970977694878));
#2249=CARTESIAN_POINT('',(3.14627805820691,0.2,4.13382289928259));
#2250=CARTESIAN_POINT('Origin',(3.02479778441866,0.2,4.1632769835551));
#2251=CARTESIAN_POINT('',(2.95924581655789,1.8854356076261,4.26970977694878));
#2252=CARTESIAN_POINT('',(2.95924581655789,0.,4.26970977694878));
#2253=CARTESIAN_POINT('',(3.14627805820691,1.8854356076261,4.13382289928259));
#2254=CARTESIAN_POINT('Origin',(3.02479778441866,1.8854356076261,4.1632769835551));
#2255=CARTESIAN_POINT('',(3.14627805820691,0.,4.13382289928259));
#2256=CARTESIAN_POINT('Ctrl Pts',(3.14627805820691,1.8854356076261,4.1338228992826));
#2257=CARTESIAN_POINT('Ctrl Pts',(3.14627805820691,1.90013408829481,4.1338228992826));
#2258=CARTESIAN_POINT('Ctrl Pts',(3.15198428257925,1.92217066764643,4.14062614456227));
#2259=CARTESIAN_POINT('Ctrl Pts',(3.17476719848255,1.95553654886954,4.16778907314036));
#2260=CARTESIAN_POINT('Ctrl Pts',(3.20977893061227,1.98394989423958,4.20953180630373));
#2261=CARTESIAN_POINT('Ctrl Pts',(3.24744220971747,1.99859262549897,4.2544358460102));
#2262=CARTESIAN_POINT('Ctrl Pts',(3.26752582886265,2.00344063173569,4.27838053837291));
#2263=CARTESIAN_POINT('Ctrl Pts',(3.15290016284926,1.8854356076261,4.16113507363387));
#2264=CARTESIAN_POINT('Ctrl Pts',(3.15290016284926,1.89679555867571,4.16113507363387));
#2265=CARTESIAN_POINT('Ctrl Pts',(3.15639543954214,1.91404861108634,4.16703098096382));
#2266=CARTESIAN_POINT('Ctrl Pts',(3.1732108876652,1.94419569655275,4.19173097008938));
#2267=CARTESIAN_POINT('Ctrl Pts',(3.20248628166347,1.97384348704333,4.23080028035519));
#2268=CARTESIAN_POINT('Ctrl Pts',(3.23798325527925,1.99193431049922,4.27378717844656));
#2269=CARTESIAN_POINT('Ctrl Pts',(3.25758191681887,1.9985460892587,4.29682127134928));
#2270=CARTESIAN_POINT('Ctrl Pts',(3.14695461754205,1.8854356076261,4.22036038677834));
#2271=CARTESIAN_POINT('Ctrl Pts',(3.14695461754205,1.89244876772576,4.22036038677834));
#2272=CARTESIAN_POINT('Ctrl Pts',(3.14718197012102,1.90357452983617,4.22421568330187));
#2273=CARTESIAN_POINT('Ctrl Pts',(3.15609208270961,1.93134222427469,4.24297407896002));
#2274=CARTESIAN_POINT('Ctrl Pts',(3.1789930170576,1.96542117083441,4.27545816532138));
#2275=CARTESIAN_POINT('Ctrl Pts',(3.21384552305819,1.98990220826769,4.31376237531167));
#2276=CARTESIAN_POINT('Ctrl Pts',(3.2340549035677,1.99949082844828,4.33457761420305));
#2277=CARTESIAN_POINT('Ctrl Pts',(3.09503053912641,1.8854356076261,4.273391233343));
#2278=CARTESIAN_POINT('Ctrl Pts',(3.09503053912641,1.89518462481067,4.273391233343));
#2279=CARTESIAN_POINT('Ctrl Pts',(3.09591100225355,1.91050782445133,4.27599420815369));
#2280=CARTESIAN_POINT('Ctrl Pts',(3.10826090007341,1.945917325588,4.29078638622575));
#2281=CARTESIAN_POINT('Ctrl Pts',(3.13729461197275,1.9874929986718,4.3183598398182));
#2282=CARTESIAN_POINT('Ctrl Pts',(3.17925671280556,2.01616334256316,4.35270579892649));
#2283=CARTESIAN_POINT('Ctrl Pts',(3.20324268217493,2.02717211231185,4.37162383857273));
#2284=CARTESIAN_POINT('Ctrl Pts',(3.02665253297046,1.8854356076261,4.29380830994722));
#2285=CARTESIAN_POINT('Ctrl Pts',(3.02665253297046,1.90314040340522,4.29380830994722));
#2286=CARTESIAN_POINT('Ctrl Pts',(3.03101319454224,1.93014642749992,4.29699790618233));
#2287=CARTESIAN_POINT('Ctrl Pts',(3.05424383940842,1.9791461631875,4.31303690707872));
#2288=CARTESIAN_POINT('Ctrl Pts',(3.09641998215587,2.02836137047809,4.34129758774308));
#2289=CARTESIAN_POINT('Ctrl Pts',(3.14853732518772,2.05837437135646,4.37532442417174));
#2290=CARTESIAN_POINT('Ctrl Pts',(3.17731616573463,2.06927531563691,4.39397397020649));
#2291=CARTESIAN_POINT('Ctrl Pts',(2.98317489507584,1.8854356076261,4.28444769874836));
#2292=CARTESIAN_POINT('Ctrl Pts',(2.98317489507584,1.91011950908606,4.28444769874836));
#2293=CARTESIAN_POINT('Ctrl Pts',(2.99072548293416,1.94733191614392,4.2891252292294));
#2294=CARTESIAN_POINT('Ctrl Pts',(3.02313088755174,2.00694633495437,4.30906545343605));
#2295=CARTESIAN_POINT('Ctrl Pts',(3.07549647217221,2.06075541708463,4.3413087364761));
#2296=CARTESIAN_POINT('Ctrl Pts',(3.13446435049274,2.09036367913356,4.3776395890439));
#2297=CARTESIAN_POINT('Ctrl Pts',(3.16628097154143,2.10055313925354,4.3972227491521));
#2298=CARTESIAN_POINT('Ctrl Pts',(2.95924581655789,1.8854356076261,4.26970977694878));
#2299=CARTESIAN_POINT('Ctrl Pts',(2.95924581655789,1.91483256896351,4.26970977694878));
#2300=CARTESIAN_POINT('Ctrl Pts',(2.96878351196629,1.95890572766676,4.27558404448364));
#2301=CARTESIAN_POINT('Ctrl Pts',(3.00686412328155,2.02563749011298,4.29903789671716));
#2302=CARTESIAN_POINT('Ctrl Pts',(3.06538464665815,2.08246418085307,4.33508069278838));
#2303=CARTESIAN_POINT('Ctrl Pts',(3.12833711062504,2.11174964337184,4.37385312150262));
#2304=CARTESIAN_POINT('Ctrl Pts',(3.16190596975253,2.12144565584528,4.39452818512242));
#2305=CARTESIAN_POINT('',(2.99286696270533,2.,4.29041704414929));
#2306=CARTESIAN_POINT('',(3.25483067820991,2.,4.26324474662738));
#2307=CARTESIAN_POINT('Ctrl Pts',(2.99286696270533,2.,4.29041704414929));
#2308=CARTESIAN_POINT('Ctrl Pts',(3.01458364790285,2.,4.30379235268643));
#2309=CARTESIAN_POINT('Ctrl Pts',(3.0388423431028,2.,4.31277446434984));
#2310=CARTESIAN_POINT('Ctrl Pts',(3.10521426123095,2.,4.32870647705057));
#2311=CARTESIAN_POINT('Ctrl Pts',(3.14896794577639,2.00000000000001,4.33036393914055));
#2312=CARTESIAN_POINT('Ctrl Pts',(3.19798731986294,2.00000000000001,4.32762430835438));
#2313=CARTESIAN_POINT('Ctrl Pts',(3.21987052496796,2.,4.32502377753056));
#2314=CARTESIAN_POINT('Ctrl Pts',(3.2405051792214,2.,4.315490810589));
#2315=CARTESIAN_POINT('Ctrl Pts',(3.24468693757829,2.,4.31270536039864));
#2316=CARTESIAN_POINT('Ctrl Pts',(3.2509125667294,2.,4.306577556399));
#2317=CARTESIAN_POINT('Ctrl Pts',(3.25318486693491,2.,4.30327867842542));
#2318=CARTESIAN_POINT('Ctrl Pts',(3.25658029809094,2.,4.29522580089668));
#2319=CARTESIAN_POINT('Ctrl Pts',(3.25739080341959,2.,4.29066400061872));
#2320=CARTESIAN_POINT('Ctrl Pts',(3.25783971001538,2.,4.28011446850339));
#2321=CARTESIAN_POINT('Ctrl Pts',(3.25712721490738,2.,4.27271657077891));
#2322=CARTESIAN_POINT('Ctrl Pts',(3.25483067820991,2.,4.26324474662738));
#2323=CARTESIAN_POINT('Origin',(3.32719909154525,1.8854356076261,4.34952597819056));
#2324=CARTESIAN_POINT('Origin',(3.26164712368448,1.8854356076261,4.45595877158424));
#2325=CARTESIAN_POINT('Origin',(0.104883148577226,0.,2.51170753057012));
#2326=CARTESIAN_POINT('',(0.131103935721531,0.2,2.52785691593681));
#2327=CARTESIAN_POINT('',(-0.129423882219387,0.2,2.36739780738622));
#2328=CARTESIAN_POINT('',(0.131103935721531,2.,2.52785691593681));
#2329=CARTESIAN_POINT('',(0.131103935721532,0.,2.52785691593681));
#2330=CARTESIAN_POINT('',(-0.129423882219387,2.,2.36739780738622));
#2331=CARTESIAN_POINT('Origin',(-3.02479778441866,0.,4.1632769835551));
#2332=CARTESIAN_POINT('',(-2.95924581655789,2.,4.26970977694878));
#2333=CARTESIAN_POINT('',(-3.14627805820691,2.,4.13382289928259));
#2334=CARTESIAN_POINT('Origin',(-3.02479778441866,2.,4.1632769835551));
#2335=CARTESIAN_POINT('',(-2.95924581655789,0.2,4.26970977694878));
#2336=CARTESIAN_POINT('',(-2.95924581655789,0.,4.26970977694878));
#2337=CARTESIAN_POINT('',(-3.14627805820691,0.2,4.13382289928259));
#2338=CARTESIAN_POINT('Origin',(-3.02479778441866,0.2,4.1632769835551));
#2339=CARTESIAN_POINT('',(-3.14627805820691,0.,4.1338228992826));
#2340=CARTESIAN_POINT('Origin',(-2.3563651386424,0.,0.875910113749623));
#2341=CARTESIAN_POINT('',(-2.36362144799608,0.2,0.90583799875262));
#2342=CARTESIAN_POINT('',(-1.76795387951448,0.2,-1.5509302591377));
#2343=CARTESIAN_POINT('',(-2.36362144799608,2.,0.90583799875262));
#2344=CARTESIAN_POINT('',(-2.36362144799608,0.,0.90583799875262));
#2345=CARTESIAN_POINT('',(-1.76795387951448,2.,-1.5509302591377));
#2346=CARTESIAN_POINT('Origin',(-4.89422562428477,0.,-1.59023030313791));
#2347=CARTESIAN_POINT('',(-4.97519255390562,2.,-1.49499713503052));
#2348=CARTESIAN_POINT('',(-4.90375259458778,2.,-1.7148667217195));
#2349=CARTESIAN_POINT('Origin',(-4.89422562428477,2.,-1.59023030313791));
#2350=CARTESIAN_POINT('',(-4.97519255390562,0.2,-1.49499713503052));
#2351=CARTESIAN_POINT('',(-4.97519255390562,0.,-1.49499713503052));
#2352=CARTESIAN_POINT('',(-4.90375259458778,0.2,-1.7148667217195));
#2353=CARTESIAN_POINT('Origin',(-4.89422562428477,0.2,-1.59023030313791));
#2354=CARTESIAN_POINT('',(-4.90375259458778,0.,-1.7148667217195));
#2355=CARTESIAN_POINT('Origin',(-1.56119689416359,0.,-1.97036530918306));
#2356=CARTESIAN_POINT('',(-1.59190232712135,0.2,-1.9680182444065));
#2357=CARTESIAN_POINT('',(0.672288216951751,0.2,-2.14108865447794));
#2358=CARTESIAN_POINT('',(-1.59190232712135,2.,-1.9680182444065));
#2359=CARTESIAN_POINT('',(-1.59190232712135,0.,-1.9680182444065));
#2360=CARTESIAN_POINT('',(0.672288216951751,2.,-2.14108865447794));
#2361=CARTESIAN_POINT('Origin',(4.89422562428477,0.,-1.59023030313791));
#2362=CARTESIAN_POINT('',(4.97519255390562,0.2,-1.49499713503052));
#2363=CARTESIAN_POINT('',(4.90375259458778,0.2,-1.7148667217195));
#2364=CARTESIAN_POINT('Origin',(4.89422562428477,0.2,-1.59023030313791));
#2365=CARTESIAN_POINT('',(4.97519255390562,1.8854356076261,-1.49499713503052));
#2366=CARTESIAN_POINT('',(4.97519255390562,0.,-1.49499713503052));
#2367=CARTESIAN_POINT('',(4.90375259458778,1.8854356076261,-1.7148667217195));
#2368=CARTESIAN_POINT('Origin',(4.89422562428477,1.8854356076261,-1.59023030313791));
#2369=CARTESIAN_POINT('',(4.90375259458778,0.,-1.7148667217195));
#2370=CARTESIAN_POINT('Ctrl Pts',(4.90375259458778,1.8854356076261,-1.7148667217195));
#2371=CARTESIAN_POINT('Ctrl Pts',(4.90375259458778,1.91482792862784,-1.7148667217195));
#2372=CARTESIAN_POINT('Ctrl Pts',(4.91491821075036,1.95889405180388,-1.71401324329958));
#2373=CARTESIAN_POINT('Ctrl Pts',(4.95949817998302,2.02561739664677,-1.7106056354124));
#2374=CARTESIAN_POINT('Ctrl Pts',(5.02800762468774,2.08244018365765,-1.70536890402517));
#2375=CARTESIAN_POINT('Ctrl Pts',(5.10170797739008,2.11172969126626,-1.69973538952349));
#2376=CARTESIAN_POINT('Ctrl Pts',(5.14100937017452,2.12142958086194,-1.69673126596004));
#2377=CARTESIAN_POINT('Ctrl Pts',(4.93177435885177,1.8854356076261,-1.71272479146333));
#2378=CARTESIAN_POINT('Ctrl Pts',(4.93177435885177,1.91014841276231,-1.71272479146333));
#2379=CARTESIAN_POINT('Ctrl Pts',(4.94059814917723,1.94737429457397,-1.71206911757506));
#2380=CARTESIAN_POINT('Ctrl Pts',(4.97856939574559,2.00700203655671,-1.70914947320407));
#2381=CARTESIAN_POINT('Ctrl Pts',(5.03987862871213,2.06077640613471,-1.704456172791));
#2382=CARTESIAN_POINT('Ctrl Pts',(5.10888593100645,2.09035400164104,-1.69919372211625));
#2383=CARTESIAN_POINT('Ctrl Pts',(5.14613605115493,2.10053625646069,-1.69633939223638));
#2384=CARTESIAN_POINT('Ctrl Pts',(4.98626410383883,1.8854356076261,-1.68876889537289));
#2385=CARTESIAN_POINT('Ctrl Pts',(4.98626410383883,1.90074473075346,-1.68876889537289));
#2386=CARTESIAN_POINT('Ctrl Pts',(4.99050318545079,1.92427131067652,-1.68902356009982));
#2387=CARTESIAN_POINT('Ctrl Pts',(5.01535690211116,1.96967431905925,-1.68909913844723));
#2388=CARTESIAN_POINT('Ctrl Pts',(5.06245998564558,2.01739232115313,-1.68809856893572));
#2389=CARTESIAN_POINT('Ctrl Pts',(5.12230365581016,2.04759705738525,-1.68571192821466));
#2390=CARTESIAN_POINT('Ctrl Pts',(5.15552053584176,2.05875923121456,-1.68421964649438));
#2391=CARTESIAN_POINT('Ctrl Pts',(5.02065393096371,1.8854356076261,-1.62299859777634));
#2392=CARTESIAN_POINT('Ctrl Pts',(5.02065393096371,1.89417939283886,-1.62299859777634));
#2393=CARTESIAN_POINT('Ctrl Pts',(5.02266584463308,1.90800010118568,-1.62495346804535));
#2394=CARTESIAN_POINT('Ctrl Pts',(5.04051433343446,1.94130526844208,-1.63095326909936));
#2395=CARTESIAN_POINT('Ctrl Pts',(5.07902372688013,1.98129816580958,-1.637976989893));
#2396=CARTESIAN_POINT('Ctrl Pts',(5.13204604408625,2.00935534570178,-1.64271424410695));
#2397=CARTESIAN_POINT('Ctrl Pts',(5.16201467283357,2.02021223525019,-1.64471628590282));
#2398=CARTESIAN_POINT('Ctrl Pts',(5.01894173328899,1.8854356076261,-1.55165791661629));
#2399=CARTESIAN_POINT('Ctrl Pts',(5.01894173328899,1.89357382981676,-1.55165791661629));
#2400=CARTESIAN_POINT('Ctrl Pts',(5.02236073918666,1.90627313211214,-1.55457934035792));
#2401=CARTESIAN_POINT('Ctrl Pts',(5.04313315230791,1.93465734267257,-1.56456187756204));
#2402=CARTESIAN_POINT('Ctrl Pts',(5.08304873562714,1.96759649807786,-1.57778929760323));
#2403=CARTESIAN_POINT('Ctrl Pts',(5.13456661646317,1.99044530812381,-1.58916171706563));
#2404=CARTESIAN_POINT('Ctrl Pts',(5.16335571728508,1.99927841169339,-1.59466812396451));
#2405=CARTESIAN_POINT('Ctrl Pts',(4.99660364239153,1.8854356076261,-1.51320077278611));
#2406=CARTESIAN_POINT('Ctrl Pts',(4.99660364239153,1.89676470377043,-1.51320077278611));
#2407=CARTESIAN_POINT('Ctrl Pts',(5.00292292183626,1.91399654398616,-1.51592633531776));
#2408=CARTESIAN_POINT('Ctrl Pts',(5.03099314131881,1.94412068349594,-1.52601947491016));
#2409=CARTESIAN_POINT('Ctrl Pts',(5.07761654098549,1.9737918604083,-1.54041290421538));
#2410=CARTESIAN_POINT('Ctrl Pts',(5.13161818441392,1.9919125843916,-1.55432370975061));
#2411=CARTESIAN_POINT('Ctrl Pts',(5.16099858536919,1.99853513220573,-1.56143104362091));
#2412=CARTESIAN_POINT('Ctrl Pts',(4.97519255390562,1.8854356076261,-1.49499713503052));
#2413=CARTESIAN_POINT('Ctrl Pts',(4.97519255390562,1.90013176812697,-1.49499713503052));
#2414=CARTESIAN_POINT('Ctrl Pts',(4.98380525010069,1.92216482971499,-1.49714639683515));
#2415=CARTESIAN_POINT('Ctrl Pts',(5.01819240131525,1.95552650213644,-1.50572756456724));
#2416=CARTESIAN_POINT('Ctrl Pts',(5.07103776382304,1.98393789564188,-1.51891490063684));
#2417=CARTESIAN_POINT('Ctrl Pts',(5.12788717885326,1.99858264944618,-1.53310143103018));
#2418=CARTESIAN_POINT('Ctrl Pts',(5.15820265371524,2.00343259424402,-1.54066652919856));
#2419=CARTESIAN_POINT('',(4.94312409946716,2.,-1.71185723892114));
#2420=CARTESIAN_POINT('',(5.13908572146569,2.,-1.53589597984037));
#2421=CARTESIAN_POINT('Ctrl Pts',(5.13908572146569,2.,-1.53589597984037));
#2422=CARTESIAN_POINT('Ctrl Pts',(5.1470462365758,2.,-1.54266398388219));
#2423=CARTESIAN_POINT('Ctrl Pts',(5.15218093207762,1.99999999999883,-1.54861491071968));
#2424=CARTESIAN_POINT('Ctrl Pts',(5.15804013123284,1.99999999999883,-1.55801055837334));
#2425=CARTESIAN_POINT('Ctrl Pts',(5.15994647212713,2.,-1.56242379073821));
#2426=CARTESIAN_POINT('Ctrl Pts',(5.16136509935758,2.,-1.57095576035787));
#2427=CARTESIAN_POINT('Ctrl Pts',(5.161256660418,2.,-1.57468713612022));
#2428=CARTESIAN_POINT('Ctrl Pts',(5.15959895822467,2.,-1.58294872105304));
#2429=CARTESIAN_POINT('Ctrl Pts',(5.15779027793157,2.,-1.58727821683489));
#2430=CARTESIAN_POINT('Ctrl Pts',(5.15248531652286,2.,-1.59688217414102));
#2431=CARTESIAN_POINT('Ctrl Pts',(5.14761097658278,2.,-1.60367871373129));
#2432=CARTESIAN_POINT('Ctrl Pts',(5.12477167095814,2.,-1.62768987180553));
#2433=CARTESIAN_POINT('Ctrl Pts',(5.10308020395046,2.,-1.64457903765292));
#2434=CARTESIAN_POINT('Ctrl Pts',(5.06063666028047,2.,-1.67222286267852));
#2435=CARTESIAN_POINT('Ctrl Pts',(5.03831515687121,2.,-1.68445496291895));
#2436=CARTESIAN_POINT('Ctrl Pts',(4.99253654179919,2.,-1.70317849172412));
#2437=CARTESIAN_POINT('Ctrl Pts',(4.96808493662107,2.,-1.70994928009971));
#2438=CARTESIAN_POINT('Ctrl Pts',(4.94312409946716,2.,-1.71185723892114));
#2439=CARTESIAN_POINT('Origin',(5.25787480347542,1.8854356076261,-1.68779829496186));
#2440=CARTESIAN_POINT('Origin',(5.2483478331724,1.8854356076261,-1.56316187638027));
#2441=CARTESIAN_POINT('Origin',(3.53465401541737,1.8854356076261,-0.106184969160382));
#2442=CARTESIAN_POINT('',(2.53849472441338,1.8854356076261,0.576675430196955));
#2443=CARTESIAN_POINT('',(3.45368708579652,1.8854356076261,-0.201418137267777));
#2444=CARTESIAN_POINT('',(2.58707488218589,2.,0.633815331061392));
#2445=CARTESIAN_POINT('Origin',(2.61946165403423,1.8854356076261,0.671908598304351));
#2446=CARTESIAN_POINT('',(3.50226724356903,2.,-0.14427823640334));
#2447=CARTESIAN_POINT('Origin',(2.42118648931023,0.,0.676410509941776));
#2448=CARTESIAN_POINT('',(2.44464813633086,0.2,0.656463493992812));
#2449=CARTESIAN_POINT('',(3.45368708579652,0.2,-0.201418137267777));
#2450=CARTESIAN_POINT('',(2.44464813633086,1.8780488823029,0.656463493992814));
#2451=CARTESIAN_POINT('',(2.44464813633086,0.,0.656463493992811));
#2452=CARTESIAN_POINT('Ctrl Pts',(2.53849472441338,1.8854356076261,0.576675430196955));
#2453=CARTESIAN_POINT('Ctrl Pts',(2.50714891187496,1.8854356076261,0.603325538012804));
#2454=CARTESIAN_POINT('Ctrl Pts',(2.47594011356556,1.88132420923069,0.629859156777004));
#2455=CARTESIAN_POINT('Ctrl Pts',(2.44464813633086,1.8780488823029,0.656463493992814));
#2456=CARTESIAN_POINT('Origin',(-6.55643518479423E-16,0.,-5.14609336083438));
#2457=CARTESIAN_POINT('',(-0.115592282331176,2.,-5.19366881948135));
#2458=CARTESIAN_POINT('',(0.115592282331174,2.,-5.19366881948136));
#2459=CARTESIAN_POINT('Origin',(-6.55643518479423E-16,2.,-5.14609336083438));
#2460=CARTESIAN_POINT('',(-0.115592282331176,0.2,-5.19366881948135));
#2461=CARTESIAN_POINT('',(-0.115592282331175,0.,-5.19366881948135));
#2462=CARTESIAN_POINT('',(0.115592282331174,0.2,-5.19366881948136));
#2463=CARTESIAN_POINT('Origin',(-6.55643518479423E-16,0.2,-5.14609336083438));
#2464=CARTESIAN_POINT('',(0.115592282331175,0.,-5.19366881948136));
#2465=CARTESIAN_POINT('Origin',(1.39149239491853,0.,-2.09366284507845));
#2466=CARTESIAN_POINT('',(1.37977170306503,0.2,-2.12214016427574));
#2467=CARTESIAN_POINT('',(1.33786439509242,0.2,-2.2239607565028));
#2468=CARTESIAN_POINT('',(1.37977170306503,2.,-2.12214016427574));
#2469=CARTESIAN_POINT('',(1.37977170306503,0.,-2.12214016427574));
#2470=CARTESIAN_POINT('',(1.33786439509242,2.,-2.2239607565028));
#2471=CARTESIAN_POINT('Origin',(2.85316954888546,0.2,-3.));
#2472=CARTESIAN_POINT('',(2.36362144799607,0.2,0.905837998752619));
#2473=CARTESIAN_POINT('',(2.41435868798567,0.2,1.1150984105913));
#2474=CARTESIAN_POINT('Origin',(2.60658199557257,0.2,0.846929830207602));
#2475=CARTESIAN_POINT('',(1.59190232712135,0.2,-1.9680182444065));
#2476=CARTESIAN_POINT('',(4.22925724512549,0.2,-1.76642386077226));
#2477=CARTESIAN_POINT('Origin',(1.61095626772738,0.2,-2.21729108156968));
#2478=CARTESIAN_POINT('',(-1.37977170306503,0.2,-2.12214016427574));
#2479=CARTESIAN_POINT('',(-0.136336647579599,0.2,-5.1432670242539));
#2480=CARTESIAN_POINT('Origin',(-1.61095626772738,0.2,-2.21729108156968));
#2481=CARTESIAN_POINT('',(-2.44464813633086,0.2,0.656463493992813));
#2482=CARTESIAN_POINT('',(-3.37539952662931,0.2,-0.134858309224133));
#2483=CARTESIAN_POINT('Origin',(-2.60658199557257,0.2,0.846929830207603));
#2484=CARTESIAN_POINT('',(-0.131103935721532,0.2,2.52785691593681));
#2485=CARTESIAN_POINT('',(0.434582177204571,0.2,2.179450783659));
#2486=CARTESIAN_POINT('Origin',(0.,0.2,2.74072250272416));
#2487=CARTESIAN_POINT('Origin',(0.18494765172988,0.,-5.92387926616484));
#2488=CARTESIAN_POINT('',(-1.37977170306503,2.,-2.12214016427574));
#2489=CARTESIAN_POINT('',(-0.136336647579599,2.,-5.1432670242539));
#2490=CARTESIAN_POINT('',(-1.37977170306503,0.,-2.12214016427574));
#2491=CARTESIAN_POINT('Ctrl Pts',(2.50158616958099,2.,0.73844762320548));
#2492=CARTESIAN_POINT('Ctrl Pts',(2.52159478689768,2.,0.702159331213566));
#2493=CARTESIAN_POINT('Ctrl Pts',(2.55090663694925,2.,0.664565455464295));
#2494=CARTESIAN_POINT('Ctrl Pts',(2.58707488218589,2.,0.633815331061393));
#2495=CARTESIAN_POINT('Ctrl Pts',(2.48140096592212,1.99335451902787,0.7138876783045));
#2496=CARTESIAN_POINT('Ctrl Pts',(2.50406114009255,1.99005973309639,0.680102008252472));
#2497=CARTESIAN_POINT('Ctrl Pts',(2.53498106927102,1.98895924304069,0.644900566110931));
#2498=CARTESIAN_POINT('Ctrl Pts',(2.57068876112646,1.98895924304069,0.614542002694014));
#2499=CARTESIAN_POINT('Ctrl Pts',(2.45077238838782,1.95905507635495,0.673639705560698));
#2500=CARTESIAN_POINT('Ctrl Pts',(2.47918783975091,1.95506967734709,0.64540712988216));
#2501=CARTESIAN_POINT('Ctrl Pts',(2.51215711695365,1.95447510744409,0.615102887920517));
#2502=CARTESIAN_POINT('Ctrl Pts',(2.54640794414564,1.95447510744409,0.585982946099588));
#2503=CARTESIAN_POINT('Ctrl Pts',(2.44317294946474,1.90233001535035,0.657717693065892));
#2504=CARTESIAN_POINT('Ctrl Pts',(2.47421834499264,1.90344247626586,0.631350407922177));
#2505=CARTESIAN_POINT('Ctrl Pts',(2.50627826277037,1.90613702692481,0.604065761048295));
#2506=CARTESIAN_POINT('Ctrl Pts',(2.53849472441338,1.90613702692481,0.576675430196955));
#2507=CARTESIAN_POINT('Ctrl Pts',(2.44464813633086,1.8780488823029,0.656463493992814));
#2508=CARTESIAN_POINT('Ctrl Pts',(2.47594011356556,1.88132420923069,0.629859156777004));
#2509=CARTESIAN_POINT('Ctrl Pts',(2.50714891187496,1.8854356076261,0.603325538012804));
#2510=CARTESIAN_POINT('Ctrl Pts',(2.53849472441338,1.8854356076261,0.576675430196955));
#2511=CARTESIAN_POINT('',(2.50158616958099,2.,0.73844762320548));
#2512=CARTESIAN_POINT('Origin',(2.52561506595172,1.8780488823029,0.75169666210021));
#2513=CARTESIAN_POINT('Origin',(2.82997567104846,2.,0.91951483538358));
#2514=CARTESIAN_POINT('Ctrl Pts',(2.45787434659496,2.,0.872978781189507));
#2515=CARTESIAN_POINT('Ctrl Pts',(2.4603313008401,2.,0.853333025988092));
#2516=CARTESIAN_POINT('Ctrl Pts',(2.46992493463272,2.,0.80646938683166));
#2517=CARTESIAN_POINT('Ctrl Pts',(2.48889499361684,2.,0.761464760862647));
#2518=CARTESIAN_POINT('Ctrl Pts',(2.50158616958099,2.,0.73844762320548));
#2519=CARTESIAN_POINT('Ctrl Pts',(2.4271082003901,1.99335451902787,0.880983628970104));
#2520=CARTESIAN_POINT('Ctrl Pts',(2.42690138113741,1.99456807064609,0.856442929359211));
#2521=CARTESIAN_POINT('Ctrl Pts',(2.43431550664762,1.99700163463287,0.79616153591639));
#2522=CARTESIAN_POINT('Ctrl Pts',(2.46202921787835,1.99496558302362,0.740083483848777));
#2523=CARTESIAN_POINT('Ctrl Pts',(2.48140096592212,1.99335451902787,0.713887678304501));
#2524=CARTESIAN_POINT('Ctrl Pts',(2.37868726368725,1.9590278582274,0.895540428274417));
#2525=CARTESIAN_POINT('Ctrl Pts',(2.3729521058112,1.96040390315681,0.862661331743172));
#2526=CARTESIAN_POINT('Ctrl Pts',(2.37493798598728,1.96382766078566,0.779099369178948));
#2527=CARTESIAN_POINT('Ctrl Pts',(2.41896796028717,1.96085464203208,0.704487396545679));
#2528=CARTESIAN_POINT('Ctrl Pts',(2.45078387719761,1.9590278582274,0.673649867787481));
#2529=CARTESIAN_POINT('Ctrl Pts',(2.3631651964701,1.90233001535035,0.90395623730389));
#2530=CARTESIAN_POINT('Ctrl Pts',(2.35443286862607,1.90164101991927,0.866685809067893));
#2531=CARTESIAN_POINT('Ctrl Pts',(2.35406735535061,1.90202428684208,0.7731075927499));
#2532=CARTESIAN_POINT('Ctrl Pts',(2.40471136565595,1.90141533177564,0.690932843601004));
#2533=CARTESIAN_POINT('Ctrl Pts',(2.44317294946474,1.90233001535035,0.657717693065894));
#2534=CARTESIAN_POINT('Ctrl Pts',(2.36362144799608,1.8780488823029,0.905837998752619));
#2535=CARTESIAN_POINT('Ctrl Pts',(2.35437339002498,1.87648398837645,0.867695355988922));
#2536=CARTESIAN_POINT('Ctrl Pts',(2.35398046282026,1.8755809191036,0.77308794009319));
#2537=CARTESIAN_POINT('Ctrl Pts',(2.40495204108688,1.87597138990437,0.690212984991764));
#2538=CARTESIAN_POINT('Ctrl Pts',(2.44464813633086,1.8780488823029,0.656463493992816));
#2539=CARTESIAN_POINT('',(2.36362144799608,1.8780488823029,0.905837998752619));
#2540=CARTESIAN_POINT('',(2.45787434659496,2.,0.872978781189506));
#2541=CARTESIAN_POINT('Origin',(2.48510172178432,1.8780488823029,0.876383914480111));
#2542=CARTESIAN_POINT('Origin',(2.82997567104846,2.,0.91951483538358));
#2543=CARTESIAN_POINT('Ctrl Pts',(2.44464813633086,1.8780488823029,0.656463493992816));
#2544=CARTESIAN_POINT('Ctrl Pts',(2.40495204108688,1.87597138990437,0.690212984991764));
#2545=CARTESIAN_POINT('Ctrl Pts',(2.35398046282026,1.8755809191036,0.77308794009319));
#2546=CARTESIAN_POINT('Ctrl Pts',(2.35437339002498,1.87648398837645,0.867695355988922));
#2547=CARTESIAN_POINT('Ctrl Pts',(2.36362144799608,1.8780488823029,0.905837998752619));
#2548=CARTESIAN_POINT('Ctrl Pts',(2.46553484968371,2.,1.00787708820111));
#2549=CARTESIAN_POINT('Ctrl Pts',(2.4543477627653,2.,0.961737124413127));
#2550=CARTESIAN_POINT('Ctrl Pts',(2.45273919369134,2.,0.914039357334195));
#2551=CARTESIAN_POINT('Ctrl Pts',(2.45787434659496,2.,0.872978781189507));
#2552=CARTESIAN_POINT('Ctrl Pts',(2.44094962109781,1.98895924304069,1.01383801808747));
#2553=CARTESIAN_POINT('Ctrl Pts',(2.42990498650663,1.98895924304069,0.968285583945791));
#2554=CARTESIAN_POINT('Ctrl Pts',(2.42558410210057,1.99006438368881,0.921578745374551));
#2555=CARTESIAN_POINT('Ctrl Pts',(2.4271082003901,1.99335451902787,0.880983628970104));
#2556=CARTESIAN_POINT('Ctrl Pts',(2.40451960189304,1.95447497848,1.02267083367345));
#2557=CARTESIAN_POINT('Ctrl Pts',(2.39392558555862,1.95447497848,0.978976927153878));
#2558=CARTESIAN_POINT('Ctrl Pts',(2.38505715125585,1.95507502625606,0.935028851417323));
#2559=CARTESIAN_POINT('Ctrl Pts',(2.37867228480015,1.9590547998707,0.895541849360748));
#2560=CARTESIAN_POINT('Ctrl Pts',(2.39264668541076,1.90613702692481,1.02554953876461));
#2561=CARTESIAN_POINT('Ctrl Pts',(2.38268191232747,1.90613702692481,0.98445087987586));
#2562=CARTESIAN_POINT('Ctrl Pts',(2.37276957195458,1.90344090602657,0.943479978082746));
#2563=CARTESIAN_POINT('Ctrl Pts',(2.3631651964701,1.90233001535035,0.90395623730389));
#2564=CARTESIAN_POINT('Ctrl Pts',(2.39264668541076,1.8854356076261,1.02554953876461));
#2565=CARTESIAN_POINT('Ctrl Pts',(2.38295121008147,1.8854356076261,0.985561570148364));
#2566=CARTESIAN_POINT('Ctrl Pts',(2.37328589165374,1.88131958610467,0.945697980501897));
#2567=CARTESIAN_POINT('Ctrl Pts',(2.36362144799607,1.8780488823029,0.90583799875262));
#2568=CARTESIAN_POINT('',(2.39264668541076,1.8854356076261,1.02554953876461));
#2569=CARTESIAN_POINT('',(2.46553484968371,2.,1.00787708820111));
#2570=CARTESIAN_POINT('Origin',(2.51412695919901,1.8854356076261,0.996095454492102));
#2571=CARTESIAN_POINT('Origin',(2.82997567104846,2.,0.91951483538358));
#2572=CARTESIAN_POINT('Ctrl Pts',(2.36362144799607,1.8780488823029,0.90583799875262));
#2573=CARTESIAN_POINT('Ctrl Pts',(2.37328589165374,1.88131958610467,0.945697980501897));
#2574=CARTESIAN_POINT('Ctrl Pts',(2.38295121008147,1.8854356076261,0.985561570148364));
#2575=CARTESIAN_POINT('Ctrl Pts',(2.39264668541076,1.8854356076261,1.02554953876461));
#2576=CARTESIAN_POINT('Origin',(2.53583896177392,1.8854356076261,1.08564432631879));
#2577=CARTESIAN_POINT('',(2.48724685225862,2.,1.0974259600278));
#2578=CARTESIAN_POINT('',(2.41435868798567,1.8854356076261,1.1150984105913));
#2579=CARTESIAN_POINT('Origin',(2.60658199557257,0.,0.846929830207602));
#2580=CARTESIAN_POINT('',(2.36362144799607,0.,0.905837998752619));
#2581=CARTESIAN_POINT('Ctrl Pts',(5.09116339616151,2.,-1.7757601824376));
#2582=CARTESIAN_POINT('Ctrl Pts',(5.17464576496634,2.,-1.76937894926771));
#2583=CARTESIAN_POINT('Ctrl Pts',(5.20051849039539,2.,-1.68975088815288));
#2584=CARTESIAN_POINT('Ctrl Pts',(5.22639121582444,2.,-1.61012282703805));
#2585=CARTESIAN_POINT('Ctrl Pts',(5.16260335547935,2.,-1.55589059574862));
#2586=CARTESIAN_POINT('Ctrl Pts',(5.10069036646452,2.,-1.90039660101919));
#2587=CARTESIAN_POINT('Ctrl Pts',(5.26765510407419,2.,-1.88763413467942));
#2588=CARTESIAN_POINT('Ctrl Pts',(5.31940055493228,2.,-1.72837801244975));
#2589=CARTESIAN_POINT('Ctrl Pts',(5.37114600579038,2.,-1.56912189022008));
#2590=CARTESIAN_POINT('Ctrl Pts',(5.2435702851002,2.,-1.46065742764122));
#2591=CARTESIAN_POINT('Ctrl Pts',(5.10069036646452,1.875,-1.90039660101919));
#2592=CARTESIAN_POINT('Ctrl Pts',(5.26765510407419,1.875,-1.88763413467942));
#2593=CARTESIAN_POINT('Ctrl Pts',(5.31940055493228,1.875,-1.72837801244975));
#2594=CARTESIAN_POINT('Ctrl Pts',(5.37114600579038,1.875,-1.56912189022008));
#2595=CARTESIAN_POINT('Ctrl Pts',(5.2435702851002,1.875,-1.46065742764122));
#2596=CARTESIAN_POINT('',(5.09116339616151,2.,-1.7757601824376));
#2597=CARTESIAN_POINT('',(5.16260335547935,2.,-1.55589059574862));
#2598=CARTESIAN_POINT('Origin',(5.08163642585849,2.,-1.65112376385601));
#2599=CARTESIAN_POINT('',(5.2435702851002,1.875,-1.46065742764122));
#2600=CARTESIAN_POINT('Origin',(5.16260335547935,1.875,-1.55589059574862));
#2601=CARTESIAN_POINT('',(5.10069036646452,1.875,-1.9003966010192));
#2602=CARTESIAN_POINT('Origin',(5.08163642585849,1.875,-1.65112376385601));
#2603=CARTESIAN_POINT('Origin',(5.09116339616151,1.875,-1.7757601824376));
#2604=CARTESIAN_POINT('Origin',(3.50226724356903,1.875,-0.14427823640334));
#2605=CARTESIAN_POINT('',(2.66804181180675,1.875,0.729048499168788));
#2606=CARTESIAN_POINT('Origin',(2.58707488218589,1.875,0.633815331061392));
#2607=CARTESIAN_POINT('',(3.58323417318988,1.875,-0.0490450682959439));
#2608=CARTESIAN_POINT('',(3.50226724356903,2.,-0.14427823640334));
#2609=CARTESIAN_POINT('Origin',(2.82997567104846,1.875,0.91951483538358));
#2610=CARTESIAN_POINT('',(2.58701512347196,1.875,0.978423003928597));
#2611=CARTESIAN_POINT('Origin',(2.46553484968371,1.875,1.00787708820111));
#2612=CARTESIAN_POINT('Origin',(2.82997567104846,1.875,0.91951483538358));
#2613=CARTESIAN_POINT('Origin',(2.48724685225862,1.875,1.0974259600278));
#2614=CARTESIAN_POINT('',(3.26210430343833,2.,4.29324404913519));
#2615=CARTESIAN_POINT('',(3.38358457722658,1.875,4.26378996486268));
#2616=CARTESIAN_POINT('Origin',(3.26210430343833,1.875,4.29324404913519));
#2617=CARTESIAN_POINT('',(2.60872712604687,1.875,1.06797187575529));
#2618=CARTESIAN_POINT('',(2.48724685225862,2.,1.0974259600278));
#2619=CARTESIAN_POINT('Ctrl Pts',(3.26210430343833,2.,4.29324404913519));
#2620=CARTESIAN_POINT('Ctrl Pts',(3.28183286074148,2.,4.37461240947735));
#2621=CARTESIAN_POINT('Ctrl Pts',(3.21409718618664,2.,4.42382525770457));
#2622=CARTESIAN_POINT('Ctrl Pts',(3.1463615116318,2.,4.47303810593179));
#2623=CARTESIAN_POINT('Ctrl Pts',(3.07507206178932,2.,4.42913092680138));
#2624=CARTESIAN_POINT('Ctrl Pts',(3.38358457722658,2.,4.26378996486268));
#2625=CARTESIAN_POINT('Ctrl Pts',(3.42304169183288,2.,4.42652668554699));
#2626=CARTESIAN_POINT('Ctrl Pts',(3.2875703427232,2.,4.52495238200144));
#2627=CARTESIAN_POINT('Ctrl Pts',(3.15209899361352,2.,4.62337807845588));
#2628=CARTESIAN_POINT('Ctrl Pts',(3.00952009392855,2.,4.53556372019505));
#2629=CARTESIAN_POINT('Ctrl Pts',(3.38358457722658,1.875,4.26378996486268));
#2630=CARTESIAN_POINT('Ctrl Pts',(3.42304169183288,1.875,4.42652668554699));
#2631=CARTESIAN_POINT('Ctrl Pts',(3.2875703427232,1.875,4.52495238200144));
#2632=CARTESIAN_POINT('Ctrl Pts',(3.15209899361352,1.875,4.62337807845588));
#2633=CARTESIAN_POINT('Ctrl Pts',(3.00952009392855,1.875,4.53556372019505));
#2634=CARTESIAN_POINT('',(3.07507206178932,2.,4.42913092680138));
#2635=CARTESIAN_POINT('Origin',(3.14062402965008,2.,4.3226981334077));
#2636=CARTESIAN_POINT('',(3.00952009392855,1.875,4.53556372019505));
#2637=CARTESIAN_POINT('Origin',(3.07507206178932,1.875,4.42913092680138));
#2638=CARTESIAN_POINT('Origin',(3.14062402965008,1.875,4.3226981334077));
#2639=CARTESIAN_POINT('Origin',(-0.168755062935846,1.875,2.43125748342242));
#2640=CARTESIAN_POINT('',(0.196655903582298,2.,2.65631413343976));
#2641=CARTESIAN_POINT('',(0.131103935721532,1.875,2.76274692683344));
#2642=CARTESIAN_POINT('Origin',(0.196655903582298,1.875,2.65631413343976));
#2643=CARTESIAN_POINT('',(-0.234307030796612,1.875,2.5376902768161));
#2644=CARTESIAN_POINT('',(-0.168755062935846,2.,2.43125748342242));
#2645=CARTESIAN_POINT('Origin',(-6.99353086378051E-16,1.875,2.97561251362079));
#2646=CARTESIAN_POINT('',(-0.1966559035823,2.,2.65631413343976));
#2647=CARTESIAN_POINT('',(-0.131103935721533,1.875,2.76274692683344));
#2648=CARTESIAN_POINT('Origin',(-0.1966559035823,1.875,2.65631413343976));
#2649=CARTESIAN_POINT('Origin',(-6.99353086378051E-16,1.875,2.97561251362079));
#2650=CARTESIAN_POINT('Origin',(-6.99353086378051E-16,2.,2.97561251362079));
#2651=CARTESIAN_POINT('Origin',(0.473913357921031,1.875,2.24331045969521));
#2652=CARTESIAN_POINT('',(-3.07507206178932,2.,4.42913092680138));
#2653=CARTESIAN_POINT('',(-3.00952009392855,1.875,4.53556372019505));
#2654=CARTESIAN_POINT('Origin',(-3.07507206178932,1.875,4.42913092680138));
#2655=CARTESIAN_POINT('',(0.539465325781797,1.875,2.34974325308888));
#2656=CARTESIAN_POINT('',(0.473913357921031,2.,2.24331045969521));
#2657=CARTESIAN_POINT('Ctrl Pts',(-3.07507206178932,2.,4.42913092680138));
#2658=CARTESIAN_POINT('Ctrl Pts',(-3.1463615116318,2.,4.47303810593179));
#2659=CARTESIAN_POINT('Ctrl Pts',(-3.21409718618664,2.,4.42382525770457));
#2660=CARTESIAN_POINT('Ctrl Pts',(-3.28183286074148,2.,4.37461240947735));
#2661=CARTESIAN_POINT('Ctrl Pts',(-3.26210430343833,2.,4.29324404913519));
#2662=CARTESIAN_POINT('Ctrl Pts',(-3.00952009392855,2.,4.53556372019505));
#2663=CARTESIAN_POINT('Ctrl Pts',(-3.15209899361352,2.,4.62337807845588));
#2664=CARTESIAN_POINT('Ctrl Pts',(-3.2875703427232,2.,4.52495238200144));
#2665=CARTESIAN_POINT('Ctrl Pts',(-3.42304169183288,2.,4.42652668554699));
#2666=CARTESIAN_POINT('Ctrl Pts',(-3.38358457722658,2.,4.26378996486268));
#2667=CARTESIAN_POINT('Ctrl Pts',(-3.00952009392855,1.875,4.53556372019505));
#2668=CARTESIAN_POINT('Ctrl Pts',(-3.15209899361352,1.875,4.62337807845588));
#2669=CARTESIAN_POINT('Ctrl Pts',(-3.2875703427232,1.875,4.52495238200144));
#2670=CARTESIAN_POINT('Ctrl Pts',(-3.42304169183288,1.875,4.42652668554699));
#2671=CARTESIAN_POINT('Ctrl Pts',(-3.38358457722658,1.875,4.26378996486268));
#2672=CARTESIAN_POINT('',(-3.26210430343833,2.,4.29324404913519));
#2673=CARTESIAN_POINT('Origin',(-3.14062402965008,2.,4.3226981334077));
#2674=CARTESIAN_POINT('',(-3.38358457722658,1.875,4.26378996486268));
#2675=CARTESIAN_POINT('Origin',(-3.26210430343833,1.875,4.29324404913519));
#2676=CARTESIAN_POINT('Origin',(-3.14062402965008,1.875,4.3226981334077));
#2677=CARTESIAN_POINT('Origin',(-1.84084204378743,1.875,-1.5686027097012));
#2678=CARTESIAN_POINT('',(-2.46553484968371,2.,1.00787708820111));
#2679=CARTESIAN_POINT('',(-2.58701512347196,1.875,0.978423003928597));
#2680=CARTESIAN_POINT('Origin',(-2.46553484968371,1.875,1.00787708820111));
#2681=CARTESIAN_POINT('',(-1.96232231757567,1.875,-1.59805679397371));
#2682=CARTESIAN_POINT('',(-1.84084204378743,2.,-1.5686027097012));
#2683=CARTESIAN_POINT('Origin',(-2.82997567104846,1.875,0.91951483538358));
#2684=CARTESIAN_POINT('',(-2.58707488218589,2.,0.633815331061392));
#2685=CARTESIAN_POINT('',(-2.66804181180675,1.875,0.729048499168787));
#2686=CARTESIAN_POINT('Origin',(-2.58707488218589,1.875,0.633815331061392));
#2687=CARTESIAN_POINT('Origin',(-2.82997567104846,1.875,0.91951483538358));
#2688=CARTESIAN_POINT('Origin',(-2.82997567104846,2.,0.91951483538358));
#2689=CARTESIAN_POINT('Origin',(-3.42397968440182,1.875,-0.0777184083596976));
#2690=CARTESIAN_POINT('',(-5.16260335547935,2.,-1.55589059574862));
#2691=CARTESIAN_POINT('',(-5.2435702851002,1.875,-1.46065742764122));
#2692=CARTESIAN_POINT('Origin',(-5.16260335547935,1.875,-1.55589059574862));
#2693=CARTESIAN_POINT('',(-3.50494661402268,1.875,0.0175147597476991));
#2694=CARTESIAN_POINT('',(-3.42397968440182,2.,-0.0777184083596976));
#2695=CARTESIAN_POINT('Ctrl Pts',(-5.16260335547935,2.,-1.55589059574862));
#2696=CARTESIAN_POINT('Ctrl Pts',(-5.22639121582443,2.,-1.61012282703805));
#2697=CARTESIAN_POINT('Ctrl Pts',(-5.20051849039539,2.,-1.68975088815288));
#2698=CARTESIAN_POINT('Ctrl Pts',(-5.17464576496634,2.,-1.76937894926771));
#2699=CARTESIAN_POINT('Ctrl Pts',(-5.09116339616151,2.,-1.7757601824376));
#2700=CARTESIAN_POINT('Ctrl Pts',(-5.2435702851002,2.,-1.46065742764122));
#2701=CARTESIAN_POINT('Ctrl Pts',(-5.37114600579037,2.,-1.56912189022008));
#2702=CARTESIAN_POINT('Ctrl Pts',(-5.31940055493228,2.,-1.72837801244975));
#2703=CARTESIAN_POINT('Ctrl Pts',(-5.26765510407419,2.,-1.88763413467942));
#2704=CARTESIAN_POINT('Ctrl Pts',(-5.10069036646452,2.,-1.90039660101919));
#2705=CARTESIAN_POINT('Ctrl Pts',(-5.2435702851002,1.875,-1.46065742764122));
#2706=CARTESIAN_POINT('Ctrl Pts',(-5.37114600579037,1.875,-1.56912189022008));
#2707=CARTESIAN_POINT('Ctrl Pts',(-5.31940055493228,1.875,-1.72837801244975));
#2708=CARTESIAN_POINT('Ctrl Pts',(-5.26765510407419,1.875,-1.88763413467942));
#2709=CARTESIAN_POINT('Ctrl Pts',(-5.10069036646452,1.875,-1.90039660101919));
#2710=CARTESIAN_POINT('',(-5.09116339616151,2.,-1.7757601824376));
#2711=CARTESIAN_POINT('Origin',(-5.08163642585849,2.,-1.65112376385601));
#2712=CARTESIAN_POINT('',(-5.10069036646452,1.875,-1.90039660101919));
#2713=CARTESIAN_POINT('Origin',(-5.09116339616151,1.875,-1.7757601824376));
#2714=CARTESIAN_POINT('Origin',(-5.08163642585849,1.875,-1.65112376385601));
#2715=CARTESIAN_POINT('Origin',(0.666572034769942,1.875,-2.21587050562689));
#2716=CARTESIAN_POINT('',(-1.72044024113419,2.,-2.03341183644921));
#2717=CARTESIAN_POINT('',(-1.72996721143721,1.875,-2.1580482550308));
#2718=CARTESIAN_POINT('Origin',(-1.72044024113419,1.875,-2.03341183644921));
#2719=CARTESIAN_POINT('',(0.657045064466928,1.875,-2.34050692420848));
#2720=CARTESIAN_POINT('',(0.666572034769942,2.,-2.21587050562689));
#2721=CARTESIAN_POINT('Origin',(-1.74902115204324,1.875,-2.40732109219398));
#2722=CARTESIAN_POINT('',(-1.40224430504971,2.,-2.26459471625306));
#2723=CARTESIAN_POINT('',(-1.51783658738089,1.875,-2.31217017490003));
#2724=CARTESIAN_POINT('Origin',(-1.40224430504971,1.875,-2.26459471625306));
#2725=CARTESIAN_POINT('Origin',(-1.74902115204324,1.875,-2.40732109219398));
#2726=CARTESIAN_POINT('Origin',(-1.74902115204324,2.,-2.40732109219398));
#2727=CARTESIAN_POINT('Origin',(-0.205692016978304,1.875,-5.17181229944209));
#2728=CARTESIAN_POINT('',(-0.115592282331176,2.,-5.39072419775034));
#2729=CARTESIAN_POINT('',(-0.231184564662351,1.875,-5.43829965639732));
#2730=CARTESIAN_POINT('Origin',(-0.115592282331176,1.875,-5.39072419775034));
#2731=CARTESIAN_POINT('',(-0.321284299309479,1.875,-5.21938775808906));
#2732=CARTESIAN_POINT('',(-0.205692016978304,2.,-5.17181229944209));
#2733=CARTESIAN_POINT('Ctrl Pts',(-0.115592282331176,2.,-5.39072419775034));
#2734=CARTESIAN_POINT('Ctrl Pts',(-0.0837258982515849,2.,-5.46814873910337));
#2735=CARTESIAN_POINT('Ctrl Pts',(-6.99353086378051E-16,2.,-5.46814873910337));
#2736=CARTESIAN_POINT('Ctrl Pts',(0.0837258982515831,2.,-5.46814873910337));
#2737=CARTESIAN_POINT('Ctrl Pts',(0.115592282331175,2.,-5.39072419775034));
#2738=CARTESIAN_POINT('Ctrl Pts',(-0.231184564662352,2.,-5.43829965639731));
#2739=CARTESIAN_POINT('Ctrl Pts',(-0.167451796503169,2.,-5.59314873910337));
#2740=CARTESIAN_POINT('Ctrl Pts',(-6.99353086378051E-16,2.,-5.59314873910337));
#2741=CARTESIAN_POINT('Ctrl Pts',(0.167451796503167,2.,-5.59314873910337));
#2742=CARTESIAN_POINT('Ctrl Pts',(0.23118456466235,2.,-5.43829965639732));
#2743=CARTESIAN_POINT('Ctrl Pts',(-0.231184564662352,1.875,-5.43829965639731));
#2744=CARTESIAN_POINT('Ctrl Pts',(-0.167451796503169,1.875,-5.59314873910337));
#2745=CARTESIAN_POINT('Ctrl Pts',(-6.99353086378051E-16,1.875,-5.59314873910337));
#2746=CARTESIAN_POINT('Ctrl Pts',(0.167451796503167,1.875,-5.59314873910337));
#2747=CARTESIAN_POINT('Ctrl Pts',(0.23118456466235,1.875,-5.43829965639732));
#2748=CARTESIAN_POINT('',(0.115592282331174,2.,-5.39072419775034));
#2749=CARTESIAN_POINT('Origin',(-6.99353086378051E-16,2.,-5.34314873910337));
#2750=CARTESIAN_POINT('',(0.23118456466235,1.875,-5.43829965639732));
#2751=CARTESIAN_POINT('Origin',(0.115592282331174,1.875,-5.39072419775034));
#2752=CARTESIAN_POINT('Origin',(-6.99353086378051E-16,1.875,-5.34314873910337));
#2753=CARTESIAN_POINT('Origin',(1.40721976449113,1.875,-2.25250603169099));
#2754=CARTESIAN_POINT('',(1.40224430504971,2.,-2.26459471625306));
#2755=CARTESIAN_POINT('',(1.51783658738089,1.875,-2.31217017490003));
#2756=CARTESIAN_POINT('Origin',(1.40224430504971,1.875,-2.26459471625306));
#2757=CARTESIAN_POINT('',(1.5228120468223,1.875,-2.30008149033796));
#2758=CARTESIAN_POINT('',(1.40721976449113,2.,-2.25250603169099));
#2759=CARTESIAN_POINT('Origin',(1.74902115204324,1.875,-2.40732109219398));
#2760=CARTESIAN_POINT('',(1.72044024113419,2.,-2.03341183644921));
#2761=CARTESIAN_POINT('',(1.72996721143721,1.875,-2.1580482550308));
#2762=CARTESIAN_POINT('Origin',(1.72044024113419,1.875,-2.03341183644921));
#2763=CARTESIAN_POINT('Origin',(1.74902115204324,1.875,-2.40732109219398));
#2764=CARTESIAN_POINT('Origin',(1.74902115204324,2.,-2.40732109219398));
#2765=CARTESIAN_POINT('Origin',(4.2349734273073,1.875,-1.84120571192121));
#2766=CARTESIAN_POINT('',(4.2349734273073,2.,-1.84120571192121));
#2767=CARTESIAN_POINT('',(4.24450039761031,1.875,-1.96584213050281));
#2768=CARTESIAN_POINT('Origin',(-5.70633909777092,0.,-1.85410196624968));
#2769=CARTESIAN_POINT('',(-5.2435702851002,0.125,-1.46065742764122));
#2770=CARTESIAN_POINT('',(-5.2435702851002,0.,-1.46065742764122));
#2771=CARTESIAN_POINT('',(-2.66804181180675,0.125,0.729048499168787));
#2772=CARTESIAN_POINT('',(-3.50494661402268,0.125,0.0175147597476992));
#2773=CARTESIAN_POINT('',(-2.66804181180675,0.,0.729048499168787));
#2774=CARTESIAN_POINT('Origin',(-5.08163642585849,0.,-1.65112376385601));
#2775=CARTESIAN_POINT('',(-5.10069036646452,0.125,-1.90039660101919));
#2776=CARTESIAN_POINT('',(-5.10069036646452,0.,-1.90039660101919));
#2777=CARTESIAN_POINT('Origin',(-5.08163642585849,0.125,-1.65112376385601));
#2778=CARTESIAN_POINT('Origin',(-1.57644004664841,0.,-2.16978357891361));
#2779=CARTESIAN_POINT('',(-1.72996721143721,0.125,-2.1580482550308));
#2780=CARTESIAN_POINT('',(-1.72996721143721,0.,-2.1580482550308));
#2781=CARTESIAN_POINT('',(0.657045064466928,0.125,-2.34050692420848));
#2782=CARTESIAN_POINT('Origin',(-1.74902115204324,0.,-2.40732109219398));
#2783=CARTESIAN_POINT('',(-1.51783658738089,0.125,-2.31217017490003));
#2784=CARTESIAN_POINT('',(-1.51783658738089,0.,-2.31217017490003));
#2785=CARTESIAN_POINT('Origin',(-1.74902115204324,0.125,-2.40732109219398));
#2786=CARTESIAN_POINT('Origin',(-3.49676543189026E-16,0.,-6.));
#2787=CARTESIAN_POINT('',(-0.231184564662351,0.125,-5.43829965639732));
#2788=CARTESIAN_POINT('',(-0.231184564662351,0.,-5.43829965639732));
#2789=CARTESIAN_POINT('',(-0.321284299309479,0.125,-5.21938775808906));
#2790=CARTESIAN_POINT('Origin',(-6.99353086378051E-16,0.,-5.34314873910337));
#2791=CARTESIAN_POINT('',(0.23118456466235,0.125,-5.43829965639732));
#2792=CARTESIAN_POINT('',(0.23118456466235,0.,-5.43829965639732));
#2793=CARTESIAN_POINT('Origin',(-6.99353086378051E-16,0.125,-5.34314873910337));
#2794=CARTESIAN_POINT('Origin',(1.57644004664841,0.,-2.16978357891361));
#2795=CARTESIAN_POINT('',(1.51783658738089,0.125,-2.31217017490003));
#2796=CARTESIAN_POINT('',(1.51783658738089,0.,-2.31217017490003));
#2797=CARTESIAN_POINT('',(1.5228120468223,0.125,-2.30008149033796));
#2798=CARTESIAN_POINT('Origin',(1.74902115204324,0.,-2.40732109219398));
#2799=CARTESIAN_POINT('',(1.72996721143721,0.125,-2.1580482550308));
#2800=CARTESIAN_POINT('',(1.72996721143721,0.,-2.1580482550308));
#2801=CARTESIAN_POINT('Origin',(1.74902115204324,0.125,-2.40732109219398));
#2802=CARTESIAN_POINT('Origin',(5.70633909777092,0.,-1.85410196624968));
#2803=CARTESIAN_POINT('',(5.10069036646452,0.125,-1.9003966010192));
#2804=CARTESIAN_POINT('',(5.10069036646452,0.,-1.9003966010192));
#2805=CARTESIAN_POINT('',(4.24450039761031,0.125,-1.96584213050281));
#2806=CARTESIAN_POINT('Origin',(5.08163642585849,0.,-1.65112376385601));
#2807=CARTESIAN_POINT('',(5.2435702851002,0.125,-1.46065742764122));
#2808=CARTESIAN_POINT('',(5.2435702851002,0.,-1.46065742764122));
#2809=CARTESIAN_POINT('Origin',(5.08163642585849,0.125,-1.65112376385601));
#2810=CARTESIAN_POINT('Origin',(3.33234307569364,0.,4.9012285010857));
#2811=CARTESIAN_POINT('Origin',(5.6910959452861,0.,-1.65468369651914));
#2812=CARTESIAN_POINT('',(1.59190232712135,2.,-1.9680182444065));
#2813=CARTESIAN_POINT('',(4.22925724512549,2.,-1.76642386077226));
#2814=CARTESIAN_POINT('',(1.59190232712135,0.,-1.9680182444065));
#2815=CARTESIAN_POINT('Origin',(2.85316954888546,2.,-3.));
#2816=CARTESIAN_POINT('',(-0.131103935721532,2.,2.52785691593681));
#2817=CARTESIAN_POINT('Origin',(0.,2.,2.74072250272416));
#2818=CARTESIAN_POINT('',(0.434582177204571,2.,2.179450783659));
#2819=CARTESIAN_POINT('',(-2.44464813633086,2.,0.656463493992813));
#2820=CARTESIAN_POINT('Origin',(-2.60658199557257,2.,0.846929830207603));
#2821=CARTESIAN_POINT('',(-3.37539952662931,2.,-0.134858309224133));
#2822=CARTESIAN_POINT('Origin',(-1.61095626772738,2.,-2.21729108156968));
#2823=CARTESIAN_POINT('Origin',(1.61095626772738,2.,-2.21729108156968));
#2824=CARTESIAN_POINT('Ctrl Pts',(3.07507206178932,0.,4.42913092680138));
#2825=CARTESIAN_POINT('Ctrl Pts',(3.1463615116318,0.,4.47303810593179));
#2826=CARTESIAN_POINT('Ctrl Pts',(3.21409718618664,0.,4.42382525770457));
#2827=CARTESIAN_POINT('Ctrl Pts',(3.28183286074148,0.,4.37461240947735));
#2828=CARTESIAN_POINT('Ctrl Pts',(3.26210430343833,0.,4.29324404913519));
#2829=CARTESIAN_POINT('Ctrl Pts',(3.00952009392855,-3.04941433873102E-16,
4.53556372019505));
#2830=CARTESIAN_POINT('Ctrl Pts',(3.15209899361352,-3.04518362850731E-16,
4.62337807845588));
#2831=CARTESIAN_POINT('Ctrl Pts',(3.2875703427232,-3.04992557058276E-16,
4.52495238200144));
#2832=CARTESIAN_POINT('Ctrl Pts',(3.42304169183288,-3.05466751265821E-16,
4.42652668554699));
#2833=CARTESIAN_POINT('Ctrl Pts',(3.38358457722658,-3.06250782398778E-16,
4.26378996486268));
#2834=CARTESIAN_POINT('Ctrl Pts',(3.00952009392855,0.125,4.53556372019505));
#2835=CARTESIAN_POINT('Ctrl Pts',(3.15209899361352,0.125,4.62337807845588));
#2836=CARTESIAN_POINT('Ctrl Pts',(3.2875703427232,0.125,4.52495238200144));
#2837=CARTESIAN_POINT('Ctrl Pts',(3.42304169183288,0.125,4.42652668554699));
#2838=CARTESIAN_POINT('Ctrl Pts',(3.38358457722658,0.125,4.26378996486268));
#2839=CARTESIAN_POINT('',(3.00952009392855,0.125,4.53556372019505));
#2840=CARTESIAN_POINT('',(3.07507206178932,0.,4.42913092680138));
#2841=CARTESIAN_POINT('Origin',(3.07507206178932,0.125,4.42913092680138));
#2842=CARTESIAN_POINT('',(3.26210430343833,0.,4.29324404913519));
#2843=CARTESIAN_POINT('Origin',(3.14062402965008,0.,4.3226981334077));
#2844=CARTESIAN_POINT('',(3.38358457722658,0.125,4.26378996486268));
#2845=CARTESIAN_POINT('Origin',(3.26210430343833,0.125,4.29324404913519));
#2846=CARTESIAN_POINT('Origin',(3.14062402965008,0.125,4.3226981334077));
#2847=CARTESIAN_POINT('Origin',(2.48724685225862,0.125,1.0974259600278));
#2848=CARTESIAN_POINT('',(2.46553484968371,0.,1.00787708820111));
#2849=CARTESIAN_POINT('',(2.58701512347196,0.125,0.978423003928597));
#2850=CARTESIAN_POINT('Origin',(2.46553484968371,0.125,1.00787708820111));
#2851=CARTESIAN_POINT('',(2.60872712604687,0.125,1.06797187575529));
#2852=CARTESIAN_POINT('',(2.48724685225862,0.,1.0974259600278));
#2853=CARTESIAN_POINT('Origin',(2.82997567104846,0.125,0.91951483538358));
#2854=CARTESIAN_POINT('',(2.58707488218589,0.,0.633815331061392));
#2855=CARTESIAN_POINT('',(2.66804181180675,0.125,0.729048499168788));
#2856=CARTESIAN_POINT('Origin',(2.58707488218589,0.125,0.633815331061392));
#2857=CARTESIAN_POINT('Origin',(2.82997567104846,0.125,0.91951483538358));
#2858=CARTESIAN_POINT('Origin',(2.82997567104846,0.,0.91951483538358));
#2859=CARTESIAN_POINT('Origin',(3.50226724356903,0.125,-0.144278236403339));
#2860=CARTESIAN_POINT('',(5.16260335547935,0.,-1.55589059574862));
#2861=CARTESIAN_POINT('Origin',(5.16260335547935,0.125,-1.55589059574862));
#2862=CARTESIAN_POINT('',(3.58323417318988,0.125,-0.0490450682959437));
#2863=CARTESIAN_POINT('',(3.50226724356903,0.,-0.144278236403339));
#2864=CARTESIAN_POINT('Ctrl Pts',(5.16260335547935,0.,-1.55589059574862));
#2865=CARTESIAN_POINT('Ctrl Pts',(5.22639121582444,0.,-1.61012282703805));
#2866=CARTESIAN_POINT('Ctrl Pts',(5.20051849039539,0.,-1.68975088815288));
#2867=CARTESIAN_POINT('Ctrl Pts',(5.17464576496634,0.,-1.76937894926772));
#2868=CARTESIAN_POINT('Ctrl Pts',(5.09116339616151,0.,-1.7757601824376));
#2869=CARTESIAN_POINT('Ctrl Pts',(5.2435702851002,-1.71006824594058E-16,
-1.46065742764122));
#2870=CARTESIAN_POINT('Ctrl Pts',(5.37114600579038,-1.73188710632623E-16,
-1.56912189022008));
#2871=CARTESIAN_POINT('Ctrl Pts',(5.31940055493228,-1.76392328678454E-16,
-1.72837801244975));
#2872=CARTESIAN_POINT('Ctrl Pts',(5.26765510407419,-1.79595946724284E-16,
-1.88763413467942));
#2873=CARTESIAN_POINT('Ctrl Pts',(5.10069036646452,-1.79852678251481E-16,
-1.90039660101919));
#2874=CARTESIAN_POINT('Ctrl Pts',(5.2435702851002,0.125,-1.46065742764122));
#2875=CARTESIAN_POINT('Ctrl Pts',(5.37114600579038,0.125,-1.56912189022008));
#2876=CARTESIAN_POINT('Ctrl Pts',(5.31940055493228,0.125,-1.72837801244975));
#2877=CARTESIAN_POINT('Ctrl Pts',(5.26765510407419,0.125,-1.88763413467942));
#2878=CARTESIAN_POINT('Ctrl Pts',(5.10069036646452,0.125,-1.90039660101919));
#2879=CARTESIAN_POINT('',(5.09116339616151,0.,-1.7757601824376));
#2880=CARTESIAN_POINT('Origin',(5.09116339616151,0.125,-1.7757601824376));
#2881=CARTESIAN_POINT('Origin',(5.08163642585849,0.,-1.65112376385601));
#2882=CARTESIAN_POINT('Origin',(4.2349734273073,0.125,-1.84120571192121));
#2883=CARTESIAN_POINT('',(1.72044024113419,0.,-2.03341183644921));
#2884=CARTESIAN_POINT('Origin',(1.72044024113419,0.125,-2.03341183644921));
#2885=CARTESIAN_POINT('',(4.2349734273073,0.,-1.84120571192121));
#2886=CARTESIAN_POINT('Origin',(1.74902115204324,0.125,-2.40732109219398));
#2887=CARTESIAN_POINT('',(1.40224430504971,0.,-2.26459471625306));
#2888=CARTESIAN_POINT('Origin',(1.40224430504971,0.125,-2.26459471625306));
#2889=CARTESIAN_POINT('Origin',(1.74902115204324,0.,-2.40732109219398));
#2890=CARTESIAN_POINT('Origin',(1.40721976449112,0.125,-2.25250603169099));
#2891=CARTESIAN_POINT('',(0.115592282331175,0.,-5.39072419775034));
#2892=CARTESIAN_POINT('Origin',(0.115592282331175,0.125,-5.39072419775034));
#2893=CARTESIAN_POINT('',(1.40721976449112,0.,-2.25250603169099));
#2894=CARTESIAN_POINT('Ctrl Pts',(0.115592282331175,0.,-5.39072419775034));
#2895=CARTESIAN_POINT('Ctrl Pts',(0.083725898251583,0.,-5.46814873910337));
#2896=CARTESIAN_POINT('Ctrl Pts',(-1.04772807875494E-15,0.,-5.46814873910337));
#2897=CARTESIAN_POINT('Ctrl Pts',(-0.0837258982515851,0.,-5.46814873910337));
#2898=CARTESIAN_POINT('Ctrl Pts',(-0.115592282331176,0.,-5.39072419775034));
#2899=CARTESIAN_POINT('Ctrl Pts',(0.23118456466235,6.39848561762361E-17,
-5.43829965639732));
#2900=CARTESIAN_POINT('Ctrl Pts',(0.167451796503167,6.14143769537782E-17,
-5.59314873910337));
#2901=CARTESIAN_POINT('Ctrl Pts',(-1.39610307113183E-15,6.14143769537782E-17,
-5.59314873910337));
#2902=CARTESIAN_POINT('Ctrl Pts',(-0.167451796503169,6.14143769537782E-17,
-5.59314873910337));
#2903=CARTESIAN_POINT('Ctrl Pts',(-0.231184564662352,6.39848561762361E-17,
-5.43829965639731));
#2904=CARTESIAN_POINT('Ctrl Pts',(0.23118456466235,0.125,-5.43829965639732));
#2905=CARTESIAN_POINT('Ctrl Pts',(0.167451796503167,0.125,-5.59314873910337));
#2906=CARTESIAN_POINT('Ctrl Pts',(-1.39610307113183E-15,0.125,-5.59314873910337));
#2907=CARTESIAN_POINT('Ctrl Pts',(-0.167451796503169,0.125,-5.59314873910337));
#2908=CARTESIAN_POINT('Ctrl Pts',(-0.231184564662352,0.125,-5.43829965639731));
#2909=CARTESIAN_POINT('',(-0.115592282331176,0.,-5.39072419775034));
#2910=CARTESIAN_POINT('Origin',(-0.115592282331176,0.125,-5.39072419775034));
#2911=CARTESIAN_POINT('Origin',(-6.99353086378051E-16,0.,-5.34314873910337));
#2912=CARTESIAN_POINT('Origin',(-0.205692016978304,0.125,-5.17181229944209));
#2913=CARTESIAN_POINT('',(-1.40224430504971,0.,-2.26459471625306));
#2914=CARTESIAN_POINT('Origin',(-1.40224430504971,0.125,-2.26459471625306));
#2915=CARTESIAN_POINT('',(-0.205692016978304,0.,-5.17181229944209));
#2916=CARTESIAN_POINT('Origin',(-1.74902115204324,0.125,-2.40732109219398));
#2917=CARTESIAN_POINT('',(-1.72044024113419,0.,-2.03341183644921));
#2918=CARTESIAN_POINT('Origin',(-1.72044024113419,0.125,-2.03341183644921));
#2919=CARTESIAN_POINT('Origin',(-1.74902115204324,0.,-2.40732109219398));
#2920=CARTESIAN_POINT('Origin',(0.666572034769942,0.125,-2.21587050562689));
#2921=CARTESIAN_POINT('',(-5.09116339616151,0.,-1.7757601824376));
#2922=CARTESIAN_POINT('Origin',(-5.09116339616151,0.125,-1.7757601824376));
#2923=CARTESIAN_POINT('',(0.666572034769942,0.,-2.21587050562689));
#2924=CARTESIAN_POINT('Ctrl Pts',(-5.09116339616151,0.,-1.7757601824376));
#2925=CARTESIAN_POINT('Ctrl Pts',(-5.17464576496634,0.,-1.76937894926772));
#2926=CARTESIAN_POINT('Ctrl Pts',(-5.20051849039539,0.,-1.68975088815288));
#2927=CARTESIAN_POINT('Ctrl Pts',(-5.22639121582443,0.,-1.61012282703805));
#2928=CARTESIAN_POINT('Ctrl Pts',(-5.16260335547935,0.,-1.55589059574862));
#2929=CARTESIAN_POINT('Ctrl Pts',(-5.10069036646452,-9.03633769339833E-17,
-1.90039660101919));
#2930=CARTESIAN_POINT('Ctrl Pts',(-5.26765510407419,-9.0212635365703E-17,
-1.88763413467942));
#2931=CARTESIAN_POINT('Ctrl Pts',(-5.31940055493228,-8.83316104145678E-17,
-1.72837801244975));
#2932=CARTESIAN_POINT('Ctrl Pts',(-5.37114600579037,-8.64505854634327E-17,
-1.56912189022008));
#2933=CARTESIAN_POINT('Ctrl Pts',(-5.2435702851002,-8.51694770352865E-17,
-1.46065742764122));
#2934=CARTESIAN_POINT('Ctrl Pts',(-5.10069036646452,0.125,-1.90039660101919));
#2935=CARTESIAN_POINT('Ctrl Pts',(-5.26765510407419,0.125,-1.88763413467942));
#2936=CARTESIAN_POINT('Ctrl Pts',(-5.31940055493228,0.125,-1.72837801244975));
#2937=CARTESIAN_POINT('Ctrl Pts',(-5.37114600579037,0.125,-1.56912189022008));
#2938=CARTESIAN_POINT('Ctrl Pts',(-5.2435702851002,0.125,-1.46065742764122));
#2939=CARTESIAN_POINT('',(-5.16260335547935,0.,-1.55589059574862));
#2940=CARTESIAN_POINT('Origin',(-5.16260335547935,0.125,-1.55589059574862));
#2941=CARTESIAN_POINT('Origin',(-5.08163642585849,0.,-1.65112376385601));
#2942=CARTESIAN_POINT('Origin',(-3.42397968440182,0.125,-0.0777184083596959));
#2943=CARTESIAN_POINT('',(-2.58707488218589,0.,0.633815331061392));
#2944=CARTESIAN_POINT('Origin',(-2.58707488218589,0.125,0.633815331061392));
#2945=CARTESIAN_POINT('',(-3.42397968440182,0.,-0.0777184083596959));
#2946=CARTESIAN_POINT('Origin',(-2.82997567104846,0.125,0.91951483538358));
#2947=CARTESIAN_POINT('',(-2.46553484968371,0.,1.0078770882011));
#2948=CARTESIAN_POINT('',(-2.58701512347196,0.125,0.978423003928597));
#2949=CARTESIAN_POINT('Origin',(-2.46553484968371,0.125,1.0078770882011));
#2950=CARTESIAN_POINT('Origin',(-2.82997567104846,0.125,0.91951483538358));
#2951=CARTESIAN_POINT('Origin',(-2.82997567104846,0.,0.91951483538358));
#2952=CARTESIAN_POINT('Origin',(-1.84084204378743,0.125,-1.5686027097012));
#2953=CARTESIAN_POINT('',(-3.26210430343834,0.,4.29324404913519));
#2954=CARTESIAN_POINT('',(-3.38358457722658,0.125,4.26378996486268));
#2955=CARTESIAN_POINT('Origin',(-3.26210430343834,0.125,4.29324404913519));
#2956=CARTESIAN_POINT('',(-1.96232231757567,0.125,-1.59805679397371));
#2957=CARTESIAN_POINT('',(-1.84084204378743,0.,-1.5686027097012));
#2958=CARTESIAN_POINT('Ctrl Pts',(-3.26210430343833,0.,4.29324404913519));
#2959=CARTESIAN_POINT('Ctrl Pts',(-3.28183286074148,0.,4.37461240947735));
#2960=CARTESIAN_POINT('Ctrl Pts',(-3.21409718618664,0.,4.42382525770457));
#2961=CARTESIAN_POINT('Ctrl Pts',(-3.1463615116318,0.,4.47303810593179));
#2962=CARTESIAN_POINT('Ctrl Pts',(-3.07507206178932,0.,4.42913092680138));
#2963=CARTESIAN_POINT('Ctrl Pts',(-3.38358457722658,-1.30434067579001E-16,
4.26378996486268));
#2964=CARTESIAN_POINT('Ctrl Pts',(-3.42304169183288,-1.32353034108136E-16,
4.42652668554699));
#2965=CARTESIAN_POINT('Ctrl Pts',(-3.2875703427232,-1.33513654872207E-16,
4.52495238200144));
#2966=CARTESIAN_POINT('Ctrl Pts',(-3.15209899361352,-1.34674275636277E-16,
4.62337807845588));
#2967=CARTESIAN_POINT('Ctrl Pts',(-3.00952009392855,-1.33638782149795E-16,
4.53556372019505));
#2968=CARTESIAN_POINT('Ctrl Pts',(-3.38358457722658,0.125,4.26378996486268));
#2969=CARTESIAN_POINT('Ctrl Pts',(-3.42304169183288,0.125,4.42652668554699));
#2970=CARTESIAN_POINT('Ctrl Pts',(-3.2875703427232,0.125,4.52495238200144));
#2971=CARTESIAN_POINT('Ctrl Pts',(-3.15209899361352,0.125,4.62337807845588));
#2972=CARTESIAN_POINT('Ctrl Pts',(-3.00952009392855,0.125,4.53556372019505));
#2973=CARTESIAN_POINT('',(-3.07507206178932,0.,4.42913092680138));
#2974=CARTESIAN_POINT('',(-3.00952009392855,0.125,4.53556372019505));
#2975=CARTESIAN_POINT('Origin',(-3.07507206178932,0.125,4.42913092680138));
#2976=CARTESIAN_POINT('Origin',(-3.14062402965008,0.125,4.3226981334077));
#2977=CARTESIAN_POINT('Origin',(-3.14062402965008,0.,4.3226981334077));
#2978=CARTESIAN_POINT('Origin',(0.473913357921031,0.125,2.24331045969521));
#2979=CARTESIAN_POINT('',(-0.196655903582299,0.,2.65631413343977));
#2980=CARTESIAN_POINT('',(-0.131103935721533,0.125,2.76274692683344));
#2981=CARTESIAN_POINT('Origin',(-0.196655903582299,0.125,2.65631413343977));
#2982=CARTESIAN_POINT('',(0.539465325781797,0.125,2.34974325308888));
#2983=CARTESIAN_POINT('',(0.473913357921031,0.,2.24331045969521));
#2984=CARTESIAN_POINT('Origin',(-6.99353086378051E-16,0.125,2.97561251362079));
#2985=CARTESIAN_POINT('',(0.196655903582298,0.,2.65631413343976));
#2986=CARTESIAN_POINT('',(0.131103935721532,0.125,2.76274692683344));
#2987=CARTESIAN_POINT('Origin',(0.196655903582298,0.125,2.65631413343976));
#2988=CARTESIAN_POINT('Origin',(-6.99353086378051E-16,0.125,2.97561251362079));
#2989=CARTESIAN_POINT('Origin',(-6.99353086378051E-16,0.,2.97561251362079));
#2990=CARTESIAN_POINT('Origin',(-0.168755062935847,0.125,2.43125748342242));
#2991=CARTESIAN_POINT('',(-0.234307030796612,0.125,2.5376902768161));
#2992=CARTESIAN_POINT('',(-0.168755062935847,0.,2.43125748342242));
#2993=CARTESIAN_POINT('Origin',(-2.82997567104846,0.,0.91951483538358));
#2994=CARTESIAN_POINT('',(-2.58701512347196,0.,0.978423003928597));
#2995=CARTESIAN_POINT('Origin',(-2.5507335767036,0.,0.828783578913609));
#2996=CARTESIAN_POINT('',(-3.38358457722658,0.,4.26378996486268));
#2997=CARTESIAN_POINT('Origin',(-3.14062402965008,0.,4.3226981334077));
#2998=CARTESIAN_POINT('',(-3.00952009392855,0.,4.53556372019505));
#2999=CARTESIAN_POINT('Origin',(-3.52671151375484,0.,4.85410196624968));
#3000=CARTESIAN_POINT('',(-0.131103935721533,0.,2.76274692683344));
#3001=CARTESIAN_POINT('Origin',(-6.99353086378051E-16,0.,2.97561251362079));
#3002=CARTESIAN_POINT('',(0.131103935721532,0.,2.76274692683344));
#3003=CARTESIAN_POINT('Origin',(1.74838271594513E-16,0.,2.682));
#3004=CARTESIAN_POINT('',(3.00952009392855,0.,4.53556372019505));
#3005=CARTESIAN_POINT('Origin',(3.14062402965008,0.,4.3226981334077));
#3006=CARTESIAN_POINT('',(3.38358457722658,0.,4.26378996486268));
#3007=CARTESIAN_POINT('Origin',(2.85316954888546,0.,-3.));
#3008=CARTESIAN_POINT('Origin',(0.,0.,2.74072250272416));
#3009=CARTESIAN_POINT('',(-0.131103935721533,0.,2.52785691593681));
#3010=CARTESIAN_POINT('Origin',(-2.60658199557257,0.,0.846929830207603));
#3011=CARTESIAN_POINT('',(-2.44464813633086,0.,0.656463493992811));
#3012=CARTESIAN_POINT('Origin',(-1.61095626772738,0.,-2.21729108156968));
#3013=CARTESIAN_POINT('Origin',(1.61095626772738,0.,-2.21729108156968));
#3014=CARTESIAN_POINT('Origin',(2.82997567104846,0.,0.91951483538358));
#3015=CARTESIAN_POINT('',(2.58701512347196,0.,0.978423003928597));
#3016=CARTESIAN_POINT('',(2.66804181180675,0.,0.729048499168788));
#3017=CARTESIAN_POINT('Origin',(2.5507335767036,0.,0.828783578913609));
#3018=CARTESIAN_POINT('Origin',(-3.63159466233207,0.,4.6838094968198));
#3019=CARTESIAN_POINT('Origin',(-5.57679201037755,0.,-2.00647503522152));
#3020=CARTESIAN_POINT('Origin',(3.52671151375484,0.,4.85410196624969));
#3021=CARTESIAN_POINT('Origin',(-6.99353086378051E-16,0.,-5.34314873910337));
#3022=CARTESIAN_POINT('',(-0.231184564662351,0.,-5.43829965639732));
#3023=CARTESIAN_POINT('',(0.231184564662349,0.,-5.43829965639732));
#3024=CARTESIAN_POINT('',(0.,0.,0.));
#3025=UNCERTAINTY_MEASURE_WITH_UNIT(LENGTH_MEASURE(0.000393700787401575),
#3031,'DISTANCE_ACCURACY_VALUE',
'Maximum model space distance between geometric entities at asserted c
onnectivities');
#3026=UNCERTAINTY_MEASURE_WITH_UNIT(LENGTH_MEASURE(0.000393700787401575),
#3031,'DISTANCE_ACCURACY_VALUE',
'Maximum model space distance between geometric entities at asserted c
onnectivities');
#3027=(
GEOMETRIC_REPRESENTATION_CONTEXT(3)
GLOBAL_UNCERTAINTY_ASSIGNED_CONTEXT((#3025))
GLOBAL_UNIT_ASSIGNED_CONTEXT((#3031,#3035,#3036))
REPRESENTATION_CONTEXT('','3D')
);
#3028=(
GEOMETRIC_REPRESENTATION_CONTEXT(3)
GLOBAL_UNCERTAINTY_ASSIGNED_CONTEXT((#3026))
GLOBAL_UNIT_ASSIGNED_CONTEXT((#3031,#3035,#3036))
REPRESENTATION_CONTEXT('','3D')
);
#3029=DIMENSIONAL_EXPONENTS(1.,0.,0.,0.,0.,0.,0.);
#3030=DIMENSIONAL_EXPONENTS(0.,1.,0.,0.,0.,0.,0.);
#3031=(
CONVERSION_BASED_UNIT('inch',#3034)
LENGTH_UNIT()
NAMED_UNIT(#3029)
);
#3032=(
LENGTH_UNIT()
NAMED_UNIT(*)
SI_UNIT(.MILLI.,.METRE.)
);
#3033=(
LENGTH_UNIT()
NAMED_UNIT(*)
SI_UNIT(.CENTI.,.METRE.)
);
#3034=LENGTH_MEASURE_WITH_UNIT(LENGTH_MEASURE(25.4),#3032);
#3035=(
NAMED_UNIT(*)
PLANE_ANGLE_UNIT()
SI_UNIT($,.RADIAN.)
);
#3036=(
NAMED_UNIT(*)
SI_UNIT($,.STERADIAN.)
SOLID_ANGLE_UNIT()
);
#3037=SHAPE_DEFINITION_REPRESENTATION(#3038,#3039);
#3038=PRODUCT_DEFINITION_SHAPE('',$,#3041);
#3039=SHAPE_REPRESENTATION('',(#1586),#3027);
#3040=PRODUCT_DEFINITION_CONTEXT('part definition',#3045,'design');
#3041=PRODUCT_DEFINITION('Star Box Base','Star Box Base',#3042,#3040);
#3042=PRODUCT_DEFINITION_FORMATION('',$,#3047);
#3043=PRODUCT_RELATED_PRODUCT_CATEGORY('Star Box Base','Star Box Base',
(#3047));
#3044=APPLICATION_PROTOCOL_DEFINITION('international standard',
'automotive_design',2009,#3045);
#3045=APPLICATION_CONTEXT(
'Core Data for Automotive Mechanical Design Process');
#3046=PRODUCT_CONTEXT('part definition',#3045,'mechanical');
#3047=PRODUCT('Star Box Base','Star Box Base',$,(#3046));
#3048=PRESENTATION_STYLE_ASSIGNMENT((#3052));
#3049=PRESENTATION_STYLE_ASSIGNMENT((#3053));
#3050=PRESENTATION_STYLE_ASSIGNMENT((#3054));
#3051=PRESENTATION_STYLE_ASSIGNMENT((#3055));
#3052=SURFACE_STYLE_USAGE(.BOTH.,#3060);
#3053=SURFACE_STYLE_USAGE(.BOTH.,#3061);
#3054=SURFACE_STYLE_USAGE(.BOTH.,#3062);
#3055=SURFACE_STYLE_USAGE(.BOTH.,#3063);
#3056=SURFACE_STYLE_RENDERING_WITH_PROPERTIES($,#3076,(#3058));
#3057=SURFACE_STYLE_RENDERING_WITH_PROPERTIES($,#3077,(#3059));
#3058=SURFACE_STYLE_TRANSPARENT(0.);
#3059=SURFACE_STYLE_TRANSPARENT(0.);
#3060=SURFACE_SIDE_STYLE('',(#3064,#3056));
#3061=SURFACE_SIDE_STYLE('',(#3065,#3057));
#3062=SURFACE_SIDE_STYLE('',(#3066));
#3063=SURFACE_SIDE_STYLE('',(#3067));
#3064=SURFACE_STYLE_FILL_AREA(#3068);
#3065=SURFACE_STYLE_FILL_AREA(#3069);
#3066=SURFACE_STYLE_FILL_AREA(#3070);
#3067=SURFACE_STYLE_FILL_AREA(#3071);
#3068=FILL_AREA_STYLE('',(#3072));
#3069=FILL_AREA_STYLE('',(#3073));
#3070=FILL_AREA_STYLE('',(#3074));
#3071=FILL_AREA_STYLE('',(#3075));
#3072=FILL_AREA_STYLE_COLOUR('',#3076);
#3073=FILL_AREA_STYLE_COLOUR('',#3077);
#3074=FILL_AREA_STYLE_COLOUR('',#3078);
#3075=FILL_AREA_STYLE_COLOUR('',#3079);
#3076=COLOUR_RGB('',0.749019607843137,0.749019607843137,0.749019607843137);
#3077=COLOUR_RGB('',1.,0.8,0.2);
#3078=COLOUR_RGB('',0.913725490196078,0.482352941176471,0.231372549019608);
#3079=COLOUR_RGB('',1.,1.,0.);
ENDSEC;
END-ISO-10303-21;
